ISO-10303-21;
HEADER;
/* Generated by software containing ST-Developer
 * from STEP Tools, Inc. (www.steptools.com) 
 */

FILE_DESCRIPTION(
/* description */ ('',
'CAx-IF Rec.Pracs.---Representation and Presentation of Product Manufa
cturing Information (PMI)---4.0---2014-10-13'),
/* implementation_level */ '2;1');

FILE_NAME(
/* name */ '12mm Power Button With LED v1.step',
/* time_stamp */ '2025-01-30T14:05:44+06:00',
/* author */ (''),
/* organization */ (''),
/* preprocessor_version */ 'ST-DEVELOPER v20',
/* originating_system */ 'Autodesk Translation Framework v13.20.0.188',

/* authorisation */ '');

FILE_SCHEMA (('AP242_MANAGED_MODEL_BASED_3D_ENGINEERING_MIM_LF { 1 0 10303 442 1 1 4 }'));
ENDSEC;

DATA;
#10=MECHANICAL_DESIGN_GEOMETRIC_PRESENTATION_REPRESENTATION('',(#13,#14,
#15,#16,#17,#18,#19,#20),#9538);
#11=SHAPE_REPRESENTATION_RELATIONSHIP('SRR','None',#9545,#12);
#12=ADVANCED_BREP_SHAPE_REPRESENTATION('',(#21,#22,#23,#24,#25,#26,#27,
#28),#9537);
#13=STYLED_ITEM('',(#9555),#21);
#14=STYLED_ITEM('',(#9556),#22);
#15=STYLED_ITEM('',(#9557),#23);
#16=STYLED_ITEM('',(#9557),#24);
#17=STYLED_ITEM('',(#9557),#25);
#18=STYLED_ITEM('',(#9557),#26);
#19=STYLED_ITEM('',(#9558),#27);
#20=STYLED_ITEM('',(#9555),#28);
#21=MANIFOLD_SOLID_BREP('Body1',#2874);
#22=MANIFOLD_SOLID_BREP('Body3',#2875);
#23=MANIFOLD_SOLID_BREP('Body6',#2876);
#24=MANIFOLD_SOLID_BREP('Body7',#2877);
#25=MANIFOLD_SOLID_BREP('Body4',#2878);
#26=MANIFOLD_SOLID_BREP('Body5',#2879);
#27=MANIFOLD_SOLID_BREP('Body8',#2880);
#28=MANIFOLD_SOLID_BREP('Body9',#2881);
#29=CONICAL_SURFACE('',#2979,6.025,1.21516044249414);
#30=B_SPLINE_SURFACE_WITH_KNOTS('',3,3,((#6021,#6022,#6023,#6024,#6025,
#6026,#6027,#6028,#6029,#6030,#6031,#6032,#6033,#6034,#6035,#6036,#6037,
#6038,#6039,#6040,#6041,#6042,#6043,#6044,#6045,#6046,#6047,#6048,#6049,
#6050,#6051,#6052,#6053,#6054,#6055,#6056,#6057,#6058,#6059,#6060,#6061,
#6062,#6063,#6064,#6065,#6066,#6067,#6068,#6069,#6070,#6071,#6072,#6073,
#6074,#6075,#6076,#6077,#6078,#6079,#6080,#6081,#6082,#6083,#6084,#6085,
#6086,#6087,#6088,#6089,#6090,#6091,#6092,#6093,#6094,#6095,#6096,#6097,
#6098,#6099,#6100,#6101,#6102,#6103,#6104,#6105,#6106,#6107,#6108,#6109,
#6110,#6111,#6112,#6113,#6114,#6115,#6116,#6117,#6118,#6119,#6120,#6121,
#6122,#6123,#6124,#6125,#6126,#6127,#6128,#6129,#6130,#6131,#6132,#6133,
#6134,#6135,#6136,#6137,#6138,#6139,#6140,#6141,#6142,#6143,#6144,#6145,
#6146,#6147,#6148,#6149,#6150,#6151,#6152,#6153,#6154,#6155,#6156,#6157,
#6158,#6159,#6160,#6161,#6162,#6163,#6164,#6165,#6166,#6167,#6168,#6169,
#6170,#6171,#6172,#6173,#6174,#6175,#6176,#6177,#6178,#6179,#6180,#6181,
#6182,#6183,#6184,#6185,#6186,#6187,#6188,#6189,#6190,#6191,#6192,#6193,
#6194,#6195,#6196,#6197,#6198,#6199,#6200,#6201,#6202,#6203,#6204,#6205,
#6206,#6207,#6208,#6209,#6210,#6211,#6212,#6213),(#6214,#6215,#6216,#6217,
#6218,#6219,#6220,#6221,#6222,#6223,#6224,#6225,#6226,#6227,#6228,#6229,
#6230,#6231,#6232,#6233,#6234,#6235,#6236,#6237,#6238,#6239,#6240,#6241,
#6242,#6243,#6244,#6245,#6246,#6247,#6248,#6249,#6250,#6251,#6252,#6253,
#6254,#6255,#6256,#6257,#6258,#6259,#6260,#6261,#6262,#6263,#6264,#6265,
#6266,#6267,#6268,#6269,#6270,#6271,#6272,#6273,#6274,#6275,#6276,#6277,
#6278,#6279,#6280,#6281,#6282,#6283,#6284,#6285,#6286,#6287,#6288,#6289,
#6290,#6291,#6292,#6293,#6294,#6295,#6296,#6297,#6298,#6299,#6300,#6301,
#6302,#6303,#6304,#6305,#6306,#6307,#6308,#6309,#6310,#6311,#6312,#6313,
#6314,#6315,#6316,#6317,#6318,#6319,#6320,#6321,#6322,#6323,#6324,#6325,
#6326,#6327,#6328,#6329,#6330,#6331,#6332,#6333,#6334,#6335,#6336,#6337,
#6338,#6339,#6340,#6341,#6342,#6343,#6344,#6345,#6346,#6347,#6348,#6349,
#6350,#6351,#6352,#6353,#6354,#6355,#6356,#6357,#6358,#6359,#6360,#6361,
#6362,#6363,#6364,#6365,#6366,#6367,#6368,#6369,#6370,#6371,#6372,#6373,
#6374,#6375,#6376,#6377,#6378,#6379,#6380,#6381,#6382,#6383,#6384,#6385,
#6386,#6387,#6388,#6389,#6390,#6391,#6392,#6393,#6394,#6395,#6396,#6397,
#6398,#6399,#6400,#6401,#6402,#6403,#6404,#6405,#6406),(#6407,#6408,#6409,
#6410,#6411,#6412,#6413,#6414,#6415,#6416,#6417,#6418,#6419,#6420,#6421,
#6422,#6423,#6424,#6425,#6426,#6427,#6428,#6429,#6430,#6431,#6432,#6433,
#6434,#6435,#6436,#6437,#6438,#6439,#6440,#6441,#6442,#6443,#6444,#6445,
#6446,#6447,#6448,#6449,#6450,#6451,#6452,#6453,#6454,#6455,#6456,#6457,
#6458,#6459,#6460,#6461,#6462,#6463,#6464,#6465,#6466,#6467,#6468,#6469,
#6470,#6471,#6472,#6473,#6474,#6475,#6476,#6477,#6478,#6479,#6480,#6481,
#6482,#6483,#6484,#6485,#6486,#6487,#6488,#6489,#6490,#6491,#6492,#6493,
#6494,#6495,#6496,#6497,#6498,#6499,#6500,#6501,#6502,#6503,#6504,#6505,
#6506,#6507,#6508,#6509,#6510,#6511,#6512,#6513,#6514,#6515,#6516,#6517,
#6518,#6519,#6520,#6521,#6522,#6523,#6524,#6525,#6526,#6527,#6528,#6529,
#6530,#6531,#6532,#6533,#6534,#6535,#6536,#6537,#6538,#6539,#6540,#6541,
#6542,#6543,#6544,#6545,#6546,#6547,#6548,#6549,#6550,#6551,#6552,#6553,
#6554,#6555,#6556,#6557,#6558,#6559,#6560,#6561,#6562,#6563,#6564,#6565,
#6566,#6567,#6568,#6569,#6570,#6571,#6572,#6573,#6574,#6575,#6576,#6577,
#6578,#6579,#6580,#6581,#6582,#6583,#6584,#6585,#6586,#6587,#6588,#6589,
#6590,#6591,#6592,#6593,#6594,#6595,#6596,#6597,#6598,#6599),(#6600,#6601,
#6602,#6603,#6604,#6605,#6606,#6607,#6608,#6609,#6610,#6611,#6612,#6613,
#6614,#6615,#6616,#6617,#6618,#6619,#6620,#6621,#6622,#6623,#6624,#6625,
#6626,#6627,#6628,#6629,#6630,#6631,#6632,#6633,#6634,#6635,#6636,#6637,
#6638,#6639,#6640,#6641,#6642,#6643,#6644,#6645,#6646,#6647,#6648,#6649,
#6650,#6651,#6652,#6653,#6654,#6655,#6656,#6657,#6658,#6659,#6660,#6661,
#6662,#6663,#6664,#6665,#6666,#6667,#6668,#6669,#6670,#6671,#6672,#6673,
#6674,#6675,#6676,#6677,#6678,#6679,#6680,#6681,#6682,#6683,#6684,#6685,
#6686,#6687,#6688,#6689,#6690,#6691,#6692,#6693,#6694,#6695,#6696,#6697,
#6698,#6699,#6700,#6701,#6702,#6703,#6704,#6705,#6706,#6707,#6708,#6709,
#6710,#6711,#6712,#6713,#6714,#6715,#6716,#6717,#6718,#6719,#6720,#6721,
#6722,#6723,#6724,#6725,#6726,#6727,#6728,#6729,#6730,#6731,#6732,#6733,
#6734,#6735,#6736,#6737,#6738,#6739,#6740,#6741,#6742,#6743,#6744,#6745,
#6746,#6747,#6748,#6749,#6750,#6751,#6752,#6753,#6754,#6755,#6756,#6757,
#6758,#6759,#6760,#6761,#6762,#6763,#6764,#6765,#6766,#6767,#6768,#6769,
#6770,#6771,#6772,#6773,#6774,#6775,#6776,#6777,#6778,#6779,#6780,#6781,
#6782,#6783,#6784,#6785,#6786,#6787,#6788,#6789,#6790,#6791,#6792)),
 .UNSPECIFIED.,.F.,.F.,.F.,(4,4),(4,1,1,1,1,1,1,1,1,1,1,1,1,1,1,1,1,1,1,
1,1,1,1,1,1,1,1,1,1,1,1,1,1,1,1,1,1,1,1,1,1,1,1,1,1,1,1,1,1,1,1,1,1,1,1,
1,1,1,1,1,1,1,1,1,1,1,1,1,1,1,1,1,1,1,1,1,1,1,1,1,1,1,1,1,1,1,1,1,1,1,1,
1,1,1,1,1,1,1,1,1,1,1,1,1,1,1,1,1,1,1,1,1,1,1,1,1,1,1,1,1,1,1,1,1,1,1,1,
1,1,1,1,1,1,1,1,1,1,1,1,1,1,1,1,1,1,1,1,1,1,1,1,1,1,1,1,1,1,1,1,1,1,1,1,
1,1,1,1,1,1,1,1,1,1,1,1,1,1,1,1,1,1,1,1,1,1,1,1,1,1,1,4),(0.,0.0498541957445243),
(14.5710738264469,15.0670826273591,15.5630914282713,16.0591002291835,16.5551090300958,
17.051117831008,17.5471266319202,18.0431354328324,18.5391442337446,19.0351530346569,
19.5311618355691,20.0271706364813,20.5231794373935,21.0191882383058,21.515197039218,
22.0112058401302,22.5072146410424,23.0032234419546,23.4992322428669,23.9952410437791,
24.4912498446913,24.9872586456035,25.4832674465158,25.979276247428,26.4752850483402,
26.9712938492524,27.4673026501646,27.9633114510769,28.4593202519891,28.9553290529013,
29.4513378538135,29.9473466547258,30.443355455638,30.9393642565502,31.4353730574624,
31.9313818583746,32.4273906592869,32.9233994601991,33.4194082611113,33.9154170620235,
34.4114258629358,34.907434663848,35.4034434647602,35.8994522656724,36.3954610665846,
36.8914698674969,37.3874786684091,37.8834874693213,38.3794962702335,38.8755050711458,
39.371513872058,39.8675226729702,40.3635314738824,40.8595402747946,41.3555490757069,
41.8515578766191,42.3475666775313,42.8435754784435,43.3395842793558,43.835593080268,
44.3316018811802,44.8276106820924,45.3236194830046,45.8196282839169,46.3156370848291,
46.8116458857413,47.3076546866535,47.8036634875658,48.299672288478,48.7956810893902,
49.2916898903024,49.7876986912147,50.2837074921269,50.7797162930391,51.2757250939513,
51.7717338948635,52.2677426957758,52.763751496688,53.2597602976002,53.7557690985124,
54.2517778994247,54.7477867003369,55.2437955012491,55.7398043021613,56.2358131030735,
56.7318219039858,57.227830704898,57.7238395058102,58.2198483067224,58.7158571076346,
59.2118659085469,59.7078747094591,60.2038835103713,60.6998923112835,61.1959011121958,
61.691909913108,62.1879187140202,62.6839275149324,63.1799363158446,63.6759451167569,
64.1719539176691,64.6679627185813,65.1639715194935,65.6599803204058,66.155989121318,
66.6519979222302,67.1480067231424,67.6440155240547,68.1400243249669,68.6360331258791,
69.1320419267913,69.6280507277035,70.1240595286158,70.620068329528,71.1160771304402,
71.6120859313524,72.1080947322646,72.6041035331769,73.1001123340891,73.5961211350013,
74.0921299359135,74.5881387368258,75.084147537738,75.5801563386502,76.0761651395624,
76.5721739404747,77.0681827413869,77.5641915422991,78.0602003432113,78.5562091441235,
79.0522179450358,79.548226745948,80.0442355468602,80.5402443477724,81.0362531486847,
81.5322619495969,82.0282707505091,82.5242795514213,83.0202883523335,83.5162971532458,
84.012305954158,84.5083147550702,85.0043235559824,85.5003323568947,85.9963411578069,
86.4923499587191,86.9883587596313,87.4843675605435,87.9803763614558,88.476385162368,
88.9723939632802,89.4684027641924,89.9644115651047,90.4604203660169,90.9564291669291,
91.4524379678413,91.9484467687535,92.4444555696658,92.940464370578,93.4364731714902,
93.9324819724024,94.4284907733147,94.9244995742269,95.4205083751391,95.9165171760513,
96.4125259769636,96.9085347778758,97.404543578788,97.9005523797002,98.3965611806124,
98.8925699815247,99.3885787824369,99.8845875833491,100.380596384261,100.876605185174,
101.372613986086,101.868622786998,102.36463158791,102.860640388822,103.356649189735,
103.852657990647,104.348666791559,104.844675592471,105.340684393384,105.836693194296,
106.332701995208,106.82871079612,107.324719597032,107.820728397945,108.316737198857,
108.812745999769),.UNSPECIFIED.);
#31=B_SPLINE_SURFACE_WITH_KNOTS('',3,3,((#7042,#7043,#7044,#7045,#7046,
#7047,#7048,#7049,#7050,#7051,#7052,#7053,#7054,#7055,#7056,#7057,#7058,
#7059,#7060,#7061,#7062,#7063,#7064,#7065,#7066,#7067,#7068,#7069,#7070,
#7071,#7072,#7073,#7074,#7075,#7076,#7077,#7078,#7079,#7080,#7081,#7082,
#7083,#7084,#7085,#7086,#7087,#7088,#7089,#7090,#7091,#7092,#7093,#7094,
#7095,#7096,#7097,#7098,#7099,#7100,#7101,#7102,#7103,#7104,#7105,#7106,
#7107,#7108,#7109,#7110,#7111,#7112,#7113,#7114,#7115,#7116,#7117,#7118,
#7119,#7120,#7121,#7122,#7123,#7124,#7125,#7126,#7127,#7128,#7129,#7130,
#7131,#7132,#7133,#7134,#7135,#7136,#7137,#7138,#7139,#7140,#7141,#7142,
#7143,#7144,#7145,#7146,#7147,#7148,#7149,#7150,#7151,#7152,#7153,#7154,
#7155,#7156,#7157,#7158,#7159,#7160,#7161,#7162,#7163,#7164,#7165,#7166,
#7167,#7168,#7169,#7170,#7171,#7172,#7173,#7174,#7175,#7176,#7177,#7178,
#7179,#7180,#7181,#7182,#7183,#7184,#7185,#7186,#7187,#7188,#7189,#7190,
#7191,#7192,#7193,#7194,#7195,#7196,#7197,#7198,#7199,#7200,#7201,#7202,
#7203,#7204,#7205,#7206,#7207,#7208,#7209,#7210,#7211,#7212,#7213,#7214,
#7215,#7216,#7217,#7218,#7219,#7220,#7221,#7222,#7223,#7224,#7225,#7226,
#7227,#7228,#7229,#7230,#7231,#7232,#7233,#7234),(#7235,#7236,#7237,#7238,
#7239,#7240,#7241,#7242,#7243,#7244,#7245,#7246,#7247,#7248,#7249,#7250,
#7251,#7252,#7253,#7254,#7255,#7256,#7257,#7258,#7259,#7260,#7261,#7262,
#7263,#7264,#7265,#7266,#7267,#7268,#7269,#7270,#7271,#7272,#7273,#7274,
#7275,#7276,#7277,#7278,#7279,#7280,#7281,#7282,#7283,#7284,#7285,#7286,
#7287,#7288,#7289,#7290,#7291,#7292,#7293,#7294,#7295,#7296,#7297,#7298,
#7299,#7300,#7301,#7302,#7303,#7304,#7305,#7306,#7307,#7308,#7309,#7310,
#7311,#7312,#7313,#7314,#7315,#7316,#7317,#7318,#7319,#7320,#7321,#7322,
#7323,#7324,#7325,#7326,#7327,#7328,#7329,#7330,#7331,#7332,#7333,#7334,
#7335,#7336,#7337,#7338,#7339,#7340,#7341,#7342,#7343,#7344,#7345,#7346,
#7347,#7348,#7349,#7350,#7351,#7352,#7353,#7354,#7355,#7356,#7357,#7358,
#7359,#7360,#7361,#7362,#7363,#7364,#7365,#7366,#7367,#7368,#7369,#7370,
#7371,#7372,#7373,#7374,#7375,#7376,#7377,#7378,#7379,#7380,#7381,#7382,
#7383,#7384,#7385,#7386,#7387,#7388,#7389,#7390,#7391,#7392,#7393,#7394,
#7395,#7396,#7397,#7398,#7399,#7400,#7401,#7402,#7403,#7404,#7405,#7406,
#7407,#7408,#7409,#7410,#7411,#7412,#7413,#7414,#7415,#7416,#7417,#7418,
#7419,#7420,#7421,#7422,#7423,#7424,#7425,#7426,#7427),(#7428,#7429,#7430,
#7431,#7432,#7433,#7434,#7435,#7436,#7437,#7438,#7439,#7440,#7441,#7442,
#7443,#7444,#7445,#7446,#7447,#7448,#7449,#7450,#7451,#7452,#7453,#7454,
#7455,#7456,#7457,#7458,#7459,#7460,#7461,#7462,#7463,#7464,#7465,#7466,
#7467,#7468,#7469,#7470,#7471,#7472,#7473,#7474,#7475,#7476,#7477,#7478,
#7479,#7480,#7481,#7482,#7483,#7484,#7485,#7486,#7487,#7488,#7489,#7490,
#7491,#7492,#7493,#7494,#7495,#7496,#7497,#7498,#7499,#7500,#7501,#7502,
#7503,#7504,#7505,#7506,#7507,#7508,#7509,#7510,#7511,#7512,#7513,#7514,
#7515,#7516,#7517,#7518,#7519,#7520,#7521,#7522,#7523,#7524,#7525,#7526,
#7527,#7528,#7529,#7530,#7531,#7532,#7533,#7534,#7535,#7536,#7537,#7538,
#7539,#7540,#7541,#7542,#7543,#7544,#7545,#7546,#7547,#7548,#7549,#7550,
#7551,#7552,#7553,#7554,#7555,#7556,#7557,#7558,#7559,#7560,#7561,#7562,
#7563,#7564,#7565,#7566,#7567,#7568,#7569,#7570,#7571,#7572,#7573,#7574,
#7575,#7576,#7577,#7578,#7579,#7580,#7581,#7582,#7583,#7584,#7585,#7586,
#7587,#7588,#7589,#7590,#7591,#7592,#7593,#7594,#7595,#7596,#7597,#7598,
#7599,#7600,#7601,#7602,#7603,#7604,#7605,#7606,#7607,#7608,#7609,#7610,
#7611,#7612,#7613,#7614,#7615,#7616,#7617,#7618,#7619,#7620),(#7621,#7622,
#7623,#7624,#7625,#7626,#7627,#7628,#7629,#7630,#7631,#7632,#7633,#7634,
#7635,#7636,#7637,#7638,#7639,#7640,#7641,#7642,#7643,#7644,#7645,#7646,
#7647,#7648,#7649,#7650,#7651,#7652,#7653,#7654,#7655,#7656,#7657,#7658,
#7659,#7660,#7661,#7662,#7663,#7664,#7665,#7666,#7667,#7668,#7669,#7670,
#7671,#7672,#7673,#7674,#7675,#7676,#7677,#7678,#7679,#7680,#7681,#7682,
#7683,#7684,#7685,#7686,#7687,#7688,#7689,#7690,#7691,#7692,#7693,#7694,
#7695,#7696,#7697,#7698,#7699,#7700,#7701,#7702,#7703,#7704,#7705,#7706,
#7707,#7708,#7709,#7710,#7711,#7712,#7713,#7714,#7715,#7716,#7717,#7718,
#7719,#7720,#7721,#7722,#7723,#7724,#7725,#7726,#7727,#7728,#7729,#7730,
#7731,#7732,#7733,#7734,#7735,#7736,#7737,#7738,#7739,#7740,#7741,#7742,
#7743,#7744,#7745,#7746,#7747,#7748,#7749,#7750,#7751,#7752,#7753,#7754,
#7755,#7756,#7757,#7758,#7759,#7760,#7761,#7762,#7763,#7764,#7765,#7766,
#7767,#7768,#7769,#7770,#7771,#7772,#7773,#7774,#7775,#7776,#7777,#7778,
#7779,#7780,#7781,#7782,#7783,#7784,#7785,#7786,#7787,#7788,#7789,#7790,
#7791,#7792,#7793,#7794,#7795,#7796,#7797,#7798,#7799,#7800,#7801,#7802,
#7803,#7804,#7805,#7806,#7807,#7808,#7809,#7810,#7811,#7812,#7813)),
 .UNSPECIFIED.,.F.,.F.,.F.,(4,4),(4,1,1,1,1,1,1,1,1,1,1,1,1,1,1,1,1,1,1,
1,1,1,1,1,1,1,1,1,1,1,1,1,1,1,1,1,1,1,1,1,1,1,1,1,1,1,1,1,1,1,1,1,1,1,1,
1,1,1,1,1,1,1,1,1,1,1,1,1,1,1,1,1,1,1,1,1,1,1,1,1,1,1,1,1,1,1,1,1,1,1,1,
1,1,1,1,1,1,1,1,1,1,1,1,1,1,1,1,1,1,1,1,1,1,1,1,1,1,1,1,1,1,1,1,1,1,1,1,
1,1,1,1,1,1,1,1,1,1,1,1,1,1,1,1,1,1,1,1,1,1,1,1,1,1,1,1,1,1,1,1,1,1,1,1,
1,1,1,1,1,1,1,1,1,1,1,1,1,1,1,1,1,1,1,1,1,1,1,1,1,1,1,4),(0.,0.0498541957445243),
(17.898157695019,18.3941664959312,18.8901752968434,19.3861840977557,19.8821928986679,
20.3782016995801,20.8742105004923,21.3702193014046,21.8662281023168,22.362236903229,
22.8582457041412,23.3542545050534,23.8502633059657,24.3462721068779,24.8422809077901,
25.3382897087023,25.8342985096146,26.3303073105268,26.826316111439,27.3223249123512,
27.8183337132634,28.3143425141757,28.8103513150879,29.3063601160001,29.8023689169123,
30.2983777178246,30.7943865187368,31.290395319649,31.7864041205612,32.2824129214734,
32.7784217223857,33.2744305232979,33.7704393242101,34.2664481251223,34.7624569260346,
35.2584657269468,35.754474527859,36.2504833287712,36.7464921296834,37.2425009305957,
37.7385097315079,38.2345185324201,38.7305273333323,39.2265361342446,39.7225449351568,
40.218553736069,40.7145625369812,41.2105713378934,41.7065801388057,42.2025889397179,
42.6985977406301,43.1946065415423,43.6906153424546,44.1866241433668,44.682632944279,
45.1786417451912,45.6746505461035,46.1706593470157,46.6666681479279,47.1626769488401,
47.6586857497523,48.1546945506646,48.6507033515768,49.146712152489,49.6427209534012,
50.1387297543134,50.6347385552257,51.1307473561379,51.6267561570501,52.1227649579623,
52.6187737588746,53.1147825597868,53.610791360699,54.1068001616112,54.6028089625235,
55.0988177634357,55.5948265643479,56.0908353652601,56.5868441661723,57.0828529670846,
57.5788617679968,58.074870568909,58.5708793698212,59.0668881707334,59.5628969716457,
60.0589057725579,60.5549145734701,61.0509233743823,61.5469321752946,62.0429409762068,
62.538949777119,63.0349585780312,63.5309673789435,64.0269761798557,64.5229849807679,
65.0189937816801,65.5150025825923,66.0110113835046,66.5070201844168,67.003028985329,
67.4990377862412,67.9950465871535,68.4910553880657,68.9870641889779,69.4830729898901,
69.9790817908024,70.4750905917146,70.9710993926268,71.467108193539,71.9631169944512,
72.4591257953635,72.9551345962757,73.4511433971879,73.9471521981001,74.4431609990123,
74.9391697999246,75.4351786008368,75.931187401749,76.4271962026612,76.9232050035735,
77.4192138044857,77.9152226053979,78.4112314063101,78.9072402072223,79.4032490081346,
79.8992578090468,80.395266609959,80.8912754108712,81.3872842117835,81.8832930126957,
82.3793018136079,82.8753106145201,83.3713194154324,83.8673282163446,84.3633370172568,
84.859345818169,85.3553546190812,85.8513634199935,86.3473722209057,86.8433810218179,
87.3393898227301,87.8353986236423,88.3314074245546,88.8274162254668,89.323425026379,
89.8194338272912,90.3154426282035,90.8114514291157,91.3074602300279,91.8034690309401,
92.2994778318524,92.7954866327646,93.2914954336768,93.787504234589,94.2835130355012,
94.7795218364135,95.2755306373257,95.7715394382379,96.2675482391501,96.7635570400624,
97.2595658409746,97.7555746418868,98.251583442799,98.7475922437112,99.2436010446235,
99.7396098455357,100.235618646448,100.73162744736,101.227636248272,101.723645049185,
102.219653850097,102.715662651009,103.211671451921,103.707680252833,104.203689053746,
104.699697854658,105.19570665557,105.691715456482,106.187724257395,106.683733058307,
107.179741859219,107.675750660131,108.171759461043,108.667768261956,109.163777062868,
109.65978586378,110.155794664692,110.651803465605,111.147812266517,111.643821067429,
112.139829868341),.UNSPECIFIED.);
#32=B_SPLINE_SURFACE_WITH_KNOTS('',3,3,((#8580,#8581,#8582,#8583,#8584,
#8585,#8586,#8587,#8588,#8589,#8590,#8591,#8592,#8593,#8594,#8595,#8596,
#8597,#8598,#8599,#8600,#8601,#8602,#8603,#8604,#8605,#8606,#8607,#8608,
#8609,#8610,#8611,#8612,#8613,#8614,#8615,#8616,#8617,#8618,#8619,#8620,
#8621,#8622,#8623,#8624,#8625,#8626),(#8627,#8628,#8629,#8630,#8631,#8632,
#8633,#8634,#8635,#8636,#8637,#8638,#8639,#8640,#8641,#8642,#8643,#8644,
#8645,#8646,#8647,#8648,#8649,#8650,#8651,#8652,#8653,#8654,#8655,#8656,
#8657,#8658,#8659,#8660,#8661,#8662,#8663,#8664,#8665,#8666,#8667,#8668,
#8669,#8670,#8671,#8672,#8673),(#8674,#8675,#8676,#8677,#8678,#8679,#8680,
#8681,#8682,#8683,#8684,#8685,#8686,#8687,#8688,#8689,#8690,#8691,#8692,
#8693,#8694,#8695,#8696,#8697,#8698,#8699,#8700,#8701,#8702,#8703,#8704,
#8705,#8706,#8707,#8708,#8709,#8710,#8711,#8712,#8713,#8714,#8715,#8716,
#8717,#8718,#8719,#8720),(#8721,#8722,#8723,#8724,#8725,#8726,#8727,#8728,
#8729,#8730,#8731,#8732,#8733,#8734,#8735,#8736,#8737,#8738,#8739,#8740,
#8741,#8742,#8743,#8744,#8745,#8746,#8747,#8748,#8749,#8750,#8751,#8752,
#8753,#8754,#8755,#8756,#8757,#8758,#8759,#8760,#8761,#8762,#8763,#8764,
#8765,#8766,#8767)),.UNSPECIFIED.,.F.,.F.,.F.,(4,4),(4,1,1,1,1,1,1,1,1,
1,1,1,1,1,1,1,1,1,1,1,1,1,1,1,1,1,1,1,1,1,1,1,1,1,1,1,1,1,1,1,1,1,1,1,4),
(0.,0.0485551576388477),(11.8415763884112,12.3257197663455,12.8098631442799,
13.2940065222143,13.7781499001486,14.262293278083,14.7464366560174,15.2305800339517,
15.7147234118861,16.1988667898204,16.6830101677548,17.1671535456892,17.6512969236235,
18.1354403015579,18.6195836794923,19.1037270574266,19.587870435361,20.0720138132954,
20.5561571912297,21.0403005691641,21.5244439470985,22.0085873250328,22.4927307029672,
22.9768740809016,23.4610174588359,23.9451608367703,24.4293042147047,24.913447592639,
25.3975909705734,25.8817343485077,26.3658777264421,26.8500211043765,27.3341644823108,
27.8183078602452,28.3024512381796,28.7865946161139,29.2707379940483,29.7548813719827,
30.239024749917,30.7231681278514,31.2073115057858,31.6914548837201,32.1755982616545,
32.6597416395888,33.1438850175232),.UNSPECIFIED.);
#33=B_SPLINE_SURFACE_WITH_KNOTS('',3,3,((#9038,#9039,#9040,#9041,#9042,
#9043,#9044,#9045,#9046,#9047,#9048,#9049,#9050,#9051,#9052,#9053,#9054,
#9055,#9056,#9057,#9058,#9059,#9060,#9061,#9062,#9063,#9064,#9065,#9066,
#9067,#9068,#9069,#9070,#9071,#9072,#9073,#9074,#9075,#9076,#9077,#9078,
#9079,#9080,#9081,#9082,#9083,#9084),(#9085,#9086,#9087,#9088,#9089,#9090,
#9091,#9092,#9093,#9094,#9095,#9096,#9097,#9098,#9099,#9100,#9101,#9102,
#9103,#9104,#9105,#9106,#9107,#9108,#9109,#9110,#9111,#9112,#9113,#9114,
#9115,#9116,#9117,#9118,#9119,#9120,#9121,#9122,#9123,#9124,#9125,#9126,
#9127,#9128,#9129,#9130,#9131),(#9132,#9133,#9134,#9135,#9136,#9137,#9138,
#9139,#9140,#9141,#9142,#9143,#9144,#9145,#9146,#9147,#9148,#9149,#9150,
#9151,#9152,#9153,#9154,#9155,#9156,#9157,#9158,#9159,#9160,#9161,#9162,
#9163,#9164,#9165,#9166,#9167,#9168,#9169,#9170,#9171,#9172,#9173,#9174,
#9175,#9176,#9177,#9178),(#9179,#9180,#9181,#9182,#9183,#9184,#9185,#9186,
#9187,#9188,#9189,#9190,#9191,#9192,#9193,#9194,#9195,#9196,#9197,#9198,
#9199,#9200,#9201,#9202,#9203,#9204,#9205,#9206,#9207,#9208,#9209,#9210,
#9211,#9212,#9213,#9214,#9215,#9216,#9217,#9218,#9219,#9220,#9221,#9222,
#9223,#9224,#9225)),.UNSPECIFIED.,.F.,.F.,.F.,(4,4),(4,1,1,1,1,1,1,1,1,
1,1,1,1,1,1,1,1,1,1,1,1,1,1,1,1,1,1,1,1,1,1,1,1,1,1,1,1,1,1,1,1,1,1,1,4),
(0.,0.0485551576388477),(14.3988838068023,14.8830271847367,15.3671705626711,
15.8513139406054,16.3354573185398,16.8196006964741,17.3037440744085,17.7878874523429,
18.2720308302772,18.7561742082116,19.240317586146,19.7244609640803,20.2086043420147,
20.6927477199491,21.1768910978834,21.6610344758178,22.1451778537522,22.6293212316865,
23.1134646096209,23.5976079875553,24.0817513654896,24.565894743424,25.0500381213583,
25.5341814992927,26.0183248772271,26.5024682551614,26.9866116330958,27.4707550110302,
27.9548983889645,28.4390417668989,28.9231851448333,29.4073285227676,29.891471900702,
30.3756152786364,30.8597586565707,31.3439020345051,31.8280454124395,32.3121887903738,
32.7963321683082,33.2804755462425,33.7646189241769,34.2487623021113,34.7329056800456,
35.21704905798,35.7011924359144),.UNSPECIFIED.);
#34=FACE_BOUND('',#339,.T.);
#35=FACE_BOUND('',#346,.T.);
#36=FACE_BOUND('',#351,.T.);
#37=FACE_BOUND('',#354,.T.);
#38=FACE_BOUND('',#359,.T.);
#39=FACE_BOUND('',#360,.T.);
#40=FACE_BOUND('',#382,.T.);
#41=FACE_BOUND('',#385,.T.);
#42=FACE_BOUND('',#399,.T.);
#43=FACE_BOUND('',#403,.T.);
#44=FACE_BOUND('',#418,.T.);
#45=FACE_BOUND('',#421,.T.);
#46=FACE_BOUND('',#436,.T.);
#47=FACE_BOUND('',#439,.T.);
#48=FACE_BOUND('',#446,.T.);
#49=FACE_BOUND('',#448,.T.);
#50=FACE_BOUND('',#459,.T.);
#51=FACE_BOUND('',#468,.T.);
#52=PLANE('',#2933);
#53=PLANE('',#2937);
#54=PLANE('',#2940);
#55=PLANE('',#2943);
#56=PLANE('',#2949);
#57=PLANE('',#2963);
#58=PLANE('',#2969);
#59=PLANE('',#2972);
#60=PLANE('',#2975);
#61=PLANE('',#2978);
#62=PLANE('',#2984);
#63=PLANE('',#2987);
#64=PLANE('',#2988);
#65=PLANE('',#2989);
#66=PLANE('',#2992);
#67=PLANE('',#2996);
#68=PLANE('',#2997);
#69=PLANE('',#3001);
#70=PLANE('',#3002);
#71=PLANE('',#3009);
#72=PLANE('',#3010);
#73=PLANE('',#3011);
#74=PLANE('',#3015);
#75=PLANE('',#3019);
#76=PLANE('',#3023);
#77=PLANE('',#3027);
#78=PLANE('',#3028);
#79=PLANE('',#3029);
#80=PLANE('',#3030);
#81=PLANE('',#3031);
#82=PLANE('',#3032);
#83=PLANE('',#3033);
#84=PLANE('',#3034);
#85=PLANE('',#3035);
#86=PLANE('',#3039);
#87=PLANE('',#3043);
#88=PLANE('',#3047);
#89=PLANE('',#3051);
#90=PLANE('',#3052);
#91=PLANE('',#3053);
#92=PLANE('',#3054);
#93=PLANE('',#3055);
#94=PLANE('',#3056);
#95=PLANE('',#3057);
#96=PLANE('',#3058);
#97=PLANE('',#3059);
#98=PLANE('',#3063);
#99=PLANE('',#3067);
#100=PLANE('',#3071);
#101=PLANE('',#3075);
#102=PLANE('',#3076);
#103=PLANE('',#3077);
#104=PLANE('',#3078);
#105=PLANE('',#3079);
#106=PLANE('',#3080);
#107=PLANE('',#3081);
#108=PLANE('',#3082);
#109=PLANE('',#3083);
#110=PLANE('',#3087);
#111=PLANE('',#3091);
#112=PLANE('',#3095);
#113=PLANE('',#3099);
#114=PLANE('',#3100);
#115=PLANE('',#3101);
#116=PLANE('',#3102);
#117=PLANE('',#3103);
#118=PLANE('',#3104);
#119=PLANE('',#3105);
#120=PLANE('',#3106);
#121=PLANE('',#3113);
#122=PLANE('',#3114);
#123=PLANE('',#3126);
#124=PLANE('',#3128);
#125=PLANE('',#3129);
#126=PLANE('',#3130);
#127=PLANE('',#3131);
#128=PLANE('',#3132);
#129=PLANE('',#3133);
#130=PLANE('',#3134);
#131=FACE_OUTER_BOUND('',#291,.T.);
#132=FACE_OUTER_BOUND('',#292,.T.);
#133=FACE_OUTER_BOUND('',#293,.T.);
#134=FACE_OUTER_BOUND('',#294,.T.);
#135=FACE_OUTER_BOUND('',#295,.T.);
#136=FACE_OUTER_BOUND('',#296,.T.);
#137=FACE_OUTER_BOUND('',#297,.T.);
#138=FACE_OUTER_BOUND('',#298,.T.);
#139=FACE_OUTER_BOUND('',#299,.T.);
#140=FACE_OUTER_BOUND('',#300,.T.);
#141=FACE_OUTER_BOUND('',#301,.T.);
#142=FACE_OUTER_BOUND('',#302,.T.);
#143=FACE_OUTER_BOUND('',#303,.T.);
#144=FACE_OUTER_BOUND('',#304,.T.);
#145=FACE_OUTER_BOUND('',#305,.T.);
#146=FACE_OUTER_BOUND('',#306,.T.);
#147=FACE_OUTER_BOUND('',#307,.T.);
#148=FACE_OUTER_BOUND('',#308,.T.);
#149=FACE_OUTER_BOUND('',#309,.T.);
#150=FACE_OUTER_BOUND('',#310,.T.);
#151=FACE_OUTER_BOUND('',#311,.T.);
#152=FACE_OUTER_BOUND('',#312,.T.);
#153=FACE_OUTER_BOUND('',#313,.T.);
#154=FACE_OUTER_BOUND('',#314,.T.);
#155=FACE_OUTER_BOUND('',#315,.T.);
#156=FACE_OUTER_BOUND('',#316,.T.);
#157=FACE_OUTER_BOUND('',#317,.T.);
#158=FACE_OUTER_BOUND('',#318,.T.);
#159=FACE_OUTER_BOUND('',#319,.T.);
#160=FACE_OUTER_BOUND('',#320,.T.);
#161=FACE_OUTER_BOUND('',#321,.T.);
#162=FACE_OUTER_BOUND('',#322,.T.);
#163=FACE_OUTER_BOUND('',#323,.T.);
#164=FACE_OUTER_BOUND('',#324,.T.);
#165=FACE_OUTER_BOUND('',#325,.T.);
#166=FACE_OUTER_BOUND('',#326,.T.);
#167=FACE_OUTER_BOUND('',#327,.T.);
#168=FACE_OUTER_BOUND('',#328,.T.);
#169=FACE_OUTER_BOUND('',#329,.T.);
#170=FACE_OUTER_BOUND('',#330,.T.);
#171=FACE_OUTER_BOUND('',#331,.T.);
#172=FACE_OUTER_BOUND('',#332,.T.);
#173=FACE_OUTER_BOUND('',#333,.T.);
#174=FACE_OUTER_BOUND('',#334,.T.);
#175=FACE_OUTER_BOUND('',#335,.T.);
#176=FACE_OUTER_BOUND('',#336,.T.);
#177=FACE_OUTER_BOUND('',#337,.T.);
#178=FACE_OUTER_BOUND('',#338,.T.);
#179=FACE_OUTER_BOUND('',#340,.T.);
#180=FACE_OUTER_BOUND('',#341,.T.);
#181=FACE_OUTER_BOUND('',#342,.T.);
#182=FACE_OUTER_BOUND('',#343,.T.);
#183=FACE_OUTER_BOUND('',#344,.T.);
#184=FACE_OUTER_BOUND('',#345,.T.);
#185=FACE_OUTER_BOUND('',#347,.T.);
#186=FACE_OUTER_BOUND('',#348,.T.);
#187=FACE_OUTER_BOUND('',#349,.T.);
#188=FACE_OUTER_BOUND('',#350,.T.);
#189=FACE_OUTER_BOUND('',#352,.T.);
#190=FACE_OUTER_BOUND('',#353,.T.);
#191=FACE_OUTER_BOUND('',#355,.T.);
#192=FACE_OUTER_BOUND('',#356,.T.);
#193=FACE_OUTER_BOUND('',#357,.T.);
#194=FACE_OUTER_BOUND('',#358,.T.);
#195=FACE_OUTER_BOUND('',#361,.T.);
#196=FACE_OUTER_BOUND('',#362,.T.);
#197=FACE_OUTER_BOUND('',#363,.T.);
#198=FACE_OUTER_BOUND('',#364,.T.);
#199=FACE_OUTER_BOUND('',#365,.T.);
#200=FACE_OUTER_BOUND('',#366,.T.);
#201=FACE_OUTER_BOUND('',#367,.T.);
#202=FACE_OUTER_BOUND('',#368,.T.);
#203=FACE_OUTER_BOUND('',#369,.T.);
#204=FACE_OUTER_BOUND('',#370,.T.);
#205=FACE_OUTER_BOUND('',#371,.T.);
#206=FACE_OUTER_BOUND('',#372,.T.);
#207=FACE_OUTER_BOUND('',#373,.T.);
#208=FACE_OUTER_BOUND('',#374,.T.);
#209=FACE_OUTER_BOUND('',#375,.T.);
#210=FACE_OUTER_BOUND('',#376,.T.);
#211=FACE_OUTER_BOUND('',#377,.T.);
#212=FACE_OUTER_BOUND('',#378,.T.);
#213=FACE_OUTER_BOUND('',#379,.T.);
#214=FACE_OUTER_BOUND('',#380,.T.);
#215=FACE_OUTER_BOUND('',#381,.T.);
#216=FACE_OUTER_BOUND('',#383,.T.);
#217=FACE_OUTER_BOUND('',#384,.T.);
#218=FACE_OUTER_BOUND('',#386,.T.);
#219=FACE_OUTER_BOUND('',#387,.T.);
#220=FACE_OUTER_BOUND('',#388,.T.);
#221=FACE_OUTER_BOUND('',#389,.T.);
#222=FACE_OUTER_BOUND('',#390,.T.);
#223=FACE_OUTER_BOUND('',#391,.T.);
#224=FACE_OUTER_BOUND('',#392,.T.);
#225=FACE_OUTER_BOUND('',#393,.T.);
#226=FACE_OUTER_BOUND('',#394,.T.);
#227=FACE_OUTER_BOUND('',#395,.T.);
#228=FACE_OUTER_BOUND('',#396,.T.);
#229=FACE_OUTER_BOUND('',#397,.T.);
#230=FACE_OUTER_BOUND('',#398,.T.);
#231=FACE_OUTER_BOUND('',#400,.T.);
#232=FACE_OUTER_BOUND('',#401,.T.);
#233=FACE_OUTER_BOUND('',#402,.T.);
#234=FACE_OUTER_BOUND('',#404,.T.);
#235=FACE_OUTER_BOUND('',#405,.T.);
#236=FACE_OUTER_BOUND('',#406,.T.);
#237=FACE_OUTER_BOUND('',#407,.T.);
#238=FACE_OUTER_BOUND('',#408,.T.);
#239=FACE_OUTER_BOUND('',#409,.T.);
#240=FACE_OUTER_BOUND('',#410,.T.);
#241=FACE_OUTER_BOUND('',#411,.T.);
#242=FACE_OUTER_BOUND('',#412,.T.);
#243=FACE_OUTER_BOUND('',#413,.T.);
#244=FACE_OUTER_BOUND('',#414,.T.);
#245=FACE_OUTER_BOUND('',#415,.T.);
#246=FACE_OUTER_BOUND('',#416,.T.);
#247=FACE_OUTER_BOUND('',#417,.T.);
#248=FACE_OUTER_BOUND('',#419,.T.);
#249=FACE_OUTER_BOUND('',#420,.T.);
#250=FACE_OUTER_BOUND('',#422,.T.);
#251=FACE_OUTER_BOUND('',#423,.T.);
#252=FACE_OUTER_BOUND('',#424,.T.);
#253=FACE_OUTER_BOUND('',#425,.T.);
#254=FACE_OUTER_BOUND('',#426,.T.);
#255=FACE_OUTER_BOUND('',#427,.T.);
#256=FACE_OUTER_BOUND('',#428,.T.);
#257=FACE_OUTER_BOUND('',#429,.T.);
#258=FACE_OUTER_BOUND('',#430,.T.);
#259=FACE_OUTER_BOUND('',#431,.T.);
#260=FACE_OUTER_BOUND('',#432,.T.);
#261=FACE_OUTER_BOUND('',#433,.T.);
#262=FACE_OUTER_BOUND('',#434,.T.);
#263=FACE_OUTER_BOUND('',#435,.T.);
#264=FACE_OUTER_BOUND('',#437,.T.);
#265=FACE_OUTER_BOUND('',#438,.T.);
#266=FACE_OUTER_BOUND('',#440,.T.);
#267=FACE_OUTER_BOUND('',#441,.T.);
#268=FACE_OUTER_BOUND('',#442,.T.);
#269=FACE_OUTER_BOUND('',#443,.T.);
#270=FACE_OUTER_BOUND('',#444,.T.);
#271=FACE_OUTER_BOUND('',#445,.T.);
#272=FACE_OUTER_BOUND('',#447,.T.);
#273=FACE_OUTER_BOUND('',#449,.T.);
#274=FACE_OUTER_BOUND('',#450,.T.);
#275=FACE_OUTER_BOUND('',#451,.T.);
#276=FACE_OUTER_BOUND('',#452,.T.);
#277=FACE_OUTER_BOUND('',#453,.T.);
#278=FACE_OUTER_BOUND('',#454,.T.);
#279=FACE_OUTER_BOUND('',#455,.T.);
#280=FACE_OUTER_BOUND('',#456,.T.);
#281=FACE_OUTER_BOUND('',#457,.T.);
#282=FACE_OUTER_BOUND('',#458,.T.);
#283=FACE_OUTER_BOUND('',#460,.T.);
#284=FACE_OUTER_BOUND('',#461,.T.);
#285=FACE_OUTER_BOUND('',#462,.T.);
#286=FACE_OUTER_BOUND('',#463,.T.);
#287=FACE_OUTER_BOUND('',#464,.T.);
#288=FACE_OUTER_BOUND('',#465,.T.);
#289=FACE_OUTER_BOUND('',#466,.T.);
#290=FACE_OUTER_BOUND('',#467,.T.);
#291=EDGE_LOOP('',(#1812,#1813,#1814));
#292=EDGE_LOOP('',(#1815,#1816,#1817,#1818,#1819));
#293=EDGE_LOOP('',(#1820,#1821,#1822,#1823));
#294=EDGE_LOOP('',(#1824,#1825,#1826,#1827));
#295=EDGE_LOOP('',(#1828,#1829,#1830,#1831));
#296=EDGE_LOOP('',(#1832,#1833,#1834,#1835));
#297=EDGE_LOOP('',(#1836,#1837,#1838,#1839));
#298=EDGE_LOOP('',(#1840,#1841,#1842,#1843));
#299=EDGE_LOOP('',(#1844,#1845,#1846,#1847));
#300=EDGE_LOOP('',(#1848,#1849,#1850,#1851));
#301=EDGE_LOOP('',(#1852,#1853,#1854,#1855));
#302=EDGE_LOOP('',(#1856,#1857,#1858,#1859));
#303=EDGE_LOOP('',(#1860,#1861,#1862,#1863));
#304=EDGE_LOOP('',(#1864,#1865,#1866,#1867));
#305=EDGE_LOOP('',(#1868,#1869,#1870,#1871));
#306=EDGE_LOOP('',(#1872,#1873,#1874,#1875,#1876,#1877,#1878,#1879));
#307=EDGE_LOOP('',(#1880,#1881,#1882,#1883));
#308=EDGE_LOOP('',(#1884,#1885,#1886,#1887));
#309=EDGE_LOOP('',(#1888,#1889,#1890,#1891));
#310=EDGE_LOOP('',(#1892,#1893,#1894,#1895));
#311=EDGE_LOOP('',(#1896,#1897,#1898,#1899));
#312=EDGE_LOOP('',(#1900,#1901,#1902,#1903));
#313=EDGE_LOOP('',(#1904,#1905,#1906,#1907));
#314=EDGE_LOOP('',(#1908,#1909,#1910,#1911));
#315=EDGE_LOOP('',(#1912,#1913,#1914,#1915));
#316=EDGE_LOOP('',(#1916,#1917,#1918,#1919));
#317=EDGE_LOOP('',(#1920,#1921,#1922,#1923));
#318=EDGE_LOOP('',(#1924,#1925,#1926,#1927));
#319=EDGE_LOOP('',(#1928,#1929,#1930,#1931));
#320=EDGE_LOOP('',(#1932,#1933,#1934,#1935));
#321=EDGE_LOOP('',(#1936,#1937,#1938,#1939));
#322=EDGE_LOOP('',(#1940,#1941,#1942,#1943));
#323=EDGE_LOOP('',(#1944,#1945,#1946,#1947));
#324=EDGE_LOOP('',(#1948,#1949,#1950,#1951,#1952,#1953,#1954,#1955));
#325=EDGE_LOOP('',(#1956,#1957,#1958,#1959));
#326=EDGE_LOOP('',(#1960,#1961,#1962,#1963));
#327=EDGE_LOOP('',(#1964,#1965,#1966,#1967));
#328=EDGE_LOOP('',(#1968,#1969,#1970,#1971));
#329=EDGE_LOOP('',(#1972,#1973,#1974,#1975));
#330=EDGE_LOOP('',(#1976,#1977,#1978,#1979,#1980,#1981,#1982,#1983));
#331=EDGE_LOOP('',(#1984,#1985,#1986,#1987));
#332=EDGE_LOOP('',(#1988,#1989,#1990,#1991));
#333=EDGE_LOOP('',(#1992,#1993,#1994,#1995));
#334=EDGE_LOOP('',(#1996,#1997,#1998,#1999));
#335=EDGE_LOOP('',(#2000,#2001,#2002,#2003));
#336=EDGE_LOOP('',(#2004,#2005,#2006,#2007));
#337=EDGE_LOOP('',(#2008,#2009,#2010,#2011));
#338=EDGE_LOOP('',(#2012,#2013,#2014,#2015,#2016));
#339=EDGE_LOOP('',(#2017));
#340=EDGE_LOOP('',(#2018,#2019,#2020,#2021));
#341=EDGE_LOOP('',(#2022,#2023,#2024,#2025,#2026,#2027,#2028,#2029,#2030,
#2031,#2032,#2033,#2034,#2035,#2036,#2037,#2038,#2039,#2040,#2041,#2042,
#2043,#2044,#2045,#2046,#2047,#2048,#2049,#2050,#2051,#2052,#2053,#2054));
#342=EDGE_LOOP('',(#2055,#2056,#2057,#2058,#2059));
#343=EDGE_LOOP('',(#2060,#2061,#2062,#2063));
#344=EDGE_LOOP('',(#2064,#2065,#2066,#2067,#2068,#2069,#2070,#2071,#2072,
#2073,#2074,#2075,#2076,#2077,#2078,#2079,#2080,#2081,#2082,#2083,#2084,
#2085,#2086,#2087,#2088,#2089,#2090,#2091,#2092,#2093,#2094,#2095,#2096,
#2097));
#345=EDGE_LOOP('',(#2098));
#346=EDGE_LOOP('',(#2099));
#347=EDGE_LOOP('',(#2100));
#348=EDGE_LOOP('',(#2101,#2102,#2103,#2104));
#349=EDGE_LOOP('',(#2105,#2106,#2107,#2108));
#350=EDGE_LOOP('',(#2109));
#351=EDGE_LOOP('',(#2110));
#352=EDGE_LOOP('',(#2111,#2112,#2113,#2114));
#353=EDGE_LOOP('',(#2115));
#354=EDGE_LOOP('',(#2116));
#355=EDGE_LOOP('',(#2117,#2118,#2119,#2120));
#356=EDGE_LOOP('',(#2121,#2122,#2123,#2124));
#357=EDGE_LOOP('',(#2125,#2126,#2127,#2128));
#358=EDGE_LOOP('',(#2129));
#359=EDGE_LOOP('',(#2130,#2131,#2132,#2133,#2134,#2135,#2136,#2137));
#360=EDGE_LOOP('',(#2138,#2139,#2140,#2141,#2142,#2143,#2144,#2145));
#361=EDGE_LOOP('',(#2146,#2147,#2148,#2149));
#362=EDGE_LOOP('',(#2150,#2151));
#363=EDGE_LOOP('',(#2152,#2153,#2154,#2155,#2156,#2157,#2158,#2159));
#364=EDGE_LOOP('',(#2160,#2161,#2162,#2163));
#365=EDGE_LOOP('',(#2164,#2165));
#366=EDGE_LOOP('',(#2166,#2167,#2168,#2169,#2170,#2171,#2172,#2173));
#367=EDGE_LOOP('',(#2174,#2175,#2176,#2177));
#368=EDGE_LOOP('',(#2178,#2179,#2180,#2181));
#369=EDGE_LOOP('',(#2182,#2183,#2184,#2185));
#370=EDGE_LOOP('',(#2186,#2187,#2188,#2189,#2190,#2191,#2192,#2193));
#371=EDGE_LOOP('',(#2194,#2195,#2196,#2197));
#372=EDGE_LOOP('',(#2198,#2199,#2200,#2201));
#373=EDGE_LOOP('',(#2202,#2203,#2204,#2205));
#374=EDGE_LOOP('',(#2206,#2207,#2208,#2209));
#375=EDGE_LOOP('',(#2210,#2211,#2212,#2213));
#376=EDGE_LOOP('',(#2214,#2215,#2216,#2217));
#377=EDGE_LOOP('',(#2218,#2219,#2220,#2221));
#378=EDGE_LOOP('',(#2222,#2223,#2224,#2225));
#379=EDGE_LOOP('',(#2226,#2227,#2228,#2229));
#380=EDGE_LOOP('',(#2230,#2231,#2232,#2233));
#381=EDGE_LOOP('',(#2234,#2235,#2236,#2237,#2238,#2239));
#382=EDGE_LOOP('',(#2240,#2241,#2242,#2243,#2244,#2245,#2246,#2247));
#383=EDGE_LOOP('',(#2248,#2249,#2250,#2251));
#384=EDGE_LOOP('',(#2252,#2253,#2254,#2255,#2256,#2257));
#385=EDGE_LOOP('',(#2258,#2259,#2260,#2261,#2262,#2263,#2264,#2265));
#386=EDGE_LOOP('',(#2266,#2267,#2268,#2269));
#387=EDGE_LOOP('',(#2270,#2271,#2272,#2273));
#388=EDGE_LOOP('',(#2274,#2275,#2276,#2277));
#389=EDGE_LOOP('',(#2278,#2279,#2280,#2281));
#390=EDGE_LOOP('',(#2282,#2283,#2284,#2285));
#391=EDGE_LOOP('',(#2286,#2287,#2288,#2289));
#392=EDGE_LOOP('',(#2290,#2291,#2292,#2293));
#393=EDGE_LOOP('',(#2294,#2295,#2296,#2297));
#394=EDGE_LOOP('',(#2298,#2299,#2300,#2301));
#395=EDGE_LOOP('',(#2302,#2303,#2304,#2305));
#396=EDGE_LOOP('',(#2306,#2307,#2308,#2309));
#397=EDGE_LOOP('',(#2310,#2311,#2312,#2313));
#398=EDGE_LOOP('',(#2314,#2315,#2316,#2317,#2318,#2319));
#399=EDGE_LOOP('',(#2320,#2321,#2322,#2323,#2324,#2325,#2326,#2327));
#400=EDGE_LOOP('',(#2328,#2329,#2330,#2331));
#401=EDGE_LOOP('',(#2332,#2333,#2334,#2335));
#402=EDGE_LOOP('',(#2336,#2337,#2338,#2339,#2340,#2341));
#403=EDGE_LOOP('',(#2342,#2343,#2344,#2345,#2346,#2347,#2348,#2349));
#404=EDGE_LOOP('',(#2350,#2351,#2352,#2353));
#405=EDGE_LOOP('',(#2354,#2355,#2356,#2357));
#406=EDGE_LOOP('',(#2358,#2359,#2360,#2361));
#407=EDGE_LOOP('',(#2362,#2363,#2364,#2365));
#408=EDGE_LOOP('',(#2366,#2367,#2368,#2369));
#409=EDGE_LOOP('',(#2370,#2371,#2372,#2373));
#410=EDGE_LOOP('',(#2374,#2375,#2376,#2377));
#411=EDGE_LOOP('',(#2378,#2379,#2380,#2381));
#412=EDGE_LOOP('',(#2382,#2383,#2384,#2385));
#413=EDGE_LOOP('',(#2386,#2387,#2388,#2389));
#414=EDGE_LOOP('',(#2390,#2391,#2392,#2393));
#415=EDGE_LOOP('',(#2394,#2395,#2396,#2397));
#416=EDGE_LOOP('',(#2398,#2399,#2400,#2401));
#417=EDGE_LOOP('',(#2402,#2403,#2404,#2405,#2406,#2407));
#418=EDGE_LOOP('',(#2408,#2409,#2410,#2411,#2412,#2413,#2414,#2415));
#419=EDGE_LOOP('',(#2416,#2417,#2418,#2419));
#420=EDGE_LOOP('',(#2420,#2421,#2422,#2423,#2424,#2425));
#421=EDGE_LOOP('',(#2426,#2427,#2428,#2429,#2430,#2431,#2432,#2433));
#422=EDGE_LOOP('',(#2434,#2435,#2436,#2437));
#423=EDGE_LOOP('',(#2438,#2439,#2440,#2441));
#424=EDGE_LOOP('',(#2442,#2443,#2444,#2445));
#425=EDGE_LOOP('',(#2446,#2447,#2448,#2449));
#426=EDGE_LOOP('',(#2450,#2451,#2452,#2453));
#427=EDGE_LOOP('',(#2454,#2455,#2456,#2457));
#428=EDGE_LOOP('',(#2458,#2459,#2460,#2461));
#429=EDGE_LOOP('',(#2462,#2463,#2464,#2465));
#430=EDGE_LOOP('',(#2466,#2467,#2468,#2469));
#431=EDGE_LOOP('',(#2470,#2471,#2472,#2473));
#432=EDGE_LOOP('',(#2474,#2475,#2476,#2477));
#433=EDGE_LOOP('',(#2478,#2479,#2480,#2481));
#434=EDGE_LOOP('',(#2482,#2483,#2484,#2485));
#435=EDGE_LOOP('',(#2486,#2487,#2488,#2489,#2490,#2491));
#436=EDGE_LOOP('',(#2492,#2493,#2494,#2495,#2496,#2497,#2498,#2499));
#437=EDGE_LOOP('',(#2500,#2501,#2502,#2503));
#438=EDGE_LOOP('',(#2504,#2505,#2506,#2507,#2508,#2509));
#439=EDGE_LOOP('',(#2510,#2511,#2512,#2513,#2514,#2515,#2516,#2517));
#440=EDGE_LOOP('',(#2518,#2519,#2520,#2521));
#441=EDGE_LOOP('',(#2522,#2523,#2524,#2525));
#442=EDGE_LOOP('',(#2526,#2527,#2528,#2529));
#443=EDGE_LOOP('',(#2530,#2531,#2532,#2533));
#444=EDGE_LOOP('',(#2534,#2535,#2536,#2537));
#445=EDGE_LOOP('',(#2538));
#446=EDGE_LOOP('',(#2539));
#447=EDGE_LOOP('',(#2540));
#448=EDGE_LOOP('',(#2541));
#449=EDGE_LOOP('',(#2542,#2543,#2544,#2545));
#450=EDGE_LOOP('',(#2546,#2547,#2548,#2549));
#451=EDGE_LOOP('',(#2550,#2551,#2552,#2553));
#452=EDGE_LOOP('',(#2554,#2555,#2556,#2557));
#453=EDGE_LOOP('',(#2558,#2559,#2560,#2561));
#454=EDGE_LOOP('',(#2562,#2563,#2564,#2565));
#455=EDGE_LOOP('',(#2566,#2567,#2568,#2569));
#456=EDGE_LOOP('',(#2570,#2571,#2572,#2573,#2574,#2575,#2576,#2577,#2578,
#2579));
#457=EDGE_LOOP('',(#2580,#2581,#2582,#2583,#2584,#2585,#2586,#2587,#2588,
#2589));
#458=EDGE_LOOP('',(#2590,#2591,#2592,#2593,#2594,#2595));
#459=EDGE_LOOP('',(#2596,#2597,#2598,#2599));
#460=EDGE_LOOP('',(#2600,#2601,#2602,#2603));
#461=EDGE_LOOP('',(#2604,#2605,#2606,#2607));
#462=EDGE_LOOP('',(#2608,#2609,#2610,#2611));
#463=EDGE_LOOP('',(#2612,#2613,#2614,#2615));
#464=EDGE_LOOP('',(#2616,#2617,#2618,#2619));
#465=EDGE_LOOP('',(#2620,#2621,#2622,#2623));
#466=EDGE_LOOP('',(#2624,#2625,#2626,#2627));
#467=EDGE_LOOP('',(#2628,#2629,#2630,#2631,#2632,#2633));
#468=EDGE_LOOP('',(#2634,#2635,#2636,#2637));
#469=CIRCLE('',#2896,5.52225);
#470=CIRCLE('',#2898,5.52225);
#471=CIRCLE('',#2913,5.954);
#472=CIRCLE('',#2914,5.954);
#473=CIRCLE('',#2915,5.954);
#474=CIRCLE('',#2931,0.2);
#475=CIRCLE('',#2932,0.2);
#476=CIRCLE('',#2935,0.2);
#477=CIRCLE('',#2936,0.2);
#478=CIRCLE('',#2938,0.2);
#479=CIRCLE('',#2939,0.2);
#480=CIRCLE('',#2942,0.2);
#481=CIRCLE('',#2945,0.2);
#482=CIRCLE('',#2947,0.2);
#483=CIRCLE('',#2948,0.2);
#484=CIRCLE('',#2950,2.75);
#485=CIRCLE('',#2951,0.2);
#486=CIRCLE('',#2952,0.2);
#487=CIRCLE('',#2953,2.25);
#488=CIRCLE('',#2954,0.2);
#489=CIRCLE('',#2956,2.75);
#490=CIRCLE('',#2958,0.2);
#491=CIRCLE('',#2960,2.25);
#492=CIRCLE('',#2962,0.2);
#493=CIRCLE('',#2965,0.2);
#494=CIRCLE('',#2967,5.5);
#495=CIRCLE('',#2968,5.5);
#496=CIRCLE('',#2970,5.954);
#497=CIRCLE('',#2973,5.52225);
#498=CIRCLE('',#2976,4.3);
#499=CIRCLE('',#2977,4.2);
#500=CIRCLE('',#2980,5.15);
#501=CIRCLE('',#2981,6.9);
#502=CIRCLE('',#2983,6.9);
#503=CIRCLE('',#2985,4.3);
#504=CIRCLE('',#2991,4.2);
#505=CIRCLE('',#2994,4.6);
#506=CIRCLE('',#2995,4.6);
#507=CIRCLE('',#2999,4.6);
#508=CIRCLE('',#3000,4.6);
#509=CIRCLE('',#3004,5.175);
#510=CIRCLE('',#3005,5.175);
#511=CIRCLE('',#3007,5.175);
#512=CIRCLE('',#3008,5.175);
#513=CIRCLE('',#3013,0.299999999999994);
#514=CIRCLE('',#3014,0.299999999999994);
#515=CIRCLE('',#3017,0.299999999999994);
#516=CIRCLE('',#3018,0.299999999999994);
#517=CIRCLE('',#3021,0.299999999999996);
#518=CIRCLE('',#3022,0.299999999999996);
#519=CIRCLE('',#3025,0.300000000000002);
#520=CIRCLE('',#3026,0.300000000000002);
#521=CIRCLE('',#3037,0.299999999999996);
#522=CIRCLE('',#3038,0.299999999999996);
#523=CIRCLE('',#3041,0.300000000000002);
#524=CIRCLE('',#3042,0.300000000000002);
#525=CIRCLE('',#3045,0.299999999999994);
#526=CIRCLE('',#3046,0.299999999999994);
#527=CIRCLE('',#3049,0.299999999999994);
#528=CIRCLE('',#3050,0.299999999999994);
#529=CIRCLE('',#3061,0.300000000000002);
#530=CIRCLE('',#3062,0.300000000000002);
#531=CIRCLE('',#3065,0.299999999999991);
#532=CIRCLE('',#3066,0.299999999999991);
#533=CIRCLE('',#3069,0.299999999999998);
#534=CIRCLE('',#3070,0.299999999999998);
#535=CIRCLE('',#3073,0.300000000000002);
#536=CIRCLE('',#3074,0.300000000000002);
#537=CIRCLE('',#3085,0.300000000000002);
#538=CIRCLE('',#3086,0.300000000000002);
#539=CIRCLE('',#3089,0.299999999999998);
#540=CIRCLE('',#3090,0.299999999999998);
#541=CIRCLE('',#3093,0.300000000000002);
#542=CIRCLE('',#3094,0.300000000000002);
#543=CIRCLE('',#3097,0.299999999999991);
#544=CIRCLE('',#3098,0.299999999999991);
#545=CIRCLE('',#3108,6.054);
#546=CIRCLE('',#3109,6.054);
#547=CIRCLE('',#3111,6.8);
#548=CIRCLE('',#3112,6.8);
#549=CIRCLE('',#3116,5.64155);
#550=CIRCLE('',#3119,5.64155);
#551=CIRCLE('',#3121,6.06205);
#552=CIRCLE('',#3124,6.06205);
#553=B_SPLINE_CURVE_WITH_KNOTS('',3,(#3865,#3866,#3867,#3868),
 .UNSPECIFIED.,.F.,.F.,(4,4),(109.955742875643,110.05154220032),
 .UNSPECIFIED.);
#554=B_SPLINE_CURVE_WITH_KNOTS('',3,(#3874,#3875,#3876,#3877,#3878,#3879,
#3880,#3881,#3882,#3883,#3884,#3885,#3886,#3887,#3888,#3889,#3890),
 .UNSPECIFIED.,.F.,.F.,(4,1,1,1,1,1,1,1,1,1,1,1,1,1,4),(103.672557568463,
103.707680252833,104.203689053746,104.699697854658,105.19570665557,105.691715456482,
106.187724257395,106.683733058307,107.179741859219,107.675750660131,108.171759461043,
108.667768261956,109.163777062868,109.65978586378,109.955742875643),
 .UNSPECIFIED.);
#555=B_SPLINE_CURVE_WITH_KNOTS('',3,(#3893,#3894,#3895,#3896,#3897,#3898,
#3899,#3900,#3901,#3902,#3903,#3904,#3905,#3906),.UNSPECIFIED.,.F.,.F.,
(4,1,1,1,1,1,1,1,1,1,1,4),(103.672557568463,103.852657990647,104.348666791559,
104.844675592471,105.340684393384,105.836693194296,106.332701995208,106.82871079612,
107.324719597032,107.820728397945,108.316737198857,108.812745999769),
 .UNSPECIFIED.);
#556=B_SPLINE_CURVE_WITH_KNOTS('',3,(#3911,#3912,#3913,#3914,#3915,#3916,
#3917,#3918,#3919,#3920,#3921,#3922,#3923,#3924,#3925,#3926),
 .UNSPECIFIED.,.F.,.F.,(4,1,1,1,1,1,1,1,1,1,1,1,1,4),(97.3893722612836,
97.7555746418868,98.251583442799,98.7475922437112,99.2436010446235,99.7396098455357,
100.235618646448,100.73162744736,101.227636248272,101.723645049185,102.219653850097,
102.715662651009,103.211671451921,103.672557568463),.UNSPECIFIED.);
#557=B_SPLINE_CURVE_WITH_KNOTS('',3,(#3927,#3928,#3929,#3930,#3931,#3932,
#3933,#3934,#3935,#3936,#3937,#3938,#3939,#3940,#3941,#3942,#3943),
 .UNSPECIFIED.,.F.,.F.,(4,1,1,1,1,1,1,1,1,1,1,1,1,1,4),(97.3893722612836,
97.404543578788,97.9005523797002,98.3965611806124,98.8925699815247,99.3885787824369,
99.8845875833491,100.380596384261,100.876605185174,101.372613986086,101.868622786998,
102.36463158791,102.860640388822,103.356649189735,103.672557568463),
 .UNSPECIFIED.);
#558=B_SPLINE_CURVE_WITH_KNOTS('',3,(#3948,#3949,#3950,#3951,#3952,#3953,
#3954,#3955,#3956,#3957,#3958,#3959,#3960,#3961,#3962,#3963,#3964),
 .UNSPECIFIED.,.F.,.F.,(4,1,1,1,1,1,1,1,1,1,1,1,1,1,4),(91.106186954104,
91.3074602300279,91.8034690309401,92.2994778318524,92.7954866327646,93.2914954336768,
93.787504234589,94.2835130355012,94.7795218364135,95.2755306373257,95.7715394382379,
96.2675482391501,96.7635570400624,97.2595658409746,97.3893722612836),
 .UNSPECIFIED.);
#559=B_SPLINE_CURVE_WITH_KNOTS('',3,(#3965,#3966,#3967,#3968,#3969,#3970,
#3971,#3972,#3973,#3974,#3975,#3976,#3977,#3978,#3979,#3980),
 .UNSPECIFIED.,.F.,.F.,(4,1,1,1,1,1,1,1,1,1,1,1,1,4),(91.106186954104,91.4524379678413,
91.9484467687535,92.4444555696658,92.940464370578,93.4364731714902,93.9324819724024,
94.4284907733147,94.9244995742269,95.4205083751391,95.9165171760513,96.4125259769636,
96.9085347778758,97.3893722612836),.UNSPECIFIED.);
#560=B_SPLINE_CURVE_WITH_KNOTS('',3,(#3985,#3986,#3987,#3988,#3989,#3990,
#3991,#3992,#3993,#3994,#3995,#3996,#3997,#3998,#3999,#4000,#4001),
 .UNSPECIFIED.,.F.,.F.,(4,1,1,1,1,1,1,1,1,1,1,1,1,1,4),(84.8230016469244,
84.859345818169,85.3553546190812,85.8513634199935,86.3473722209057,86.8433810218179,
87.3393898227301,87.8353986236423,88.3314074245546,88.8274162254668,89.323425026379,
89.8194338272912,90.3154426282035,90.8114514291157,91.106186954104),
 .UNSPECIFIED.);
#561=B_SPLINE_CURVE_WITH_KNOTS('',3,(#4002,#4003,#4004,#4005,#4006,#4007,
#4008,#4009,#4010,#4011,#4012,#4013,#4014,#4015,#4016,#4017,#4018),
 .UNSPECIFIED.,.F.,.F.,(4,1,1,1,1,1,1,1,1,1,1,1,1,1,4),(84.8230016469244,
85.0043235559824,85.5003323568947,85.9963411578069,86.4923499587191,86.9883587596313,
87.4843675605435,87.9803763614558,88.476385162368,88.9723939632802,89.4684027641924,
89.9644115651047,90.4604203660169,90.9564291669291,91.106186954104),
 .UNSPECIFIED.);
#562=B_SPLINE_CURVE_WITH_KNOTS('',3,(#4023,#4024,#4025,#4026,#4027,#4028,
#4029,#4030,#4031,#4032,#4033,#4034,#4035,#4036,#4037,#4038),
 .UNSPECIFIED.,.F.,.F.,(4,1,1,1,1,1,1,1,1,1,1,1,1,4),(78.5398163397448,
78.9072402072223,79.4032490081346,79.8992578090468,80.395266609959,80.8912754108712,
81.3872842117835,81.8832930126957,82.3793018136079,82.8753106145201,83.3713194154324,
83.8673282163446,84.3633370172568,84.8230016469244),.UNSPECIFIED.);
#563=B_SPLINE_CURVE_WITH_KNOTS('',3,(#4039,#4040,#4041,#4042,#4043,#4044,
#4045,#4046,#4047,#4048,#4049,#4050,#4051,#4052,#4053,#4054,#4055),
 .UNSPECIFIED.,.F.,.F.,(4,1,1,1,1,1,1,1,1,1,1,1,1,1,4),(78.5398163397448,
78.5562091441235,79.0522179450358,79.548226745948,80.0442355468602,80.5402443477724,
81.0362531486847,81.5322619495969,82.0282707505091,82.5242795514213,83.0202883523335,
83.5162971532458,84.012305954158,84.5083147550702,84.8230016469244),
 .UNSPECIFIED.);
#564=B_SPLINE_CURVE_WITH_KNOTS('',3,(#4060,#4061,#4062,#4063,#4064,#4065,
#4066,#4067,#4068,#4069,#4070,#4071,#4072,#4073,#4074,#4075,#4076),
 .UNSPECIFIED.,.F.,.F.,(4,1,1,1,1,1,1,1,1,1,1,1,1,1,4),(72.2566310325652,
72.4591257953635,72.9551345962757,73.4511433971879,73.9471521981001,74.4431609990123,
74.9391697999246,75.4351786008368,75.931187401749,76.4271962026612,76.9232050035735,
77.4192138044857,77.9152226053979,78.4112314063101,78.5398163397448),
 .UNSPECIFIED.);
#565=B_SPLINE_CURVE_WITH_KNOTS('',3,(#4077,#4078,#4079,#4080,#4081,#4082,
#4083,#4084,#4085,#4086,#4087,#4088,#4089,#4090,#4091,#4092),
 .UNSPECIFIED.,.F.,.F.,(4,1,1,1,1,1,1,1,1,1,1,1,1,4),(72.2566310325652,
72.6041035331769,73.1001123340891,73.5961211350013,74.0921299359135,74.5881387368258,
75.084147537738,75.5801563386502,76.0761651395624,76.5721739404747,77.0681827413869,
77.5641915422991,78.0602003432113,78.5398163397448),.UNSPECIFIED.);
#566=B_SPLINE_CURVE_WITH_KNOTS('',3,(#4097,#4098,#4099,#4100,#4101,#4102,
#4103,#4104,#4105,#4106,#4107,#4108,#4109,#4110,#4111,#4112,#4113),
 .UNSPECIFIED.,.F.,.F.,(4,1,1,1,1,1,1,1,1,1,1,1,1,1,4),(65.9734457253856,
66.0110113835046,66.5070201844168,67.003028985329,67.4990377862412,67.9950465871535,
68.4910553880657,68.9870641889779,69.4830729898901,69.9790817908024,70.4750905917146,
70.9710993926268,71.467108193539,71.9631169944512,72.2566310325652),
 .UNSPECIFIED.);
#567=B_SPLINE_CURVE_WITH_KNOTS('',3,(#4114,#4115,#4116,#4117,#4118,#4119,
#4120,#4121,#4122,#4123,#4124,#4125,#4126,#4127,#4128,#4129,#4130),
 .UNSPECIFIED.,.F.,.F.,(4,1,1,1,1,1,1,1,1,1,1,1,1,1,4),(65.9734457253856,
66.155989121318,66.6519979222302,67.1480067231424,67.6440155240547,68.1400243249669,
68.6360331258791,69.1320419267913,69.6280507277035,70.1240595286158,70.620068329528,
71.1160771304402,71.6120859313524,72.1080947322646,72.2566310325652),
 .UNSPECIFIED.);
#568=B_SPLINE_CURVE_WITH_KNOTS('',3,(#4135,#4136,#4137,#4138,#4139,#4140,
#4141,#4142,#4143,#4144,#4145,#4146,#4147,#4148,#4149,#4150),
 .UNSPECIFIED.,.F.,.F.,(4,1,1,1,1,1,1,1,1,1,1,1,1,4),(59.690260418206,60.0589057725579,
60.5549145734701,61.0509233743823,61.5469321752946,62.0429409762068,62.538949777119,
63.0349585780312,63.5309673789435,64.0269761798557,64.5229849807679,65.0189937816801,
65.5150025825923,65.9734457253856),.UNSPECIFIED.);
#569=B_SPLINE_CURVE_WITH_KNOTS('',3,(#4151,#4152,#4153,#4154,#4155,#4156,
#4157,#4158,#4159,#4160,#4161,#4162,#4163,#4164,#4165,#4166,#4167),
 .UNSPECIFIED.,.F.,.F.,(4,1,1,1,1,1,1,1,1,1,1,1,1,1,4),(59.690260418206,
59.7078747094591,60.2038835103713,60.6998923112835,61.1959011121958,61.691909913108,
62.1879187140202,62.6839275149324,63.1799363158446,63.6759451167569,64.1719539176691,
64.6679627185813,65.1639715194935,65.6599803204058,65.9734457253856),
 .UNSPECIFIED.);
#570=B_SPLINE_CURVE_WITH_KNOTS('',3,(#4172,#4173,#4174,#4175,#4176,#4177,
#4178,#4179,#4180,#4181,#4182,#4183,#4184,#4185,#4186,#4187,#4188),
 .UNSPECIFIED.,.F.,.F.,(4,1,1,1,1,1,1,1,1,1,1,1,1,1,4),(53.4070751110264,
53.610791360699,54.1068001616112,54.6028089625235,55.0988177634357,55.5948265643479,
56.0908353652601,56.5868441661723,57.0828529670846,57.5788617679968,58.074870568909,
58.5708793698212,59.0668881707334,59.5628969716457,59.690260418206),
 .UNSPECIFIED.);
#571=B_SPLINE_CURVE_WITH_KNOTS('',3,(#4189,#4190,#4191,#4192,#4193,#4194,
#4195,#4196,#4197,#4198,#4199,#4200,#4201,#4202,#4203,#4204),
 .UNSPECIFIED.,.F.,.F.,(4,1,1,1,1,1,1,1,1,1,1,1,1,4),(53.4070751110264,
53.7557690985124,54.2517778994247,54.7477867003369,55.2437955012491,55.7398043021613,
56.2358131030735,56.7318219039858,57.227830704898,57.7238395058102,58.2198483067224,
58.7158571076346,59.2118659085469,59.690260418206),.UNSPECIFIED.);
#572=B_SPLINE_CURVE_WITH_KNOTS('',3,(#4209,#4210,#4211,#4212,#4213,#4214,
#4215,#4216,#4217,#4218,#4219,#4220,#4221,#4222,#4223,#4224,#4225),
 .UNSPECIFIED.,.F.,.F.,(4,1,1,1,1,1,1,1,1,1,1,1,1,1,4),(47.1238898038468,
47.1626769488401,47.6586857497523,48.1546945506646,48.6507033515768,49.146712152489,
49.6427209534012,50.1387297543134,50.6347385552257,51.1307473561379,51.6267561570501,
52.1227649579623,52.6187737588746,53.1147825597868,53.4070751110264),
 .UNSPECIFIED.);
#573=B_SPLINE_CURVE_WITH_KNOTS('',3,(#4226,#4227,#4228,#4229,#4230,#4231,
#4232,#4233,#4234,#4235,#4236,#4237,#4238,#4239,#4240,#4241,#4242),
 .UNSPECIFIED.,.F.,.F.,(4,1,1,1,1,1,1,1,1,1,1,1,1,1,4),(47.1238898038468,
47.3076546866535,47.8036634875658,48.299672288478,48.7956810893902,49.2916898903024,
49.7876986912147,50.2837074921269,50.7797162930391,51.2757250939513,51.7717338948635,
52.2677426957758,52.763751496688,53.2597602976002,53.4070751110264),
 .UNSPECIFIED.);
#574=B_SPLINE_CURVE_WITH_KNOTS('',3,(#4247,#4248,#4249,#4250,#4251,#4252,
#4253,#4254,#4255,#4256,#4257,#4258,#4259,#4260,#4261,#4262),
 .UNSPECIFIED.,.F.,.F.,(4,1,1,1,1,1,1,1,1,1,1,1,1,4),(40.8407044966672,
41.2105713378934,41.7065801388057,42.2025889397179,42.6985977406301,43.1946065415423,
43.6906153424546,44.1866241433668,44.682632944279,45.1786417451912,45.6746505461035,
46.1706593470157,46.6666681479279,47.1238898038468),.UNSPECIFIED.);
#575=B_SPLINE_CURVE_WITH_KNOTS('',3,(#4263,#4264,#4265,#4266,#4267,#4268,
#4269,#4270,#4271,#4272,#4273,#4274,#4275,#4276,#4277,#4278,#4279),
 .UNSPECIFIED.,.F.,.F.,(4,1,1,1,1,1,1,1,1,1,1,1,1,1,4),(40.8407044966672,
40.8595402747946,41.3555490757069,41.8515578766191,42.3475666775313,42.8435754784435,
43.3395842793558,43.835593080268,44.3316018811802,44.8276106820924,45.3236194830046,
45.8196282839169,46.3156370848291,46.8116458857413,47.1238898038468),
 .UNSPECIFIED.);
#576=B_SPLINE_CURVE_WITH_KNOTS('',3,(#4284,#4285,#4286,#4287,#4288,#4289,
#4290,#4291,#4292,#4293,#4294,#4295,#4296,#4297,#4298,#4299,#4300),
 .UNSPECIFIED.,.F.,.F.,(4,1,1,1,1,1,1,1,1,1,1,1,1,1,4),(34.5575191894876,
34.7624569260346,35.2584657269468,35.754474527859,36.2504833287712,36.7464921296834,
37.2425009305957,37.7385097315079,38.2345185324201,38.7305273333323,39.2265361342446,
39.7225449351568,40.218553736069,40.7145625369812,40.8407044966672),
 .UNSPECIFIED.);
#577=B_SPLINE_CURVE_WITH_KNOTS('',3,(#4301,#4302,#4303,#4304,#4305,#4306,
#4307,#4308,#4309,#4310,#4311,#4312,#4313,#4314,#4315,#4316),
 .UNSPECIFIED.,.F.,.F.,(4,1,1,1,1,1,1,1,1,1,1,1,1,4),(34.5575191894876,
34.907434663848,35.4034434647602,35.8994522656724,36.3954610665846,36.8914698674969,
37.3874786684091,37.8834874693213,38.3794962702335,38.8755050711458,39.371513872058,
39.8675226729702,40.3635314738824,40.8407044966672),.UNSPECIFIED.);
#578=B_SPLINE_CURVE_WITH_KNOTS('',3,(#4321,#4322,#4323,#4324,#4325,#4326,
#4327,#4328,#4329,#4330,#4331,#4332,#4333,#4334,#4335,#4336,#4337),
 .UNSPECIFIED.,.F.,.F.,(4,1,1,1,1,1,1,1,1,1,1,1,1,1,4),(28.2743338823081,
28.3143425141757,28.8103513150879,29.3063601160001,29.8023689169123,30.2983777178246,
30.7943865187368,31.290395319649,31.7864041205612,32.2824129214734,32.7784217223857,
33.2744305232979,33.7704393242101,34.2664481251223,34.5575191894876),
 .UNSPECIFIED.);
#579=B_SPLINE_CURVE_WITH_KNOTS('',3,(#4338,#4339,#4340,#4341,#4342,#4343,
#4344,#4345,#4346,#4347,#4348,#4349,#4350,#4351,#4352,#4353,#4354),
 .UNSPECIFIED.,.F.,.F.,(4,1,1,1,1,1,1,1,1,1,1,1,1,1,4),(28.2743338823081,
28.4593202519891,28.9553290529013,29.4513378538135,29.9473466547258,30.443355455638,
30.9393642565502,31.4353730574624,31.9313818583746,32.4273906592869,32.9233994601991,
33.4194082611113,33.9154170620235,34.4114258629358,34.5575191894876),
 .UNSPECIFIED.);
#580=B_SPLINE_CURVE_WITH_KNOTS('',3,(#4359,#4360,#4361,#4362,#4363,#4364,
#4365,#4366,#4367,#4368,#4369,#4370,#4371,#4372,#4373,#4374),
 .UNSPECIFIED.,.F.,.F.,(4,1,1,1,1,1,1,1,1,1,1,1,1,4),(21.9911485751285,
22.362236903229,22.8582457041412,23.3542545050534,23.8502633059657,24.3462721068779,
24.8422809077901,25.3382897087023,25.8342985096146,26.3303073105268,26.826316111439,
27.3223249123512,27.8183337132634,28.2743338823081),.UNSPECIFIED.);
#581=B_SPLINE_CURVE_WITH_KNOTS('',3,(#4375,#4376,#4377,#4378,#4379,#4380,
#4381,#4382,#4383,#4384,#4385,#4386,#4387,#4388,#4389,#4390,#4391),
 .UNSPECIFIED.,.F.,.F.,(4,1,1,1,1,1,1,1,1,1,1,1,1,1,4),(21.9911485751285,
22.0112058401302,22.5072146410424,23.0032234419546,23.4992322428669,23.9952410437791,
24.4912498446913,24.9872586456035,25.4832674465158,25.979276247428,26.4752850483402,
26.9712938492524,27.4673026501646,27.9633114510769,28.2743338823081),
 .UNSPECIFIED.);
#582=B_SPLINE_CURVE_WITH_KNOTS('',3,(#4397,#4398,#4399,#4400,#4401,#4402,
#4403,#4404,#4405,#4406,#4407,#4408,#4409,#4410,#4411,#4412),
 .UNSPECIFIED.,.F.,.F.,(4,3,3,3,3,4),(-4.09299088010948,-3.96807040729778,
-3.47206160638556,-2.97605280547333,-2.48004400456111,-2.08828766802167),
 .UNSPECIFIED.);
#583=B_SPLINE_CURVE_WITH_KNOTS('',3,(#4420,#4421,#4422,#4423,#4424,#4425,
#4426,#4427,#4428,#4429),.UNSPECIFIED.,.F.,.F.,(4,3,3,4),(0.,0.496008800912224,
0.992017601824455,1.13688944150196),.UNSPECIFIED.);
#584=B_SPLINE_CURVE_WITH_KNOTS('',3,(#4434,#4435,#4436,#4437,#4438,#4439,
#4440,#4441,#4442,#4443,#4444,#4445,#4446,#4447,#4448,#4449,#4450,#4451,
#4452,#4453,#4454,#4455,#4456,#4457,#4458,#4459,#4460,#4461,#4462,#4463,
#4464,#4465,#4466,#4467,#4468,#4469,#4470,#4471,#4472,#4473),
 .UNSPECIFIED.,.F.,.F.,(4,3,3,3,3,3,3,3,3,3,3,3,3,4),(-10.3761761872891,
-9.92017601824445,-9.42416721733223,-8.92815841642,-8.43214961550778,-7.93614081459556,
-7.44013201368334,-6.94412321277111,-6.44811441185889,-5.95210561094667,
-5.45609681003445,-4.96008800912222,-4.46407920821,-4.09299088010948),
 .UNSPECIFIED.);
#585=B_SPLINE_CURVE_WITH_KNOTS('',3,(#4474,#4475,#4476,#4477,#4478,#4479,
#4480,#4481,#4482,#4483,#4484,#4485,#4486,#4487,#4488,#4489,#4490,#4491,
#4492,#4493,#4494,#4495,#4496,#4497,#4498,#4499,#4500,#4501,#4502,#4503,
#4504,#4505,#4506,#4507,#4508,#4509,#4510,#4511,#4512,#4513),
 .UNSPECIFIED.,.F.,.F.,(4,3,3,3,3,3,3,3,3,3,3,3,3,4),(1.13688944150196,
1.48802640273668,1.9840352036489,2.48004400456112,2.97605280547334,3.47206160638556,
3.96807040729778,4.46407920821,4.96008800912222,5.45609681003444,5.95210561094666,
6.44811441185888,6.9441232127711,7.42007474868154),.UNSPECIFIED.);
#586=B_SPLINE_CURVE_WITH_KNOTS('',3,(#4518,#4519,#4520,#4521,#4522,#4523,
#4524,#4525,#4526,#4527,#4528,#4529,#4530,#4531,#4532,#4533,#4534,#4535,
#4536,#4537,#4538,#4539,#4540,#4541,#4542,#4543,#4544,#4545,#4546,#4547,
#4548,#4549,#4550,#4551,#4552,#4553,#4554,#4555,#4556,#4557,#4558,#4559,
#4560),.UNSPECIFIED.,.F.,.F.,(4,3,3,3,3,3,3,3,3,3,3,3,3,3,4),(-16.6593614944687,
-16.3682904301033,-15.8722816291911,-15.3762728282789,-14.8802640273667,
-14.3842552264544,-13.8882464255422,-13.39223762463,-12.8962288237178,-12.4002200228056,
-11.9042112218933,-11.4082024209811,-10.9121936200689,-10.4161848191567,
-10.3761761872891),.UNSPECIFIED.);
#587=B_SPLINE_CURVE_WITH_KNOTS('',3,(#4561,#4562,#4563,#4564,#4565,#4566,
#4567,#4568,#4569,#4570,#4571,#4572,#4573,#4574,#4575,#4576,#4577,#4578,
#4579,#4580,#4581,#4582,#4583,#4584,#4585,#4586,#4587,#4588,#4589,#4590,
#4591,#4592,#4593,#4594,#4595,#4596,#4597,#4598,#4599,#4600,#4601,#4602,
#4603),.UNSPECIFIED.,.F.,.F.,(4,3,3,3,3,3,3,3,3,3,3,3,3,3,4),(7.42007474868154,
7.44013201368332,7.93614081459554,8.43214961550777,8.92815841641999,9.42416721733222,
9.92017601824444,10.4161848191567,10.9121936200689,11.4082024209811,11.9042112218933,
12.4002200228055,12.8962288237178,13.39223762463,13.7032600558611),
 .UNSPECIFIED.);
#588=B_SPLINE_CURVE_WITH_KNOTS('',3,(#4608,#4609,#4610,#4611,#4612,#4613,
#4614,#4615,#4616,#4617,#4618,#4619,#4620,#4621,#4622,#4623,#4624,#4625,
#4626,#4627,#4628,#4629,#4630,#4631,#4632,#4633,#4634,#4635,#4636,#4637,
#4638,#4639,#4640,#4641,#4642,#4643,#4644,#4645,#4646,#4647,#4648,#4649,
#4650),.UNSPECIFIED.,.F.,.F.,(4,3,3,3,3,3,3,3,3,3,3,3,3,3,4),(-22.9425468016482,
-22.8164048419622,-22.32039604105,-21.8243872401378,-21.3283784392256,-20.8323696383133,
-20.3363608374011,-19.8403520364889,-19.3443432355767,-18.8483344346645,
-18.3523256337522,-17.85631683284,-17.3603080319278,-16.8642992310156,-16.6593614944687),
 .UNSPECIFIED.);
#589=B_SPLINE_CURVE_WITH_KNOTS('',3,(#4651,#4652,#4653,#4654,#4655,#4656,
#4657,#4658,#4659,#4660,#4661,#4662,#4663,#4664,#4665,#4666,#4667,#4668,
#4669,#4670,#4671,#4672,#4673,#4674,#4675,#4676,#4677,#4678,#4679,#4680,
#4681,#4682,#4683,#4684,#4685,#4686,#4687,#4688,#4689,#4690,#4691,#4692,
#4693),.UNSPECIFIED.,.F.,.F.,(4,3,3,3,3,3,3,3,3,3,3,3,3,3,4),(13.7032600558611,
13.8882464255422,14.3842552264544,14.8802640273667,15.3762728282789,15.8722816291911,
16.3682904301033,16.8642992310156,17.3603080319278,17.85631683284,18.3523256337522,
18.8483344346645,19.3443432355767,19.8403520364889,19.9864453630407),
 .UNSPECIFIED.);
#590=B_SPLINE_CURVE_WITH_KNOTS('',3,(#4698,#4699,#4700,#4701,#4702,#4703,
#4704,#4705,#4706,#4707,#4708,#4709,#4710,#4711,#4712,#4713,#4714,#4715,
#4716,#4717,#4718,#4719,#4720,#4721,#4722,#4723,#4724,#4725,#4726,#4727,
#4728,#4729,#4730,#4731,#4732,#4733,#4734,#4735,#4736,#4737),
 .UNSPECIFIED.,.F.,.F.,(4,3,3,3,3,3,3,3,3,3,3,3,3,4),(-29.2257321088278,
-28.7685104529089,-28.2725016519967,-27.7764928510845,-27.2804840501722,
-26.78447524926,-26.2884664483478,-25.7924576474356,-25.2964488465233,-24.8004400456111,
-24.3044312446989,-23.8084224437867,-23.3124136428744,-22.9425468016482),
 .UNSPECIFIED.);
#591=B_SPLINE_CURVE_WITH_KNOTS('',3,(#4738,#4739,#4740,#4741,#4742,#4743,
#4744,#4745,#4746,#4747,#4748,#4749,#4750,#4751,#4752,#4753,#4754,#4755,
#4756,#4757,#4758,#4759,#4760,#4761,#4762,#4763,#4764,#4765,#4766,#4767,
#4768,#4769,#4770,#4771,#4772,#4773,#4774,#4775,#4776,#4777),
 .UNSPECIFIED.,.F.,.F.,(4,3,3,3,3,3,3,3,3,3,3,3,3,4),(19.9864453630407,
20.3363608374011,20.8323696383133,21.3283784392256,21.8243872401378,22.32039604105,
22.8164048419622,23.3124136428745,23.8084224437867,24.3044312446989,24.8004400456111,
25.2964488465233,25.7924576474356,26.2696306702203),.UNSPECIFIED.);
#592=B_SPLINE_CURVE_WITH_KNOTS('',3,(#4782,#4783,#4784,#4785,#4786,#4787,
#4788,#4789,#4790,#4791,#4792,#4793,#4794,#4795,#4796,#4797,#4798,#4799,
#4800,#4801,#4802,#4803,#4804,#4805,#4806,#4807,#4808,#4809,#4810,#4811,
#4812,#4813,#4814,#4815,#4816,#4817,#4818,#4819,#4820,#4821,#4822,#4823,
#4824),.UNSPECIFIED.,.F.,.F.,(4,3,3,3,3,3,3,3,3,3,3,3,3,3,4),(-35.5089174160074,
-35.2166248647678,-34.7206160638556,-34.2246072629433,-33.7285984620311,
-33.2325896611189,-32.7365808602067,-32.2405720592945,-31.7445632583822,
-31.24855445747,-30.7525456565578,-30.2565368556456,-29.7605280547333,-29.2645192538211,
-29.2257321088278),.UNSPECIFIED.);
#593=B_SPLINE_CURVE_WITH_KNOTS('',3,(#4825,#4826,#4827,#4828,#4829,#4830,
#4831,#4832,#4833,#4834,#4835,#4836,#4837,#4838,#4839,#4840,#4841,#4842,
#4843,#4844,#4845,#4846,#4847,#4848,#4849,#4850,#4851,#4852,#4853,#4854,
#4855,#4856,#4857,#4858,#4859,#4860,#4861,#4862,#4863,#4864,#4865,#4866,
#4867),.UNSPECIFIED.,.F.,.F.,(4,3,3,3,3,3,3,3,3,3,3,3,3,3,4),(26.2696306702203,
26.2884664483478,26.78447524926,27.2804840501722,27.7764928510845,28.2725016519967,
28.7685104529089,29.2645192538211,29.7605280547333,30.2565368556456,30.7525456565578,
31.24855445747,31.7445632583822,32.2405720592945,32.5528159773999),
 .UNSPECIFIED.);
#594=B_SPLINE_CURVE_WITH_KNOTS('',3,(#4872,#4873,#4874,#4875,#4876,#4877,
#4878,#4879,#4880,#4881,#4882,#4883,#4884,#4885,#4886,#4887,#4888,#4889,
#4890,#4891,#4892,#4893,#4894,#4895,#4896,#4897,#4898,#4899,#4900,#4901,
#4902,#4903,#4904,#4905,#4906,#4907,#4908,#4909,#4910,#4911,#4912,#4913,
#4914),.UNSPECIFIED.,.F.,.F.,(4,3,3,3,3,3,3,3,3,3,3,3,3,3,4),(-41.792102723187,
-41.6647392766267,-41.1687304757144,-40.6727216748022,-40.17671287389,-39.6807040729778,
-39.1846952720656,-38.6886864711533,-38.1926776702411,-37.6966688693289,
-37.2006600684167,-36.7046512675045,-36.2086424665922,-35.71263366568,-35.5089174160074),
 .UNSPECIFIED.);
#595=B_SPLINE_CURVE_WITH_KNOTS('',3,(#4915,#4916,#4917,#4918,#4919,#4920,
#4921,#4922,#4923,#4924,#4925,#4926,#4927,#4928,#4929,#4930,#4931,#4932,
#4933,#4934,#4935,#4936,#4937,#4938,#4939,#4940,#4941,#4942,#4943,#4944,
#4945,#4946,#4947,#4948,#4949,#4950,#4951,#4952,#4953,#4954,#4955,#4956,
#4957),.UNSPECIFIED.,.F.,.F.,(4,3,3,3,3,3,3,3,3,3,3,3,3,3,4),(32.5528159773999,
32.7365808602067,33.2325896611189,33.7285984620311,34.2246072629433,34.7206160638556,
35.2166248647678,35.71263366568,36.2086424665922,36.7046512675045,37.2006600684167,
37.6966688693289,38.1926776702411,38.6886864711533,38.8360012845795),
 .UNSPECIFIED.);
#596=B_SPLINE_CURVE_WITH_KNOTS('',3,(#4962,#4963,#4964,#4965,#4966,#4967,
#4968,#4969,#4970,#4971,#4972,#4973,#4974,#4975,#4976,#4977,#4978,#4979,
#4980,#4981,#4982,#4983,#4984,#4985,#4986,#4987,#4988,#4989,#4990,#4991,
#4992,#4993,#4994,#4995,#4996,#4997,#4998,#4999,#5000,#5001),
 .UNSPECIFIED.,.F.,.F.,(4,3,3,3,3,3,3,3,3,3,3,3,3,4),(-48.0752880303666,
-47.6168448875734,-47.1208360866611,-46.6248272857489,-46.1288184848367,
-45.6328096839245,-45.1368008830122,-44.6407920821,-44.1447832811878,-43.6487744802756,
-43.1527656793633,-42.6567568784511,-42.1607480775389,-41.792102723187),
 .UNSPECIFIED.);
#597=B_SPLINE_CURVE_WITH_KNOTS('',3,(#5002,#5003,#5004,#5005,#5006,#5007,
#5008,#5009,#5010,#5011,#5012,#5013,#5014,#5015,#5016,#5017,#5018,#5019,
#5020,#5021,#5022,#5023,#5024,#5025,#5026,#5027,#5028,#5029,#5030,#5031,
#5032,#5033,#5034,#5035,#5036,#5037,#5038,#5039,#5040,#5041),
 .UNSPECIFIED.,.F.,.F.,(4,3,3,3,3,3,3,3,3,3,3,3,3,4),(38.8360012845795,
39.1846952720656,39.6807040729778,40.17671287389,40.6727216748022,41.1687304757145,
41.6647392766267,42.1607480775389,42.6567568784511,43.1527656793633,43.6487744802756,
44.1447832811878,44.6407920821,45.1191865917591),.UNSPECIFIED.);
#598=B_SPLINE_CURVE_WITH_KNOTS('',3,(#5046,#5047,#5048,#5049,#5050,#5051,
#5052,#5053,#5054,#5055,#5056,#5057,#5058,#5059,#5060,#5061,#5062,#5063,
#5064,#5065,#5066,#5067,#5068,#5069,#5070,#5071,#5072,#5073,#5074,#5075,
#5076,#5077,#5078,#5079,#5080,#5081,#5082,#5083,#5084,#5085,#5086,#5087,
#5088),.UNSPECIFIED.,.F.,.F.,(4,3,3,3,3,3,3,3,3,3,3,3,3,3,4),(-54.3584733375462,
-54.0649592994323,-53.56895049852,-53.0729416976078,-52.5769328966956,-52.0809240957834,
-51.5849152948711,-51.0889064939589,-50.5928976930467,-50.0968888921345,
-49.6008800912222,-49.10487129031,-48.6088624893978,-48.1128536884856,-48.0752880303666),
 .UNSPECIFIED.);
#599=B_SPLINE_CURVE_WITH_KNOTS('',3,(#5089,#5090,#5091,#5092,#5093,#5094,
#5095,#5096,#5097,#5098,#5099,#5100,#5101,#5102,#5103,#5104,#5105,#5106,
#5107,#5108,#5109,#5110,#5111,#5112,#5113,#5114,#5115,#5116,#5117,#5118,
#5119,#5120,#5121,#5122,#5123,#5124,#5125,#5126,#5127,#5128,#5129,#5130,
#5131),.UNSPECIFIED.,.F.,.F.,(4,3,3,3,3,3,3,3,3,3,3,3,3,3,4),(45.1191865917591,
45.1368008830122,45.6328096839245,46.1288184848367,46.6248272857489,47.1208360866611,
47.6168448875734,48.1128536884856,48.6088624893978,49.10487129031,49.6008800912222,
50.0968888921345,50.5928976930467,51.0889064939589,51.4023718989387),
 .UNSPECIFIED.);
#600=B_SPLINE_CURVE_WITH_KNOTS('',3,(#5136,#5137,#5138,#5139,#5140,#5141,
#5142,#5143,#5144,#5145,#5146,#5147,#5148,#5149,#5150,#5151,#5152,#5153,
#5154,#5155,#5156,#5157,#5158,#5159,#5160,#5161,#5162,#5163,#5164,#5165,
#5166,#5167,#5168,#5169,#5170,#5171,#5172,#5173,#5174,#5175,#5176,#5177,
#5178),.UNSPECIFIED.,.F.,.F.,(4,3,3,3,3,3,3,3,3,3,3,3,3,3,4),(-60.6416586447258,
-60.5130737112911,-60.0170649103789,-59.5210561094667,-59.0250473085545,
-58.5290385076422,-58.03302970673,-57.5370209058178,-57.0410121049056,-56.5450033039934,
-56.0489945030811,-55.5529857021689,-55.0569769012567,-54.5609681003445,
-54.3584733375462),.UNSPECIFIED.);
#601=B_SPLINE_CURVE_WITH_KNOTS('',3,(#5179,#5180,#5181,#5182,#5183,#5184,
#5185,#5186,#5187,#5188,#5189,#5190,#5191,#5192,#5193,#5194,#5195,#5196,
#5197,#5198,#5199,#5200,#5201,#5202,#5203,#5204,#5205,#5206,#5207,#5208,
#5209,#5210,#5211,#5212,#5213,#5214,#5215,#5216,#5217,#5218,#5219,#5220,
#5221),.UNSPECIFIED.,.F.,.F.,(4,3,3,3,3,3,3,3,3,3,3,3,3,3,4),(51.4023718989387,
51.5849152948711,52.0809240957833,52.5769328966956,53.0729416976078,53.56895049852,
54.0649592994322,54.5609681003445,55.0569769012567,55.5529857021689,56.0489945030811,
56.5450033039933,57.0410121049056,57.5370209058178,57.6855572061183),
 .UNSPECIFIED.);
#602=B_SPLINE_CURVE_WITH_KNOTS('',3,(#5226,#5227,#5228,#5229,#5230,#5231,
#5232,#5233,#5234,#5235,#5236,#5237,#5238,#5239,#5240,#5241,#5242,#5243,
#5244,#5245,#5246,#5247,#5248,#5249,#5250,#5251,#5252,#5253,#5254,#5255,
#5256,#5257,#5258,#5259,#5260,#5261,#5262,#5263,#5264,#5265),
 .UNSPECIFIED.,.F.,.F.,(4,3,3,3,3,3,3,3,3,3,3,3,3,4),(-66.9248439519054,
-66.4651793222378,-65.9691705213256,-65.4731617204134,-64.9771529195011,
-64.4811441185889,-63.9851353176767,-63.4891265167645,-62.9931177158522,
-62.49710891494,-62.0011001140278,-61.5050913131156,-61.0090825122033,-60.6416586447258),
 .UNSPECIFIED.);
#603=B_SPLINE_CURVE_WITH_KNOTS('',3,(#5266,#5267,#5268,#5269,#5270,#5271,
#5272,#5273,#5274,#5275,#5276,#5277,#5278,#5279,#5280,#5281,#5282,#5283,
#5284,#5285,#5286,#5287,#5288,#5289,#5290,#5291,#5292,#5293,#5294,#5295,
#5296,#5297,#5298,#5299,#5300,#5301,#5302,#5303,#5304,#5305),
 .UNSPECIFIED.,.F.,.F.,(4,3,3,3,3,3,3,3,3,3,3,3,3,4),(57.6855572061183,
58.03302970673,58.5290385076422,59.0250473085545,59.5210561094667,60.0170649103789,
60.5130737112911,61.0090825122033,61.5050913131156,62.0011001140278,62.49710891494,
62.9931177158522,63.4891265167645,63.9687425132978),.UNSPECIFIED.);
#604=B_SPLINE_CURVE_WITH_KNOTS('',3,(#5310,#5311,#5312,#5313,#5314,#5315,
#5316,#5317,#5318,#5319,#5320,#5321,#5322,#5323,#5324,#5325,#5326,#5327,
#5328,#5329,#5330,#5331,#5332,#5333,#5334,#5335,#5336,#5337,#5338,#5339,
#5340,#5341,#5342,#5343,#5344,#5345,#5346,#5347,#5348,#5349,#5350,#5351,
#5352),.UNSPECIFIED.,.F.,.F.,(4,3,3,3,3,3,3,3,3,3,3,3,3,3,4),(-73.208029259085,
-72.9132937340967,-72.4172849331845,-71.9212761322723,-71.42526733136,-70.9292585304478,
-70.4332497295356,-69.9372409286233,-69.4412321277111,-68.9452233267989,
-68.4492145258867,-67.9532057249745,-67.4571969240622,-66.96118812315,-66.9248439519054),
 .UNSPECIFIED.);
#605=B_SPLINE_CURVE_WITH_KNOTS('',3,(#5353,#5354,#5355,#5356,#5357,#5358,
#5359,#5360,#5361,#5362,#5363,#5364,#5365,#5366,#5367,#5368,#5369,#5370,
#5371,#5372,#5373,#5374,#5375,#5376,#5377,#5378,#5379,#5380,#5381,#5382,
#5383,#5384,#5385,#5386,#5387,#5388,#5389,#5390,#5391,#5392,#5393,#5394,
#5395),.UNSPECIFIED.,.F.,.F.,(4,3,3,3,3,3,3,3,3,3,3,3,3,3,4),(63.9687425132978,
63.9851353176767,64.4811441185889,64.9771529195011,65.4731617204133,65.9691705213256,
66.4651793222378,66.96118812315,67.4571969240622,67.9532057249745,68.4492145258867,
68.9452233267989,69.4412321277111,69.9372409286234,70.2519278204774),
 .UNSPECIFIED.);
#606=B_SPLINE_CURVE_WITH_KNOTS('',3,(#5400,#5401,#5402,#5403,#5404,#5405,
#5406,#5407,#5408,#5409,#5410,#5411,#5412,#5413,#5414,#5415,#5416,#5417,
#5418,#5419,#5420,#5421,#5422,#5423,#5424,#5425,#5426,#5427,#5428,#5429,
#5430,#5431,#5432,#5433,#5434,#5435,#5436,#5437,#5438,#5439,#5440,#5441,
#5442),.UNSPECIFIED.,.F.,.F.,(4,3,3,3,3,3,3,3,3,3,3,3,3,3,4),(-79.4912145662646,
-79.3614081459556,-78.8653993450434,-78.3693905441311,-77.8733817432189,
-77.3773729423067,-76.8813641413945,-76.3853553404822,-75.88934653957,-75.3933377386578,
-74.8973289377456,-74.4013201368334,-73.9053113359211,-73.4093025350089,
-73.208029259085),.UNSPECIFIED.);
#607=B_SPLINE_CURVE_WITH_KNOTS('',3,(#5443,#5444,#5445,#5446,#5447,#5448,
#5449,#5450,#5451,#5452,#5453,#5454,#5455,#5456,#5457,#5458,#5459,#5460,
#5461,#5462,#5463,#5464,#5465,#5466,#5467,#5468,#5469,#5470,#5471,#5472,
#5473,#5474,#5475,#5476,#5477,#5478,#5479,#5480,#5481,#5482,#5483,#5484,
#5485),.UNSPECIFIED.,.F.,.F.,(4,3,3,3,3,3,3,3,3,3,3,3,3,3,4),(70.2519278204774,
70.4332497295356,70.9292585304478,71.42526733136,71.9212761322722,72.4172849331845,
72.9132937340967,73.4093025350089,73.9053113359211,74.4013201368334,74.8973289377456,
75.3933377386578,75.88934653957,76.3853553404822,76.535113127657),
 .UNSPECIFIED.);
#608=B_SPLINE_CURVE_WITH_KNOTS('',3,(#5490,#5491,#5492,#5493,#5494,#5495,
#5496,#5497,#5498,#5499,#5500,#5501,#5502,#5503,#5504,#5505,#5506,#5507,
#5508,#5509,#5510,#5511,#5512,#5513,#5514,#5515,#5516,#5517,#5518,#5519,
#5520,#5521,#5522,#5523,#5524,#5525,#5526,#5527,#5528,#5529),
 .UNSPECIFIED.,.F.,.F.,(4,3,3,3,3,3,3,3,3,3,3,3,3,4),(-85.7743998734442,
-85.3135137569022,-84.81750495599,-84.3214961550778,-83.8254873541656,-83.3294785532534,
-82.8334697523411,-82.3374609514289,-81.8414521505167,-81.3454433496045,
-80.8494345486923,-80.35342574778,-79.8574169468678,-79.4912145662646),
 .UNSPECIFIED.);
#609=B_SPLINE_CURVE_WITH_KNOTS('',3,(#5530,#5531,#5532,#5533,#5534,#5535,
#5536,#5537,#5538,#5539,#5540,#5541,#5542,#5543,#5544,#5545,#5546,#5547,
#5548,#5549,#5550,#5551,#5552,#5553,#5554,#5555,#5556,#5557,#5558,#5559,
#5560,#5561,#5562,#5563,#5564,#5565,#5566,#5567,#5568,#5569),
 .UNSPECIFIED.,.F.,.F.,(4,3,3,3,3,3,3,3,3,3,3,3,3,4),(76.535113127657,76.8813641413945,
77.3773729423067,77.8733817432189,78.3693905441311,78.8653993450434,79.3614081459556,
79.8574169468678,80.35342574778,80.8494345486922,81.3454433496045,81.8414521505167,
82.3374609514289,82.8182984348366),.UNSPECIFIED.);
#610=B_SPLINE_CURVE_WITH_KNOTS('',3,(#5574,#5575,#5576,#5577,#5578,#5579,
#5580,#5581,#5582,#5583,#5584,#5585,#5586,#5587,#5588,#5589,#5590,#5591,
#5592,#5593,#5594,#5595,#5596,#5597,#5598,#5599,#5600,#5601,#5602,#5603,
#5604,#5605,#5606,#5607,#5608,#5609,#5610,#5611,#5612,#5613,#5614,#5615,
#5616),.UNSPECIFIED.,.F.,.F.,(4,3,3,3,3,3,3,3,3,3,3,3,3,3,4),(-92.0575851806237,
-91.7616281687611,-91.2656193678489,-90.7696105669367,-90.2736017660245,
-89.7775929651123,-89.2815841642,-88.7855753632878,-88.2895665623756,-87.7935577614634,
-87.2975489605511,-86.8015401596389,-86.3055313587267,-85.8095225578145,
-85.7743998734442),.UNSPECIFIED.);
#611=B_SPLINE_CURVE_WITH_KNOTS('',3,(#5617,#5618,#5619,#5620,#5621,#5622,
#5623,#5624,#5625,#5626,#5627,#5628,#5629,#5630,#5631,#5632,#5633,#5634,
#5635,#5636,#5637,#5638,#5639,#5640,#5641,#5642,#5643,#5644,#5645,#5646,
#5647,#5648,#5649,#5650,#5651,#5652,#5653,#5654,#5655,#5656,#5657,#5658,
#5659),.UNSPECIFIED.,.F.,.F.,(4,3,3,3,3,3,3,3,3,3,3,3,3,3,4),(82.8182984348366,
82.8334697523411,83.3294785532534,83.8254873541656,84.3214961550778,84.81750495599,
85.3135137569022,85.8095225578145,86.3055313587267,86.8015401596389,87.2975489605511,
87.7935577614633,88.2895665623756,88.7855753632878,89.1014837420162),
 .UNSPECIFIED.);
#612=B_SPLINE_CURVE_WITH_KNOTS('',3,(#5762,#5763,#5764,#5765,#5766,#5767,
#5768,#5769,#5770,#5771,#5772,#5773,#5774,#5775,#5776,#5777,#5778,#5779,
#5780,#5781,#5782,#5783,#5784,#5785,#5786,#5787,#5788,#5789,#5790,#5791,
#5792,#5793,#5794,#5795,#5796,#5797,#5798,#5799,#5800,#5801,#5802,#5803,
#5804,#5805,#5806,#5807,#5808,#5809,#5810,#5811,#5812,#5813,#5814,#5815,
#5816,#5817,#5818,#5819,#5820,#5821,#5822,#5823,#5824,#5825,#5826,#5827,
#5828,#5829,#5830,#5831,#5832,#5833,#5834,#5835,#5836,#5837,#5838,#5839,
#5840,#5841,#5842,#5843,#5844,#5845,#5846,#5847,#5848,#5849,#5850,#5851,
#5852,#5853,#5854,#5855,#5856,#5857,#5858,#5859,#5860,#5861,#5862,#5863,
#5864,#5865,#5866,#5867,#5868,#5869,#5870),.UNSPECIFIED.,.F.,.F.,(4,3,3,
3,3,3,3,3,3,3,3,3,3,3,3,3,3,3,3,3,3,3,3,3,3,3,3,3,3,3,3,3,3,3,3,3,4),(-1.20139487401785,
-1.1510089624095,-1.13940285929013,-1.08889162313089,-1.05870971666062,
-1.04401417919737,-1.03620787395547,-0.986021601220326,-0.936022538973983,
-0.891729455171365,-0.882232851759515,-0.847436371368748,-0.797919937733143,
-0.748095659392469,-0.701057221821653,-0.665778393643541,-0.659704719752234,
-0.609823314430719,-0.559941909109204,-0.510644483140768,-0.461498782999515,
-0.445960360098508,-0.438312402740225,-0.432654556069634,-0.383923447971772,
-0.335184298230793,-0.286998747533107,-0.277404865815301,-0.242729257588389,
-0.227558678989114,-0.219706357336327,-0.21310167871366,-0.165192645833258,
-0.116907298299471,-0.0688764498614738,-0.0217469133281876,0.),
 .UNSPECIFIED.);
#613=B_SPLINE_CURVE_WITH_KNOTS('',3,(#5872,#5873,#5874,#5875,#5876,#5877,
#5878,#5879,#5880,#5881,#5882,#5883,#5884,#5885,#5886,#5887,#5888,#5889,
#5890,#5891,#5892,#5893,#5894,#5895,#5896,#5897,#5898,#5899,#5900,#5901,
#5902,#5903,#5904,#5905,#5906,#5907,#5908,#5909,#5910,#5911,#5912,#5913,
#5914,#5915,#5916,#5917,#5918,#5919,#5920,#5921,#5922,#5923,#5924,#5925,
#5926,#5927,#5928,#5929,#5930,#5931,#5932,#5933,#5934,#5935,#5936,#5937,
#5938,#5939,#5940,#5941,#5942,#5943,#5944,#5945,#5946,#5947,#5948,#5949,
#5950,#5951,#5952,#5953,#5954,#5955,#5956,#5957,#5958,#5959,#5960,#5961,
#5962,#5963,#5964,#5965,#5966,#5967,#5968,#5969,#5970,#5971,#5972,#5973,
#5974,#5975,#5976,#5977,#5978,#5979,#5980),.UNSPECIFIED.,.F.,.F.,(4,3,3,
3,3,3,3,3,3,3,3,3,3,3,3,3,3,3,3,3,3,3,3,3,3,3,3,3,3,3,3,3,3,3,3,3,4),(-1.20328917002286,
-1.15507805303846,-1.14541253999988,-1.0974449570436,-1.06863063210224,
-1.05853272138465,-1.04971698619087,-1.00124457239054,-0.952659889167035,
-0.909795123339886,-0.900596181673031,-0.866930357512736,-0.818590990554315,
-0.769683358587821,-0.72299313438902,-0.687975466239919,-0.67925326351733,
-0.629732818567176,-0.582922461792615,-0.533568020214047,-0.484035170781127,
-0.468870335980862,-0.45984748654404,-0.454190327555959,-0.404413639516008,
-0.354341001976185,-0.304467464562579,-0.293883340153948,-0.257147922634704,
-0.241076177470035,-0.232194186002747,-0.226666610488636,-0.176944870738581,
-0.126400524856333,-0.075834205409507,-0.0258980440772736,0.),
 .UNSPECIFIED.);
#614=B_SPLINE_CURVE_WITH_KNOTS('',3,(#5983,#5984,#5985,#5986,#5987,#5988,
#5989,#5990,#5991,#5992,#5993,#5994,#5995,#5996,#5997,#5998,#5999,#6000,
#6001,#6002,#6003,#6004),.UNSPECIFIED.,.F.,.F.,(4,3,3,3,3,3,3,4),(89.1014837420162,
89.2815841642,89.7775929651122,90.2736017660245,90.7696105669367,91.2656193678489,
91.7616281687611,92.1533845053006),.UNSPECIFIED.);
#615=B_SPLINE_CURVE_WITH_KNOTS('',3,(#6005,#6006,#6007,#6008,#6009,#6010,
#6011,#6012,#6013,#6014,#6015,#6016,#6017,#6018,#6019,#6020),
 .UNSPECIFIED.,.F.,.F.,(4,3,3,3,3,4),(-94.2416721733223,-93.74566337241,
-93.2496545714978,-92.7536457705856,-92.2576369696733,-92.0575851806237),
 .UNSPECIFIED.);
#616=B_SPLINE_CURVE_WITH_KNOTS('',3,(#6794,#6795,#6796,#6797,#6798,#6799,
#6800,#6801,#6802,#6803,#6804,#6805,#6806,#6807,#6808,#6809,#6810,#6811,
#6812,#6813,#6814,#6815,#6816,#6817,#6818,#6819,#6820,#6821,#6822,#6823,
#6824,#6825,#6826,#6827,#6828,#6829,#6830,#6831,#6832,#6833,#6834,#6835,
#6836,#6837,#6838,#6839,#6840,#6841,#6842,#6843,#6844,#6845,#6846,#6847,
#6848,#6849,#6850,#6851,#6852,#6853,#6854,#6855,#6856,#6857,#6858,#6859,
#6860,#6861,#6862,#6863,#6864,#6865,#6866,#6867,#6868,#6869,#6870,#6871,
#6872,#6873,#6874,#6875,#6876,#6877,#6878,#6879,#6880,#6881,#6882,#6883,
#6884,#6885,#6886,#6887,#6888,#6889,#6890,#6891,#6892,#6893,#6894,#6895,
#6896,#6897,#6898,#6899,#6900,#6901,#6902),.UNSPECIFIED.,.F.,.F.,(4,3,3,
3,3,3,3,3,3,3,3,3,3,3,3,3,3,3,3,3,3,3,3,3,3,3,3,3,3,3,3,3,3,3,3,3,4),(-1.20328917002288,
-1.15507805261751,-1.14541253999991,-1.09744495575,-1.06863063097035,-1.05853270897332,
-1.04971698184895,-1.0012445674323,-0.952659884655904,-0.909795121084339,
-0.900596181745372,-0.866930357512774,-0.818590991945127,-0.769683360113897,
-0.722993135533578,-0.687975467098338,-0.679253263301235,-0.629732818527716,
-0.58292246179262,-0.533568023419526,-0.484035173371794,-0.468870341858256,
-0.459847477924084,-0.454190309647763,-0.404413624866502,-0.354340987711872,
-0.304467443638537,-0.293883340153947,-0.257147922634703,-0.241076177470034,
-0.232194186459367,-0.226666611316563,-0.176944859787264,-0.126400510138646,
-0.075834193891947,-0.025898046359105,0.),.UNSPECIFIED.);
#617=B_SPLINE_CURVE_WITH_KNOTS('',3,(#6903,#6904,#6905,#6906,#6907,#6908,
#6909,#6910,#6911,#6912,#6913,#6914,#6915,#6916),.UNSPECIFIED.,.F.,.F.,
(4,1,1,1,1,1,1,1,1,1,1,4),(16.6593614944685,17.051117831008,17.5471266319202,
18.0431354328324,18.5391442337446,19.0351530346569,19.5311618355691,20.0271706364813,
20.5231794373935,21.0191882383058,21.515197039218,21.9911485751285),
 .UNSPECIFIED.);
#618=B_SPLINE_CURVE_WITH_KNOTS('',3,(#6919,#6920,#6921,#6922,#6923,#6924,
#6925,#6926,#6927,#6928,#6929,#6930,#6931,#6932,#6933,#6934,#6935,#6936,
#6937,#6938,#6939,#6940,#6941,#6942,#6943,#6944,#6945,#6946,#6947,#6948,
#6949,#6950,#6951,#6952,#6953,#6954,#6955,#6956,#6957,#6958,#6959,#6960,
#6961,#6962,#6963,#6964,#6965,#6966,#6967,#6968,#6969,#6970,#6971,#6972,
#6973,#6974,#6975,#6976,#6977,#6978,#6979,#6980,#6981,#6982,#6983,#6984,
#6985,#6986,#6987,#6988,#6989,#6990,#6991,#6992,#6993,#6994,#6995,#6996,
#6997,#6998,#6999,#7000,#7001,#7002,#7003,#7004,#7005,#7006,#7007,#7008,
#7009,#7010,#7011,#7012,#7013,#7014,#7015,#7016,#7017,#7018,#7019,#7020,
#7021,#7022,#7023,#7024,#7025,#7026,#7027),.UNSPECIFIED.,.F.,.F.,(4,3,3,
3,3,3,3,3,3,3,3,3,3,3,3,3,3,3,3,3,3,3,3,3,3,3,3,3,3,3,3,3,3,3,3,3,4),(-1.20139487401787,
-1.15100896354108,-1.13940285929012,-1.08889162321934,-1.05870971673801,
-1.04401417984811,-1.0362078741762,-0.986021601243347,-0.936022538900669,
-0.891729455134702,-0.882232851712689,-0.847436371368735,-0.797919938013709,
-0.748095659193096,-0.701057221672124,-0.665778393531395,-0.659704719333524,
-0.609823314221367,-0.55994190910921,-0.510644482458374,-0.461498787957542,
-0.445960372313156,-0.438312441938029,-0.432654645339886,-0.383923536607615,
-0.335184390710683,-0.286998851544031,-0.277404865815292,-0.242729257588381,
-0.227558678989107,-0.219706357076002,-0.213101678851977,-0.165192654821638,
-0.116907304976478,-0.0688764472356533,-0.0217468933611191,0.),
 .UNSPECIFIED.);
#619=B_SPLINE_CURVE_WITH_KNOTS('',3,(#7030,#7031,#7032,#7033,#7034,#7035,
#7036,#7037,#7038,#7039,#7040,#7041),.UNSPECIFIED.,.F.,.F.,(4,1,1,1,1,1,
1,1,1,4),(17.898157695019,18.3941664959312,18.8901752968434,19.3861840977557,
19.8821928986679,20.3782016995801,20.8742105004923,21.3702193014046,21.8662281023168,
21.9911485751285),.UNSPECIFIED.);
#620=B_SPLINE_CURVE_WITH_KNOTS('',3,(#8258,#8259,#8260,#8261,#8262,#8263,
#8264,#8265,#8266,#8267,#8268,#8269,#8270,#8271,#8272,#8273,#8274,#8275,
#8276,#8277,#8278,#8279,#8280,#8281,#8282),.UNSPECIFIED.,.F.,.F.,(4,3,3,
3,3,3,3,3,4),(-3.86638687953779,-3.38900364554055,-2.90486026760619,-2.42071688967182,
-1.93657351173746,-1.45243013380309,-0.968286755868728,-0.484143377934362,
0.),.UNSPECIFIED.);
#621=B_SPLINE_CURVE_WITH_KNOTS('',3,(#8285,#8286,#8287,#8288,#8289,#8290,
#8291,#8292,#8293,#8294,#8295,#8296,#8297,#8298,#8299,#8300,#8301,#8302,
#8303,#8304,#8305,#8306,#8307,#8308,#8309,#8310,#8311,#8312,#8313,#8314,
#8315,#8316,#8317,#8318,#8319,#8320,#8321),.UNSPECIFIED.,.F.,.F.,(4,3,3,
3,3,3,3,3,3,3,3,3,4),(2.03387368709465,2.42071688967182,2.90486026760618,
3.38900364554055,3.87314702347492,4.35729040140928,4.84143377934364,5.32557715727801,
5.80972053521237,6.29386391314673,6.7780072910811,7.26215066901546,7.59226476832623),
 .UNSPECIFIED.);
#622=B_SPLINE_CURVE_WITH_KNOTS('',3,(#8326,#8327,#8328,#8329,#8330,#8331,
#8332,#8333,#8334,#8335,#8336,#8337,#8338,#8339,#8340,#8341,#8342,#8343,
#8344,#8345,#8346,#8347,#8348,#8349,#8350,#8351,#8352,#8353,#8354,#8355,
#8356,#8357,#8358,#8359,#8360,#8361,#8362,#8363,#8364,#8365,#8366,#8367,
#8368),.UNSPECIFIED.,.F.,.F.,(4,3,3,3,3,3,3,3,3,3,3,3,3,3,4),(-10.1495721867174,
-9.68286755868729,-9.19872418075293,-8.71458080281856,-8.2304374248842,
-7.74629404694984,-7.26215066901547,-6.7780072910811,-6.29386391314674,
-5.80972053521238,-5.32557715727801,-4.84143377934365,-4.35729040140928,
-3.87314702347492,-3.86638687953779),.UNSPECIFIED.);
#623=B_SPLINE_CURVE_WITH_KNOTS('',3,(#8369,#8370,#8371,#8372,#8373,#8374,
#8375,#8376,#8377,#8378,#8379,#8380,#8381,#8382,#8383,#8384,#8385,#8386,
#8387,#8388,#8389,#8390,#8391,#8392,#8393,#8394,#8395,#8396,#8397,#8398,
#8399,#8400,#8401,#8402,#8403,#8404,#8405,#8406,#8407,#8408,#8409,#8410,
#8411),.UNSPECIFIED.,.F.,.F.,(4,3,3,3,3,3,3,3,3,3,3,3,3,3,4),(7.59226476832623,
7.74629404694983,8.2304374248842,8.71458080281856,9.19872418075292,9.68286755868729,
10.1670109366217,10.651154314556,11.1352976924904,11.6194410704248,12.1035844483591,
12.5877278262935,13.0718712042279,13.5560145821622,13.8754500755058),
 .UNSPECIFIED.);
#624=B_SPLINE_CURVE_WITH_KNOTS('',3,(#8417,#8418,#8419,#8420,#8421,#8422,
#8423,#8424,#8425,#8426),.UNSPECIFIED.,.F.,.F.,(4,3,3,4),(20.1586353826854,
20.3340218732433,20.8181652511777,21.302308629112),.UNSPECIFIED.);
#625=B_SPLINE_CURVE_WITH_KNOTS('',3,(#8429,#8430,#8431,#8432,#8433,#8434,
#8435,#8436,#8437,#8438,#8439,#8440,#8441,#8442,#8443,#8444,#8445,#8446,
#8447,#8448,#8449,#8450),.UNSPECIFIED.,.F.,.F.,(4,3,3,3,3,3,3,4),(-19.2684349420174,
-18.8815917394402,-18.3974483615059,-17.9133049835715,-17.4291616056371,
-16.9450182277028,-16.4608748497684,-16.432757493897),.UNSPECIFIED.);
#626=B_SPLINE_CURVE_WITH_KNOTS('',3,(#8456,#8457,#8458,#8459,#8460,#8461,
#8462,#8463,#8464,#8465,#8466,#8467,#8468,#8469),.UNSPECIFIED.,.F.,.F.,
(4,1,1,1,1,1,1,1,1,1,1,4),(28.2743338823081,28.3024512381796,28.7865946161139,
29.2707379940483,29.7548813719827,30.239024749917,30.7231681278514,31.2073115057858,
31.6914548837201,32.1755982616545,32.6597416395888,33.1438850175232),
 .UNSPECIFIED.);
#627=B_SPLINE_CURVE_WITH_KNOTS('',3,(#8472,#8473,#8474,#8475,#8476,#8477,
#8478,#8479,#8480,#8481,#8482,#8483,#8484,#8485,#8486),.UNSPECIFIED.,.F.,
 .F.,(4,1,1,1,1,1,1,1,1,1,1,1,4),(28.2743338823081,28.4390417668989,28.9231851448333,
29.4073285227676,29.891471900702,30.3756152786364,30.8597586565707,31.3439020345051,
31.8280454124395,32.3121887903738,32.7963321683082,33.2804755462425,33.6673187488197),
 .UNSPECIFIED.);
#628=B_SPLINE_CURVE_WITH_KNOTS('',3,(#8491,#8492,#8493,#8494,#8495,#8496,
#8497,#8498,#8499,#8500,#8501,#8502,#8503,#8504,#8505,#8506,#8507),
 .UNSPECIFIED.,.F.,.F.,(4,1,1,1,1,1,1,1,1,1,1,1,1,1,4),(21.9911485751286,
22.0085873250328,22.4927307029672,22.9768740809016,23.4610174588359,23.9451608367703,
24.4293042147047,24.913447592639,25.3975909705734,25.8817343485077,26.3658777264421,
26.8500211043765,27.3341644823108,27.8183078602452,28.2743338823081),
 .UNSPECIFIED.);
#629=B_SPLINE_CURVE_WITH_KNOTS('',3,(#8508,#8509,#8510,#8511,#8512,#8513,
#8514,#8515,#8516,#8517,#8518,#8519,#8520,#8521,#8522,#8523,#8524),
 .UNSPECIFIED.,.F.,.F.,(4,1,1,1,1,1,1,1,1,1,1,1,1,1,4),(21.9911485751285,
22.1451778537522,22.6293212316865,23.1134646096209,23.5976079875553,24.0817513654896,
24.565894743424,25.0500381213583,25.5341814992927,26.0183248772271,26.5024682551614,
26.9866116330958,27.4707550110302,27.9548983889645,28.2743338823081),
 .UNSPECIFIED.);
#630=B_SPLINE_CURVE_WITH_KNOTS('',3,(#8530,#8531,#8532,#8533,#8534,#8535),
 .UNSPECIFIED.,.F.,.F.,(4,1,1,4),(14.3988838068023,14.8830271847367,15.3671705626711,
15.707963267949),.UNSPECIFIED.);
#631=B_SPLINE_CURVE_WITH_KNOTS('',3,(#8538,#8539,#8540,#8541,#8542,#8543,
#8544),.UNSPECIFIED.,.F.,.F.,(4,1,1,1,4),(13.8754500755058,14.262293278083,
14.7464366560174,15.2305800339517,15.707963267949),.UNSPECIFIED.);
#632=B_SPLINE_CURVE_WITH_KNOTS('',3,(#8546,#8547,#8548,#8549,#8550,#8551,
#8552,#8553,#8554,#8555,#8556,#8557,#8558,#8559,#8560,#8561,#8562),
 .UNSPECIFIED.,.F.,.F.,(4,1,1,1,1,1,1,1,1,1,1,1,1,1,4),(15.707963267949,
15.7147234118861,16.1988667898204,16.6830101677548,17.1671535456892,17.6512969236235,
18.1354403015579,18.6195836794923,19.1037270574266,19.587870435361,20.0720138132954,
20.5561571912297,21.0403005691641,21.5244439470985,21.9911485751286),
 .UNSPECIFIED.);
#633=B_SPLINE_CURVE_WITH_KNOTS('',3,(#8563,#8564,#8565,#8566,#8567,#8568,
#8569,#8570,#8571,#8572,#8573,#8574,#8575,#8576,#8577,#8578,#8579),
 .UNSPECIFIED.,.F.,.F.,(4,1,1,1,1,1,1,1,1,1,1,1,1,1,4),(15.707963267949,
15.8513139406054,16.3354573185398,16.8196006964741,17.3037440744085,17.7878874523429,
18.2720308302772,18.7561742082116,19.240317586146,19.7244609640803,20.2086043420147,
20.6927477199491,21.1768910978834,21.6610344758178,21.9911485751285),
 .UNSPECIFIED.);
#634=B_SPLINE_CURVE_WITH_KNOTS('',3,(#8768,#8769,#8770,#8771,#8772,#8773,
#8774,#8775,#8776,#8777,#8778,#8779,#8780,#8781,#8782,#8783,#8784,#8785,
#8786,#8787,#8788,#8789,#8790,#8791,#8792,#8793,#8794,#8795,#8796,#8797,
#8798,#8799,#8800,#8801,#8802,#8803,#8804,#8805,#8806,#8807,#8808,#8809,
#8810,#8811,#8812,#8813,#8814,#8815,#8816,#8817,#8818,#8819,#8820,#8821,
#8822,#8823,#8824,#8825,#8826,#8827,#8828,#8829,#8830,#8831,#8832,#8833,
#8834,#8835,#8836,#8837,#8838,#8839,#8840,#8841,#8842,#8843,#8844,#8845,
#8846,#8847,#8848,#8849,#8850,#8851,#8852,#8853,#8854,#8855,#8856,#8857,
#8858,#8859,#8860,#8861,#8862,#8863,#8864,#8865,#8866,#8867,#8868,#8869,
#8870,#8871,#8872,#8873,#8874,#8875,#8876,#8877,#8878,#8879),
 .UNSPECIFIED.,.F.,.F.,(4,3,3,3,3,3,3,3,3,3,3,3,3,3,3,3,3,3,3,3,3,3,3,3,
3,3,3,3,3,3,3,3,3,3,3,3,3,4),(0.,0.05059625188032,0.101760899045141,0.15288634934531,
0.203521604933471,0.225678588115733,0.233054817681542,0.239396200975359,
0.29214953766252,0.342729757914666,0.393511253973385,0.440053134478673,
0.457506339668156,0.465382047149994,0.471590313075684,0.521780469559417,
0.571844063845834,0.579678775994538,0.629943963024871,0.679996667440464,
0.693997827772909,0.700317290989488,0.74999964892524,0.799718897809944,
0.848903963325539,0.862451810170981,0.897130989317341,0.912427974324142,
0.921545838247079,0.928827476482847,0.978046301829709,1.02478646779251,
1.05494881950155,1.06463430687968,1.1134013946282,1.13988524334186,1.18884571864741,
1.19504189171415),.UNSPECIFIED.);
#635=B_SPLINE_CURVE_WITH_KNOTS('',3,(#8880,#8881,#8882,#8883,#8884,#8885,
#8886,#8887,#8888,#8889,#8890,#8891,#8892,#8893,#8894,#8895,#8896,#8897,
#8898,#8899,#8900,#8901,#8902,#8903,#8904,#8905,#8906,#8907,#8908,#8909,
#8910,#8911,#8912,#8913,#8914,#8915,#8916,#8917,#8918,#8919,#8920,#8921,
#8922,#8923,#8924,#8925,#8926,#8927,#8928,#8929,#8930,#8931,#8932,#8933,
#8934,#8935,#8936,#8937,#8938,#8939,#8940,#8941,#8942,#8943,#8944,#8945,
#8946,#8947,#8948,#8949,#8950,#8951,#8952,#8953,#8954,#8955,#8956,#8957,
#8958,#8959,#8960,#8961,#8962,#8963,#8964,#8965,#8966,#8967,#8968,#8969,
#8970,#8971,#8972,#8973,#8974,#8975,#8976,#8977,#8978,#8979,#8980,#8981,
#8982,#8983,#8984,#8985,#8986,#8987,#8988,#8989,#8990,#8991,#8992,#8993,
#8994),.UNSPECIFIED.,.F.,.F.,(4,3,3,3,3,3,3,3,3,3,3,3,3,3,3,3,3,3,3,3,3,
3,3,3,3,3,3,3,3,3,3,3,3,3,3,3,3,3,4),(0.,0.04790131065982,0.0965526989482049,
0.145614092454064,0.19442702290974,0.214943962163822,0.221255454730844,
0.227831766435258,0.276494779926066,0.325492872791553,0.374972299206411,
0.42069757454595,0.437844552798277,0.446161482842781,0.452741148072911,
0.502561980437953,0.552627186691928,0.557873400564568,0.607779319720975,
0.657796371935785,0.671791289057217,0.678703192259593,0.728955436759469,
0.77952056615614,0.82990937584735,0.844012195242252,0.880302618174894,0.896333874040604,
0.904664270049928,0.912279031537564,0.962823185137115,1.01553339639787,
1.03272518547374,1.04539287640735,1.05412225382737,1.10534783040115,1.13433557870339,
1.18540347811931,1.19324214848489),.UNSPECIFIED.);
#636=B_SPLINE_CURVE_WITH_KNOTS('',3,(#8995,#8996,#8997,#8998,#8999,#9000,
#9001,#9002,#9003,#9004,#9005,#9006,#9007,#9008,#9009,#9010,#9011,#9012,
#9013,#9014,#9015,#9016,#9017,#9018,#9019,#9020,#9021,#9022,#9023,#9024,
#9025,#9026,#9027,#9028,#9029,#9030,#9031,#9032,#9033,#9034,#9035,#9036,
#9037),.UNSPECIFIED.,.F.,.F.,(4,3,3,3,3,3,3,3,3,3,3,3,3,3,4),(-16.432757493897,
-15.976731471834,-15.4925880938997,-15.0084447159653,-14.5243013380309,
-14.0401579600966,-13.5560145821622,-13.0718712042278,-12.5877278262935,
-12.1035844483591,-11.6194410704248,-11.1352976924904,-10.651154314556,
-10.1670109366217,-10.1495721867174),.UNSPECIFIED.);
#637=B_SPLINE_CURVE_WITH_KNOTS('',3,(#9226,#9227,#9228,#9229,#9230,#9231,
#9232,#9233,#9234,#9235,#9236,#9237,#9238,#9239,#9240,#9241,#9242,#9243,
#9244,#9245,#9246,#9247,#9248,#9249,#9250,#9251,#9252,#9253,#9254,#9255,
#9256,#9257,#9258,#9259,#9260,#9261,#9262,#9263,#9264,#9265,#9266,#9267,
#9268,#9269,#9270,#9271,#9272,#9273,#9274,#9275,#9276,#9277,#9278,#9279,
#9280,#9281,#9282,#9283,#9284,#9285,#9286,#9287,#9288,#9289,#9290,#9291,
#9292,#9293,#9294,#9295,#9296,#9297,#9298,#9299,#9300,#9301,#9302,#9303,
#9304,#9305,#9306,#9307,#9308,#9309,#9310,#9311,#9312,#9313,#9314,#9315,
#9316,#9317,#9318,#9319,#9320,#9321,#9322,#9323,#9324,#9325,#9326,#9327,
#9328,#9329,#9330,#9331,#9332,#9333,#9334,#9335,#9336,#9337,#9338,#9339,
#9340),.UNSPECIFIED.,.F.,.F.,(4,3,3,3,3,3,3,3,3,3,3,3,3,3,3,3,3,3,3,3,3,
3,3,3,3,3,3,3,3,3,3,3,3,3,3,3,3,3,4),(0.,0.0479012440024276,0.0965525877300544,
0.145613984026408,0.194426942706006,0.214943902011022,0.22125537916886,
0.227831750320319,0.27649477992607,0.32549291692704,0.374972363398017,0.420697622689657,
0.437844594924022,0.446161682411922,0.452741194345326,0.502562053733727,
0.552627259112628,0.557873400564577,0.607779308087726,0.65779635793012,
0.671791266365369,0.678703198215925,0.72895542788771,0.779520551705088,
0.829909362388258,0.844012195242272,0.880302618174914,0.896333874215958,
0.904664271945943,0.912279031831641,0.962823186455557,1.01553340542643,
1.03272520059969,1.04539291101993,1.05412224816438,1.10534782464753,1.1343355787034,
1.18540348118609,1.1932421484849),.UNSPECIFIED.);
#638=B_SPLINE_CURVE_WITH_KNOTS('',3,(#9341,#9342,#9343,#9344,#9345,#9346,
#9347,#9348,#9349,#9350,#9351,#9352,#9353,#9354,#9355,#9356,#9357,#9358,
#9359,#9360,#9361,#9362,#9363,#9364,#9365,#9366,#9367,#9368,#9369,#9370,
#9371,#9372,#9373,#9374,#9375,#9376,#9377,#9378,#9379,#9380,#9381,#9382,
#9383),.UNSPECIFIED.,.F.,.F.,(4,3,3,3,3,3,3,3,3,3,3,3,3,3,4),(13.8754500755058,
14.0401579600966,14.5243013380309,15.0084447159653,15.4925880938997,15.976731471834,
16.4608748497684,16.9450182277028,17.4291616056371,17.9133049835715,18.3974483615059,
18.8815917394402,19.3657351173746,19.849878495309,20.1586353826854),
 .UNSPECIFIED.);
#639=B_SPLINE_CURVE_WITH_KNOTS('',3,(#9384,#9385,#9386,#9387,#9388,#9389,
#9390,#9391,#9392,#9393,#9394,#9395,#9396,#9397,#9398,#9399,#9400,#9401,
#9402,#9403,#9404,#9405,#9406,#9407,#9408,#9409,#9410,#9411,#9412,#9413,
#9414,#9415,#9416,#9417,#9418,#9419,#9420,#9421,#9422,#9423,#9424,#9425,
#9426,#9427,#9428,#9429,#9430,#9431,#9432,#9433,#9434,#9435,#9436,#9437,
#9438,#9439,#9440,#9441,#9442,#9443,#9444,#9445,#9446,#9447,#9448,#9449,
#9450,#9451,#9452,#9453,#9454,#9455,#9456,#9457,#9458,#9459,#9460,#9461,
#9462,#9463,#9464,#9465,#9466,#9467,#9468,#9469,#9470,#9471,#9472,#9473,
#9474,#9475,#9476,#9477,#9478,#9479,#9480,#9481,#9482,#9483,#9484,#9485,
#9486,#9487,#9488,#9489,#9490,#9491,#9492,#9493,#9494,#9495),
 .UNSPECIFIED.,.F.,.F.,(4,3,3,3,3,3,3,3,3,3,3,3,3,3,3,3,3,3,3,3,3,3,3,3,
3,3,3,3,3,3,3,3,3,3,3,3,3,4),(0.,0.050596198127099,0.101760821482386,0.15288629498689,
0.203521591783989,0.225678578253623,0.233054786742499,0.239396184937334,
0.292149537662523,0.342729782731842,0.393511281349315,0.440053155010622,
0.457506357633612,0.465382143550927,0.471590390329326,0.521780555084542,
0.571844138336236,0.579678775994541,0.629943959958784,0.679996664164191,
0.693997821814098,0.700317289054852,0.749999642252844,0.799718890602725,
0.84890395367498,0.862451810170976,0.897130989317335,0.912427974489263,
0.921545838701126,0.92882747660485,0.978046300363388,1.02478649902229,1.05494887562437,
1.06463431627042,1.11340140672986,1.13988524334185,1.18884572010494,1.19504189171415),
 .UNSPECIFIED.);
#640=LINE('',#3863,#882);
#641=LINE('',#3873,#883);
#642=LINE('',#3910,#884);
#643=LINE('',#3947,#885);
#644=LINE('',#3984,#886);
#645=LINE('',#4022,#887);
#646=LINE('',#4059,#888);
#647=LINE('',#4096,#889);
#648=LINE('',#4134,#890);
#649=LINE('',#4171,#891);
#650=LINE('',#4208,#892);
#651=LINE('',#4246,#893);
#652=LINE('',#4283,#894);
#653=LINE('',#4320,#895);
#654=LINE('',#4358,#896);
#655=LINE('',#4395,#897);
#656=LINE('',#4416,#898);
#657=LINE('',#4433,#899);
#658=LINE('',#4517,#900);
#659=LINE('',#4607,#901);
#660=LINE('',#4697,#902);
#661=LINE('',#4781,#903);
#662=LINE('',#4871,#904);
#663=LINE('',#4961,#905);
#664=LINE('',#5045,#906);
#665=LINE('',#5135,#907);
#666=LINE('',#5225,#908);
#667=LINE('',#5309,#909);
#668=LINE('',#5399,#910);
#669=LINE('',#5489,#911);
#670=LINE('',#5573,#912);
#671=LINE('',#5665,#913);
#672=LINE('',#5668,#914);
#673=LINE('',#5671,#915);
#674=LINE('',#5673,#916);
#675=LINE('',#5674,#917);
#676=LINE('',#5680,#918);
#677=LINE('',#5683,#919);
#678=LINE('',#5685,#920);
#679=LINE('',#5687,#921);
#680=LINE('',#5691,#922);
#681=LINE('',#5695,#923);
#682=LINE('',#5696,#924);
#683=LINE('',#5699,#925);
#684=LINE('',#5703,#926);
#685=LINE('',#5704,#927);
#686=LINE('',#5712,#928);
#687=LINE('',#5715,#929);
#688=LINE('',#5722,#930);
#689=LINE('',#5729,#931);
#690=LINE('',#5733,#932);
#691=LINE('',#5736,#933);
#692=LINE('',#5739,#934);
#693=LINE('',#5742,#935);
#694=LINE('',#5746,#936);
#695=LINE('',#5750,#937);
#696=LINE('',#5751,#938);
#697=LINE('',#5758,#939);
#698=LINE('',#7824,#940);
#699=LINE('',#7828,#941);
#700=LINE('',#7834,#942);
#701=LINE('',#7837,#943);
#702=LINE('',#7839,#944);
#703=LINE('',#7843,#945);
#704=LINE('',#7850,#946);
#705=LINE('',#7853,#947);
#706=LINE('',#7855,#948);
#707=LINE('',#7858,#949);
#708=LINE('',#7860,#950);
#709=LINE('',#7862,#951);
#710=LINE('',#7864,#952);
#711=LINE('',#7865,#953);
#712=LINE('',#7871,#954);
#713=LINE('',#7874,#955);
#714=LINE('',#7876,#956);
#715=LINE('',#7879,#957);
#716=LINE('',#7881,#958);
#717=LINE('',#7883,#959);
#718=LINE('',#7885,#960);
#719=LINE('',#7886,#961);
#720=LINE('',#7898,#962);
#721=LINE('',#7900,#963);
#722=LINE('',#7902,#964);
#723=LINE('',#7903,#965);
#724=LINE('',#7909,#966);
#725=LINE('',#7912,#967);
#726=LINE('',#7914,#968);
#727=LINE('',#7915,#969);
#728=LINE('',#7921,#970);
#729=LINE('',#7924,#971);
#730=LINE('',#7926,#972);
#731=LINE('',#7927,#973);
#732=LINE('',#7932,#974);
#733=LINE('',#7936,#975);
#734=LINE('',#7938,#976);
#735=LINE('',#7939,#977);
#736=LINE('',#7946,#978);
#737=LINE('',#7948,#979);
#738=LINE('',#7950,#980);
#739=LINE('',#7951,#981);
#740=LINE('',#7954,#982);
#741=LINE('',#7956,#983);
#742=LINE('',#7957,#984);
#743=LINE('',#7960,#985);
#744=LINE('',#7962,#986);
#745=LINE('',#7964,#987);
#746=LINE('',#7965,#988);
#747=LINE('',#7968,#989);
#748=LINE('',#7969,#990);
#749=LINE('',#7972,#991);
#750=LINE('',#7974,#992);
#751=LINE('',#7975,#993);
#752=LINE('',#7977,#994);
#753=LINE('',#7979,#995);
#754=LINE('',#7984,#996);
#755=LINE('',#7986,#997);
#756=LINE('',#7988,#998);
#757=LINE('',#7989,#999);
#758=LINE('',#7995,#1000);
#759=LINE('',#7998,#1001);
#760=LINE('',#8000,#1002);
#761=LINE('',#8001,#1003);
#762=LINE('',#8007,#1004);
#763=LINE('',#8010,#1005);
#764=LINE('',#8012,#1006);
#765=LINE('',#8013,#1007);
#766=LINE('',#8019,#1008);
#767=LINE('',#8022,#1009);
#768=LINE('',#8024,#1010);
#769=LINE('',#8025,#1011);
#770=LINE('',#8032,#1012);
#771=LINE('',#8034,#1013);
#772=LINE('',#8036,#1014);
#773=LINE('',#8037,#1015);
#774=LINE('',#8040,#1016);
#775=LINE('',#8042,#1017);
#776=LINE('',#8044,#1018);
#777=LINE('',#8046,#1019);
#778=LINE('',#8047,#1020);
#779=LINE('',#8050,#1021);
#780=LINE('',#8051,#1022);
#781=LINE('',#8054,#1023);
#782=LINE('',#8055,#1024);
#783=LINE('',#8058,#1025);
#784=LINE('',#8060,#1026);
#785=LINE('',#8061,#1027);
#786=LINE('',#8063,#1028);
#787=LINE('',#8065,#1029);
#788=LINE('',#8070,#1030);
#789=LINE('',#8072,#1031);
#790=LINE('',#8074,#1032);
#791=LINE('',#8075,#1033);
#792=LINE('',#8081,#1034);
#793=LINE('',#8084,#1035);
#794=LINE('',#8086,#1036);
#795=LINE('',#8087,#1037);
#796=LINE('',#8093,#1038);
#797=LINE('',#8096,#1039);
#798=LINE('',#8098,#1040);
#799=LINE('',#8099,#1041);
#800=LINE('',#8105,#1042);
#801=LINE('',#8108,#1043);
#802=LINE('',#8110,#1044);
#803=LINE('',#8111,#1045);
#804=LINE('',#8118,#1046);
#805=LINE('',#8120,#1047);
#806=LINE('',#8122,#1048);
#807=LINE('',#8123,#1049);
#808=LINE('',#8126,#1050);
#809=LINE('',#8128,#1051);
#810=LINE('',#8129,#1052);
#811=LINE('',#8132,#1053);
#812=LINE('',#8134,#1054);
#813=LINE('',#8136,#1055);
#814=LINE('',#8137,#1056);
#815=LINE('',#8140,#1057);
#816=LINE('',#8141,#1058);
#817=LINE('',#8144,#1059);
#818=LINE('',#8146,#1060);
#819=LINE('',#8147,#1061);
#820=LINE('',#8149,#1062);
#821=LINE('',#8151,#1063);
#822=LINE('',#8156,#1064);
#823=LINE('',#8158,#1065);
#824=LINE('',#8160,#1066);
#825=LINE('',#8161,#1067);
#826=LINE('',#8167,#1068);
#827=LINE('',#8170,#1069);
#828=LINE('',#8172,#1070);
#829=LINE('',#8173,#1071);
#830=LINE('',#8179,#1072);
#831=LINE('',#8182,#1073);
#832=LINE('',#8184,#1074);
#833=LINE('',#8185,#1075);
#834=LINE('',#8190,#1076);
#835=LINE('',#8194,#1077);
#836=LINE('',#8196,#1078);
#837=LINE('',#8197,#1079);
#838=LINE('',#8204,#1080);
#839=LINE('',#8206,#1081);
#840=LINE('',#8208,#1082);
#841=LINE('',#8209,#1083);
#842=LINE('',#8212,#1084);
#843=LINE('',#8214,#1085);
#844=LINE('',#8215,#1086);
#845=LINE('',#8218,#1087);
#846=LINE('',#8220,#1088);
#847=LINE('',#8222,#1089);
#848=LINE('',#8223,#1090);
#849=LINE('',#8226,#1091);
#850=LINE('',#8227,#1092);
#851=LINE('',#8230,#1093);
#852=LINE('',#8232,#1094);
#853=LINE('',#8233,#1095);
#854=LINE('',#8235,#1096);
#855=LINE('',#8237,#1097);
#856=LINE('',#8243,#1098);
#857=LINE('',#8249,#1099);
#858=LINE('',#8256,#1100);
#859=LINE('',#8325,#1101);
#860=LINE('',#8415,#1102);
#861=LINE('',#8454,#1103);
#862=LINE('',#8490,#1104);
#863=LINE('',#8528,#1105);
#864=LINE('',#9499,#1106);
#865=LINE('',#9501,#1107);
#866=LINE('',#9503,#1108);
#867=LINE('',#9505,#1109);
#868=LINE('',#9507,#1110);
#869=LINE('',#9508,#1111);
#870=LINE('',#9513,#1112);
#871=LINE('',#9514,#1113);
#872=LINE('',#9515,#1114);
#873=LINE('',#9518,#1115);
#874=LINE('',#9519,#1116);
#875=LINE('',#9522,#1117);
#876=LINE('',#9523,#1118);
#877=LINE('',#9526,#1119);
#878=LINE('',#9527,#1120);
#879=LINE('',#9530,#1121);
#880=LINE('',#9531,#1122);
#881=LINE('',#9533,#1123);
#882=VECTOR('',#3139,5.52225);
#883=VECTOR('',#3144,5.52225);
#884=VECTOR('',#3149,5.52225);
#885=VECTOR('',#3152,5.52225);
#886=VECTOR('',#3155,5.52225);
#887=VECTOR('',#3158,5.52225);
#888=VECTOR('',#3161,5.52225);
#889=VECTOR('',#3164,5.52225);
#890=VECTOR('',#3167,5.52225);
#891=VECTOR('',#3170,5.52225);
#892=VECTOR('',#3173,5.52225);
#893=VECTOR('',#3176,5.52225);
#894=VECTOR('',#3179,5.52225);
#895=VECTOR('',#3182,5.52225);
#896=VECTOR('',#3185,5.52225);
#897=VECTOR('',#3188,5.5);
#898=VECTOR('',#3191,5.5);
#899=VECTOR('',#3198,5.5);
#900=VECTOR('',#3201,5.5);
#901=VECTOR('',#3204,5.5);
#902=VECTOR('',#3207,5.5);
#903=VECTOR('',#3210,5.5);
#904=VECTOR('',#3213,5.5);
#905=VECTOR('',#3216,5.5);
#906=VECTOR('',#3219,5.5);
#907=VECTOR('',#3222,5.5);
#908=VECTOR('',#3225,5.5);
#909=VECTOR('',#3228,5.5);
#910=VECTOR('',#3231,5.5);
#911=VECTOR('',#3234,5.5);
#912=VECTOR('',#3237,5.5);
#913=VECTOR('',#3242,10.);
#914=VECTOR('',#3245,10.);
#915=VECTOR('',#3248,10.);
#916=VECTOR('',#3249,10.);
#917=VECTOR('',#3250,10.);
#918=VECTOR('',#3255,10.);
#919=VECTOR('',#3258,10.);
#920=VECTOR('',#3261,10.);
#921=VECTOR('',#3262,10.);
#922=VECTOR('',#3265,10.);
#923=VECTOR('',#3270,10.);
#924=VECTOR('',#3271,10.);
#925=VECTOR('',#3274,10.);
#926=VECTOR('',#3279,10.);
#927=VECTOR('',#3280,10.);
#928=VECTOR('',#3289,10.);
#929=VECTOR('',#3292,10.);
#930=VECTOR('',#3299,10.);
#931=VECTOR('',#3306,10.);
#932=VECTOR('',#3311,10.);
#933=VECTOR('',#3314,10.);
#934=VECTOR('',#3317,10.);
#935=VECTOR('',#3320,10.);
#936=VECTOR('',#3325,10.);
#937=VECTOR('',#3330,10.);
#938=VECTOR('',#3331,10.);
#939=VECTOR('',#3340,5.5);
#940=VECTOR('',#3367,6.025);
#941=VECTOR('',#3372,6.9);
#942=VECTOR('',#3381,4.3);
#943=VECTOR('',#3386,10.);
#944=VECTOR('',#3389,10.);
#945=VECTOR('',#3394,4.2);
#946=VECTOR('',#3401,10.);
#947=VECTOR('',#3404,10.);
#948=VECTOR('',#3407,10.);
#949=VECTOR('',#3410,10.);
#950=VECTOR('',#3411,10.);
#951=VECTOR('',#3412,10.);
#952=VECTOR('',#3413,10.);
#953=VECTOR('',#3414,10.);
#954=VECTOR('',#3419,10.);
#955=VECTOR('',#3422,10.);
#956=VECTOR('',#3425,10.);
#957=VECTOR('',#3428,10.);
#958=VECTOR('',#3429,10.);
#959=VECTOR('',#3430,10.);
#960=VECTOR('',#3431,10.);
#961=VECTOR('',#3432,10.);
#962=VECTOR('',#3451,10.);
#963=VECTOR('',#3452,10.);
#964=VECTOR('',#3453,10.);
#965=VECTOR('',#3454,10.);
#966=VECTOR('',#3461,10.);
#967=VECTOR('',#3464,10.);
#968=VECTOR('',#3465,10.);
#969=VECTOR('',#3466,10.);
#970=VECTOR('',#3473,10.);
#971=VECTOR('',#3476,10.);
#972=VECTOR('',#3477,10.);
#973=VECTOR('',#3478,10.);
#974=VECTOR('',#3483,10.);
#975=VECTOR('',#3488,10.);
#976=VECTOR('',#3489,10.);
#977=VECTOR('',#3490,10.);
#978=VECTOR('',#3499,10.);
#979=VECTOR('',#3500,10.);
#980=VECTOR('',#3501,10.);
#981=VECTOR('',#3502,10.);
#982=VECTOR('',#3505,10.);
#983=VECTOR('',#3506,10.);
#984=VECTOR('',#3507,10.);
#985=VECTOR('',#3510,10.);
#986=VECTOR('',#3511,10.);
#987=VECTOR('',#3512,10.);
#988=VECTOR('',#3513,10.);
#989=VECTOR('',#3516,10.);
#990=VECTOR('',#3517,10.);
#991=VECTOR('',#3520,10.);
#992=VECTOR('',#3521,10.);
#993=VECTOR('',#3522,10.);
#994=VECTOR('',#3525,10.);
#995=VECTOR('',#3528,10.);
#996=VECTOR('',#3533,10.);
#997=VECTOR('',#3534,10.);
#998=VECTOR('',#3535,10.);
#999=VECTOR('',#3536,10.);
#1000=VECTOR('',#3543,10.);
#1001=VECTOR('',#3546,10.);
#1002=VECTOR('',#3547,10.);
#1003=VECTOR('',#3548,10.);
#1004=VECTOR('',#3555,10.);
#1005=VECTOR('',#3558,10.);
#1006=VECTOR('',#3559,10.);
#1007=VECTOR('',#3560,10.);
#1008=VECTOR('',#3567,10.);
#1009=VECTOR('',#3570,10.);
#1010=VECTOR('',#3571,10.);
#1011=VECTOR('',#3572,10.);
#1012=VECTOR('',#3581,10.);
#1013=VECTOR('',#3582,10.);
#1014=VECTOR('',#3583,10.);
#1015=VECTOR('',#3584,10.);
#1016=VECTOR('',#3587,10.);
#1017=VECTOR('',#3588,10.);
#1018=VECTOR('',#3589,10.);
#1019=VECTOR('',#3590,10.);
#1020=VECTOR('',#3591,10.);
#1021=VECTOR('',#3594,10.);
#1022=VECTOR('',#3595,10.);
#1023=VECTOR('',#3598,10.);
#1024=VECTOR('',#3599,10.);
#1025=VECTOR('',#3602,10.);
#1026=VECTOR('',#3603,10.);
#1027=VECTOR('',#3604,10.);
#1028=VECTOR('',#3607,10.);
#1029=VECTOR('',#3610,10.);
#1030=VECTOR('',#3615,10.);
#1031=VECTOR('',#3616,10.);
#1032=VECTOR('',#3617,10.);
#1033=VECTOR('',#3618,10.);
#1034=VECTOR('',#3625,10.);
#1035=VECTOR('',#3628,10.);
#1036=VECTOR('',#3629,10.);
#1037=VECTOR('',#3630,10.);
#1038=VECTOR('',#3637,10.);
#1039=VECTOR('',#3640,10.);
#1040=VECTOR('',#3641,10.);
#1041=VECTOR('',#3642,10.);
#1042=VECTOR('',#3649,10.);
#1043=VECTOR('',#3652,10.);
#1044=VECTOR('',#3653,10.);
#1045=VECTOR('',#3654,10.);
#1046=VECTOR('',#3663,10.);
#1047=VECTOR('',#3664,10.);
#1048=VECTOR('',#3665,10.);
#1049=VECTOR('',#3666,10.);
#1050=VECTOR('',#3669,10.);
#1051=VECTOR('',#3670,10.);
#1052=VECTOR('',#3671,10.);
#1053=VECTOR('',#3674,10.);
#1054=VECTOR('',#3675,10.);
#1055=VECTOR('',#3676,10.);
#1056=VECTOR('',#3677,10.);
#1057=VECTOR('',#3680,10.);
#1058=VECTOR('',#3681,10.);
#1059=VECTOR('',#3684,10.);
#1060=VECTOR('',#3685,10.);
#1061=VECTOR('',#3686,10.);
#1062=VECTOR('',#3689,10.);
#1063=VECTOR('',#3692,10.);
#1064=VECTOR('',#3697,10.);
#1065=VECTOR('',#3698,10.);
#1066=VECTOR('',#3699,10.);
#1067=VECTOR('',#3700,10.);
#1068=VECTOR('',#3707,10.);
#1069=VECTOR('',#3710,10.);
#1070=VECTOR('',#3711,10.);
#1071=VECTOR('',#3712,10.);
#1072=VECTOR('',#3719,10.);
#1073=VECTOR('',#3722,10.);
#1074=VECTOR('',#3723,10.);
#1075=VECTOR('',#3724,10.);
#1076=VECTOR('',#3729,10.);
#1077=VECTOR('',#3734,10.);
#1078=VECTOR('',#3735,10.);
#1079=VECTOR('',#3736,10.);
#1080=VECTOR('',#3745,10.);
#1081=VECTOR('',#3746,10.);
#1082=VECTOR('',#3747,10.);
#1083=VECTOR('',#3748,10.);
#1084=VECTOR('',#3751,10.);
#1085=VECTOR('',#3752,10.);
#1086=VECTOR('',#3753,10.);
#1087=VECTOR('',#3756,10.);
#1088=VECTOR('',#3757,10.);
#1089=VECTOR('',#3758,10.);
#1090=VECTOR('',#3759,10.);
#1091=VECTOR('',#3762,10.);
#1092=VECTOR('',#3763,10.);
#1093=VECTOR('',#3766,10.);
#1094=VECTOR('',#3767,10.);
#1095=VECTOR('',#3768,10.);
#1096=VECTOR('',#3771,10.);
#1097=VECTOR('',#3774,10.);
#1098=VECTOR('',#3781,6.054);
#1099=VECTOR('',#3788,6.8);
#1100=VECTOR('',#3797,6.);
#1101=VECTOR('',#3802,6.);
#1102=VECTOR('',#3805,6.);
#1103=VECTOR('',#3810,6.06205);
#1104=VECTOR('',#3815,6.06205);
#1105=VECTOR('',#3818,6.06205);
#1106=VECTOR('',#3825,10.);
#1107=VECTOR('',#3826,10.);
#1108=VECTOR('',#3827,10.);
#1109=VECTOR('',#3828,10.);
#1110=VECTOR('',#3829,10.);
#1111=VECTOR('',#3830,10.);
#1112=VECTOR('',#3835,10.);
#1113=VECTOR('',#3836,10.);
#1114=VECTOR('',#3837,10.);
#1115=VECTOR('',#3840,10.);
#1116=VECTOR('',#3841,10.);
#1117=VECTOR('',#3844,10.);
#1118=VECTOR('',#3845,10.);
#1119=VECTOR('',#3848,10.);
#1120=VECTOR('',#3849,10.);
#1121=VECTOR('',#3852,10.);
#1122=VECTOR('',#3853,10.);
#1123=VECTOR('',#3856,10.);
#1124=VERTEX_POINT('',#3861);
#1125=VERTEX_POINT('',#3862);
#1126=VERTEX_POINT('',#3864);
#1127=VERTEX_POINT('',#3871);
#1128=VERTEX_POINT('',#3872);
#1129=VERTEX_POINT('',#3891);
#1130=VERTEX_POINT('',#3908);
#1131=VERTEX_POINT('',#3909);
#1132=VERTEX_POINT('',#3945);
#1133=VERTEX_POINT('',#3946);
#1134=VERTEX_POINT('',#3982);
#1135=VERTEX_POINT('',#3983);
#1136=VERTEX_POINT('',#4020);
#1137=VERTEX_POINT('',#4021);
#1138=VERTEX_POINT('',#4057);
#1139=VERTEX_POINT('',#4058);
#1140=VERTEX_POINT('',#4094);
#1141=VERTEX_POINT('',#4095);
#1142=VERTEX_POINT('',#4132);
#1143=VERTEX_POINT('',#4133);
#1144=VERTEX_POINT('',#4169);
#1145=VERTEX_POINT('',#4170);
#1146=VERTEX_POINT('',#4206);
#1147=VERTEX_POINT('',#4207);
#1148=VERTEX_POINT('',#4244);
#1149=VERTEX_POINT('',#4245);
#1150=VERTEX_POINT('',#4281);
#1151=VERTEX_POINT('',#4282);
#1152=VERTEX_POINT('',#4318);
#1153=VERTEX_POINT('',#4319);
#1154=VERTEX_POINT('',#4356);
#1155=VERTEX_POINT('',#4357);
#1156=VERTEX_POINT('',#4393);
#1157=VERTEX_POINT('',#4394);
#1158=VERTEX_POINT('',#4396);
#1159=VERTEX_POINT('',#4413);
#1160=VERTEX_POINT('',#4415);
#1161=VERTEX_POINT('',#4418);
#1162=VERTEX_POINT('',#4431);
#1163=VERTEX_POINT('',#4432);
#1164=VERTEX_POINT('',#4515);
#1165=VERTEX_POINT('',#4516);
#1166=VERTEX_POINT('',#4605);
#1167=VERTEX_POINT('',#4606);
#1168=VERTEX_POINT('',#4695);
#1169=VERTEX_POINT('',#4696);
#1170=VERTEX_POINT('',#4779);
#1171=VERTEX_POINT('',#4780);
#1172=VERTEX_POINT('',#4869);
#1173=VERTEX_POINT('',#4870);
#1174=VERTEX_POINT('',#4959);
#1175=VERTEX_POINT('',#4960);
#1176=VERTEX_POINT('',#5043);
#1177=VERTEX_POINT('',#5044);
#1178=VERTEX_POINT('',#5133);
#1179=VERTEX_POINT('',#5134);
#1180=VERTEX_POINT('',#5223);
#1181=VERTEX_POINT('',#5224);
#1182=VERTEX_POINT('',#5307);
#1183=VERTEX_POINT('',#5308);
#1184=VERTEX_POINT('',#5397);
#1185=VERTEX_POINT('',#5398);
#1186=VERTEX_POINT('',#5487);
#1187=VERTEX_POINT('',#5488);
#1188=VERTEX_POINT('',#5571);
#1189=VERTEX_POINT('',#5572);
#1190=VERTEX_POINT('',#5661);
#1191=VERTEX_POINT('',#5662);
#1192=VERTEX_POINT('',#5664);
#1193=VERTEX_POINT('',#5666);
#1194=VERTEX_POINT('',#5670);
#1195=VERTEX_POINT('',#5672);
#1196=VERTEX_POINT('',#5676);
#1197=VERTEX_POINT('',#5677);
#1198=VERTEX_POINT('',#5679);
#1199=VERTEX_POINT('',#5681);
#1200=VERTEX_POINT('',#5686);
#1201=VERTEX_POINT('',#5688);
#1202=VERTEX_POINT('',#5690);
#1203=VERTEX_POINT('',#5694);
#1204=VERTEX_POINT('',#5698);
#1205=VERTEX_POINT('',#5702);
#1206=VERTEX_POINT('',#5708);
#1207=VERTEX_POINT('',#5709);
#1208=VERTEX_POINT('',#5711);
#1209=VERTEX_POINT('',#5713);
#1210=VERTEX_POINT('',#5717);
#1211=VERTEX_POINT('',#5719);
#1212=VERTEX_POINT('',#5721);
#1213=VERTEX_POINT('',#5723);
#1214=VERTEX_POINT('',#5725);
#1215=VERTEX_POINT('',#5727);
#1216=VERTEX_POINT('',#5731);
#1217=VERTEX_POINT('',#5735);
#1218=VERTEX_POINT('',#5737);
#1219=VERTEX_POINT('',#5741);
#1220=VERTEX_POINT('',#5745);
#1221=VERTEX_POINT('',#5749);
#1222=VERTEX_POINT('',#5755);
#1223=VERTEX_POINT('',#5757);
#1224=VERTEX_POINT('',#5761);
#1225=VERTEX_POINT('',#5871);
#1226=VERTEX_POINT('',#6793);
#1227=VERTEX_POINT('',#6918);
#1228=VERTEX_POINT('',#7815);
#1229=VERTEX_POINT('',#7817);
#1230=VERTEX_POINT('',#7821);
#1231=VERTEX_POINT('',#7823);
#1232=VERTEX_POINT('',#7827);
#1233=VERTEX_POINT('',#7831);
#1234=VERTEX_POINT('',#7841);
#1235=VERTEX_POINT('',#7846);
#1236=VERTEX_POINT('',#7847);
#1237=VERTEX_POINT('',#7849);
#1238=VERTEX_POINT('',#7851);
#1239=VERTEX_POINT('',#7857);
#1240=VERTEX_POINT('',#7859);
#1241=VERTEX_POINT('',#7861);
#1242=VERTEX_POINT('',#7863);
#1243=VERTEX_POINT('',#7867);
#1244=VERTEX_POINT('',#7868);
#1245=VERTEX_POINT('',#7870);
#1246=VERTEX_POINT('',#7872);
#1247=VERTEX_POINT('',#7878);
#1248=VERTEX_POINT('',#7880);
#1249=VERTEX_POINT('',#7882);
#1250=VERTEX_POINT('',#7884);
#1251=VERTEX_POINT('',#7896);
#1252=VERTEX_POINT('',#7897);
#1253=VERTEX_POINT('',#7899);
#1254=VERTEX_POINT('',#7901);
#1255=VERTEX_POINT('',#7905);
#1256=VERTEX_POINT('',#7907);
#1257=VERTEX_POINT('',#7911);
#1258=VERTEX_POINT('',#7913);
#1259=VERTEX_POINT('',#7917);
#1260=VERTEX_POINT('',#7919);
#1261=VERTEX_POINT('',#7923);
#1262=VERTEX_POINT('',#7925);
#1263=VERTEX_POINT('',#7929);
#1264=VERTEX_POINT('',#7931);
#1265=VERTEX_POINT('',#7935);
#1266=VERTEX_POINT('',#7937);
#1267=VERTEX_POINT('',#7944);
#1268=VERTEX_POINT('',#7945);
#1269=VERTEX_POINT('',#7947);
#1270=VERTEX_POINT('',#7949);
#1271=VERTEX_POINT('',#7953);
#1272=VERTEX_POINT('',#7955);
#1273=VERTEX_POINT('',#7959);
#1274=VERTEX_POINT('',#7961);
#1275=VERTEX_POINT('',#7963);
#1276=VERTEX_POINT('',#7967);
#1277=VERTEX_POINT('',#7971);
#1278=VERTEX_POINT('',#7973);
#1279=VERTEX_POINT('',#7982);
#1280=VERTEX_POINT('',#7983);
#1281=VERTEX_POINT('',#7985);
#1282=VERTEX_POINT('',#7987);
#1283=VERTEX_POINT('',#7991);
#1284=VERTEX_POINT('',#7993);
#1285=VERTEX_POINT('',#7997);
#1286=VERTEX_POINT('',#7999);
#1287=VERTEX_POINT('',#8003);
#1288=VERTEX_POINT('',#8005);
#1289=VERTEX_POINT('',#8009);
#1290=VERTEX_POINT('',#8011);
#1291=VERTEX_POINT('',#8015);
#1292=VERTEX_POINT('',#8017);
#1293=VERTEX_POINT('',#8021);
#1294=VERTEX_POINT('',#8023);
#1295=VERTEX_POINT('',#8030);
#1296=VERTEX_POINT('',#8031);
#1297=VERTEX_POINT('',#8033);
#1298=VERTEX_POINT('',#8035);
#1299=VERTEX_POINT('',#8039);
#1300=VERTEX_POINT('',#8041);
#1301=VERTEX_POINT('',#8043);
#1302=VERTEX_POINT('',#8045);
#1303=VERTEX_POINT('',#8049);
#1304=VERTEX_POINT('',#8053);
#1305=VERTEX_POINT('',#8057);
#1306=VERTEX_POINT('',#8059);
#1307=VERTEX_POINT('',#8068);
#1308=VERTEX_POINT('',#8069);
#1309=VERTEX_POINT('',#8071);
#1310=VERTEX_POINT('',#8073);
#1311=VERTEX_POINT('',#8077);
#1312=VERTEX_POINT('',#8079);
#1313=VERTEX_POINT('',#8083);
#1314=VERTEX_POINT('',#8085);
#1315=VERTEX_POINT('',#8089);
#1316=VERTEX_POINT('',#8091);
#1317=VERTEX_POINT('',#8095);
#1318=VERTEX_POINT('',#8097);
#1319=VERTEX_POINT('',#8101);
#1320=VERTEX_POINT('',#8103);
#1321=VERTEX_POINT('',#8107);
#1322=VERTEX_POINT('',#8109);
#1323=VERTEX_POINT('',#8116);
#1324=VERTEX_POINT('',#8117);
#1325=VERTEX_POINT('',#8119);
#1326=VERTEX_POINT('',#8121);
#1327=VERTEX_POINT('',#8125);
#1328=VERTEX_POINT('',#8127);
#1329=VERTEX_POINT('',#8131);
#1330=VERTEX_POINT('',#8133);
#1331=VERTEX_POINT('',#8135);
#1332=VERTEX_POINT('',#8139);
#1333=VERTEX_POINT('',#8143);
#1334=VERTEX_POINT('',#8145);
#1335=VERTEX_POINT('',#8154);
#1336=VERTEX_POINT('',#8155);
#1337=VERTEX_POINT('',#8157);
#1338=VERTEX_POINT('',#8159);
#1339=VERTEX_POINT('',#8163);
#1340=VERTEX_POINT('',#8165);
#1341=VERTEX_POINT('',#8169);
#1342=VERTEX_POINT('',#8171);
#1343=VERTEX_POINT('',#8175);
#1344=VERTEX_POINT('',#8177);
#1345=VERTEX_POINT('',#8181);
#1346=VERTEX_POINT('',#8183);
#1347=VERTEX_POINT('',#8187);
#1348=VERTEX_POINT('',#8189);
#1349=VERTEX_POINT('',#8193);
#1350=VERTEX_POINT('',#8195);
#1351=VERTEX_POINT('',#8202);
#1352=VERTEX_POINT('',#8203);
#1353=VERTEX_POINT('',#8205);
#1354=VERTEX_POINT('',#8207);
#1355=VERTEX_POINT('',#8211);
#1356=VERTEX_POINT('',#8213);
#1357=VERTEX_POINT('',#8217);
#1358=VERTEX_POINT('',#8219);
#1359=VERTEX_POINT('',#8221);
#1360=VERTEX_POINT('',#8225);
#1361=VERTEX_POINT('',#8229);
#1362=VERTEX_POINT('',#8231);
#1363=VERTEX_POINT('',#8240);
#1364=VERTEX_POINT('',#8242);
#1365=VERTEX_POINT('',#8246);
#1366=VERTEX_POINT('',#8248);
#1367=VERTEX_POINT('',#8254);
#1368=VERTEX_POINT('',#8255);
#1369=VERTEX_POINT('',#8257);
#1370=VERTEX_POINT('',#8283);
#1371=VERTEX_POINT('',#8323);
#1372=VERTEX_POINT('',#8324);
#1373=VERTEX_POINT('',#8413);
#1374=VERTEX_POINT('',#8414);
#1375=VERTEX_POINT('',#8416);
#1376=VERTEX_POINT('',#8427);
#1377=VERTEX_POINT('',#8452);
#1378=VERTEX_POINT('',#8453);
#1379=VERTEX_POINT('',#8455);
#1380=VERTEX_POINT('',#8470);
#1381=VERTEX_POINT('',#8488);
#1382=VERTEX_POINT('',#8489);
#1383=VERTEX_POINT('',#8526);
#1384=VERTEX_POINT('',#8527);
#1385=VERTEX_POINT('',#8529);
#1386=VERTEX_POINT('',#8536);
#1387=VERTEX_POINT('',#9497);
#1388=VERTEX_POINT('',#9498);
#1389=VERTEX_POINT('',#9500);
#1390=VERTEX_POINT('',#9502);
#1391=VERTEX_POINT('',#9504);
#1392=VERTEX_POINT('',#9506);
#1393=VERTEX_POINT('',#9511);
#1394=VERTEX_POINT('',#9512);
#1395=VERTEX_POINT('',#9517);
#1396=VERTEX_POINT('',#9521);
#1397=VERTEX_POINT('',#9525);
#1398=VERTEX_POINT('',#9529);
#1399=EDGE_CURVE('',#1124,#1125,#640,.T.);
#1400=EDGE_CURVE('',#1124,#1126,#553,.T.);
#1401=EDGE_CURVE('',#1125,#1126,#469,.T.);
#1402=EDGE_CURVE('',#1127,#1128,#641,.T.);
#1403=EDGE_CURVE('',#1127,#1124,#554,.T.);
#1404=EDGE_CURVE('',#1129,#1125,#470,.T.);
#1405=EDGE_CURVE('',#1128,#1129,#555,.T.);
#1406=EDGE_CURVE('',#1130,#1131,#642,.T.);
#1407=EDGE_CURVE('',#1130,#1127,#556,.T.);
#1408=EDGE_CURVE('',#1131,#1128,#557,.T.);
#1409=EDGE_CURVE('',#1132,#1133,#643,.T.);
#1410=EDGE_CURVE('',#1132,#1130,#558,.T.);
#1411=EDGE_CURVE('',#1133,#1131,#559,.T.);
#1412=EDGE_CURVE('',#1134,#1135,#644,.T.);
#1413=EDGE_CURVE('',#1134,#1132,#560,.T.);
#1414=EDGE_CURVE('',#1135,#1133,#561,.T.);
#1415=EDGE_CURVE('',#1136,#1137,#645,.T.);
#1416=EDGE_CURVE('',#1136,#1134,#562,.T.);
#1417=EDGE_CURVE('',#1137,#1135,#563,.T.);
#1418=EDGE_CURVE('',#1138,#1139,#646,.T.);
#1419=EDGE_CURVE('',#1138,#1136,#564,.T.);
#1420=EDGE_CURVE('',#1139,#1137,#565,.T.);
#1421=EDGE_CURVE('',#1140,#1141,#647,.T.);
#1422=EDGE_CURVE('',#1140,#1138,#566,.T.);
#1423=EDGE_CURVE('',#1141,#1139,#567,.T.);
#1424=EDGE_CURVE('',#1142,#1143,#648,.T.);
#1425=EDGE_CURVE('',#1142,#1140,#568,.T.);
#1426=EDGE_CURVE('',#1143,#1141,#569,.T.);
#1427=EDGE_CURVE('',#1144,#1145,#649,.T.);
#1428=EDGE_CURVE('',#1144,#1142,#570,.T.);
#1429=EDGE_CURVE('',#1145,#1143,#571,.T.);
#1430=EDGE_CURVE('',#1146,#1147,#650,.T.);
#1431=EDGE_CURVE('',#1146,#1144,#572,.T.);
#1432=EDGE_CURVE('',#1147,#1145,#573,.T.);
#1433=EDGE_CURVE('',#1148,#1149,#651,.T.);
#1434=EDGE_CURVE('',#1148,#1146,#574,.T.);
#1435=EDGE_CURVE('',#1149,#1147,#575,.T.);
#1436=EDGE_CURVE('',#1150,#1151,#652,.T.);
#1437=EDGE_CURVE('',#1150,#1148,#576,.T.);
#1438=EDGE_CURVE('',#1151,#1149,#577,.T.);
#1439=EDGE_CURVE('',#1152,#1153,#653,.T.);
#1440=EDGE_CURVE('',#1152,#1150,#578,.T.);
#1441=EDGE_CURVE('',#1153,#1151,#579,.T.);
#1442=EDGE_CURVE('',#1154,#1155,#654,.T.);
#1443=EDGE_CURVE('',#1154,#1152,#580,.T.);
#1444=EDGE_CURVE('',#1155,#1153,#581,.T.);
#1445=EDGE_CURVE('',#1156,#1157,#655,.T.);
#1446=EDGE_CURVE('',#1156,#1158,#582,.T.);
#1447=EDGE_CURVE('',#1158,#1159,#471,.T.);
#1448=EDGE_CURVE('',#1159,#1160,#656,.T.);
#1449=EDGE_CURVE('',#1160,#1160,#472,.F.);
#1450=EDGE_CURVE('',#1159,#1161,#473,.T.);
#1451=EDGE_CURVE('',#1161,#1157,#583,.T.);
#1452=EDGE_CURVE('',#1162,#1163,#657,.T.);
#1453=EDGE_CURVE('',#1162,#1156,#584,.T.);
#1454=EDGE_CURVE('',#1157,#1163,#585,.T.);
#1455=EDGE_CURVE('',#1164,#1165,#658,.T.);
#1456=EDGE_CURVE('',#1164,#1162,#586,.T.);
#1457=EDGE_CURVE('',#1163,#1165,#587,.T.);
#1458=EDGE_CURVE('',#1166,#1167,#659,.T.);
#1459=EDGE_CURVE('',#1166,#1164,#588,.T.);
#1460=EDGE_CURVE('',#1165,#1167,#589,.T.);
#1461=EDGE_CURVE('',#1168,#1169,#660,.T.);
#1462=EDGE_CURVE('',#1168,#1166,#590,.T.);
#1463=EDGE_CURVE('',#1167,#1169,#591,.T.);
#1464=EDGE_CURVE('',#1170,#1171,#661,.T.);
#1465=EDGE_CURVE('',#1170,#1168,#592,.T.);
#1466=EDGE_CURVE('',#1169,#1171,#593,.T.);
#1467=EDGE_CURVE('',#1172,#1173,#662,.T.);
#1468=EDGE_CURVE('',#1172,#1170,#594,.T.);
#1469=EDGE_CURVE('',#1171,#1173,#595,.T.);
#1470=EDGE_CURVE('',#1174,#1175,#663,.T.);
#1471=EDGE_CURVE('',#1174,#1172,#596,.T.);
#1472=EDGE_CURVE('',#1173,#1175,#597,.T.);
#1473=EDGE_CURVE('',#1176,#1177,#664,.T.);
#1474=EDGE_CURVE('',#1176,#1174,#598,.T.);
#1475=EDGE_CURVE('',#1175,#1177,#599,.T.);
#1476=EDGE_CURVE('',#1178,#1179,#665,.T.);
#1477=EDGE_CURVE('',#1178,#1176,#600,.T.);
#1478=EDGE_CURVE('',#1177,#1179,#601,.T.);
#1479=EDGE_CURVE('',#1180,#1181,#666,.T.);
#1480=EDGE_CURVE('',#1180,#1178,#602,.T.);
#1481=EDGE_CURVE('',#1179,#1181,#603,.T.);
#1482=EDGE_CURVE('',#1182,#1183,#667,.T.);
#1483=EDGE_CURVE('',#1182,#1180,#604,.T.);
#1484=EDGE_CURVE('',#1181,#1183,#605,.T.);
#1485=EDGE_CURVE('',#1184,#1185,#668,.T.);
#1486=EDGE_CURVE('',#1184,#1182,#606,.T.);
#1487=EDGE_CURVE('',#1183,#1185,#607,.T.);
#1488=EDGE_CURVE('',#1186,#1187,#669,.T.);
#1489=EDGE_CURVE('',#1186,#1184,#608,.T.);
#1490=EDGE_CURVE('',#1185,#1187,#609,.T.);
#1491=EDGE_CURVE('',#1188,#1189,#670,.T.);
#1492=EDGE_CURVE('',#1188,#1186,#610,.T.);
#1493=EDGE_CURVE('',#1187,#1189,#611,.T.);
#1494=EDGE_CURVE('',#1190,#1191,#474,.T.);
#1495=EDGE_CURVE('',#1190,#1192,#671,.T.);
#1496=EDGE_CURVE('',#1192,#1193,#475,.T.);
#1497=EDGE_CURVE('',#1193,#1191,#672,.T.);
#1498=EDGE_CURVE('',#1190,#1194,#673,.T.);
#1499=EDGE_CURVE('',#1195,#1194,#674,.T.);
#1500=EDGE_CURVE('',#1192,#1195,#675,.T.);
#1501=EDGE_CURVE('',#1196,#1197,#476,.T.);
#1502=EDGE_CURVE('',#1196,#1198,#676,.T.);
#1503=EDGE_CURVE('',#1198,#1199,#477,.T.);
#1504=EDGE_CURVE('',#1199,#1197,#677,.T.);
#1505=EDGE_CURVE('',#1196,#1191,#678,.T.);
#1506=EDGE_CURVE('',#1200,#1197,#679,.T.);
#1507=EDGE_CURVE('',#1200,#1201,#478,.T.);
#1508=EDGE_CURVE('',#1202,#1201,#680,.T.);
#1509=EDGE_CURVE('',#1202,#1194,#479,.T.);
#1510=EDGE_CURVE('',#1203,#1199,#681,.T.);
#1511=EDGE_CURVE('',#1200,#1203,#682,.T.);
#1512=EDGE_CURVE('',#1202,#1204,#683,.T.);
#1513=EDGE_CURVE('',#1204,#1195,#480,.T.);
#1514=EDGE_CURVE('',#1205,#1201,#684,.T.);
#1515=EDGE_CURVE('',#1204,#1205,#685,.T.);
#1516=EDGE_CURVE('',#1203,#1205,#481,.T.);
#1517=EDGE_CURVE('',#1206,#1207,#482,.T.);
#1518=EDGE_CURVE('',#1206,#1208,#686,.T.);
#1519=EDGE_CURVE('',#1208,#1209,#483,.T.);
#1520=EDGE_CURVE('',#1209,#1207,#687,.T.);
#1521=EDGE_CURVE('',#1210,#1207,#484,.T.);
#1522=EDGE_CURVE('',#1210,#1211,#485,.T.);
#1523=EDGE_CURVE('',#1212,#1211,#688,.T.);
#1524=EDGE_CURVE('',#1212,#1213,#486,.T.);
#1525=EDGE_CURVE('',#1214,#1213,#487,.T.);
#1526=EDGE_CURVE('',#1214,#1215,#488,.T.);
#1527=EDGE_CURVE('',#1206,#1215,#689,.T.);
#1528=EDGE_CURVE('',#1216,#1209,#489,.T.);
#1529=EDGE_CURVE('',#1210,#1216,#690,.T.);
#1530=EDGE_CURVE('',#1214,#1217,#691,.T.);
#1531=EDGE_CURVE('',#1217,#1218,#490,.T.);
#1532=EDGE_CURVE('',#1218,#1215,#692,.T.);
#1533=EDGE_CURVE('',#1219,#1213,#693,.T.);
#1534=EDGE_CURVE('',#1217,#1219,#491,.T.);
#1535=EDGE_CURVE('',#1212,#1220,#694,.T.);
#1536=EDGE_CURVE('',#1220,#1219,#492,.T.);
#1537=EDGE_CURVE('',#1221,#1211,#695,.T.);
#1538=EDGE_CURVE('',#1220,#1221,#696,.T.);
#1539=EDGE_CURVE('',#1216,#1221,#493,.T.);
#1540=EDGE_CURVE('',#1222,#1222,#494,.T.);
#1541=EDGE_CURVE('',#1222,#1223,#697,.T.);
#1542=EDGE_CURVE('',#1223,#1223,#495,.T.);
#1543=EDGE_CURVE('',#1224,#1129,#612,.T.);
#1544=EDGE_CURVE('',#1126,#1225,#613,.T.);
#1545=EDGE_CURVE('',#1224,#1225,#496,.T.);
#1546=EDGE_CURVE('',#1189,#1224,#614,.T.);
#1547=EDGE_CURVE('',#1225,#1188,#615,.T.);
#1548=EDGE_CURVE('',#1226,#1161,#616,.T.);
#1549=EDGE_CURVE('',#1226,#1155,#617,.T.);
#1550=EDGE_CURVE('',#1158,#1227,#618,.T.);
#1551=EDGE_CURVE('',#1227,#1226,#497,.T.);
#1552=EDGE_CURVE('',#1227,#1154,#619,.T.);
#1553=EDGE_CURVE('',#1228,#1228,#498,.T.);
#1554=EDGE_CURVE('',#1229,#1229,#499,.T.);
#1555=EDGE_CURVE('',#1230,#1230,#500,.T.);
#1556=EDGE_CURVE('',#1230,#1231,#698,.T.);
#1557=EDGE_CURVE('',#1231,#1231,#501,.T.);
#1558=EDGE_CURVE('',#1231,#1232,#699,.T.);
#1559=EDGE_CURVE('',#1232,#1232,#502,.T.);
#1560=EDGE_CURVE('',#1233,#1233,#503,.T.);
#1561=EDGE_CURVE('',#1233,#1228,#700,.T.);
#1562=EDGE_CURVE('',#1208,#1218,#701,.T.);
#1563=EDGE_CURVE('',#1198,#1193,#702,.T.);
#1564=EDGE_CURVE('',#1234,#1234,#504,.T.);
#1565=EDGE_CURVE('',#1234,#1229,#703,.T.);
#1566=EDGE_CURVE('',#1235,#1236,#505,.T.);
#1567=EDGE_CURVE('',#1237,#1236,#704,.T.);
#1568=EDGE_CURVE('',#1238,#1237,#506,.T.);
#1569=EDGE_CURVE('',#1235,#1238,#705,.T.);
#1570=EDGE_CURVE('',#1238,#1237,#706,.T.);
#1571=EDGE_CURVE('',#1236,#1239,#707,.T.);
#1572=EDGE_CURVE('',#1239,#1240,#708,.T.);
#1573=EDGE_CURVE('',#1241,#1240,#709,.T.);
#1574=EDGE_CURVE('',#1242,#1241,#710,.T.);
#1575=EDGE_CURVE('',#1242,#1235,#711,.T.);
#1576=EDGE_CURVE('',#1243,#1244,#507,.T.);
#1577=EDGE_CURVE('',#1245,#1244,#712,.T.);
#1578=EDGE_CURVE('',#1246,#1245,#508,.T.);
#1579=EDGE_CURVE('',#1243,#1246,#713,.T.);
#1580=EDGE_CURVE('',#1246,#1245,#714,.T.);
#1581=EDGE_CURVE('',#1244,#1247,#715,.T.);
#1582=EDGE_CURVE('',#1247,#1248,#716,.T.);
#1583=EDGE_CURVE('',#1249,#1248,#717,.T.);
#1584=EDGE_CURVE('',#1250,#1249,#718,.T.);
#1585=EDGE_CURVE('',#1250,#1243,#719,.T.);
#1586=EDGE_CURVE('',#1247,#1242,#509,.T.);
#1587=EDGE_CURVE('',#1248,#1241,#510,.T.);
#1588=EDGE_CURVE('',#1239,#1250,#511,.T.);
#1589=EDGE_CURVE('',#1240,#1249,#512,.T.);
#1590=EDGE_CURVE('',#1251,#1252,#720,.T.);
#1591=EDGE_CURVE('',#1251,#1253,#721,.T.);
#1592=EDGE_CURVE('',#1254,#1253,#722,.T.);
#1593=EDGE_CURVE('',#1252,#1254,#723,.T.);
#1594=EDGE_CURVE('',#1252,#1255,#513,.T.);
#1595=EDGE_CURVE('',#1256,#1254,#514,.T.);
#1596=EDGE_CURVE('',#1255,#1256,#724,.T.);
#1597=EDGE_CURVE('',#1255,#1257,#725,.T.);
#1598=EDGE_CURVE('',#1258,#1256,#726,.T.);
#1599=EDGE_CURVE('',#1257,#1258,#727,.T.);
#1600=EDGE_CURVE('',#1257,#1259,#515,.T.);
#1601=EDGE_CURVE('',#1260,#1258,#516,.T.);
#1602=EDGE_CURVE('',#1259,#1260,#728,.T.);
#1603=EDGE_CURVE('',#1259,#1261,#729,.T.);
#1604=EDGE_CURVE('',#1262,#1260,#730,.T.);
#1605=EDGE_CURVE('',#1261,#1262,#731,.T.);
#1606=EDGE_CURVE('',#1263,#1251,#517,.T.);
#1607=EDGE_CURVE('',#1263,#1264,#732,.T.);
#1608=EDGE_CURVE('',#1253,#1264,#518,.T.);
#1609=EDGE_CURVE('',#1265,#1263,#733,.T.);
#1610=EDGE_CURVE('',#1265,#1266,#734,.T.);
#1611=EDGE_CURVE('',#1264,#1266,#735,.T.);
#1612=EDGE_CURVE('',#1261,#1265,#519,.T.);
#1613=EDGE_CURVE('',#1266,#1262,#520,.T.);
#1614=EDGE_CURVE('',#1267,#1268,#736,.T.);
#1615=EDGE_CURVE('',#1268,#1269,#737,.T.);
#1616=EDGE_CURVE('',#1269,#1270,#738,.T.);
#1617=EDGE_CURVE('',#1270,#1267,#739,.T.);
#1618=EDGE_CURVE('',#1268,#1271,#740,.T.);
#1619=EDGE_CURVE('',#1272,#1271,#741,.T.);
#1620=EDGE_CURVE('',#1272,#1269,#742,.T.);
#1621=EDGE_CURVE('',#1273,#1267,#743,.T.);
#1622=EDGE_CURVE('',#1274,#1273,#744,.T.);
#1623=EDGE_CURVE('',#1274,#1275,#745,.T.);
#1624=EDGE_CURVE('',#1271,#1275,#746,.T.);
#1625=EDGE_CURVE('',#1276,#1272,#747,.T.);
#1626=EDGE_CURVE('',#1275,#1276,#748,.T.);
#1627=EDGE_CURVE('',#1277,#1276,#749,.T.);
#1628=EDGE_CURVE('',#1278,#1277,#750,.T.);
#1629=EDGE_CURVE('',#1278,#1270,#751,.T.);
#1630=EDGE_CURVE('',#1277,#1274,#752,.T.);
#1631=EDGE_CURVE('',#1273,#1278,#753,.T.);
#1632=EDGE_CURVE('',#1279,#1280,#754,.T.);
#1633=EDGE_CURVE('',#1281,#1279,#755,.T.);
#1634=EDGE_CURVE('',#1282,#1281,#756,.T.);
#1635=EDGE_CURVE('',#1282,#1280,#757,.T.);
#1636=EDGE_CURVE('',#1280,#1283,#521,.T.);
#1637=EDGE_CURVE('',#1284,#1282,#522,.T.);
#1638=EDGE_CURVE('',#1284,#1283,#758,.T.);
#1639=EDGE_CURVE('',#1283,#1285,#759,.T.);
#1640=EDGE_CURVE('',#1286,#1284,#760,.T.);
#1641=EDGE_CURVE('',#1286,#1285,#761,.T.);
#1642=EDGE_CURVE('',#1285,#1287,#523,.T.);
#1643=EDGE_CURVE('',#1288,#1286,#524,.T.);
#1644=EDGE_CURVE('',#1288,#1287,#762,.T.);
#1645=EDGE_CURVE('',#1287,#1289,#763,.T.);
#1646=EDGE_CURVE('',#1290,#1288,#764,.T.);
#1647=EDGE_CURVE('',#1290,#1289,#765,.T.);
#1648=EDGE_CURVE('',#1289,#1291,#525,.T.);
#1649=EDGE_CURVE('',#1292,#1290,#526,.T.);
#1650=EDGE_CURVE('',#1292,#1291,#766,.T.);
#1651=EDGE_CURVE('',#1291,#1293,#767,.T.);
#1652=EDGE_CURVE('',#1294,#1292,#768,.T.);
#1653=EDGE_CURVE('',#1294,#1293,#769,.T.);
#1654=EDGE_CURVE('',#1293,#1279,#527,.T.);
#1655=EDGE_CURVE('',#1281,#1294,#528,.T.);
#1656=EDGE_CURVE('',#1295,#1296,#770,.T.);
#1657=EDGE_CURVE('',#1296,#1297,#771,.T.);
#1658=EDGE_CURVE('',#1297,#1298,#772,.T.);
#1659=EDGE_CURVE('',#1298,#1295,#773,.T.);
#1660=EDGE_CURVE('',#1299,#1297,#774,.T.);
#1661=EDGE_CURVE('',#1300,#1299,#775,.T.);
#1662=EDGE_CURVE('',#1301,#1300,#776,.T.);
#1663=EDGE_CURVE('',#1301,#1302,#777,.T.);
#1664=EDGE_CURVE('',#1302,#1298,#778,.T.);
#1665=EDGE_CURVE('',#1296,#1303,#779,.T.);
#1666=EDGE_CURVE('',#1299,#1303,#780,.T.);
#1667=EDGE_CURVE('',#1303,#1304,#781,.T.);
#1668=EDGE_CURVE('',#1304,#1300,#782,.T.);
#1669=EDGE_CURVE('',#1305,#1295,#783,.T.);
#1670=EDGE_CURVE('',#1305,#1306,#784,.T.);
#1671=EDGE_CURVE('',#1306,#1304,#785,.T.);
#1672=EDGE_CURVE('',#1302,#1305,#786,.T.);
#1673=EDGE_CURVE('',#1306,#1301,#787,.T.);
#1674=EDGE_CURVE('',#1307,#1308,#788,.T.);
#1675=EDGE_CURVE('',#1309,#1307,#789,.T.);
#1676=EDGE_CURVE('',#1310,#1309,#790,.T.);
#1677=EDGE_CURVE('',#1310,#1308,#791,.T.);
#1678=EDGE_CURVE('',#1308,#1311,#529,.T.);
#1679=EDGE_CURVE('',#1312,#1310,#530,.T.);
#1680=EDGE_CURVE('',#1312,#1311,#792,.T.);
#1681=EDGE_CURVE('',#1311,#1313,#793,.T.);
#1682=EDGE_CURVE('',#1314,#1312,#794,.T.);
#1683=EDGE_CURVE('',#1314,#1313,#795,.T.);
#1684=EDGE_CURVE('',#1313,#1315,#531,.T.);
#1685=EDGE_CURVE('',#1316,#1314,#532,.T.);
#1686=EDGE_CURVE('',#1316,#1315,#796,.T.);
#1687=EDGE_CURVE('',#1315,#1317,#797,.T.);
#1688=EDGE_CURVE('',#1318,#1316,#798,.T.);
#1689=EDGE_CURVE('',#1318,#1317,#799,.T.);
#1690=EDGE_CURVE('',#1317,#1319,#533,.T.);
#1691=EDGE_CURVE('',#1320,#1318,#534,.T.);
#1692=EDGE_CURVE('',#1320,#1319,#800,.T.);
#1693=EDGE_CURVE('',#1319,#1321,#801,.T.);
#1694=EDGE_CURVE('',#1322,#1320,#802,.T.);
#1695=EDGE_CURVE('',#1322,#1321,#803,.T.);
#1696=EDGE_CURVE('',#1321,#1307,#535,.T.);
#1697=EDGE_CURVE('',#1309,#1322,#536,.T.);
#1698=EDGE_CURVE('',#1323,#1324,#804,.T.);
#1699=EDGE_CURVE('',#1324,#1325,#805,.T.);
#1700=EDGE_CURVE('',#1325,#1326,#806,.T.);
#1701=EDGE_CURVE('',#1326,#1323,#807,.T.);
#1702=EDGE_CURVE('',#1324,#1327,#808,.T.);
#1703=EDGE_CURVE('',#1328,#1327,#809,.T.);
#1704=EDGE_CURVE('',#1328,#1325,#810,.T.);
#1705=EDGE_CURVE('',#1329,#1323,#811,.T.);
#1706=EDGE_CURVE('',#1329,#1330,#812,.T.);
#1707=EDGE_CURVE('',#1330,#1331,#813,.T.);
#1708=EDGE_CURVE('',#1327,#1331,#814,.T.);
#1709=EDGE_CURVE('',#1332,#1328,#815,.T.);
#1710=EDGE_CURVE('',#1331,#1332,#816,.T.);
#1711=EDGE_CURVE('',#1333,#1332,#817,.T.);
#1712=EDGE_CURVE('',#1333,#1334,#818,.T.);
#1713=EDGE_CURVE('',#1334,#1326,#819,.T.);
#1714=EDGE_CURVE('',#1330,#1333,#820,.T.);
#1715=EDGE_CURVE('',#1334,#1329,#821,.T.);
#1716=EDGE_CURVE('',#1335,#1336,#822,.T.);
#1717=EDGE_CURVE('',#1335,#1337,#823,.T.);
#1718=EDGE_CURVE('',#1338,#1337,#824,.T.);
#1719=EDGE_CURVE('',#1336,#1338,#825,.T.);
#1720=EDGE_CURVE('',#1336,#1339,#537,.T.);
#1721=EDGE_CURVE('',#1340,#1338,#538,.T.);
#1722=EDGE_CURVE('',#1339,#1340,#826,.T.);
#1723=EDGE_CURVE('',#1339,#1341,#827,.T.);
#1724=EDGE_CURVE('',#1342,#1340,#828,.T.);
#1725=EDGE_CURVE('',#1341,#1342,#829,.T.);
#1726=EDGE_CURVE('',#1341,#1343,#539,.T.);
#1727=EDGE_CURVE('',#1344,#1342,#540,.T.);
#1728=EDGE_CURVE('',#1343,#1344,#830,.T.);
#1729=EDGE_CURVE('',#1343,#1345,#831,.T.);
#1730=EDGE_CURVE('',#1346,#1344,#832,.T.);
#1731=EDGE_CURVE('',#1345,#1346,#833,.T.);
#1732=EDGE_CURVE('',#1347,#1335,#541,.T.);
#1733=EDGE_CURVE('',#1347,#1348,#834,.T.);
#1734=EDGE_CURVE('',#1337,#1348,#542,.T.);
#1735=EDGE_CURVE('',#1349,#1347,#835,.T.);
#1736=EDGE_CURVE('',#1349,#1350,#836,.T.);
#1737=EDGE_CURVE('',#1348,#1350,#837,.T.);
#1738=EDGE_CURVE('',#1345,#1349,#543,.T.);
#1739=EDGE_CURVE('',#1350,#1346,#544,.T.);
#1740=EDGE_CURVE('',#1351,#1352,#838,.T.);
#1741=EDGE_CURVE('',#1352,#1353,#839,.T.);
#1742=EDGE_CURVE('',#1353,#1354,#840,.T.);
#1743=EDGE_CURVE('',#1354,#1351,#841,.T.);
#1744=EDGE_CURVE('',#1352,#1355,#842,.T.);
#1745=EDGE_CURVE('',#1356,#1355,#843,.T.);
#1746=EDGE_CURVE('',#1356,#1353,#844,.T.);
#1747=EDGE_CURVE('',#1357,#1351,#845,.T.);
#1748=EDGE_CURVE('',#1357,#1358,#846,.T.);
#1749=EDGE_CURVE('',#1358,#1359,#847,.T.);
#1750=EDGE_CURVE('',#1355,#1359,#848,.T.);
#1751=EDGE_CURVE('',#1360,#1356,#849,.T.);
#1752=EDGE_CURVE('',#1359,#1360,#850,.T.);
#1753=EDGE_CURVE('',#1361,#1360,#851,.T.);
#1754=EDGE_CURVE('',#1361,#1362,#852,.T.);
#1755=EDGE_CURVE('',#1362,#1354,#853,.T.);
#1756=EDGE_CURVE('',#1358,#1361,#854,.T.);
#1757=EDGE_CURVE('',#1362,#1357,#855,.T.);
#1758=EDGE_CURVE('',#1363,#1363,#545,.T.);
#1759=EDGE_CURVE('',#1363,#1364,#856,.T.);
#1760=EDGE_CURVE('',#1364,#1364,#546,.T.);
#1761=EDGE_CURVE('',#1365,#1365,#547,.T.);
#1762=EDGE_CURVE('',#1365,#1366,#857,.T.);
#1763=EDGE_CURVE('',#1366,#1366,#548,.T.);
#1764=EDGE_CURVE('',#1367,#1368,#858,.T.);
#1765=EDGE_CURVE('',#1368,#1369,#620,.T.);
#1766=EDGE_CURVE('',#1369,#1370,#549,.F.);
#1767=EDGE_CURVE('',#1370,#1367,#621,.T.);
#1768=EDGE_CURVE('',#1371,#1372,#859,.T.);
#1769=EDGE_CURVE('',#1372,#1368,#622,.T.);
#1770=EDGE_CURVE('',#1367,#1371,#623,.T.);
#1771=EDGE_CURVE('',#1373,#1374,#860,.T.);
#1772=EDGE_CURVE('',#1373,#1375,#624,.T.);
#1773=EDGE_CURVE('',#1376,#1375,#550,.F.);
#1774=EDGE_CURVE('',#1376,#1374,#625,.T.);
#1775=EDGE_CURVE('',#1377,#1378,#861,.T.);
#1776=EDGE_CURVE('',#1378,#1379,#626,.T.);
#1777=EDGE_CURVE('',#1380,#1379,#551,.T.);
#1778=EDGE_CURVE('',#1377,#1380,#627,.T.);
#1779=EDGE_CURVE('',#1381,#1382,#862,.T.);
#1780=EDGE_CURVE('',#1382,#1378,#628,.T.);
#1781=EDGE_CURVE('',#1381,#1377,#629,.T.);
#1782=EDGE_CURVE('',#1383,#1384,#863,.T.);
#1783=EDGE_CURVE('',#1385,#1383,#630,.T.);
#1784=EDGE_CURVE('',#1386,#1385,#552,.T.);
#1785=EDGE_CURVE('',#1386,#1384,#631,.T.);
#1786=EDGE_CURVE('',#1384,#1382,#632,.T.);
#1787=EDGE_CURVE('',#1383,#1381,#633,.T.);
#1788=EDGE_CURVE('',#1379,#1376,#634,.T.);
#1789=EDGE_CURVE('',#1369,#1386,#635,.T.);
#1790=EDGE_CURVE('',#1374,#1372,#636,.T.);
#1791=EDGE_CURVE('',#1375,#1380,#637,.T.);
#1792=EDGE_CURVE('',#1371,#1373,#638,.T.);
#1793=EDGE_CURVE('',#1385,#1370,#639,.T.);
#1794=EDGE_CURVE('',#1387,#1388,#864,.T.);
#1795=EDGE_CURVE('',#1388,#1389,#865,.T.);
#1796=EDGE_CURVE('',#1389,#1390,#866,.T.);
#1797=EDGE_CURVE('',#1390,#1391,#867,.T.);
#1798=EDGE_CURVE('',#1391,#1392,#868,.T.);
#1799=EDGE_CURVE('',#1392,#1387,#869,.T.);
#1800=EDGE_CURVE('',#1393,#1394,#870,.T.);
#1801=EDGE_CURVE('',#1394,#1387,#871,.T.);
#1802=EDGE_CURVE('',#1393,#1392,#872,.T.);
#1803=EDGE_CURVE('',#1395,#1393,#873,.T.);
#1804=EDGE_CURVE('',#1395,#1391,#874,.T.);
#1805=EDGE_CURVE('',#1396,#1395,#875,.T.);
#1806=EDGE_CURVE('',#1396,#1390,#876,.T.);
#1807=EDGE_CURVE('',#1397,#1396,#877,.T.);
#1808=EDGE_CURVE('',#1397,#1389,#878,.T.);
#1809=EDGE_CURVE('',#1398,#1397,#879,.T.);
#1810=EDGE_CURVE('',#1398,#1388,#880,.T.);
#1811=EDGE_CURVE('',#1394,#1398,#881,.T.);
#1812=ORIENTED_EDGE('',*,*,#1399,.F.);
#1813=ORIENTED_EDGE('',*,*,#1400,.T.);
#1814=ORIENTED_EDGE('',*,*,#1401,.F.);
#1815=ORIENTED_EDGE('',*,*,#1402,.F.);
#1816=ORIENTED_EDGE('',*,*,#1403,.T.);
#1817=ORIENTED_EDGE('',*,*,#1399,.T.);
#1818=ORIENTED_EDGE('',*,*,#1404,.F.);
#1819=ORIENTED_EDGE('',*,*,#1405,.F.);
#1820=ORIENTED_EDGE('',*,*,#1406,.F.);
#1821=ORIENTED_EDGE('',*,*,#1407,.T.);
#1822=ORIENTED_EDGE('',*,*,#1402,.T.);
#1823=ORIENTED_EDGE('',*,*,#1408,.F.);
#1824=ORIENTED_EDGE('',*,*,#1409,.F.);
#1825=ORIENTED_EDGE('',*,*,#1410,.T.);
#1826=ORIENTED_EDGE('',*,*,#1406,.T.);
#1827=ORIENTED_EDGE('',*,*,#1411,.F.);
#1828=ORIENTED_EDGE('',*,*,#1412,.F.);
#1829=ORIENTED_EDGE('',*,*,#1413,.T.);
#1830=ORIENTED_EDGE('',*,*,#1409,.T.);
#1831=ORIENTED_EDGE('',*,*,#1414,.F.);
#1832=ORIENTED_EDGE('',*,*,#1415,.F.);
#1833=ORIENTED_EDGE('',*,*,#1416,.T.);
#1834=ORIENTED_EDGE('',*,*,#1412,.T.);
#1835=ORIENTED_EDGE('',*,*,#1417,.F.);
#1836=ORIENTED_EDGE('',*,*,#1418,.F.);
#1837=ORIENTED_EDGE('',*,*,#1419,.T.);
#1838=ORIENTED_EDGE('',*,*,#1415,.T.);
#1839=ORIENTED_EDGE('',*,*,#1420,.F.);
#1840=ORIENTED_EDGE('',*,*,#1421,.F.);
#1841=ORIENTED_EDGE('',*,*,#1422,.T.);
#1842=ORIENTED_EDGE('',*,*,#1418,.T.);
#1843=ORIENTED_EDGE('',*,*,#1423,.F.);
#1844=ORIENTED_EDGE('',*,*,#1424,.F.);
#1845=ORIENTED_EDGE('',*,*,#1425,.T.);
#1846=ORIENTED_EDGE('',*,*,#1421,.T.);
#1847=ORIENTED_EDGE('',*,*,#1426,.F.);
#1848=ORIENTED_EDGE('',*,*,#1427,.F.);
#1849=ORIENTED_EDGE('',*,*,#1428,.T.);
#1850=ORIENTED_EDGE('',*,*,#1424,.T.);
#1851=ORIENTED_EDGE('',*,*,#1429,.F.);
#1852=ORIENTED_EDGE('',*,*,#1430,.F.);
#1853=ORIENTED_EDGE('',*,*,#1431,.T.);
#1854=ORIENTED_EDGE('',*,*,#1427,.T.);
#1855=ORIENTED_EDGE('',*,*,#1432,.F.);
#1856=ORIENTED_EDGE('',*,*,#1433,.F.);
#1857=ORIENTED_EDGE('',*,*,#1434,.T.);
#1858=ORIENTED_EDGE('',*,*,#1430,.T.);
#1859=ORIENTED_EDGE('',*,*,#1435,.F.);
#1860=ORIENTED_EDGE('',*,*,#1436,.F.);
#1861=ORIENTED_EDGE('',*,*,#1437,.T.);
#1862=ORIENTED_EDGE('',*,*,#1433,.T.);
#1863=ORIENTED_EDGE('',*,*,#1438,.F.);
#1864=ORIENTED_EDGE('',*,*,#1439,.F.);
#1865=ORIENTED_EDGE('',*,*,#1440,.T.);
#1866=ORIENTED_EDGE('',*,*,#1436,.T.);
#1867=ORIENTED_EDGE('',*,*,#1441,.F.);
#1868=ORIENTED_EDGE('',*,*,#1442,.F.);
#1869=ORIENTED_EDGE('',*,*,#1443,.T.);
#1870=ORIENTED_EDGE('',*,*,#1439,.T.);
#1871=ORIENTED_EDGE('',*,*,#1444,.F.);
#1872=ORIENTED_EDGE('',*,*,#1445,.F.);
#1873=ORIENTED_EDGE('',*,*,#1446,.T.);
#1874=ORIENTED_EDGE('',*,*,#1447,.T.);
#1875=ORIENTED_EDGE('',*,*,#1448,.T.);
#1876=ORIENTED_EDGE('',*,*,#1449,.F.);
#1877=ORIENTED_EDGE('',*,*,#1448,.F.);
#1878=ORIENTED_EDGE('',*,*,#1450,.T.);
#1879=ORIENTED_EDGE('',*,*,#1451,.T.);
#1880=ORIENTED_EDGE('',*,*,#1452,.F.);
#1881=ORIENTED_EDGE('',*,*,#1453,.T.);
#1882=ORIENTED_EDGE('',*,*,#1445,.T.);
#1883=ORIENTED_EDGE('',*,*,#1454,.T.);
#1884=ORIENTED_EDGE('',*,*,#1455,.F.);
#1885=ORIENTED_EDGE('',*,*,#1456,.T.);
#1886=ORIENTED_EDGE('',*,*,#1452,.T.);
#1887=ORIENTED_EDGE('',*,*,#1457,.T.);
#1888=ORIENTED_EDGE('',*,*,#1458,.F.);
#1889=ORIENTED_EDGE('',*,*,#1459,.T.);
#1890=ORIENTED_EDGE('',*,*,#1455,.T.);
#1891=ORIENTED_EDGE('',*,*,#1460,.T.);
#1892=ORIENTED_EDGE('',*,*,#1461,.F.);
#1893=ORIENTED_EDGE('',*,*,#1462,.T.);
#1894=ORIENTED_EDGE('',*,*,#1458,.T.);
#1895=ORIENTED_EDGE('',*,*,#1463,.T.);
#1896=ORIENTED_EDGE('',*,*,#1464,.F.);
#1897=ORIENTED_EDGE('',*,*,#1465,.T.);
#1898=ORIENTED_EDGE('',*,*,#1461,.T.);
#1899=ORIENTED_EDGE('',*,*,#1466,.T.);
#1900=ORIENTED_EDGE('',*,*,#1467,.F.);
#1901=ORIENTED_EDGE('',*,*,#1468,.T.);
#1902=ORIENTED_EDGE('',*,*,#1464,.T.);
#1903=ORIENTED_EDGE('',*,*,#1469,.T.);
#1904=ORIENTED_EDGE('',*,*,#1470,.F.);
#1905=ORIENTED_EDGE('',*,*,#1471,.T.);
#1906=ORIENTED_EDGE('',*,*,#1467,.T.);
#1907=ORIENTED_EDGE('',*,*,#1472,.T.);
#1908=ORIENTED_EDGE('',*,*,#1473,.F.);
#1909=ORIENTED_EDGE('',*,*,#1474,.T.);
#1910=ORIENTED_EDGE('',*,*,#1470,.T.);
#1911=ORIENTED_EDGE('',*,*,#1475,.T.);
#1912=ORIENTED_EDGE('',*,*,#1476,.F.);
#1913=ORIENTED_EDGE('',*,*,#1477,.T.);
#1914=ORIENTED_EDGE('',*,*,#1473,.T.);
#1915=ORIENTED_EDGE('',*,*,#1478,.T.);
#1916=ORIENTED_EDGE('',*,*,#1479,.F.);
#1917=ORIENTED_EDGE('',*,*,#1480,.T.);
#1918=ORIENTED_EDGE('',*,*,#1476,.T.);
#1919=ORIENTED_EDGE('',*,*,#1481,.T.);
#1920=ORIENTED_EDGE('',*,*,#1482,.F.);
#1921=ORIENTED_EDGE('',*,*,#1483,.T.);
#1922=ORIENTED_EDGE('',*,*,#1479,.T.);
#1923=ORIENTED_EDGE('',*,*,#1484,.T.);
#1924=ORIENTED_EDGE('',*,*,#1485,.F.);
#1925=ORIENTED_EDGE('',*,*,#1486,.T.);
#1926=ORIENTED_EDGE('',*,*,#1482,.T.);
#1927=ORIENTED_EDGE('',*,*,#1487,.T.);
#1928=ORIENTED_EDGE('',*,*,#1488,.F.);
#1929=ORIENTED_EDGE('',*,*,#1489,.T.);
#1930=ORIENTED_EDGE('',*,*,#1485,.T.);
#1931=ORIENTED_EDGE('',*,*,#1490,.T.);
#1932=ORIENTED_EDGE('',*,*,#1491,.F.);
#1933=ORIENTED_EDGE('',*,*,#1492,.T.);
#1934=ORIENTED_EDGE('',*,*,#1488,.T.);
#1935=ORIENTED_EDGE('',*,*,#1493,.T.);
#1936=ORIENTED_EDGE('',*,*,#1494,.F.);
#1937=ORIENTED_EDGE('',*,*,#1495,.T.);
#1938=ORIENTED_EDGE('',*,*,#1496,.T.);
#1939=ORIENTED_EDGE('',*,*,#1497,.T.);
#1940=ORIENTED_EDGE('',*,*,#1495,.F.);
#1941=ORIENTED_EDGE('',*,*,#1498,.T.);
#1942=ORIENTED_EDGE('',*,*,#1499,.F.);
#1943=ORIENTED_EDGE('',*,*,#1500,.F.);
#1944=ORIENTED_EDGE('',*,*,#1501,.F.);
#1945=ORIENTED_EDGE('',*,*,#1502,.T.);
#1946=ORIENTED_EDGE('',*,*,#1503,.T.);
#1947=ORIENTED_EDGE('',*,*,#1504,.T.);
#1948=ORIENTED_EDGE('',*,*,#1494,.T.);
#1949=ORIENTED_EDGE('',*,*,#1505,.F.);
#1950=ORIENTED_EDGE('',*,*,#1501,.T.);
#1951=ORIENTED_EDGE('',*,*,#1506,.F.);
#1952=ORIENTED_EDGE('',*,*,#1507,.T.);
#1953=ORIENTED_EDGE('',*,*,#1508,.F.);
#1954=ORIENTED_EDGE('',*,*,#1509,.T.);
#1955=ORIENTED_EDGE('',*,*,#1498,.F.);
#1956=ORIENTED_EDGE('',*,*,#1504,.F.);
#1957=ORIENTED_EDGE('',*,*,#1510,.F.);
#1958=ORIENTED_EDGE('',*,*,#1511,.F.);
#1959=ORIENTED_EDGE('',*,*,#1506,.T.);
#1960=ORIENTED_EDGE('',*,*,#1509,.F.);
#1961=ORIENTED_EDGE('',*,*,#1512,.T.);
#1962=ORIENTED_EDGE('',*,*,#1513,.T.);
#1963=ORIENTED_EDGE('',*,*,#1499,.T.);
#1964=ORIENTED_EDGE('',*,*,#1512,.F.);
#1965=ORIENTED_EDGE('',*,*,#1508,.T.);
#1966=ORIENTED_EDGE('',*,*,#1514,.F.);
#1967=ORIENTED_EDGE('',*,*,#1515,.F.);
#1968=ORIENTED_EDGE('',*,*,#1507,.F.);
#1969=ORIENTED_EDGE('',*,*,#1511,.T.);
#1970=ORIENTED_EDGE('',*,*,#1516,.T.);
#1971=ORIENTED_EDGE('',*,*,#1514,.T.);
#1972=ORIENTED_EDGE('',*,*,#1517,.F.);
#1973=ORIENTED_EDGE('',*,*,#1518,.T.);
#1974=ORIENTED_EDGE('',*,*,#1519,.T.);
#1975=ORIENTED_EDGE('',*,*,#1520,.T.);
#1976=ORIENTED_EDGE('',*,*,#1517,.T.);
#1977=ORIENTED_EDGE('',*,*,#1521,.F.);
#1978=ORIENTED_EDGE('',*,*,#1522,.T.);
#1979=ORIENTED_EDGE('',*,*,#1523,.F.);
#1980=ORIENTED_EDGE('',*,*,#1524,.T.);
#1981=ORIENTED_EDGE('',*,*,#1525,.F.);
#1982=ORIENTED_EDGE('',*,*,#1526,.T.);
#1983=ORIENTED_EDGE('',*,*,#1527,.F.);
#1984=ORIENTED_EDGE('',*,*,#1520,.F.);
#1985=ORIENTED_EDGE('',*,*,#1528,.F.);
#1986=ORIENTED_EDGE('',*,*,#1529,.F.);
#1987=ORIENTED_EDGE('',*,*,#1521,.T.);
#1988=ORIENTED_EDGE('',*,*,#1526,.F.);
#1989=ORIENTED_EDGE('',*,*,#1530,.T.);
#1990=ORIENTED_EDGE('',*,*,#1531,.T.);
#1991=ORIENTED_EDGE('',*,*,#1532,.T.);
#1992=ORIENTED_EDGE('',*,*,#1530,.F.);
#1993=ORIENTED_EDGE('',*,*,#1525,.T.);
#1994=ORIENTED_EDGE('',*,*,#1533,.F.);
#1995=ORIENTED_EDGE('',*,*,#1534,.F.);
#1996=ORIENTED_EDGE('',*,*,#1524,.F.);
#1997=ORIENTED_EDGE('',*,*,#1535,.T.);
#1998=ORIENTED_EDGE('',*,*,#1536,.T.);
#1999=ORIENTED_EDGE('',*,*,#1533,.T.);
#2000=ORIENTED_EDGE('',*,*,#1535,.F.);
#2001=ORIENTED_EDGE('',*,*,#1523,.T.);
#2002=ORIENTED_EDGE('',*,*,#1537,.F.);
#2003=ORIENTED_EDGE('',*,*,#1538,.F.);
#2004=ORIENTED_EDGE('',*,*,#1522,.F.);
#2005=ORIENTED_EDGE('',*,*,#1529,.T.);
#2006=ORIENTED_EDGE('',*,*,#1539,.T.);
#2007=ORIENTED_EDGE('',*,*,#1537,.T.);
#2008=ORIENTED_EDGE('',*,*,#1540,.F.);
#2009=ORIENTED_EDGE('',*,*,#1541,.T.);
#2010=ORIENTED_EDGE('',*,*,#1542,.T.);
#2011=ORIENTED_EDGE('',*,*,#1541,.F.);
#2012=ORIENTED_EDGE('',*,*,#1543,.T.);
#2013=ORIENTED_EDGE('',*,*,#1404,.T.);
#2014=ORIENTED_EDGE('',*,*,#1401,.T.);
#2015=ORIENTED_EDGE('',*,*,#1544,.T.);
#2016=ORIENTED_EDGE('',*,*,#1545,.F.);
#2017=ORIENTED_EDGE('',*,*,#1542,.F.);
#2018=ORIENTED_EDGE('',*,*,#1491,.T.);
#2019=ORIENTED_EDGE('',*,*,#1546,.T.);
#2020=ORIENTED_EDGE('',*,*,#1545,.T.);
#2021=ORIENTED_EDGE('',*,*,#1547,.T.);
#2022=ORIENTED_EDGE('',*,*,#1543,.F.);
#2023=ORIENTED_EDGE('',*,*,#1546,.F.);
#2024=ORIENTED_EDGE('',*,*,#1493,.F.);
#2025=ORIENTED_EDGE('',*,*,#1490,.F.);
#2026=ORIENTED_EDGE('',*,*,#1487,.F.);
#2027=ORIENTED_EDGE('',*,*,#1484,.F.);
#2028=ORIENTED_EDGE('',*,*,#1481,.F.);
#2029=ORIENTED_EDGE('',*,*,#1478,.F.);
#2030=ORIENTED_EDGE('',*,*,#1475,.F.);
#2031=ORIENTED_EDGE('',*,*,#1472,.F.);
#2032=ORIENTED_EDGE('',*,*,#1469,.F.);
#2033=ORIENTED_EDGE('',*,*,#1466,.F.);
#2034=ORIENTED_EDGE('',*,*,#1463,.F.);
#2035=ORIENTED_EDGE('',*,*,#1460,.F.);
#2036=ORIENTED_EDGE('',*,*,#1457,.F.);
#2037=ORIENTED_EDGE('',*,*,#1454,.F.);
#2038=ORIENTED_EDGE('',*,*,#1451,.F.);
#2039=ORIENTED_EDGE('',*,*,#1548,.F.);
#2040=ORIENTED_EDGE('',*,*,#1549,.T.);
#2041=ORIENTED_EDGE('',*,*,#1444,.T.);
#2042=ORIENTED_EDGE('',*,*,#1441,.T.);
#2043=ORIENTED_EDGE('',*,*,#1438,.T.);
#2044=ORIENTED_EDGE('',*,*,#1435,.T.);
#2045=ORIENTED_EDGE('',*,*,#1432,.T.);
#2046=ORIENTED_EDGE('',*,*,#1429,.T.);
#2047=ORIENTED_EDGE('',*,*,#1426,.T.);
#2048=ORIENTED_EDGE('',*,*,#1423,.T.);
#2049=ORIENTED_EDGE('',*,*,#1420,.T.);
#2050=ORIENTED_EDGE('',*,*,#1417,.T.);
#2051=ORIENTED_EDGE('',*,*,#1414,.T.);
#2052=ORIENTED_EDGE('',*,*,#1411,.T.);
#2053=ORIENTED_EDGE('',*,*,#1408,.T.);
#2054=ORIENTED_EDGE('',*,*,#1405,.T.);
#2055=ORIENTED_EDGE('',*,*,#1447,.F.);
#2056=ORIENTED_EDGE('',*,*,#1550,.T.);
#2057=ORIENTED_EDGE('',*,*,#1551,.T.);
#2058=ORIENTED_EDGE('',*,*,#1548,.T.);
#2059=ORIENTED_EDGE('',*,*,#1450,.F.);
#2060=ORIENTED_EDGE('',*,*,#1442,.T.);
#2061=ORIENTED_EDGE('',*,*,#1549,.F.);
#2062=ORIENTED_EDGE('',*,*,#1551,.F.);
#2063=ORIENTED_EDGE('',*,*,#1552,.T.);
#2064=ORIENTED_EDGE('',*,*,#1544,.F.);
#2065=ORIENTED_EDGE('',*,*,#1400,.F.);
#2066=ORIENTED_EDGE('',*,*,#1403,.F.);
#2067=ORIENTED_EDGE('',*,*,#1407,.F.);
#2068=ORIENTED_EDGE('',*,*,#1410,.F.);
#2069=ORIENTED_EDGE('',*,*,#1413,.F.);
#2070=ORIENTED_EDGE('',*,*,#1416,.F.);
#2071=ORIENTED_EDGE('',*,*,#1419,.F.);
#2072=ORIENTED_EDGE('',*,*,#1422,.F.);
#2073=ORIENTED_EDGE('',*,*,#1425,.F.);
#2074=ORIENTED_EDGE('',*,*,#1428,.F.);
#2075=ORIENTED_EDGE('',*,*,#1431,.F.);
#2076=ORIENTED_EDGE('',*,*,#1434,.F.);
#2077=ORIENTED_EDGE('',*,*,#1437,.F.);
#2078=ORIENTED_EDGE('',*,*,#1440,.F.);
#2079=ORIENTED_EDGE('',*,*,#1443,.F.);
#2080=ORIENTED_EDGE('',*,*,#1552,.F.);
#2081=ORIENTED_EDGE('',*,*,#1550,.F.);
#2082=ORIENTED_EDGE('',*,*,#1446,.F.);
#2083=ORIENTED_EDGE('',*,*,#1453,.F.);
#2084=ORIENTED_EDGE('',*,*,#1456,.F.);
#2085=ORIENTED_EDGE('',*,*,#1459,.F.);
#2086=ORIENTED_EDGE('',*,*,#1462,.F.);
#2087=ORIENTED_EDGE('',*,*,#1465,.F.);
#2088=ORIENTED_EDGE('',*,*,#1468,.F.);
#2089=ORIENTED_EDGE('',*,*,#1471,.F.);
#2090=ORIENTED_EDGE('',*,*,#1474,.F.);
#2091=ORIENTED_EDGE('',*,*,#1477,.F.);
#2092=ORIENTED_EDGE('',*,*,#1480,.F.);
#2093=ORIENTED_EDGE('',*,*,#1483,.F.);
#2094=ORIENTED_EDGE('',*,*,#1486,.F.);
#2095=ORIENTED_EDGE('',*,*,#1489,.F.);
#2096=ORIENTED_EDGE('',*,*,#1492,.F.);
#2097=ORIENTED_EDGE('',*,*,#1547,.F.);
#2098=ORIENTED_EDGE('',*,*,#1553,.F.);
#2099=ORIENTED_EDGE('',*,*,#1554,.F.);
#2100=ORIENTED_EDGE('',*,*,#1540,.T.);
#2101=ORIENTED_EDGE('',*,*,#1555,.T.);
#2102=ORIENTED_EDGE('',*,*,#1556,.T.);
#2103=ORIENTED_EDGE('',*,*,#1557,.T.);
#2104=ORIENTED_EDGE('',*,*,#1556,.F.);
#2105=ORIENTED_EDGE('',*,*,#1557,.F.);
#2106=ORIENTED_EDGE('',*,*,#1558,.T.);
#2107=ORIENTED_EDGE('',*,*,#1559,.T.);
#2108=ORIENTED_EDGE('',*,*,#1558,.F.);
#2109=ORIENTED_EDGE('',*,*,#1555,.F.);
#2110=ORIENTED_EDGE('',*,*,#1560,.T.);
#2111=ORIENTED_EDGE('',*,*,#1560,.F.);
#2112=ORIENTED_EDGE('',*,*,#1561,.T.);
#2113=ORIENTED_EDGE('',*,*,#1553,.T.);
#2114=ORIENTED_EDGE('',*,*,#1561,.F.);
#2115=ORIENTED_EDGE('',*,*,#1559,.F.);
#2116=ORIENTED_EDGE('',*,*,#1449,.T.);
#2117=ORIENTED_EDGE('',*,*,#1518,.F.);
#2118=ORIENTED_EDGE('',*,*,#1527,.T.);
#2119=ORIENTED_EDGE('',*,*,#1532,.F.);
#2120=ORIENTED_EDGE('',*,*,#1562,.F.);
#2121=ORIENTED_EDGE('',*,*,#1497,.F.);
#2122=ORIENTED_EDGE('',*,*,#1563,.F.);
#2123=ORIENTED_EDGE('',*,*,#1502,.F.);
#2124=ORIENTED_EDGE('',*,*,#1505,.T.);
#2125=ORIENTED_EDGE('',*,*,#1564,.F.);
#2126=ORIENTED_EDGE('',*,*,#1565,.T.);
#2127=ORIENTED_EDGE('',*,*,#1554,.T.);
#2128=ORIENTED_EDGE('',*,*,#1565,.F.);
#2129=ORIENTED_EDGE('',*,*,#1564,.T.);
#2130=ORIENTED_EDGE('',*,*,#1510,.T.);
#2131=ORIENTED_EDGE('',*,*,#1503,.F.);
#2132=ORIENTED_EDGE('',*,*,#1563,.T.);
#2133=ORIENTED_EDGE('',*,*,#1496,.F.);
#2134=ORIENTED_EDGE('',*,*,#1500,.T.);
#2135=ORIENTED_EDGE('',*,*,#1513,.F.);
#2136=ORIENTED_EDGE('',*,*,#1515,.T.);
#2137=ORIENTED_EDGE('',*,*,#1516,.F.);
#2138=ORIENTED_EDGE('',*,*,#1562,.T.);
#2139=ORIENTED_EDGE('',*,*,#1531,.F.);
#2140=ORIENTED_EDGE('',*,*,#1534,.T.);
#2141=ORIENTED_EDGE('',*,*,#1536,.F.);
#2142=ORIENTED_EDGE('',*,*,#1538,.T.);
#2143=ORIENTED_EDGE('',*,*,#1539,.F.);
#2144=ORIENTED_EDGE('',*,*,#1528,.T.);
#2145=ORIENTED_EDGE('',*,*,#1519,.F.);
#2146=ORIENTED_EDGE('',*,*,#1566,.T.);
#2147=ORIENTED_EDGE('',*,*,#1567,.F.);
#2148=ORIENTED_EDGE('',*,*,#1568,.F.);
#2149=ORIENTED_EDGE('',*,*,#1569,.F.);
#2150=ORIENTED_EDGE('',*,*,#1568,.T.);
#2151=ORIENTED_EDGE('',*,*,#1570,.F.);
#2152=ORIENTED_EDGE('',*,*,#1569,.T.);
#2153=ORIENTED_EDGE('',*,*,#1570,.T.);
#2154=ORIENTED_EDGE('',*,*,#1567,.T.);
#2155=ORIENTED_EDGE('',*,*,#1571,.T.);
#2156=ORIENTED_EDGE('',*,*,#1572,.T.);
#2157=ORIENTED_EDGE('',*,*,#1573,.F.);
#2158=ORIENTED_EDGE('',*,*,#1574,.F.);
#2159=ORIENTED_EDGE('',*,*,#1575,.T.);
#2160=ORIENTED_EDGE('',*,*,#1576,.T.);
#2161=ORIENTED_EDGE('',*,*,#1577,.F.);
#2162=ORIENTED_EDGE('',*,*,#1578,.F.);
#2163=ORIENTED_EDGE('',*,*,#1579,.F.);
#2164=ORIENTED_EDGE('',*,*,#1578,.T.);
#2165=ORIENTED_EDGE('',*,*,#1580,.F.);
#2166=ORIENTED_EDGE('',*,*,#1579,.T.);
#2167=ORIENTED_EDGE('',*,*,#1580,.T.);
#2168=ORIENTED_EDGE('',*,*,#1577,.T.);
#2169=ORIENTED_EDGE('',*,*,#1581,.T.);
#2170=ORIENTED_EDGE('',*,*,#1582,.T.);
#2171=ORIENTED_EDGE('',*,*,#1583,.F.);
#2172=ORIENTED_EDGE('',*,*,#1584,.F.);
#2173=ORIENTED_EDGE('',*,*,#1585,.T.);
#2174=ORIENTED_EDGE('',*,*,#1586,.T.);
#2175=ORIENTED_EDGE('',*,*,#1574,.T.);
#2176=ORIENTED_EDGE('',*,*,#1587,.F.);
#2177=ORIENTED_EDGE('',*,*,#1582,.F.);
#2178=ORIENTED_EDGE('',*,*,#1588,.T.);
#2179=ORIENTED_EDGE('',*,*,#1584,.T.);
#2180=ORIENTED_EDGE('',*,*,#1589,.F.);
#2181=ORIENTED_EDGE('',*,*,#1572,.F.);
#2182=ORIENTED_EDGE('',*,*,#1589,.T.);
#2183=ORIENTED_EDGE('',*,*,#1583,.T.);
#2184=ORIENTED_EDGE('',*,*,#1587,.T.);
#2185=ORIENTED_EDGE('',*,*,#1573,.T.);
#2186=ORIENTED_EDGE('',*,*,#1588,.F.);
#2187=ORIENTED_EDGE('',*,*,#1571,.F.);
#2188=ORIENTED_EDGE('',*,*,#1566,.F.);
#2189=ORIENTED_EDGE('',*,*,#1575,.F.);
#2190=ORIENTED_EDGE('',*,*,#1586,.F.);
#2191=ORIENTED_EDGE('',*,*,#1581,.F.);
#2192=ORIENTED_EDGE('',*,*,#1576,.F.);
#2193=ORIENTED_EDGE('',*,*,#1585,.F.);
#2194=ORIENTED_EDGE('',*,*,#1590,.F.);
#2195=ORIENTED_EDGE('',*,*,#1591,.T.);
#2196=ORIENTED_EDGE('',*,*,#1592,.F.);
#2197=ORIENTED_EDGE('',*,*,#1593,.F.);
#2198=ORIENTED_EDGE('',*,*,#1594,.F.);
#2199=ORIENTED_EDGE('',*,*,#1593,.T.);
#2200=ORIENTED_EDGE('',*,*,#1595,.F.);
#2201=ORIENTED_EDGE('',*,*,#1596,.F.);
#2202=ORIENTED_EDGE('',*,*,#1597,.F.);
#2203=ORIENTED_EDGE('',*,*,#1596,.T.);
#2204=ORIENTED_EDGE('',*,*,#1598,.F.);
#2205=ORIENTED_EDGE('',*,*,#1599,.F.);
#2206=ORIENTED_EDGE('',*,*,#1600,.F.);
#2207=ORIENTED_EDGE('',*,*,#1599,.T.);
#2208=ORIENTED_EDGE('',*,*,#1601,.F.);
#2209=ORIENTED_EDGE('',*,*,#1602,.F.);
#2210=ORIENTED_EDGE('',*,*,#1603,.F.);
#2211=ORIENTED_EDGE('',*,*,#1602,.T.);
#2212=ORIENTED_EDGE('',*,*,#1604,.F.);
#2213=ORIENTED_EDGE('',*,*,#1605,.F.);
#2214=ORIENTED_EDGE('',*,*,#1606,.F.);
#2215=ORIENTED_EDGE('',*,*,#1607,.T.);
#2216=ORIENTED_EDGE('',*,*,#1608,.F.);
#2217=ORIENTED_EDGE('',*,*,#1591,.F.);
#2218=ORIENTED_EDGE('',*,*,#1609,.F.);
#2219=ORIENTED_EDGE('',*,*,#1610,.T.);
#2220=ORIENTED_EDGE('',*,*,#1611,.F.);
#2221=ORIENTED_EDGE('',*,*,#1607,.F.);
#2222=ORIENTED_EDGE('',*,*,#1612,.F.);
#2223=ORIENTED_EDGE('',*,*,#1605,.T.);
#2224=ORIENTED_EDGE('',*,*,#1613,.F.);
#2225=ORIENTED_EDGE('',*,*,#1610,.F.);
#2226=ORIENTED_EDGE('',*,*,#1614,.T.);
#2227=ORIENTED_EDGE('',*,*,#1615,.T.);
#2228=ORIENTED_EDGE('',*,*,#1616,.T.);
#2229=ORIENTED_EDGE('',*,*,#1617,.T.);
#2230=ORIENTED_EDGE('',*,*,#1615,.F.);
#2231=ORIENTED_EDGE('',*,*,#1618,.T.);
#2232=ORIENTED_EDGE('',*,*,#1619,.F.);
#2233=ORIENTED_EDGE('',*,*,#1620,.T.);
#2234=ORIENTED_EDGE('',*,*,#1614,.F.);
#2235=ORIENTED_EDGE('',*,*,#1621,.F.);
#2236=ORIENTED_EDGE('',*,*,#1622,.F.);
#2237=ORIENTED_EDGE('',*,*,#1623,.T.);
#2238=ORIENTED_EDGE('',*,*,#1624,.F.);
#2239=ORIENTED_EDGE('',*,*,#1618,.F.);
#2240=ORIENTED_EDGE('',*,*,#1603,.T.);
#2241=ORIENTED_EDGE('',*,*,#1612,.T.);
#2242=ORIENTED_EDGE('',*,*,#1609,.T.);
#2243=ORIENTED_EDGE('',*,*,#1606,.T.);
#2244=ORIENTED_EDGE('',*,*,#1590,.T.);
#2245=ORIENTED_EDGE('',*,*,#1594,.T.);
#2246=ORIENTED_EDGE('',*,*,#1597,.T.);
#2247=ORIENTED_EDGE('',*,*,#1600,.T.);
#2248=ORIENTED_EDGE('',*,*,#1625,.T.);
#2249=ORIENTED_EDGE('',*,*,#1619,.T.);
#2250=ORIENTED_EDGE('',*,*,#1624,.T.);
#2251=ORIENTED_EDGE('',*,*,#1626,.T.);
#2252=ORIENTED_EDGE('',*,*,#1616,.F.);
#2253=ORIENTED_EDGE('',*,*,#1620,.F.);
#2254=ORIENTED_EDGE('',*,*,#1625,.F.);
#2255=ORIENTED_EDGE('',*,*,#1627,.F.);
#2256=ORIENTED_EDGE('',*,*,#1628,.F.);
#2257=ORIENTED_EDGE('',*,*,#1629,.T.);
#2258=ORIENTED_EDGE('',*,*,#1604,.T.);
#2259=ORIENTED_EDGE('',*,*,#1601,.T.);
#2260=ORIENTED_EDGE('',*,*,#1598,.T.);
#2261=ORIENTED_EDGE('',*,*,#1595,.T.);
#2262=ORIENTED_EDGE('',*,*,#1592,.T.);
#2263=ORIENTED_EDGE('',*,*,#1608,.T.);
#2264=ORIENTED_EDGE('',*,*,#1611,.T.);
#2265=ORIENTED_EDGE('',*,*,#1613,.T.);
#2266=ORIENTED_EDGE('',*,*,#1626,.F.);
#2267=ORIENTED_EDGE('',*,*,#1623,.F.);
#2268=ORIENTED_EDGE('',*,*,#1630,.F.);
#2269=ORIENTED_EDGE('',*,*,#1627,.T.);
#2270=ORIENTED_EDGE('',*,*,#1617,.F.);
#2271=ORIENTED_EDGE('',*,*,#1629,.F.);
#2272=ORIENTED_EDGE('',*,*,#1631,.F.);
#2273=ORIENTED_EDGE('',*,*,#1621,.T.);
#2274=ORIENTED_EDGE('',*,*,#1628,.T.);
#2275=ORIENTED_EDGE('',*,*,#1630,.T.);
#2276=ORIENTED_EDGE('',*,*,#1622,.T.);
#2277=ORIENTED_EDGE('',*,*,#1631,.T.);
#2278=ORIENTED_EDGE('',*,*,#1632,.F.);
#2279=ORIENTED_EDGE('',*,*,#1633,.F.);
#2280=ORIENTED_EDGE('',*,*,#1634,.F.);
#2281=ORIENTED_EDGE('',*,*,#1635,.T.);
#2282=ORIENTED_EDGE('',*,*,#1636,.F.);
#2283=ORIENTED_EDGE('',*,*,#1635,.F.);
#2284=ORIENTED_EDGE('',*,*,#1637,.F.);
#2285=ORIENTED_EDGE('',*,*,#1638,.T.);
#2286=ORIENTED_EDGE('',*,*,#1639,.F.);
#2287=ORIENTED_EDGE('',*,*,#1638,.F.);
#2288=ORIENTED_EDGE('',*,*,#1640,.F.);
#2289=ORIENTED_EDGE('',*,*,#1641,.T.);
#2290=ORIENTED_EDGE('',*,*,#1642,.F.);
#2291=ORIENTED_EDGE('',*,*,#1641,.F.);
#2292=ORIENTED_EDGE('',*,*,#1643,.F.);
#2293=ORIENTED_EDGE('',*,*,#1644,.T.);
#2294=ORIENTED_EDGE('',*,*,#1645,.F.);
#2295=ORIENTED_EDGE('',*,*,#1644,.F.);
#2296=ORIENTED_EDGE('',*,*,#1646,.F.);
#2297=ORIENTED_EDGE('',*,*,#1647,.T.);
#2298=ORIENTED_EDGE('',*,*,#1648,.F.);
#2299=ORIENTED_EDGE('',*,*,#1647,.F.);
#2300=ORIENTED_EDGE('',*,*,#1649,.F.);
#2301=ORIENTED_EDGE('',*,*,#1650,.T.);
#2302=ORIENTED_EDGE('',*,*,#1651,.F.);
#2303=ORIENTED_EDGE('',*,*,#1650,.F.);
#2304=ORIENTED_EDGE('',*,*,#1652,.F.);
#2305=ORIENTED_EDGE('',*,*,#1653,.T.);
#2306=ORIENTED_EDGE('',*,*,#1654,.F.);
#2307=ORIENTED_EDGE('',*,*,#1653,.F.);
#2308=ORIENTED_EDGE('',*,*,#1655,.F.);
#2309=ORIENTED_EDGE('',*,*,#1633,.T.);
#2310=ORIENTED_EDGE('',*,*,#1656,.T.);
#2311=ORIENTED_EDGE('',*,*,#1657,.T.);
#2312=ORIENTED_EDGE('',*,*,#1658,.T.);
#2313=ORIENTED_EDGE('',*,*,#1659,.T.);
#2314=ORIENTED_EDGE('',*,*,#1658,.F.);
#2315=ORIENTED_EDGE('',*,*,#1660,.F.);
#2316=ORIENTED_EDGE('',*,*,#1661,.F.);
#2317=ORIENTED_EDGE('',*,*,#1662,.F.);
#2318=ORIENTED_EDGE('',*,*,#1663,.T.);
#2319=ORIENTED_EDGE('',*,*,#1664,.T.);
#2320=ORIENTED_EDGE('',*,*,#1645,.T.);
#2321=ORIENTED_EDGE('',*,*,#1648,.T.);
#2322=ORIENTED_EDGE('',*,*,#1651,.T.);
#2323=ORIENTED_EDGE('',*,*,#1654,.T.);
#2324=ORIENTED_EDGE('',*,*,#1632,.T.);
#2325=ORIENTED_EDGE('',*,*,#1636,.T.);
#2326=ORIENTED_EDGE('',*,*,#1639,.T.);
#2327=ORIENTED_EDGE('',*,*,#1642,.T.);
#2328=ORIENTED_EDGE('',*,*,#1657,.F.);
#2329=ORIENTED_EDGE('',*,*,#1665,.T.);
#2330=ORIENTED_EDGE('',*,*,#1666,.F.);
#2331=ORIENTED_EDGE('',*,*,#1660,.T.);
#2332=ORIENTED_EDGE('',*,*,#1661,.T.);
#2333=ORIENTED_EDGE('',*,*,#1666,.T.);
#2334=ORIENTED_EDGE('',*,*,#1667,.T.);
#2335=ORIENTED_EDGE('',*,*,#1668,.T.);
#2336=ORIENTED_EDGE('',*,*,#1656,.F.);
#2337=ORIENTED_EDGE('',*,*,#1669,.F.);
#2338=ORIENTED_EDGE('',*,*,#1670,.T.);
#2339=ORIENTED_EDGE('',*,*,#1671,.T.);
#2340=ORIENTED_EDGE('',*,*,#1667,.F.);
#2341=ORIENTED_EDGE('',*,*,#1665,.F.);
#2342=ORIENTED_EDGE('',*,*,#1646,.T.);
#2343=ORIENTED_EDGE('',*,*,#1643,.T.);
#2344=ORIENTED_EDGE('',*,*,#1640,.T.);
#2345=ORIENTED_EDGE('',*,*,#1637,.T.);
#2346=ORIENTED_EDGE('',*,*,#1634,.T.);
#2347=ORIENTED_EDGE('',*,*,#1655,.T.);
#2348=ORIENTED_EDGE('',*,*,#1652,.T.);
#2349=ORIENTED_EDGE('',*,*,#1649,.T.);
#2350=ORIENTED_EDGE('',*,*,#1659,.F.);
#2351=ORIENTED_EDGE('',*,*,#1664,.F.);
#2352=ORIENTED_EDGE('',*,*,#1672,.T.);
#2353=ORIENTED_EDGE('',*,*,#1669,.T.);
#2354=ORIENTED_EDGE('',*,*,#1668,.F.);
#2355=ORIENTED_EDGE('',*,*,#1671,.F.);
#2356=ORIENTED_EDGE('',*,*,#1673,.T.);
#2357=ORIENTED_EDGE('',*,*,#1662,.T.);
#2358=ORIENTED_EDGE('',*,*,#1673,.F.);
#2359=ORIENTED_EDGE('',*,*,#1670,.F.);
#2360=ORIENTED_EDGE('',*,*,#1672,.F.);
#2361=ORIENTED_EDGE('',*,*,#1663,.F.);
#2362=ORIENTED_EDGE('',*,*,#1674,.F.);
#2363=ORIENTED_EDGE('',*,*,#1675,.F.);
#2364=ORIENTED_EDGE('',*,*,#1676,.F.);
#2365=ORIENTED_EDGE('',*,*,#1677,.T.);
#2366=ORIENTED_EDGE('',*,*,#1678,.F.);
#2367=ORIENTED_EDGE('',*,*,#1677,.F.);
#2368=ORIENTED_EDGE('',*,*,#1679,.F.);
#2369=ORIENTED_EDGE('',*,*,#1680,.T.);
#2370=ORIENTED_EDGE('',*,*,#1681,.F.);
#2371=ORIENTED_EDGE('',*,*,#1680,.F.);
#2372=ORIENTED_EDGE('',*,*,#1682,.F.);
#2373=ORIENTED_EDGE('',*,*,#1683,.T.);
#2374=ORIENTED_EDGE('',*,*,#1684,.F.);
#2375=ORIENTED_EDGE('',*,*,#1683,.F.);
#2376=ORIENTED_EDGE('',*,*,#1685,.F.);
#2377=ORIENTED_EDGE('',*,*,#1686,.T.);
#2378=ORIENTED_EDGE('',*,*,#1687,.F.);
#2379=ORIENTED_EDGE('',*,*,#1686,.F.);
#2380=ORIENTED_EDGE('',*,*,#1688,.F.);
#2381=ORIENTED_EDGE('',*,*,#1689,.T.);
#2382=ORIENTED_EDGE('',*,*,#1690,.F.);
#2383=ORIENTED_EDGE('',*,*,#1689,.F.);
#2384=ORIENTED_EDGE('',*,*,#1691,.F.);
#2385=ORIENTED_EDGE('',*,*,#1692,.T.);
#2386=ORIENTED_EDGE('',*,*,#1693,.F.);
#2387=ORIENTED_EDGE('',*,*,#1692,.F.);
#2388=ORIENTED_EDGE('',*,*,#1694,.F.);
#2389=ORIENTED_EDGE('',*,*,#1695,.T.);
#2390=ORIENTED_EDGE('',*,*,#1696,.F.);
#2391=ORIENTED_EDGE('',*,*,#1695,.F.);
#2392=ORIENTED_EDGE('',*,*,#1697,.F.);
#2393=ORIENTED_EDGE('',*,*,#1675,.T.);
#2394=ORIENTED_EDGE('',*,*,#1698,.T.);
#2395=ORIENTED_EDGE('',*,*,#1699,.T.);
#2396=ORIENTED_EDGE('',*,*,#1700,.T.);
#2397=ORIENTED_EDGE('',*,*,#1701,.T.);
#2398=ORIENTED_EDGE('',*,*,#1699,.F.);
#2399=ORIENTED_EDGE('',*,*,#1702,.T.);
#2400=ORIENTED_EDGE('',*,*,#1703,.F.);
#2401=ORIENTED_EDGE('',*,*,#1704,.T.);
#2402=ORIENTED_EDGE('',*,*,#1698,.F.);
#2403=ORIENTED_EDGE('',*,*,#1705,.F.);
#2404=ORIENTED_EDGE('',*,*,#1706,.T.);
#2405=ORIENTED_EDGE('',*,*,#1707,.T.);
#2406=ORIENTED_EDGE('',*,*,#1708,.F.);
#2407=ORIENTED_EDGE('',*,*,#1702,.F.);
#2408=ORIENTED_EDGE('',*,*,#1687,.T.);
#2409=ORIENTED_EDGE('',*,*,#1690,.T.);
#2410=ORIENTED_EDGE('',*,*,#1693,.T.);
#2411=ORIENTED_EDGE('',*,*,#1696,.T.);
#2412=ORIENTED_EDGE('',*,*,#1674,.T.);
#2413=ORIENTED_EDGE('',*,*,#1678,.T.);
#2414=ORIENTED_EDGE('',*,*,#1681,.T.);
#2415=ORIENTED_EDGE('',*,*,#1684,.T.);
#2416=ORIENTED_EDGE('',*,*,#1709,.T.);
#2417=ORIENTED_EDGE('',*,*,#1703,.T.);
#2418=ORIENTED_EDGE('',*,*,#1708,.T.);
#2419=ORIENTED_EDGE('',*,*,#1710,.T.);
#2420=ORIENTED_EDGE('',*,*,#1700,.F.);
#2421=ORIENTED_EDGE('',*,*,#1704,.F.);
#2422=ORIENTED_EDGE('',*,*,#1709,.F.);
#2423=ORIENTED_EDGE('',*,*,#1711,.F.);
#2424=ORIENTED_EDGE('',*,*,#1712,.T.);
#2425=ORIENTED_EDGE('',*,*,#1713,.T.);
#2426=ORIENTED_EDGE('',*,*,#1688,.T.);
#2427=ORIENTED_EDGE('',*,*,#1685,.T.);
#2428=ORIENTED_EDGE('',*,*,#1682,.T.);
#2429=ORIENTED_EDGE('',*,*,#1679,.T.);
#2430=ORIENTED_EDGE('',*,*,#1676,.T.);
#2431=ORIENTED_EDGE('',*,*,#1697,.T.);
#2432=ORIENTED_EDGE('',*,*,#1694,.T.);
#2433=ORIENTED_EDGE('',*,*,#1691,.T.);
#2434=ORIENTED_EDGE('',*,*,#1710,.F.);
#2435=ORIENTED_EDGE('',*,*,#1707,.F.);
#2436=ORIENTED_EDGE('',*,*,#1714,.T.);
#2437=ORIENTED_EDGE('',*,*,#1711,.T.);
#2438=ORIENTED_EDGE('',*,*,#1701,.F.);
#2439=ORIENTED_EDGE('',*,*,#1713,.F.);
#2440=ORIENTED_EDGE('',*,*,#1715,.T.);
#2441=ORIENTED_EDGE('',*,*,#1705,.T.);
#2442=ORIENTED_EDGE('',*,*,#1712,.F.);
#2443=ORIENTED_EDGE('',*,*,#1714,.F.);
#2444=ORIENTED_EDGE('',*,*,#1706,.F.);
#2445=ORIENTED_EDGE('',*,*,#1715,.F.);
#2446=ORIENTED_EDGE('',*,*,#1716,.F.);
#2447=ORIENTED_EDGE('',*,*,#1717,.T.);
#2448=ORIENTED_EDGE('',*,*,#1718,.F.);
#2449=ORIENTED_EDGE('',*,*,#1719,.F.);
#2450=ORIENTED_EDGE('',*,*,#1720,.F.);
#2451=ORIENTED_EDGE('',*,*,#1719,.T.);
#2452=ORIENTED_EDGE('',*,*,#1721,.F.);
#2453=ORIENTED_EDGE('',*,*,#1722,.F.);
#2454=ORIENTED_EDGE('',*,*,#1723,.F.);
#2455=ORIENTED_EDGE('',*,*,#1722,.T.);
#2456=ORIENTED_EDGE('',*,*,#1724,.F.);
#2457=ORIENTED_EDGE('',*,*,#1725,.F.);
#2458=ORIENTED_EDGE('',*,*,#1726,.F.);
#2459=ORIENTED_EDGE('',*,*,#1725,.T.);
#2460=ORIENTED_EDGE('',*,*,#1727,.F.);
#2461=ORIENTED_EDGE('',*,*,#1728,.F.);
#2462=ORIENTED_EDGE('',*,*,#1729,.F.);
#2463=ORIENTED_EDGE('',*,*,#1728,.T.);
#2464=ORIENTED_EDGE('',*,*,#1730,.F.);
#2465=ORIENTED_EDGE('',*,*,#1731,.F.);
#2466=ORIENTED_EDGE('',*,*,#1732,.F.);
#2467=ORIENTED_EDGE('',*,*,#1733,.T.);
#2468=ORIENTED_EDGE('',*,*,#1734,.F.);
#2469=ORIENTED_EDGE('',*,*,#1717,.F.);
#2470=ORIENTED_EDGE('',*,*,#1735,.F.);
#2471=ORIENTED_EDGE('',*,*,#1736,.T.);
#2472=ORIENTED_EDGE('',*,*,#1737,.F.);
#2473=ORIENTED_EDGE('',*,*,#1733,.F.);
#2474=ORIENTED_EDGE('',*,*,#1738,.F.);
#2475=ORIENTED_EDGE('',*,*,#1731,.T.);
#2476=ORIENTED_EDGE('',*,*,#1739,.F.);
#2477=ORIENTED_EDGE('',*,*,#1736,.F.);
#2478=ORIENTED_EDGE('',*,*,#1740,.T.);
#2479=ORIENTED_EDGE('',*,*,#1741,.T.);
#2480=ORIENTED_EDGE('',*,*,#1742,.T.);
#2481=ORIENTED_EDGE('',*,*,#1743,.T.);
#2482=ORIENTED_EDGE('',*,*,#1741,.F.);
#2483=ORIENTED_EDGE('',*,*,#1744,.T.);
#2484=ORIENTED_EDGE('',*,*,#1745,.F.);
#2485=ORIENTED_EDGE('',*,*,#1746,.T.);
#2486=ORIENTED_EDGE('',*,*,#1740,.F.);
#2487=ORIENTED_EDGE('',*,*,#1747,.F.);
#2488=ORIENTED_EDGE('',*,*,#1748,.T.);
#2489=ORIENTED_EDGE('',*,*,#1749,.T.);
#2490=ORIENTED_EDGE('',*,*,#1750,.F.);
#2491=ORIENTED_EDGE('',*,*,#1744,.F.);
#2492=ORIENTED_EDGE('',*,*,#1730,.T.);
#2493=ORIENTED_EDGE('',*,*,#1727,.T.);
#2494=ORIENTED_EDGE('',*,*,#1724,.T.);
#2495=ORIENTED_EDGE('',*,*,#1721,.T.);
#2496=ORIENTED_EDGE('',*,*,#1718,.T.);
#2497=ORIENTED_EDGE('',*,*,#1734,.T.);
#2498=ORIENTED_EDGE('',*,*,#1737,.T.);
#2499=ORIENTED_EDGE('',*,*,#1739,.T.);
#2500=ORIENTED_EDGE('',*,*,#1751,.T.);
#2501=ORIENTED_EDGE('',*,*,#1745,.T.);
#2502=ORIENTED_EDGE('',*,*,#1750,.T.);
#2503=ORIENTED_EDGE('',*,*,#1752,.T.);
#2504=ORIENTED_EDGE('',*,*,#1742,.F.);
#2505=ORIENTED_EDGE('',*,*,#1746,.F.);
#2506=ORIENTED_EDGE('',*,*,#1751,.F.);
#2507=ORIENTED_EDGE('',*,*,#1753,.F.);
#2508=ORIENTED_EDGE('',*,*,#1754,.T.);
#2509=ORIENTED_EDGE('',*,*,#1755,.T.);
#2510=ORIENTED_EDGE('',*,*,#1729,.T.);
#2511=ORIENTED_EDGE('',*,*,#1738,.T.);
#2512=ORIENTED_EDGE('',*,*,#1735,.T.);
#2513=ORIENTED_EDGE('',*,*,#1732,.T.);
#2514=ORIENTED_EDGE('',*,*,#1716,.T.);
#2515=ORIENTED_EDGE('',*,*,#1720,.T.);
#2516=ORIENTED_EDGE('',*,*,#1723,.T.);
#2517=ORIENTED_EDGE('',*,*,#1726,.T.);
#2518=ORIENTED_EDGE('',*,*,#1752,.F.);
#2519=ORIENTED_EDGE('',*,*,#1749,.F.);
#2520=ORIENTED_EDGE('',*,*,#1756,.T.);
#2521=ORIENTED_EDGE('',*,*,#1753,.T.);
#2522=ORIENTED_EDGE('',*,*,#1743,.F.);
#2523=ORIENTED_EDGE('',*,*,#1755,.F.);
#2524=ORIENTED_EDGE('',*,*,#1757,.T.);
#2525=ORIENTED_EDGE('',*,*,#1747,.T.);
#2526=ORIENTED_EDGE('',*,*,#1754,.F.);
#2527=ORIENTED_EDGE('',*,*,#1756,.F.);
#2528=ORIENTED_EDGE('',*,*,#1748,.F.);
#2529=ORIENTED_EDGE('',*,*,#1757,.F.);
#2530=ORIENTED_EDGE('',*,*,#1758,.F.);
#2531=ORIENTED_EDGE('',*,*,#1759,.T.);
#2532=ORIENTED_EDGE('',*,*,#1760,.T.);
#2533=ORIENTED_EDGE('',*,*,#1759,.F.);
#2534=ORIENTED_EDGE('',*,*,#1761,.F.);
#2535=ORIENTED_EDGE('',*,*,#1762,.T.);
#2536=ORIENTED_EDGE('',*,*,#1763,.T.);
#2537=ORIENTED_EDGE('',*,*,#1762,.F.);
#2538=ORIENTED_EDGE('',*,*,#1761,.T.);
#2539=ORIENTED_EDGE('',*,*,#1758,.T.);
#2540=ORIENTED_EDGE('',*,*,#1763,.F.);
#2541=ORIENTED_EDGE('',*,*,#1760,.F.);
#2542=ORIENTED_EDGE('',*,*,#1764,.T.);
#2543=ORIENTED_EDGE('',*,*,#1765,.T.);
#2544=ORIENTED_EDGE('',*,*,#1766,.T.);
#2545=ORIENTED_EDGE('',*,*,#1767,.T.);
#2546=ORIENTED_EDGE('',*,*,#1768,.T.);
#2547=ORIENTED_EDGE('',*,*,#1769,.T.);
#2548=ORIENTED_EDGE('',*,*,#1764,.F.);
#2549=ORIENTED_EDGE('',*,*,#1770,.T.);
#2550=ORIENTED_EDGE('',*,*,#1771,.F.);
#2551=ORIENTED_EDGE('',*,*,#1772,.T.);
#2552=ORIENTED_EDGE('',*,*,#1773,.F.);
#2553=ORIENTED_EDGE('',*,*,#1774,.T.);
#2554=ORIENTED_EDGE('',*,*,#1775,.T.);
#2555=ORIENTED_EDGE('',*,*,#1776,.T.);
#2556=ORIENTED_EDGE('',*,*,#1777,.F.);
#2557=ORIENTED_EDGE('',*,*,#1778,.F.);
#2558=ORIENTED_EDGE('',*,*,#1779,.T.);
#2559=ORIENTED_EDGE('',*,*,#1780,.T.);
#2560=ORIENTED_EDGE('',*,*,#1775,.F.);
#2561=ORIENTED_EDGE('',*,*,#1781,.F.);
#2562=ORIENTED_EDGE('',*,*,#1782,.F.);
#2563=ORIENTED_EDGE('',*,*,#1783,.F.);
#2564=ORIENTED_EDGE('',*,*,#1784,.F.);
#2565=ORIENTED_EDGE('',*,*,#1785,.T.);
#2566=ORIENTED_EDGE('',*,*,#1782,.T.);
#2567=ORIENTED_EDGE('',*,*,#1786,.T.);
#2568=ORIENTED_EDGE('',*,*,#1779,.F.);
#2569=ORIENTED_EDGE('',*,*,#1787,.F.);
#2570=ORIENTED_EDGE('',*,*,#1788,.F.);
#2571=ORIENTED_EDGE('',*,*,#1776,.F.);
#2572=ORIENTED_EDGE('',*,*,#1780,.F.);
#2573=ORIENTED_EDGE('',*,*,#1786,.F.);
#2574=ORIENTED_EDGE('',*,*,#1785,.F.);
#2575=ORIENTED_EDGE('',*,*,#1789,.F.);
#2576=ORIENTED_EDGE('',*,*,#1765,.F.);
#2577=ORIENTED_EDGE('',*,*,#1769,.F.);
#2578=ORIENTED_EDGE('',*,*,#1790,.F.);
#2579=ORIENTED_EDGE('',*,*,#1774,.F.);
#2580=ORIENTED_EDGE('',*,*,#1791,.F.);
#2581=ORIENTED_EDGE('',*,*,#1772,.F.);
#2582=ORIENTED_EDGE('',*,*,#1792,.F.);
#2583=ORIENTED_EDGE('',*,*,#1770,.F.);
#2584=ORIENTED_EDGE('',*,*,#1767,.F.);
#2585=ORIENTED_EDGE('',*,*,#1793,.F.);
#2586=ORIENTED_EDGE('',*,*,#1783,.T.);
#2587=ORIENTED_EDGE('',*,*,#1787,.T.);
#2588=ORIENTED_EDGE('',*,*,#1781,.T.);
#2589=ORIENTED_EDGE('',*,*,#1778,.T.);
#2590=ORIENTED_EDGE('',*,*,#1794,.T.);
#2591=ORIENTED_EDGE('',*,*,#1795,.T.);
#2592=ORIENTED_EDGE('',*,*,#1796,.T.);
#2593=ORIENTED_EDGE('',*,*,#1797,.T.);
#2594=ORIENTED_EDGE('',*,*,#1798,.T.);
#2595=ORIENTED_EDGE('',*,*,#1799,.T.);
#2596=ORIENTED_EDGE('',*,*,#1791,.T.);
#2597=ORIENTED_EDGE('',*,*,#1777,.T.);
#2598=ORIENTED_EDGE('',*,*,#1788,.T.);
#2599=ORIENTED_EDGE('',*,*,#1773,.T.);
#2600=ORIENTED_EDGE('',*,*,#1771,.T.);
#2601=ORIENTED_EDGE('',*,*,#1790,.T.);
#2602=ORIENTED_EDGE('',*,*,#1768,.F.);
#2603=ORIENTED_EDGE('',*,*,#1792,.T.);
#2604=ORIENTED_EDGE('',*,*,#1800,.T.);
#2605=ORIENTED_EDGE('',*,*,#1801,.T.);
#2606=ORIENTED_EDGE('',*,*,#1799,.F.);
#2607=ORIENTED_EDGE('',*,*,#1802,.F.);
#2608=ORIENTED_EDGE('',*,*,#1803,.T.);
#2609=ORIENTED_EDGE('',*,*,#1802,.T.);
#2610=ORIENTED_EDGE('',*,*,#1798,.F.);
#2611=ORIENTED_EDGE('',*,*,#1804,.F.);
#2612=ORIENTED_EDGE('',*,*,#1805,.T.);
#2613=ORIENTED_EDGE('',*,*,#1804,.T.);
#2614=ORIENTED_EDGE('',*,*,#1797,.F.);
#2615=ORIENTED_EDGE('',*,*,#1806,.F.);
#2616=ORIENTED_EDGE('',*,*,#1807,.T.);
#2617=ORIENTED_EDGE('',*,*,#1806,.T.);
#2618=ORIENTED_EDGE('',*,*,#1796,.F.);
#2619=ORIENTED_EDGE('',*,*,#1808,.F.);
#2620=ORIENTED_EDGE('',*,*,#1809,.T.);
#2621=ORIENTED_EDGE('',*,*,#1808,.T.);
#2622=ORIENTED_EDGE('',*,*,#1795,.F.);
#2623=ORIENTED_EDGE('',*,*,#1810,.F.);
#2624=ORIENTED_EDGE('',*,*,#1811,.T.);
#2625=ORIENTED_EDGE('',*,*,#1810,.T.);
#2626=ORIENTED_EDGE('',*,*,#1794,.F.);
#2627=ORIENTED_EDGE('',*,*,#1801,.F.);
#2628=ORIENTED_EDGE('',*,*,#1811,.F.);
#2629=ORIENTED_EDGE('',*,*,#1800,.F.);
#2630=ORIENTED_EDGE('',*,*,#1803,.F.);
#2631=ORIENTED_EDGE('',*,*,#1805,.F.);
#2632=ORIENTED_EDGE('',*,*,#1807,.F.);
#2633=ORIENTED_EDGE('',*,*,#1809,.F.);
#2634=ORIENTED_EDGE('',*,*,#1793,.T.);
#2635=ORIENTED_EDGE('',*,*,#1766,.F.);
#2636=ORIENTED_EDGE('',*,*,#1789,.T.);
#2637=ORIENTED_EDGE('',*,*,#1784,.T.);
#2638=CYLINDRICAL_SURFACE('',#2895,5.52225);
#2639=CYLINDRICAL_SURFACE('',#2897,5.52225);
#2640=CYLINDRICAL_SURFACE('',#2899,5.52225);
#2641=CYLINDRICAL_SURFACE('',#2900,5.52225);
#2642=CYLINDRICAL_SURFACE('',#2901,5.52225);
#2643=CYLINDRICAL_SURFACE('',#2902,5.52225);
#2644=CYLINDRICAL_SURFACE('',#2903,5.52225);
#2645=CYLINDRICAL_SURFACE('',#2904,5.52225);
#2646=CYLINDRICAL_SURFACE('',#2905,5.52225);
#2647=CYLINDRICAL_SURFACE('',#2906,5.52225);
#2648=CYLINDRICAL_SURFACE('',#2907,5.52225);
#2649=CYLINDRICAL_SURFACE('',#2908,5.52225);
#2650=CYLINDRICAL_SURFACE('',#2909,5.52225);
#2651=CYLINDRICAL_SURFACE('',#2910,5.52225);
#2652=CYLINDRICAL_SURFACE('',#2911,5.52225);
#2653=CYLINDRICAL_SURFACE('',#2912,5.954);
#2654=CYLINDRICAL_SURFACE('',#2916,5.954);
#2655=CYLINDRICAL_SURFACE('',#2917,5.954);
#2656=CYLINDRICAL_SURFACE('',#2918,5.954);
#2657=CYLINDRICAL_SURFACE('',#2919,5.954);
#2658=CYLINDRICAL_SURFACE('',#2920,5.954);
#2659=CYLINDRICAL_SURFACE('',#2921,5.954);
#2660=CYLINDRICAL_SURFACE('',#2922,5.954);
#2661=CYLINDRICAL_SURFACE('',#2923,5.954);
#2662=CYLINDRICAL_SURFACE('',#2924,5.954);
#2663=CYLINDRICAL_SURFACE('',#2925,5.954);
#2664=CYLINDRICAL_SURFACE('',#2926,5.954);
#2665=CYLINDRICAL_SURFACE('',#2927,5.954);
#2666=CYLINDRICAL_SURFACE('',#2928,5.954);
#2667=CYLINDRICAL_SURFACE('',#2929,5.954);
#2668=CYLINDRICAL_SURFACE('',#2930,0.2);
#2669=CYLINDRICAL_SURFACE('',#2934,0.2);
#2670=CYLINDRICAL_SURFACE('',#2941,0.2);
#2671=CYLINDRICAL_SURFACE('',#2944,0.2);
#2672=CYLINDRICAL_SURFACE('',#2946,0.2);
#2673=CYLINDRICAL_SURFACE('',#2955,2.75);
#2674=CYLINDRICAL_SURFACE('',#2957,0.2);
#2675=CYLINDRICAL_SURFACE('',#2959,2.25);
#2676=CYLINDRICAL_SURFACE('',#2961,0.2);
#2677=CYLINDRICAL_SURFACE('',#2964,0.2);
#2678=CYLINDRICAL_SURFACE('',#2966,5.5);
#2679=CYLINDRICAL_SURFACE('',#2971,5.954);
#2680=CYLINDRICAL_SURFACE('',#2974,5.52225);
#2681=CYLINDRICAL_SURFACE('',#2982,6.9);
#2682=CYLINDRICAL_SURFACE('',#2986,4.3);
#2683=CYLINDRICAL_SURFACE('',#2990,4.2);
#2684=CYLINDRICAL_SURFACE('',#2993,4.6);
#2685=CYLINDRICAL_SURFACE('',#2998,4.6);
#2686=CYLINDRICAL_SURFACE('',#3003,5.175);
#2687=CYLINDRICAL_SURFACE('',#3006,5.175);
#2688=CYLINDRICAL_SURFACE('',#3012,0.299999999999994);
#2689=CYLINDRICAL_SURFACE('',#3016,0.299999999999994);
#2690=CYLINDRICAL_SURFACE('',#3020,0.299999999999996);
#2691=CYLINDRICAL_SURFACE('',#3024,0.300000000000002);
#2692=CYLINDRICAL_SURFACE('',#3036,0.299999999999996);
#2693=CYLINDRICAL_SURFACE('',#3040,0.300000000000002);
#2694=CYLINDRICAL_SURFACE('',#3044,0.299999999999994);
#2695=CYLINDRICAL_SURFACE('',#3048,0.299999999999994);
#2696=CYLINDRICAL_SURFACE('',#3060,0.300000000000002);
#2697=CYLINDRICAL_SURFACE('',#3064,0.299999999999991);
#2698=CYLINDRICAL_SURFACE('',#3068,0.299999999999998);
#2699=CYLINDRICAL_SURFACE('',#3072,0.300000000000002);
#2700=CYLINDRICAL_SURFACE('',#3084,0.300000000000002);
#2701=CYLINDRICAL_SURFACE('',#3088,0.299999999999998);
#2702=CYLINDRICAL_SURFACE('',#3092,0.300000000000002);
#2703=CYLINDRICAL_SURFACE('',#3096,0.299999999999991);
#2704=CYLINDRICAL_SURFACE('',#3107,6.054);
#2705=CYLINDRICAL_SURFACE('',#3110,6.8);
#2706=CYLINDRICAL_SURFACE('',#3115,5.64155);
#2707=CYLINDRICAL_SURFACE('',#3117,5.64155);
#2708=CYLINDRICAL_SURFACE('',#3118,5.64155);
#2709=CYLINDRICAL_SURFACE('',#3120,6.06205);
#2710=CYLINDRICAL_SURFACE('',#3122,6.06205);
#2711=CYLINDRICAL_SURFACE('',#3123,6.06205);
#2712=CYLINDRICAL_SURFACE('',#3125,6.06205);
#2713=CYLINDRICAL_SURFACE('',#3127,5.64155);
#2714=ADVANCED_FACE('',(#131),#2638,.T.);
#2715=ADVANCED_FACE('',(#132),#2639,.T.);
#2716=ADVANCED_FACE('',(#133),#2640,.T.);
#2717=ADVANCED_FACE('',(#134),#2641,.T.);
#2718=ADVANCED_FACE('',(#135),#2642,.T.);
#2719=ADVANCED_FACE('',(#136),#2643,.T.);
#2720=ADVANCED_FACE('',(#137),#2644,.T.);
#2721=ADVANCED_FACE('',(#138),#2645,.T.);
#2722=ADVANCED_FACE('',(#139),#2646,.T.);
#2723=ADVANCED_FACE('',(#140),#2647,.T.);
#2724=ADVANCED_FACE('',(#141),#2648,.T.);
#2725=ADVANCED_FACE('',(#142),#2649,.T.);
#2726=ADVANCED_FACE('',(#143),#2650,.T.);
#2727=ADVANCED_FACE('',(#144),#2651,.T.);
#2728=ADVANCED_FACE('',(#145),#2652,.T.);
#2729=ADVANCED_FACE('',(#146),#2653,.T.);
#2730=ADVANCED_FACE('',(#147),#2654,.T.);
#2731=ADVANCED_FACE('',(#148),#2655,.T.);
#2732=ADVANCED_FACE('',(#149),#2656,.T.);
#2733=ADVANCED_FACE('',(#150),#2657,.T.);
#2734=ADVANCED_FACE('',(#151),#2658,.T.);
#2735=ADVANCED_FACE('',(#152),#2659,.T.);
#2736=ADVANCED_FACE('',(#153),#2660,.T.);
#2737=ADVANCED_FACE('',(#154),#2661,.T.);
#2738=ADVANCED_FACE('',(#155),#2662,.T.);
#2739=ADVANCED_FACE('',(#156),#2663,.T.);
#2740=ADVANCED_FACE('',(#157),#2664,.T.);
#2741=ADVANCED_FACE('',(#158),#2665,.T.);
#2742=ADVANCED_FACE('',(#159),#2666,.T.);
#2743=ADVANCED_FACE('',(#160),#2667,.T.);
#2744=ADVANCED_FACE('',(#161),#2668,.F.);
#2745=ADVANCED_FACE('',(#162),#52,.T.);
#2746=ADVANCED_FACE('',(#163),#2669,.F.);
#2747=ADVANCED_FACE('',(#164),#53,.F.);
#2748=ADVANCED_FACE('',(#165),#54,.T.);
#2749=ADVANCED_FACE('',(#166),#2670,.F.);
#2750=ADVANCED_FACE('',(#167),#55,.T.);
#2751=ADVANCED_FACE('',(#168),#2671,.F.);
#2752=ADVANCED_FACE('',(#169),#2672,.F.);
#2753=ADVANCED_FACE('',(#170),#56,.F.);
#2754=ADVANCED_FACE('',(#171),#2673,.F.);
#2755=ADVANCED_FACE('',(#172),#2674,.F.);
#2756=ADVANCED_FACE('',(#173),#2675,.T.);
#2757=ADVANCED_FACE('',(#174),#2676,.F.);
#2758=ADVANCED_FACE('',(#175),#57,.T.);
#2759=ADVANCED_FACE('',(#176),#2677,.F.);
#2760=ADVANCED_FACE('',(#177),#2678,.T.);
#2761=ADVANCED_FACE('',(#178,#34),#58,.T.);
#2762=ADVANCED_FACE('',(#179),#2679,.T.);
#2763=ADVANCED_FACE('',(#180),#30,.F.);
#2764=ADVANCED_FACE('',(#181),#59,.F.);
#2765=ADVANCED_FACE('',(#182),#2680,.T.);
#2766=ADVANCED_FACE('',(#183),#31,.F.);
#2767=ADVANCED_FACE('',(#184,#35),#60,.F.);
#2768=ADVANCED_FACE('',(#185),#61,.T.);
#2769=ADVANCED_FACE('',(#186),#29,.T.);
#2770=ADVANCED_FACE('',(#187),#2681,.T.);
#2771=ADVANCED_FACE('',(#188,#36),#62,.T.);
#2772=ADVANCED_FACE('',(#189),#2682,.F.);
#2773=ADVANCED_FACE('',(#190,#37),#63,.F.);
#2774=ADVANCED_FACE('',(#191),#64,.T.);
#2775=ADVANCED_FACE('',(#192),#65,.T.);
#2776=ADVANCED_FACE('',(#193),#2683,.T.);
#2777=ADVANCED_FACE('',(#194,#38,#39),#66,.T.);
#2778=ADVANCED_FACE('',(#195),#2684,.T.);
#2779=ADVANCED_FACE('',(#196),#67,.T.);
#2780=ADVANCED_FACE('',(#197),#68,.T.);
#2781=ADVANCED_FACE('',(#198),#2685,.T.);
#2782=ADVANCED_FACE('',(#199),#69,.T.);
#2783=ADVANCED_FACE('',(#200),#70,.T.);
#2784=ADVANCED_FACE('',(#201),#2686,.T.);
#2785=ADVANCED_FACE('',(#202),#2687,.T.);
#2786=ADVANCED_FACE('',(#203),#71,.T.);
#2787=ADVANCED_FACE('',(#204),#72,.F.);
#2788=ADVANCED_FACE('',(#205),#73,.F.);
#2789=ADVANCED_FACE('',(#206),#2688,.F.);
#2790=ADVANCED_FACE('',(#207),#74,.F.);
#2791=ADVANCED_FACE('',(#208),#2689,.F.);
#2792=ADVANCED_FACE('',(#209),#75,.F.);
#2793=ADVANCED_FACE('',(#210),#2690,.F.);
#2794=ADVANCED_FACE('',(#211),#76,.F.);
#2795=ADVANCED_FACE('',(#212),#2691,.F.);
#2796=ADVANCED_FACE('',(#213),#77,.T.);
#2797=ADVANCED_FACE('',(#214),#78,.T.);
#2798=ADVANCED_FACE('',(#215,#40),#79,.T.);
#2799=ADVANCED_FACE('',(#216),#80,.T.);
#2800=ADVANCED_FACE('',(#217,#41),#81,.T.);
#2801=ADVANCED_FACE('',(#218),#82,.T.);
#2802=ADVANCED_FACE('',(#219),#83,.T.);
#2803=ADVANCED_FACE('',(#220),#84,.F.);
#2804=ADVANCED_FACE('',(#221),#85,.F.);
#2805=ADVANCED_FACE('',(#222),#2692,.F.);
#2806=ADVANCED_FACE('',(#223),#86,.F.);
#2807=ADVANCED_FACE('',(#224),#2693,.F.);
#2808=ADVANCED_FACE('',(#225),#87,.F.);
#2809=ADVANCED_FACE('',(#226),#2694,.F.);
#2810=ADVANCED_FACE('',(#227),#88,.F.);
#2811=ADVANCED_FACE('',(#228),#2695,.F.);
#2812=ADVANCED_FACE('',(#229),#89,.T.);
#2813=ADVANCED_FACE('',(#230,#42),#90,.T.);
#2814=ADVANCED_FACE('',(#231),#91,.T.);
#2815=ADVANCED_FACE('',(#232),#92,.T.);
#2816=ADVANCED_FACE('',(#233,#43),#93,.T.);
#2817=ADVANCED_FACE('',(#234),#94,.T.);
#2818=ADVANCED_FACE('',(#235),#95,.T.);
#2819=ADVANCED_FACE('',(#236),#96,.F.);
#2820=ADVANCED_FACE('',(#237),#97,.F.);
#2821=ADVANCED_FACE('',(#238),#2696,.F.);
#2822=ADVANCED_FACE('',(#239),#98,.F.);
#2823=ADVANCED_FACE('',(#240),#2697,.F.);
#2824=ADVANCED_FACE('',(#241),#99,.F.);
#2825=ADVANCED_FACE('',(#242),#2698,.F.);
#2826=ADVANCED_FACE('',(#243),#100,.F.);
#2827=ADVANCED_FACE('',(#244),#2699,.F.);
#2828=ADVANCED_FACE('',(#245),#101,.T.);
#2829=ADVANCED_FACE('',(#246),#102,.T.);
#2830=ADVANCED_FACE('',(#247,#44),#103,.T.);
#2831=ADVANCED_FACE('',(#248),#104,.T.);
#2832=ADVANCED_FACE('',(#249,#45),#105,.T.);
#2833=ADVANCED_FACE('',(#250),#106,.T.);
#2834=ADVANCED_FACE('',(#251),#107,.T.);
#2835=ADVANCED_FACE('',(#252),#108,.F.);
#2836=ADVANCED_FACE('',(#253),#109,.F.);
#2837=ADVANCED_FACE('',(#254),#2700,.F.);
#2838=ADVANCED_FACE('',(#255),#110,.F.);
#2839=ADVANCED_FACE('',(#256),#2701,.F.);
#2840=ADVANCED_FACE('',(#257),#111,.F.);
#2841=ADVANCED_FACE('',(#258),#2702,.F.);
#2842=ADVANCED_FACE('',(#259),#112,.F.);
#2843=ADVANCED_FACE('',(#260),#2703,.F.);
#2844=ADVANCED_FACE('',(#261),#113,.T.);
#2845=ADVANCED_FACE('',(#262),#114,.T.);
#2846=ADVANCED_FACE('',(#263,#46),#115,.T.);
#2847=ADVANCED_FACE('',(#264),#116,.T.);
#2848=ADVANCED_FACE('',(#265,#47),#117,.T.);
#2849=ADVANCED_FACE('',(#266),#118,.T.);
#2850=ADVANCED_FACE('',(#267),#119,.T.);
#2851=ADVANCED_FACE('',(#268),#120,.F.);
#2852=ADVANCED_FACE('',(#269),#2704,.F.);
#2853=ADVANCED_FACE('',(#270),#2705,.T.);
#2854=ADVANCED_FACE('',(#271,#48),#121,.T.);
#2855=ADVANCED_FACE('',(#272,#49),#122,.F.);
#2856=ADVANCED_FACE('',(#273),#2706,.F.);
#2857=ADVANCED_FACE('',(#274),#2707,.F.);
#2858=ADVANCED_FACE('',(#275),#2708,.F.);
#2859=ADVANCED_FACE('',(#276),#2709,.F.);
#2860=ADVANCED_FACE('',(#277),#2710,.F.);
#2861=ADVANCED_FACE('',(#278),#2711,.F.);
#2862=ADVANCED_FACE('',(#279),#2712,.F.);
#2863=ADVANCED_FACE('',(#280),#32,.F.);
#2864=ADVANCED_FACE('',(#281),#33,.F.);
#2865=ADVANCED_FACE('',(#282,#50),#123,.T.);
#2866=ADVANCED_FACE('',(#283),#2713,.F.);
#2867=ADVANCED_FACE('',(#284),#124,.T.);
#2868=ADVANCED_FACE('',(#285),#125,.T.);
#2869=ADVANCED_FACE('',(#286),#126,.T.);
#2870=ADVANCED_FACE('',(#287),#127,.T.);
#2871=ADVANCED_FACE('',(#288),#128,.T.);
#2872=ADVANCED_FACE('',(#289),#129,.T.);
#2873=ADVANCED_FACE('',(#290,#51),#130,.F.);
#2874=CLOSED_SHELL('',(#2714,#2715,#2716,#2717,#2718,#2719,#2720,#2721,
#2722,#2723,#2724,#2725,#2726,#2727,#2728,#2729,#2730,#2731,#2732,#2733,
#2734,#2735,#2736,#2737,#2738,#2739,#2740,#2741,#2742,#2743,#2744,#2745,
#2746,#2747,#2748,#2749,#2750,#2751,#2752,#2753,#2754,#2755,#2756,#2757,
#2758,#2759,#2760,#2761,#2762,#2763,#2764,#2765,#2766,#2767,#2768,#2769,
#2770,#2771,#2772,#2773,#2774,#2775,#2776,#2777));
#2875=CLOSED_SHELL('',(#2778,#2779,#2780,#2781,#2782,#2783,#2784,#2785,
#2786,#2787));
#2876=CLOSED_SHELL('',(#2788,#2789,#2790,#2791,#2792,#2793,#2794,#2795,
#2796,#2797,#2798,#2799,#2800,#2801,#2802,#2803));
#2877=CLOSED_SHELL('',(#2804,#2805,#2806,#2807,#2808,#2809,#2810,#2811,
#2812,#2813,#2814,#2815,#2816,#2817,#2818,#2819));
#2878=CLOSED_SHELL('',(#2820,#2821,#2822,#2823,#2824,#2825,#2826,#2827,
#2828,#2829,#2830,#2831,#2832,#2833,#2834,#2835));
#2879=CLOSED_SHELL('',(#2836,#2837,#2838,#2839,#2840,#2841,#2842,#2843,
#2844,#2845,#2846,#2847,#2848,#2849,#2850,#2851));
#2880=CLOSED_SHELL('',(#2852,#2853,#2854,#2855));
#2881=CLOSED_SHELL('',(#2856,#2857,#2858,#2859,#2860,#2861,#2862,#2863,
#2864,#2865,#2866,#2867,#2868,#2869,#2870,#2871,#2872,#2873));
#2882=DERIVED_UNIT_ELEMENT(#2884,1.);
#2883=DERIVED_UNIT_ELEMENT(#9540,-3.);
#2884=(
MASS_UNIT()
NAMED_UNIT(*)
SI_UNIT(.KILO.,.GRAM.)
);
#2885=DERIVED_UNIT((#2882,#2883));
#2886=MEASURE_REPRESENTATION_ITEM('density measure',
POSITIVE_RATIO_MEASURE(7850.),#2885);
#2887=PROPERTY_DEFINITION_REPRESENTATION(#2892,#2889);
#2888=PROPERTY_DEFINITION_REPRESENTATION(#2893,#2890);
#2889=REPRESENTATION('material name',(#2891),#9537);
#2890=REPRESENTATION('density',(#2886),#9537);
#2891=DESCRIPTIVE_REPRESENTATION_ITEM('Steel','Steel');
#2892=PROPERTY_DEFINITION('material property','material name',#9547);
#2893=PROPERTY_DEFINITION('material property','density of part',#9547);
#2894=AXIS2_PLACEMENT_3D('',#3859,#3135,#3136);
#2895=AXIS2_PLACEMENT_3D('',#3860,#3137,#3138);
#2896=AXIS2_PLACEMENT_3D('',#3869,#3140,#3141);
#2897=AXIS2_PLACEMENT_3D('',#3870,#3142,#3143);
#2898=AXIS2_PLACEMENT_3D('',#3892,#3145,#3146);
#2899=AXIS2_PLACEMENT_3D('',#3907,#3147,#3148);
#2900=AXIS2_PLACEMENT_3D('',#3944,#3150,#3151);
#2901=AXIS2_PLACEMENT_3D('',#3981,#3153,#3154);
#2902=AXIS2_PLACEMENT_3D('',#4019,#3156,#3157);
#2903=AXIS2_PLACEMENT_3D('',#4056,#3159,#3160);
#2904=AXIS2_PLACEMENT_3D('',#4093,#3162,#3163);
#2905=AXIS2_PLACEMENT_3D('',#4131,#3165,#3166);
#2906=AXIS2_PLACEMENT_3D('',#4168,#3168,#3169);
#2907=AXIS2_PLACEMENT_3D('',#4205,#3171,#3172);
#2908=AXIS2_PLACEMENT_3D('',#4243,#3174,#3175);
#2909=AXIS2_PLACEMENT_3D('',#4280,#3177,#3178);
#2910=AXIS2_PLACEMENT_3D('',#4317,#3180,#3181);
#2911=AXIS2_PLACEMENT_3D('',#4355,#3183,#3184);
#2912=AXIS2_PLACEMENT_3D('',#4392,#3186,#3187);
#2913=AXIS2_PLACEMENT_3D('',#4414,#3189,#3190);
#2914=AXIS2_PLACEMENT_3D('',#4417,#3192,#3193);
#2915=AXIS2_PLACEMENT_3D('',#4419,#3194,#3195);
#2916=AXIS2_PLACEMENT_3D('',#4430,#3196,#3197);
#2917=AXIS2_PLACEMENT_3D('',#4514,#3199,#3200);
#2918=AXIS2_PLACEMENT_3D('',#4604,#3202,#3203);
#2919=AXIS2_PLACEMENT_3D('',#4694,#3205,#3206);
#2920=AXIS2_PLACEMENT_3D('',#4778,#3208,#3209);
#2921=AXIS2_PLACEMENT_3D('',#4868,#3211,#3212);
#2922=AXIS2_PLACEMENT_3D('',#4958,#3214,#3215);
#2923=AXIS2_PLACEMENT_3D('',#5042,#3217,#3218);
#2924=AXIS2_PLACEMENT_3D('',#5132,#3220,#3221);
#2925=AXIS2_PLACEMENT_3D('',#5222,#3223,#3224);
#2926=AXIS2_PLACEMENT_3D('',#5306,#3226,#3227);
#2927=AXIS2_PLACEMENT_3D('',#5396,#3229,#3230);
#2928=AXIS2_PLACEMENT_3D('',#5486,#3232,#3233);
#2929=AXIS2_PLACEMENT_3D('',#5570,#3235,#3236);
#2930=AXIS2_PLACEMENT_3D('',#5660,#3238,#3239);
#2931=AXIS2_PLACEMENT_3D('',#5663,#3240,#3241);
#2932=AXIS2_PLACEMENT_3D('',#5667,#3243,#3244);
#2933=AXIS2_PLACEMENT_3D('',#5669,#3246,#3247);
#2934=AXIS2_PLACEMENT_3D('',#5675,#3251,#3252);
#2935=AXIS2_PLACEMENT_3D('',#5678,#3253,#3254);
#2936=AXIS2_PLACEMENT_3D('',#5682,#3256,#3257);
#2937=AXIS2_PLACEMENT_3D('',#5684,#3259,#3260);
#2938=AXIS2_PLACEMENT_3D('',#5689,#3263,#3264);
#2939=AXIS2_PLACEMENT_3D('',#5692,#3266,#3267);
#2940=AXIS2_PLACEMENT_3D('',#5693,#3268,#3269);
#2941=AXIS2_PLACEMENT_3D('',#5697,#3272,#3273);
#2942=AXIS2_PLACEMENT_3D('',#5700,#3275,#3276);
#2943=AXIS2_PLACEMENT_3D('',#5701,#3277,#3278);
#2944=AXIS2_PLACEMENT_3D('',#5705,#3281,#3282);
#2945=AXIS2_PLACEMENT_3D('',#5706,#3283,#3284);
#2946=AXIS2_PLACEMENT_3D('',#5707,#3285,#3286);
#2947=AXIS2_PLACEMENT_3D('',#5710,#3287,#3288);
#2948=AXIS2_PLACEMENT_3D('',#5714,#3290,#3291);
#2949=AXIS2_PLACEMENT_3D('',#5716,#3293,#3294);
#2950=AXIS2_PLACEMENT_3D('',#5718,#3295,#3296);
#2951=AXIS2_PLACEMENT_3D('',#5720,#3297,#3298);
#2952=AXIS2_PLACEMENT_3D('',#5724,#3300,#3301);
#2953=AXIS2_PLACEMENT_3D('',#5726,#3302,#3303);
#2954=AXIS2_PLACEMENT_3D('',#5728,#3304,#3305);
#2955=AXIS2_PLACEMENT_3D('',#5730,#3307,#3308);
#2956=AXIS2_PLACEMENT_3D('',#5732,#3309,#3310);
#2957=AXIS2_PLACEMENT_3D('',#5734,#3312,#3313);
#2958=AXIS2_PLACEMENT_3D('',#5738,#3315,#3316);
#2959=AXIS2_PLACEMENT_3D('',#5740,#3318,#3319);
#2960=AXIS2_PLACEMENT_3D('',#5743,#3321,#3322);
#2961=AXIS2_PLACEMENT_3D('',#5744,#3323,#3324);
#2962=AXIS2_PLACEMENT_3D('',#5747,#3326,#3327);
#2963=AXIS2_PLACEMENT_3D('',#5748,#3328,#3329);
#2964=AXIS2_PLACEMENT_3D('',#5752,#3332,#3333);
#2965=AXIS2_PLACEMENT_3D('',#5753,#3334,#3335);
#2966=AXIS2_PLACEMENT_3D('',#5754,#3336,#3337);
#2967=AXIS2_PLACEMENT_3D('',#5756,#3338,#3339);
#2968=AXIS2_PLACEMENT_3D('',#5759,#3341,#3342);
#2969=AXIS2_PLACEMENT_3D('',#5760,#3343,#3344);
#2970=AXIS2_PLACEMENT_3D('',#5981,#3345,#3346);
#2971=AXIS2_PLACEMENT_3D('',#5982,#3347,#3348);
#2972=AXIS2_PLACEMENT_3D('',#6917,#3349,#3350);
#2973=AXIS2_PLACEMENT_3D('',#7028,#3351,#3352);
#2974=AXIS2_PLACEMENT_3D('',#7029,#3353,#3354);
#2975=AXIS2_PLACEMENT_3D('',#7814,#3355,#3356);
#2976=AXIS2_PLACEMENT_3D('',#7816,#3357,#3358);
#2977=AXIS2_PLACEMENT_3D('',#7818,#3359,#3360);
#2978=AXIS2_PLACEMENT_3D('',#7819,#3361,#3362);
#2979=AXIS2_PLACEMENT_3D('',#7820,#3363,#3364);
#2980=AXIS2_PLACEMENT_3D('',#7822,#3365,#3366);
#2981=AXIS2_PLACEMENT_3D('',#7825,#3368,#3369);
#2982=AXIS2_PLACEMENT_3D('',#7826,#3370,#3371);
#2983=AXIS2_PLACEMENT_3D('',#7829,#3373,#3374);
#2984=AXIS2_PLACEMENT_3D('',#7830,#3375,#3376);
#2985=AXIS2_PLACEMENT_3D('',#7832,#3377,#3378);
#2986=AXIS2_PLACEMENT_3D('',#7833,#3379,#3380);
#2987=AXIS2_PLACEMENT_3D('',#7835,#3382,#3383);
#2988=AXIS2_PLACEMENT_3D('',#7836,#3384,#3385);
#2989=AXIS2_PLACEMENT_3D('',#7838,#3387,#3388);
#2990=AXIS2_PLACEMENT_3D('',#7840,#3390,#3391);
#2991=AXIS2_PLACEMENT_3D('',#7842,#3392,#3393);
#2992=AXIS2_PLACEMENT_3D('',#7844,#3395,#3396);
#2993=AXIS2_PLACEMENT_3D('',#7845,#3397,#3398);
#2994=AXIS2_PLACEMENT_3D('',#7848,#3399,#3400);
#2995=AXIS2_PLACEMENT_3D('',#7852,#3402,#3403);
#2996=AXIS2_PLACEMENT_3D('',#7854,#3405,#3406);
#2997=AXIS2_PLACEMENT_3D('',#7856,#3408,#3409);
#2998=AXIS2_PLACEMENT_3D('',#7866,#3415,#3416);
#2999=AXIS2_PLACEMENT_3D('',#7869,#3417,#3418);
#3000=AXIS2_PLACEMENT_3D('',#7873,#3420,#3421);
#3001=AXIS2_PLACEMENT_3D('',#7875,#3423,#3424);
#3002=AXIS2_PLACEMENT_3D('',#7877,#3426,#3427);
#3003=AXIS2_PLACEMENT_3D('',#7887,#3433,#3434);
#3004=AXIS2_PLACEMENT_3D('',#7888,#3435,#3436);
#3005=AXIS2_PLACEMENT_3D('',#7889,#3437,#3438);
#3006=AXIS2_PLACEMENT_3D('',#7890,#3439,#3440);
#3007=AXIS2_PLACEMENT_3D('',#7891,#3441,#3442);
#3008=AXIS2_PLACEMENT_3D('',#7892,#3443,#3444);
#3009=AXIS2_PLACEMENT_3D('',#7893,#3445,#3446);
#3010=AXIS2_PLACEMENT_3D('',#7894,#3447,#3448);
#3011=AXIS2_PLACEMENT_3D('',#7895,#3449,#3450);
#3012=AXIS2_PLACEMENT_3D('',#7904,#3455,#3456);
#3013=AXIS2_PLACEMENT_3D('',#7906,#3457,#3458);
#3014=AXIS2_PLACEMENT_3D('',#7908,#3459,#3460);
#3015=AXIS2_PLACEMENT_3D('',#7910,#3462,#3463);
#3016=AXIS2_PLACEMENT_3D('',#7916,#3467,#3468);
#3017=AXIS2_PLACEMENT_3D('',#7918,#3469,#3470);
#3018=AXIS2_PLACEMENT_3D('',#7920,#3471,#3472);
#3019=AXIS2_PLACEMENT_3D('',#7922,#3474,#3475);
#3020=AXIS2_PLACEMENT_3D('',#7928,#3479,#3480);
#3021=AXIS2_PLACEMENT_3D('',#7930,#3481,#3482);
#3022=AXIS2_PLACEMENT_3D('',#7933,#3484,#3485);
#3023=AXIS2_PLACEMENT_3D('',#7934,#3486,#3487);
#3024=AXIS2_PLACEMENT_3D('',#7940,#3491,#3492);
#3025=AXIS2_PLACEMENT_3D('',#7941,#3493,#3494);
#3026=AXIS2_PLACEMENT_3D('',#7942,#3495,#3496);
#3027=AXIS2_PLACEMENT_3D('',#7943,#3497,#3498);
#3028=AXIS2_PLACEMENT_3D('',#7952,#3503,#3504);
#3029=AXIS2_PLACEMENT_3D('',#7958,#3508,#3509);
#3030=AXIS2_PLACEMENT_3D('',#7966,#3514,#3515);
#3031=AXIS2_PLACEMENT_3D('',#7970,#3518,#3519);
#3032=AXIS2_PLACEMENT_3D('',#7976,#3523,#3524);
#3033=AXIS2_PLACEMENT_3D('',#7978,#3526,#3527);
#3034=AXIS2_PLACEMENT_3D('',#7980,#3529,#3530);
#3035=AXIS2_PLACEMENT_3D('',#7981,#3531,#3532);
#3036=AXIS2_PLACEMENT_3D('',#7990,#3537,#3538);
#3037=AXIS2_PLACEMENT_3D('',#7992,#3539,#3540);
#3038=AXIS2_PLACEMENT_3D('',#7994,#3541,#3542);
#3039=AXIS2_PLACEMENT_3D('',#7996,#3544,#3545);
#3040=AXIS2_PLACEMENT_3D('',#8002,#3549,#3550);
#3041=AXIS2_PLACEMENT_3D('',#8004,#3551,#3552);
#3042=AXIS2_PLACEMENT_3D('',#8006,#3553,#3554);
#3043=AXIS2_PLACEMENT_3D('',#8008,#3556,#3557);
#3044=AXIS2_PLACEMENT_3D('',#8014,#3561,#3562);
#3045=AXIS2_PLACEMENT_3D('',#8016,#3563,#3564);
#3046=AXIS2_PLACEMENT_3D('',#8018,#3565,#3566);
#3047=AXIS2_PLACEMENT_3D('',#8020,#3568,#3569);
#3048=AXIS2_PLACEMENT_3D('',#8026,#3573,#3574);
#3049=AXIS2_PLACEMENT_3D('',#8027,#3575,#3576);
#3050=AXIS2_PLACEMENT_3D('',#8028,#3577,#3578);
#3051=AXIS2_PLACEMENT_3D('',#8029,#3579,#3580);
#3052=AXIS2_PLACEMENT_3D('',#8038,#3585,#3586);
#3053=AXIS2_PLACEMENT_3D('',#8048,#3592,#3593);
#3054=AXIS2_PLACEMENT_3D('',#8052,#3596,#3597);
#3055=AXIS2_PLACEMENT_3D('',#8056,#3600,#3601);
#3056=AXIS2_PLACEMENT_3D('',#8062,#3605,#3606);
#3057=AXIS2_PLACEMENT_3D('',#8064,#3608,#3609);
#3058=AXIS2_PLACEMENT_3D('',#8066,#3611,#3612);
#3059=AXIS2_PLACEMENT_3D('',#8067,#3613,#3614);
#3060=AXIS2_PLACEMENT_3D('',#8076,#3619,#3620);
#3061=AXIS2_PLACEMENT_3D('',#8078,#3621,#3622);
#3062=AXIS2_PLACEMENT_3D('',#8080,#3623,#3624);
#3063=AXIS2_PLACEMENT_3D('',#8082,#3626,#3627);
#3064=AXIS2_PLACEMENT_3D('',#8088,#3631,#3632);
#3065=AXIS2_PLACEMENT_3D('',#8090,#3633,#3634);
#3066=AXIS2_PLACEMENT_3D('',#8092,#3635,#3636);
#3067=AXIS2_PLACEMENT_3D('',#8094,#3638,#3639);
#3068=AXIS2_PLACEMENT_3D('',#8100,#3643,#3644);
#3069=AXIS2_PLACEMENT_3D('',#8102,#3645,#3646);
#3070=AXIS2_PLACEMENT_3D('',#8104,#3647,#3648);
#3071=AXIS2_PLACEMENT_3D('',#8106,#3650,#3651);
#3072=AXIS2_PLACEMENT_3D('',#8112,#3655,#3656);
#3073=AXIS2_PLACEMENT_3D('',#8113,#3657,#3658);
#3074=AXIS2_PLACEMENT_3D('',#8114,#3659,#3660);
#3075=AXIS2_PLACEMENT_3D('',#8115,#3661,#3662);
#3076=AXIS2_PLACEMENT_3D('',#8124,#3667,#3668);
#3077=AXIS2_PLACEMENT_3D('',#8130,#3672,#3673);
#3078=AXIS2_PLACEMENT_3D('',#8138,#3678,#3679);
#3079=AXIS2_PLACEMENT_3D('',#8142,#3682,#3683);
#3080=AXIS2_PLACEMENT_3D('',#8148,#3687,#3688);
#3081=AXIS2_PLACEMENT_3D('',#8150,#3690,#3691);
#3082=AXIS2_PLACEMENT_3D('',#8152,#3693,#3694);
#3083=AXIS2_PLACEMENT_3D('',#8153,#3695,#3696);
#3084=AXIS2_PLACEMENT_3D('',#8162,#3701,#3702);
#3085=AXIS2_PLACEMENT_3D('',#8164,#3703,#3704);
#3086=AXIS2_PLACEMENT_3D('',#8166,#3705,#3706);
#3087=AXIS2_PLACEMENT_3D('',#8168,#3708,#3709);
#3088=AXIS2_PLACEMENT_3D('',#8174,#3713,#3714);
#3089=AXIS2_PLACEMENT_3D('',#8176,#3715,#3716);
#3090=AXIS2_PLACEMENT_3D('',#8178,#3717,#3718);
#3091=AXIS2_PLACEMENT_3D('',#8180,#3720,#3721);
#3092=AXIS2_PLACEMENT_3D('',#8186,#3725,#3726);
#3093=AXIS2_PLACEMENT_3D('',#8188,#3727,#3728);
#3094=AXIS2_PLACEMENT_3D('',#8191,#3730,#3731);
#3095=AXIS2_PLACEMENT_3D('',#8192,#3732,#3733);
#3096=AXIS2_PLACEMENT_3D('',#8198,#3737,#3738);
#3097=AXIS2_PLACEMENT_3D('',#8199,#3739,#3740);
#3098=AXIS2_PLACEMENT_3D('',#8200,#3741,#3742);
#3099=AXIS2_PLACEMENT_3D('',#8201,#3743,#3744);
#3100=AXIS2_PLACEMENT_3D('',#8210,#3749,#3750);
#3101=AXIS2_PLACEMENT_3D('',#8216,#3754,#3755);
#3102=AXIS2_PLACEMENT_3D('',#8224,#3760,#3761);
#3103=AXIS2_PLACEMENT_3D('',#8228,#3764,#3765);
#3104=AXIS2_PLACEMENT_3D('',#8234,#3769,#3770);
#3105=AXIS2_PLACEMENT_3D('',#8236,#3772,#3773);
#3106=AXIS2_PLACEMENT_3D('',#8238,#3775,#3776);
#3107=AXIS2_PLACEMENT_3D('',#8239,#3777,#3778);
#3108=AXIS2_PLACEMENT_3D('',#8241,#3779,#3780);
#3109=AXIS2_PLACEMENT_3D('',#8244,#3782,#3783);
#3110=AXIS2_PLACEMENT_3D('',#8245,#3784,#3785);
#3111=AXIS2_PLACEMENT_3D('',#8247,#3786,#3787);
#3112=AXIS2_PLACEMENT_3D('',#8250,#3789,#3790);
#3113=AXIS2_PLACEMENT_3D('',#8251,#3791,#3792);
#3114=AXIS2_PLACEMENT_3D('',#8252,#3793,#3794);
#3115=AXIS2_PLACEMENT_3D('',#8253,#3795,#3796);
#3116=AXIS2_PLACEMENT_3D('',#8284,#3798,#3799);
#3117=AXIS2_PLACEMENT_3D('',#8322,#3800,#3801);
#3118=AXIS2_PLACEMENT_3D('',#8412,#3803,#3804);
#3119=AXIS2_PLACEMENT_3D('',#8428,#3806,#3807);
#3120=AXIS2_PLACEMENT_3D('',#8451,#3808,#3809);
#3121=AXIS2_PLACEMENT_3D('',#8471,#3811,#3812);
#3122=AXIS2_PLACEMENT_3D('',#8487,#3813,#3814);
#3123=AXIS2_PLACEMENT_3D('',#8525,#3816,#3817);
#3124=AXIS2_PLACEMENT_3D('',#8537,#3819,#3820);
#3125=AXIS2_PLACEMENT_3D('',#8545,#3821,#3822);
#3126=AXIS2_PLACEMENT_3D('',#9496,#3823,#3824);
#3127=AXIS2_PLACEMENT_3D('',#9509,#3831,#3832);
#3128=AXIS2_PLACEMENT_3D('',#9510,#3833,#3834);
#3129=AXIS2_PLACEMENT_3D('',#9516,#3838,#3839);
#3130=AXIS2_PLACEMENT_3D('',#9520,#3842,#3843);
#3131=AXIS2_PLACEMENT_3D('',#9524,#3846,#3847);
#3132=AXIS2_PLACEMENT_3D('',#9528,#3850,#3851);
#3133=AXIS2_PLACEMENT_3D('',#9532,#3854,#3855);
#3134=AXIS2_PLACEMENT_3D('',#9534,#3857,#3858);
#3135=DIRECTION('axis',(0.,0.,1.));
#3136=DIRECTION('refdir',(1.,0.,0.));
#3137=DIRECTION('center_axis',(0.,-1.,0.));
#3138=DIRECTION('ref_axis',(1.,0.,8.07041172571989E-14));
#3139=DIRECTION('',(0.,-1.,0.));
#3140=DIRECTION('center_axis',(0.,-1.,0.));
#3141=DIRECTION('ref_axis',(1.,0.,8.07041172571989E-14));
#3142=DIRECTION('center_axis',(0.,-1.,0.));
#3143=DIRECTION('ref_axis',(1.,0.,8.07041172571989E-14));
#3144=DIRECTION('',(0.,-1.,0.));
#3145=DIRECTION('center_axis',(0.,-1.,0.));
#3146=DIRECTION('ref_axis',(1.,0.,8.07041172571989E-14));
#3147=DIRECTION('center_axis',(0.,-1.,0.));
#3148=DIRECTION('ref_axis',(1.,0.,8.07041172571989E-14));
#3149=DIRECTION('',(0.,-1.,0.));
#3150=DIRECTION('center_axis',(0.,-1.,0.));
#3151=DIRECTION('ref_axis',(1.,0.,8.07041172571989E-14));
#3152=DIRECTION('',(0.,-1.,0.));
#3153=DIRECTION('center_axis',(0.,-1.,0.));
#3154=DIRECTION('ref_axis',(1.,0.,8.07041172571989E-14));
#3155=DIRECTION('',(0.,-1.,0.));
#3156=DIRECTION('center_axis',(0.,-1.,0.));
#3157=DIRECTION('ref_axis',(1.,0.,8.07041172571989E-14));
#3158=DIRECTION('',(0.,-1.,0.));
#3159=DIRECTION('center_axis',(0.,-1.,0.));
#3160=DIRECTION('ref_axis',(1.,0.,8.07041172571989E-14));
#3161=DIRECTION('',(0.,-1.,0.));
#3162=DIRECTION('center_axis',(0.,-1.,0.));
#3163=DIRECTION('ref_axis',(1.,0.,8.07041172571989E-14));
#3164=DIRECTION('',(0.,-1.,0.));
#3165=DIRECTION('center_axis',(0.,-1.,0.));
#3166=DIRECTION('ref_axis',(1.,0.,8.07041172571989E-14));
#3167=DIRECTION('',(0.,-1.,0.));
#3168=DIRECTION('center_axis',(0.,-1.,0.));
#3169=DIRECTION('ref_axis',(1.,0.,8.07041172571989E-14));
#3170=DIRECTION('',(0.,-1.,0.));
#3171=DIRECTION('center_axis',(0.,-1.,0.));
#3172=DIRECTION('ref_axis',(1.,0.,8.07041172571989E-14));
#3173=DIRECTION('',(0.,-1.,0.));
#3174=DIRECTION('center_axis',(0.,-1.,0.));
#3175=DIRECTION('ref_axis',(1.,0.,8.07041172571989E-14));
#3176=DIRECTION('',(0.,-1.,0.));
#3177=DIRECTION('center_axis',(0.,-1.,0.));
#3178=DIRECTION('ref_axis',(1.,0.,8.07041172571989E-14));
#3179=DIRECTION('',(0.,-1.,0.));
#3180=DIRECTION('center_axis',(0.,-1.,0.));
#3181=DIRECTION('ref_axis',(1.,0.,8.07041172571989E-14));
#3182=DIRECTION('',(0.,-1.,0.));
#3183=DIRECTION('center_axis',(0.,-1.,0.));
#3184=DIRECTION('ref_axis',(1.,0.,8.07041172571989E-14));
#3185=DIRECTION('',(0.,-1.,0.));
#3186=DIRECTION('center_axis',(0.,-1.,0.));
#3187=DIRECTION('ref_axis',(1.,0.,0.));
#3188=DIRECTION('',(0.,1.,0.));
#3189=DIRECTION('center_axis',(0.,1.,0.));
#3190=DIRECTION('ref_axis',(1.,0.,0.));
#3191=DIRECTION('',(0.,1.,0.));
#3192=DIRECTION('center_axis',(0.,-1.,0.));
#3193=DIRECTION('ref_axis',(1.,0.,0.));
#3194=DIRECTION('center_axis',(0.,1.,0.));
#3195=DIRECTION('ref_axis',(1.,0.,0.));
#3196=DIRECTION('center_axis',(0.,-1.,0.));
#3197=DIRECTION('ref_axis',(1.,0.,0.));
#3198=DIRECTION('',(0.,1.,0.));
#3199=DIRECTION('center_axis',(0.,-1.,0.));
#3200=DIRECTION('ref_axis',(1.,0.,0.));
#3201=DIRECTION('',(0.,1.,0.));
#3202=DIRECTION('center_axis',(0.,-1.,0.));
#3203=DIRECTION('ref_axis',(1.,0.,0.));
#3204=DIRECTION('',(0.,1.,0.));
#3205=DIRECTION('center_axis',(0.,-1.,0.));
#3206=DIRECTION('ref_axis',(1.,0.,0.));
#3207=DIRECTION('',(0.,1.,0.));
#3208=DIRECTION('center_axis',(0.,-1.,0.));
#3209=DIRECTION('ref_axis',(1.,0.,0.));
#3210=DIRECTION('',(0.,1.,0.));
#3211=DIRECTION('center_axis',(0.,-1.,0.));
#3212=DIRECTION('ref_axis',(1.,0.,0.));
#3213=DIRECTION('',(0.,1.,0.));
#3214=DIRECTION('center_axis',(0.,-1.,0.));
#3215=DIRECTION('ref_axis',(1.,0.,0.));
#3216=DIRECTION('',(0.,1.,0.));
#3217=DIRECTION('center_axis',(0.,-1.,0.));
#3218=DIRECTION('ref_axis',(1.,0.,0.));
#3219=DIRECTION('',(0.,1.,0.));
#3220=DIRECTION('center_axis',(0.,-1.,0.));
#3221=DIRECTION('ref_axis',(1.,0.,0.));
#3222=DIRECTION('',(0.,1.,0.));
#3223=DIRECTION('center_axis',(0.,-1.,0.));
#3224=DIRECTION('ref_axis',(1.,0.,0.));
#3225=DIRECTION('',(0.,1.,0.));
#3226=DIRECTION('center_axis',(0.,-1.,0.));
#3227=DIRECTION('ref_axis',(1.,0.,0.));
#3228=DIRECTION('',(0.,1.,0.));
#3229=DIRECTION('center_axis',(0.,-1.,0.));
#3230=DIRECTION('ref_axis',(1.,0.,0.));
#3231=DIRECTION('',(0.,1.,0.));
#3232=DIRECTION('center_axis',(0.,-1.,0.));
#3233=DIRECTION('ref_axis',(1.,0.,0.));
#3234=DIRECTION('',(0.,1.,0.));
#3235=DIRECTION('center_axis',(0.,-1.,0.));
#3236=DIRECTION('ref_axis',(1.,0.,0.));
#3237=DIRECTION('',(0.,1.,0.));
#3238=DIRECTION('center_axis',(0.,1.,0.));
#3239=DIRECTION('ref_axis',(0.707106781186547,0.,-0.707106781186548));
#3240=DIRECTION('center_axis',(0.,1.,0.));
#3241=DIRECTION('ref_axis',(0.707106781186547,0.,-0.707106781186548));
#3242=DIRECTION('',(0.,1.,0.));
#3243=DIRECTION('center_axis',(0.,1.,0.));
#3244=DIRECTION('ref_axis',(0.707106781186547,0.,-0.707106781186548));
#3245=DIRECTION('',(0.,-1.,0.));
#3246=DIRECTION('center_axis',(-1.,0.,0.));
#3247=DIRECTION('ref_axis',(0.,0.,1.));
#3248=DIRECTION('',(0.,0.,1.));
#3249=DIRECTION('',(0.,-1.,0.));
#3250=DIRECTION('',(0.,0.,1.));
#3251=DIRECTION('center_axis',(0.,1.,0.));
#3252=DIRECTION('ref_axis',(-0.707106781186547,0.,-0.707106781186548));
#3253=DIRECTION('center_axis',(0.,1.,0.));
#3254=DIRECTION('ref_axis',(-0.707106781186547,0.,-0.707106781186548));
#3255=DIRECTION('',(0.,1.,0.));
#3256=DIRECTION('center_axis',(0.,1.,0.));
#3257=DIRECTION('ref_axis',(-0.707106781186547,0.,-0.707106781186548));
#3258=DIRECTION('',(0.,-1.,0.));
#3259=DIRECTION('center_axis',(0.,-1.,0.));
#3260=DIRECTION('ref_axis',(1.,0.,0.));
#3261=DIRECTION('',(1.,0.,0.));
#3262=DIRECTION('',(0.,0.,-1.));
#3263=DIRECTION('center_axis',(0.,1.,0.));
#3264=DIRECTION('ref_axis',(-0.707106781186547,0.,0.707106781186548));
#3265=DIRECTION('',(-1.,0.,0.));
#3266=DIRECTION('center_axis',(0.,1.,0.));
#3267=DIRECTION('ref_axis',(0.707106781186547,0.,0.707106781186548));
#3268=DIRECTION('center_axis',(1.,0.,0.));
#3269=DIRECTION('ref_axis',(0.,0.,-1.));
#3270=DIRECTION('',(0.,0.,-1.));
#3271=DIRECTION('',(0.,1.,0.));
#3272=DIRECTION('center_axis',(0.,1.,0.));
#3273=DIRECTION('ref_axis',(0.707106781186547,0.,0.707106781186548));
#3274=DIRECTION('',(0.,1.,0.));
#3275=DIRECTION('center_axis',(0.,1.,0.));
#3276=DIRECTION('ref_axis',(0.707106781186547,0.,0.707106781186548));
#3277=DIRECTION('center_axis',(0.,0.,-1.));
#3278=DIRECTION('ref_axis',(-1.,0.,0.));
#3279=DIRECTION('',(0.,-1.,0.));
#3280=DIRECTION('',(-1.,0.,0.));
#3281=DIRECTION('center_axis',(0.,1.,0.));
#3282=DIRECTION('ref_axis',(-0.707106781186547,0.,0.707106781186548));
#3283=DIRECTION('center_axis',(0.,1.,0.));
#3284=DIRECTION('ref_axis',(-0.707106781186547,0.,0.707106781186548));
#3285=DIRECTION('center_axis',(0.,1.,0.));
#3286=DIRECTION('ref_axis',(-0.210567327245356,0.,-0.977579357748898));
#3287=DIRECTION('center_axis',(0.,1.,0.));
#3288=DIRECTION('ref_axis',(-0.210567327245356,0.,-0.977579357748898));
#3289=DIRECTION('',(0.,1.,0.));
#3290=DIRECTION('center_axis',(0.,1.,0.));
#3291=DIRECTION('ref_axis',(-0.210567327245356,0.,-0.977579357748898));
#3292=DIRECTION('',(0.,-1.,0.));
#3293=DIRECTION('center_axis',(0.,-1.,0.));
#3294=DIRECTION('ref_axis',(1.,0.,0.));
#3295=DIRECTION('center_axis',(0.,-1.,0.));
#3296=DIRECTION('ref_axis',(1.,0.,0.));
#3297=DIRECTION('center_axis',(0.,1.,0.));
#3298=DIRECTION('ref_axis',(0.210458166824232,0.,-0.97760286416161));
#3299=DIRECTION('',(0.818149717425023,0.,-0.575005252043279));
#3300=DIRECTION('center_axis',(0.,1.,0.));
#3301=DIRECTION('ref_axis',(-0.977263651887234,0.,-0.21202772153666));
#3302=DIRECTION('center_axis',(0.,1.,0.));
#3303=DIRECTION('ref_axis',(1.,0.,0.));
#3304=DIRECTION('center_axis',(0.,1.,0.));
#3305=DIRECTION('ref_axis',(0.977239970215987,0.,-0.212136844070656));
#3306=DIRECTION('',(0.818213918938613,0.,0.57491389168737));
#3307=DIRECTION('center_axis',(0.,1.,0.));
#3308=DIRECTION('ref_axis',(5.5831328524057E-5,0.,0.999999998441432));
#3309=DIRECTION('center_axis',(0.,-1.,0.));
#3310=DIRECTION('ref_axis',(1.,0.,0.));
#3311=DIRECTION('',(0.,1.,0.));
#3312=DIRECTION('center_axis',(0.,1.,0.));
#3313=DIRECTION('ref_axis',(0.977239970215987,0.,-0.212136844070656));
#3314=DIRECTION('',(0.,1.,0.));
#3315=DIRECTION('center_axis',(0.,1.,0.));
#3316=DIRECTION('ref_axis',(0.977239970215987,0.,-0.212136844070656));
#3317=DIRECTION('',(0.,-1.,0.));
#3318=DIRECTION('center_axis',(0.,1.,0.));
#3319=DIRECTION('ref_axis',(5.5831328524057E-5,0.,0.999999998441431));
#3320=DIRECTION('',(0.,-1.,0.));
#3321=DIRECTION('center_axis',(0.,1.,0.));
#3322=DIRECTION('ref_axis',(1.,0.,0.));
#3323=DIRECTION('center_axis',(0.,1.,0.));
#3324=DIRECTION('ref_axis',(-0.977263651887234,0.,-0.21202772153666));
#3325=DIRECTION('',(0.,1.,0.));
#3326=DIRECTION('center_axis',(0.,1.,0.));
#3327=DIRECTION('ref_axis',(-0.977263651887234,0.,-0.21202772153666));
#3328=DIRECTION('center_axis',(0.575005252043279,0.,0.818149717425023));
#3329=DIRECTION('ref_axis',(0.818149717425023,0.,-0.575005252043279));
#3330=DIRECTION('',(0.,-1.,0.));
#3331=DIRECTION('',(0.818149717425023,0.,-0.575005252043279));
#3332=DIRECTION('center_axis',(0.,1.,0.));
#3333=DIRECTION('ref_axis',(0.210458166824232,0.,-0.97760286416161));
#3334=DIRECTION('center_axis',(0.,1.,0.));
#3335=DIRECTION('ref_axis',(0.210458166824232,0.,-0.97760286416161));
#3336=DIRECTION('center_axis',(0.,1.,0.));
#3337=DIRECTION('ref_axis',(1.,0.,0.));
#3338=DIRECTION('center_axis',(0.,-1.,0.));
#3339=DIRECTION('ref_axis',(1.,0.,0.));
#3340=DIRECTION('',(0.,1.,0.));
#3341=DIRECTION('center_axis',(0.,-1.,0.));
#3342=DIRECTION('ref_axis',(1.,0.,0.));
#3343=DIRECTION('center_axis',(0.,-1.,0.));
#3344=DIRECTION('ref_axis',(1.,0.,0.));
#3345=DIRECTION('center_axis',(0.,1.,0.));
#3346=DIRECTION('ref_axis',(1.,0.,0.));
#3347=DIRECTION('center_axis',(0.,-1.,0.));
#3348=DIRECTION('ref_axis',(1.,0.,0.));
#3349=DIRECTION('center_axis',(0.,1.,0.));
#3350=DIRECTION('ref_axis',(0.,0.,1.));
#3351=DIRECTION('center_axis',(0.,1.,0.));
#3352=DIRECTION('ref_axis',(1.,0.,8.07041172571989E-14));
#3353=DIRECTION('center_axis',(0.,-1.,0.));
#3354=DIRECTION('ref_axis',(0.88897658711207,0.,0.457952647733995));
#3355=DIRECTION('center_axis',(0.,-1.,0.));
#3356=DIRECTION('ref_axis',(1.,0.,0.));
#3357=DIRECTION('center_axis',(0.,-1.,0.));
#3358=DIRECTION('ref_axis',(1.,0.,0.));
#3359=DIRECTION('center_axis',(0.,1.,0.));
#3360=DIRECTION('ref_axis',(1.,0.,0.));
#3361=DIRECTION('center_axis',(0.,-1.,0.));
#3362=DIRECTION('ref_axis',(1.,0.,0.));
#3363=DIRECTION('center_axis',(0.,-1.,0.));
#3364=DIRECTION('ref_axis',(1.,0.,0.));
#3365=DIRECTION('center_axis',(0.,-1.,0.));
#3366=DIRECTION('ref_axis',(1.,0.,0.));
#3367=DIRECTION('',(-0.937425272009765,-0.348186529603627,1.1480148588066E-16));
#3368=DIRECTION('center_axis',(0.,1.,0.));
#3369=DIRECTION('ref_axis',(1.,0.,0.));
#3370=DIRECTION('center_axis',(0.,1.,0.));
#3371=DIRECTION('ref_axis',(1.,0.,0.));
#3372=DIRECTION('',(0.,-1.,0.));
#3373=DIRECTION('center_axis',(0.,1.,0.));
#3374=DIRECTION('ref_axis',(1.,0.,0.));
#3375=DIRECTION('center_axis',(0.,1.,0.));
#3376=DIRECTION('ref_axis',(1.,0.,0.));
#3377=DIRECTION('center_axis',(0.,-1.,0.));
#3378=DIRECTION('ref_axis',(1.,0.,0.));
#3379=DIRECTION('center_axis',(0.,1.,0.));
#3380=DIRECTION('ref_axis',(1.,0.,0.));
#3381=DIRECTION('',(0.,-1.,0.));
#3382=DIRECTION('center_axis',(0.,1.,0.));
#3383=DIRECTION('ref_axis',(1.,0.,0.));
#3384=DIRECTION('center_axis',(-0.57491389168737,0.,0.818213918938613));
#3385=DIRECTION('ref_axis',(0.818213918938613,0.,0.57491389168737));
#3386=DIRECTION('',(0.818213918938613,0.,0.57491389168737));
#3387=DIRECTION('center_axis',(0.,0.,1.));
#3388=DIRECTION('ref_axis',(1.,0.,0.));
#3389=DIRECTION('',(1.,0.,0.));
#3390=DIRECTION('center_axis',(0.,1.,0.));
#3391=DIRECTION('ref_axis',(1.,0.,0.));
#3392=DIRECTION('center_axis',(0.,1.,0.));
#3393=DIRECTION('ref_axis',(1.,0.,0.));
#3394=DIRECTION('',(0.,-1.,0.));
#3395=DIRECTION('center_axis',(0.,1.,0.));
#3396=DIRECTION('ref_axis',(1.,0.,0.));
#3397=DIRECTION('center_axis',(0.,-1.,0.));
#3398=DIRECTION('ref_axis',(-1.,0.,1.22464679914735E-16));
#3399=DIRECTION('center_axis',(0.,-1.,0.));
#3400=DIRECTION('ref_axis',(1.,0.,0.));
#3401=DIRECTION('',(0.,1.,0.));
#3402=DIRECTION('center_axis',(0.,-1.,0.));
#3403=DIRECTION('ref_axis',(1.,0.,0.));
#3404=DIRECTION('',(0.,-1.,0.));
#3405=DIRECTION('center_axis',(0.,-1.,0.));
#3406=DIRECTION('ref_axis',(1.,0.,0.));
#3407=DIRECTION('',(0.,0.,-1.));
#3408=DIRECTION('center_axis',(-1.,0.,0.));
#3409=DIRECTION('ref_axis',(0.,0.,-1.));
#3410=DIRECTION('',(0.,0.,-1.));
#3411=DIRECTION('',(0.,-1.,0.));
#3412=DIRECTION('',(0.,0.,-1.));
#3413=DIRECTION('',(0.,-1.,0.));
#3414=DIRECTION('',(0.,0.,-1.));
#3415=DIRECTION('center_axis',(0.,-1.,0.));
#3416=DIRECTION('ref_axis',(1.,0.,0.));
#3417=DIRECTION('center_axis',(0.,-1.,0.));
#3418=DIRECTION('ref_axis',(1.,0.,0.));
#3419=DIRECTION('',(0.,1.,0.));
#3420=DIRECTION('center_axis',(0.,-1.,0.));
#3421=DIRECTION('ref_axis',(1.,0.,0.));
#3422=DIRECTION('',(0.,-1.,0.));
#3423=DIRECTION('center_axis',(0.,-1.,0.));
#3424=DIRECTION('ref_axis',(1.,0.,0.));
#3425=DIRECTION('',(0.,0.,1.));
#3426=DIRECTION('center_axis',(1.,0.,0.));
#3427=DIRECTION('ref_axis',(0.,0.,1.));
#3428=DIRECTION('',(0.,0.,1.));
#3429=DIRECTION('',(0.,-1.,0.));
#3430=DIRECTION('',(0.,0.,1.));
#3431=DIRECTION('',(0.,-1.,0.));
#3432=DIRECTION('',(0.,0.,1.));
#3433=DIRECTION('center_axis',(0.,-1.,0.));
#3434=DIRECTION('ref_axis',(1.,0.,0.));
#3435=DIRECTION('center_axis',(0.,-1.,0.));
#3436=DIRECTION('ref_axis',(1.,0.,0.));
#3437=DIRECTION('center_axis',(0.,-1.,0.));
#3438=DIRECTION('ref_axis',(1.,0.,0.));
#3439=DIRECTION('center_axis',(0.,-1.,0.));
#3440=DIRECTION('ref_axis',(1.,0.,0.));
#3441=DIRECTION('center_axis',(0.,-1.,0.));
#3442=DIRECTION('ref_axis',(1.,0.,0.));
#3443=DIRECTION('center_axis',(0.,-1.,0.));
#3444=DIRECTION('ref_axis',(1.,0.,0.));
#3445=DIRECTION('center_axis',(0.,-1.,0.));
#3446=DIRECTION('ref_axis',(1.,0.,0.));
#3447=DIRECTION('center_axis',(0.,-1.,0.));
#3448=DIRECTION('ref_axis',(1.,0.,0.));
#3449=DIRECTION('center_axis',(-1.,-2.11471052309553E-15,0.));
#3450=DIRECTION('ref_axis',(2.11471052309553E-15,-1.,0.));
#3451=DIRECTION('',(2.11471052309553E-15,-1.,0.));
#3452=DIRECTION('',(0.,0.,1.));
#3453=DIRECTION('',(-2.11471052309553E-15,1.,0.));
#3454=DIRECTION('',(0.,0.,1.));
#3455=DIRECTION('center_axis',(0.,0.,1.));
#3456=DIRECTION('ref_axis',(1.14491749414472E-14,-1.,0.));
#3457=DIRECTION('center_axis',(0.,0.,1.));
#3458=DIRECTION('ref_axis',(1.14491749414472E-14,-1.,0.));
#3459=DIRECTION('center_axis',(0.,0.,-1.));
#3460=DIRECTION('ref_axis',(1.14491749414472E-14,-1.,0.));
#3461=DIRECTION('',(0.,0.,1.));
#3462=DIRECTION('center_axis',(0.,-1.,0.));
#3463=DIRECTION('ref_axis',(1.,0.,0.));
#3464=DIRECTION('',(1.,0.,0.));
#3465=DIRECTION('',(-1.,0.,0.));
#3466=DIRECTION('',(0.,0.,1.));
#3467=DIRECTION('center_axis',(0.,0.,1.));
#3468=DIRECTION('ref_axis',(1.,1.48029736616691E-14,0.));
#3469=DIRECTION('center_axis',(0.,0.,1.));
#3470=DIRECTION('ref_axis',(1.,1.48029736616691E-14,0.));
#3471=DIRECTION('center_axis',(0.,0.,-1.));
#3472=DIRECTION('ref_axis',(1.,1.48029736616691E-14,0.));
#3473=DIRECTION('',(0.,0.,1.));
#3474=DIRECTION('center_axis',(1.,-1.98254111540206E-15,0.));
#3475=DIRECTION('ref_axis',(1.98254111540206E-15,1.,0.));
#3476=DIRECTION('',(1.98254111540206E-15,1.,0.));
#3477=DIRECTION('',(-1.98254111540206E-15,-1.,0.));
#3478=DIRECTION('',(0.,0.,1.));
#3479=DIRECTION('center_axis',(0.,0.,1.));
#3480=DIRECTION('ref_axis',(-1.,-1.48029736616689E-14,0.));
#3481=DIRECTION('center_axis',(0.,0.,1.));
#3482=DIRECTION('ref_axis',(-1.,-1.48029736616689E-14,0.));
#3483=DIRECTION('',(0.,0.,1.));
#3484=DIRECTION('center_axis',(0.,0.,-1.));
#3485=DIRECTION('ref_axis',(-1.,-1.48029736616689E-14,0.));
#3486=DIRECTION('center_axis',(0.,1.,0.));
#3487=DIRECTION('ref_axis',(-1.,0.,0.));
#3488=DIRECTION('',(-1.,0.,0.));
#3489=DIRECTION('',(0.,0.,1.));
#3490=DIRECTION('',(1.,0.,0.));
#3491=DIRECTION('center_axis',(0.,0.,1.));
#3492=DIRECTION('ref_axis',(1.76363553390974E-14,1.,0.));
#3493=DIRECTION('center_axis',(0.,0.,1.));
#3494=DIRECTION('ref_axis',(1.76363553390974E-14,1.,0.));
#3495=DIRECTION('center_axis',(0.,0.,-1.));
#3496=DIRECTION('ref_axis',(1.76363553390974E-14,1.,0.));
#3497=DIRECTION('center_axis',(-0.928476690885259,-0.371390676354103,0.));
#3498=DIRECTION('ref_axis',(0.,0.,1.));
#3499=DIRECTION('',(0.371390676354103,-0.928476690885259,0.));
#3500=DIRECTION('',(0.,0.,1.));
#3501=DIRECTION('',(-0.371390676354103,0.928476690885259,0.));
#3502=DIRECTION('',(0.,0.,-1.));
#3503=DIRECTION('center_axis',(0.,-1.,0.));
#3504=DIRECTION('ref_axis',(0.,0.,-1.));
#3505=DIRECTION('',(1.,0.,0.));
#3506=DIRECTION('',(0.,0.,-1.));
#3507=DIRECTION('',(-1.,0.,0.));
#3508=DIRECTION('center_axis',(0.,0.,-1.));
#3509=DIRECTION('ref_axis',(1.,0.,0.));
#3510=DIRECTION('',(0.,-1.,0.));
#3511=DIRECTION('',(-1.,0.,0.));
#3512=DIRECTION('',(0.,-1.,0.));
#3513=DIRECTION('',(0.371390676354103,0.928476690885259,0.));
#3514=DIRECTION('center_axis',(0.928476690885259,-0.371390676354103,0.));
#3515=DIRECTION('ref_axis',(0.,0.,-1.));
#3516=DIRECTION('',(-0.371390676354103,-0.928476690885259,0.));
#3517=DIRECTION('',(0.,0.,1.));
#3518=DIRECTION('center_axis',(0.,0.,1.));
#3519=DIRECTION('ref_axis',(-1.,0.,0.));
#3520=DIRECTION('',(0.,-1.,0.));
#3521=DIRECTION('',(1.,0.,0.));
#3522=DIRECTION('',(0.,-1.,0.));
#3523=DIRECTION('center_axis',(1.,0.,0.));
#3524=DIRECTION('ref_axis',(0.,0.,1.));
#3525=DIRECTION('',(0.,0.,-1.));
#3526=DIRECTION('center_axis',(-1.,0.,0.));
#3527=DIRECTION('ref_axis',(0.,0.,-1.));
#3528=DIRECTION('',(0.,0.,1.));
#3529=DIRECTION('center_axis',(0.,-1.,0.));
#3530=DIRECTION('ref_axis',(1.,0.,0.));
#3531=DIRECTION('center_axis',(-1.,-2.11471052309553E-15,0.));
#3532=DIRECTION('ref_axis',(2.11471052309553E-15,-1.,0.));
#3533=DIRECTION('',(-2.11471052309553E-15,1.,0.));
#3534=DIRECTION('',(0.,0.,1.));
#3535=DIRECTION('',(2.11471052309553E-15,-1.,0.));
#3536=DIRECTION('',(0.,0.,1.));
#3537=DIRECTION('center_axis',(0.,0.,1.));
#3538=DIRECTION('ref_axis',(-1.,-1.48029736616689E-14,0.));
#3539=DIRECTION('center_axis',(0.,0.,-1.));
#3540=DIRECTION('ref_axis',(-1.,-1.48029736616689E-14,0.));
#3541=DIRECTION('center_axis',(0.,0.,1.));
#3542=DIRECTION('ref_axis',(-1.,-1.48029736616689E-14,0.));
#3543=DIRECTION('',(0.,0.,1.));
#3544=DIRECTION('center_axis',(0.,1.,0.));
#3545=DIRECTION('ref_axis',(-1.,0.,0.));
#3546=DIRECTION('',(1.,0.,0.));
#3547=DIRECTION('',(-1.,0.,0.));
#3548=DIRECTION('',(0.,0.,1.));
#3549=DIRECTION('center_axis',(0.,0.,1.));
#3550=DIRECTION('ref_axis',(1.76363553390974E-14,1.,0.));
#3551=DIRECTION('center_axis',(0.,0.,-1.));
#3552=DIRECTION('ref_axis',(1.76363553390974E-14,1.,0.));
#3553=DIRECTION('center_axis',(0.,0.,1.));
#3554=DIRECTION('ref_axis',(1.76363553390974E-14,1.,0.));
#3555=DIRECTION('',(0.,0.,1.));
#3556=DIRECTION('center_axis',(1.,-1.98254111540206E-15,0.));
#3557=DIRECTION('ref_axis',(1.98254111540206E-15,1.,0.));
#3558=DIRECTION('',(-1.98254111540206E-15,-1.,0.));
#3559=DIRECTION('',(1.98254111540206E-15,1.,0.));
#3560=DIRECTION('',(0.,0.,1.));
#3561=DIRECTION('center_axis',(0.,0.,1.));
#3562=DIRECTION('ref_axis',(1.,1.48029736616691E-14,0.));
#3563=DIRECTION('center_axis',(0.,0.,-1.));
#3564=DIRECTION('ref_axis',(1.,1.48029736616691E-14,0.));
#3565=DIRECTION('center_axis',(0.,0.,1.));
#3566=DIRECTION('ref_axis',(1.,1.48029736616691E-14,0.));
#3567=DIRECTION('',(0.,0.,1.));
#3568=DIRECTION('center_axis',(0.,-1.,0.));
#3569=DIRECTION('ref_axis',(1.,0.,0.));
#3570=DIRECTION('',(-1.,0.,0.));
#3571=DIRECTION('',(1.,0.,0.));
#3572=DIRECTION('',(0.,0.,1.));
#3573=DIRECTION('center_axis',(0.,0.,1.));
#3574=DIRECTION('ref_axis',(1.14491749414472E-14,-1.,0.));
#3575=DIRECTION('center_axis',(0.,0.,-1.));
#3576=DIRECTION('ref_axis',(1.14491749414472E-14,-1.,0.));
#3577=DIRECTION('center_axis',(0.,0.,1.));
#3578=DIRECTION('ref_axis',(1.14491749414472E-14,-1.,0.));
#3579=DIRECTION('center_axis',(-0.928476690885259,-0.371390676354103,0.));
#3580=DIRECTION('ref_axis',(0.,0.,1.));
#3581=DIRECTION('',(0.371390676354103,-0.928476690885259,0.));
#3582=DIRECTION('',(0.,0.,1.));
#3583=DIRECTION('',(-0.371390676354103,0.928476690885259,0.));
#3584=DIRECTION('',(0.,0.,-1.));
#3585=DIRECTION('center_axis',(0.,0.,1.));
#3586=DIRECTION('ref_axis',(-1.,0.,0.));
#3587=DIRECTION('',(-1.,0.,0.));
#3588=DIRECTION('',(-0.371390676354103,-0.928476690885259,0.));
#3589=DIRECTION('',(0.,-1.,0.));
#3590=DIRECTION('',(-1.,0.,0.));
#3591=DIRECTION('',(0.,-1.,0.));
#3592=DIRECTION('center_axis',(0.,-1.,0.));
#3593=DIRECTION('ref_axis',(0.,0.,-1.));
#3594=DIRECTION('',(1.,0.,0.));
#3595=DIRECTION('',(0.,0.,-1.));
#3596=DIRECTION('center_axis',(0.928476690885259,-0.371390676354103,0.));
#3597=DIRECTION('ref_axis',(0.,0.,-1.));
#3598=DIRECTION('',(0.371390676354103,0.928476690885259,0.));
#3599=DIRECTION('',(0.,0.,1.));
#3600=DIRECTION('center_axis',(0.,0.,-1.));
#3601=DIRECTION('ref_axis',(1.,0.,0.));
#3602=DIRECTION('',(0.,-1.,0.));
#3603=DIRECTION('',(1.,0.,0.));
#3604=DIRECTION('',(0.,-1.,0.));
#3605=DIRECTION('center_axis',(-1.,0.,0.));
#3606=DIRECTION('ref_axis',(0.,0.,-1.));
#3607=DIRECTION('',(0.,0.,-1.));
#3608=DIRECTION('center_axis',(1.,0.,0.));
#3609=DIRECTION('ref_axis',(0.,0.,1.));
#3610=DIRECTION('',(0.,0.,1.));
#3611=DIRECTION('center_axis',(0.,-1.,0.));
#3612=DIRECTION('ref_axis',(1.,0.,0.));
#3613=DIRECTION('center_axis',(0.,-1.,0.));
#3614=DIRECTION('ref_axis',(0.,0.,1.));
#3615=DIRECTION('',(0.,0.,-1.));
#3616=DIRECTION('',(-1.,0.,0.));
#3617=DIRECTION('',(0.,0.,1.));
#3618=DIRECTION('',(-1.,0.,0.));
#3619=DIRECTION('center_axis',(-1.,0.,0.));
#3620=DIRECTION('ref_axis',(0.,-1.,4.1633363423443E-15));
#3621=DIRECTION('center_axis',(1.,0.,0.));
#3622=DIRECTION('ref_axis',(0.,-1.,4.1633363423443E-15));
#3623=DIRECTION('center_axis',(-1.,0.,0.));
#3624=DIRECTION('ref_axis',(0.,-1.,4.1633363423443E-15));
#3625=DIRECTION('',(-1.,0.,0.));
#3626=DIRECTION('center_axis',(0.,2.70947285771614E-15,-1.));
#3627=DIRECTION('ref_axis',(0.,-1.,-2.70947285771614E-15));
#3628=DIRECTION('',(0.,1.,2.70947285771614E-15));
#3629=DIRECTION('',(0.,-1.,-2.70947285771614E-15));
#3630=DIRECTION('',(-1.,0.,0.));
#3631=DIRECTION('center_axis',(-1.,0.,0.));
#3632=DIRECTION('ref_axis',(0.,0.,-1.));
#3633=DIRECTION('center_axis',(1.,0.,0.));
#3634=DIRECTION('ref_axis',(0.,0.,-1.));
#3635=DIRECTION('center_axis',(-1.,0.,0.));
#3636=DIRECTION('ref_axis',(0.,0.,-1.));
#3637=DIRECTION('',(-1.,0.,0.));
#3638=DIRECTION('center_axis',(0.,1.,-2.22044604925032E-14));
#3639=DIRECTION('ref_axis',(0.,-2.22044604925032E-14,-1.));
#3640=DIRECTION('',(0.,2.22044604925032E-14,1.));
#3641=DIRECTION('',(0.,-2.22044604925032E-14,-1.));
#3642=DIRECTION('',(-1.,0.,0.));
#3643=DIRECTION('center_axis',(-1.,0.,0.));
#3644=DIRECTION('ref_axis',(0.,1.,-2.31296463463576E-15));
#3645=DIRECTION('center_axis',(1.,0.,0.));
#3646=DIRECTION('ref_axis',(0.,1.,-2.31296463463576E-15));
#3647=DIRECTION('center_axis',(-1.,0.,0.));
#3648=DIRECTION('ref_axis',(0.,1.,-2.31296463463576E-15));
#3649=DIRECTION('',(-1.,0.,0.));
#3650=DIRECTION('center_axis',(0.,2.70947285771614E-15,1.));
#3651=DIRECTION('ref_axis',(0.,1.,-2.70947285771614E-15));
#3652=DIRECTION('',(0.,-1.,2.70947285771614E-15));
#3653=DIRECTION('',(0.,1.,-2.70947285771614E-15));
#3654=DIRECTION('',(-1.,0.,0.));
#3655=DIRECTION('center_axis',(-1.,0.,0.));
#3656=DIRECTION('ref_axis',(0.,-1.48029736616686E-14,1.));
#3657=DIRECTION('center_axis',(1.,0.,0.));
#3658=DIRECTION('ref_axis',(0.,-1.48029736616686E-14,1.));
#3659=DIRECTION('center_axis',(-1.,0.,0.));
#3660=DIRECTION('ref_axis',(0.,-1.48029736616686E-14,1.));
#3661=DIRECTION('center_axis',(0.,-0.371390676354103,0.928476690885259));
#3662=DIRECTION('ref_axis',(1.,0.,0.));
#3663=DIRECTION('',(0.,-0.928476690885259,-0.371390676354103));
#3664=DIRECTION('',(1.,0.,0.));
#3665=DIRECTION('',(0.,0.928476690885259,0.371390676354103));
#3666=DIRECTION('',(-1.,0.,0.));
#3667=DIRECTION('center_axis',(0.,-1.,0.));
#3668=DIRECTION('ref_axis',(0.,0.,-1.));
#3669=DIRECTION('',(0.,0.,-1.));
#3670=DIRECTION('',(-1.,0.,0.));
#3671=DIRECTION('',(0.,0.,1.));
#3672=DIRECTION('center_axis',(-1.,0.,0.));
#3673=DIRECTION('ref_axis',(0.,0.,-1.));
#3674=DIRECTION('',(0.,-1.,0.));
#3675=DIRECTION('',(0.,0.,-1.));
#3676=DIRECTION('',(0.,-1.,0.));
#3677=DIRECTION('',(0.,0.928476690885259,-0.371390676354103));
#3678=DIRECTION('center_axis',(0.,-0.371390676354103,-0.928476690885259));
#3679=DIRECTION('ref_axis',(-1.,0.,0.));
#3680=DIRECTION('',(0.,-0.928476690885259,0.371390676354103));
#3681=DIRECTION('',(1.,0.,0.));
#3682=DIRECTION('center_axis',(1.,0.,0.));
#3683=DIRECTION('ref_axis',(0.,0.,1.));
#3684=DIRECTION('',(0.,-1.,0.));
#3685=DIRECTION('',(0.,0.,1.));
#3686=DIRECTION('',(0.,-1.,0.));
#3687=DIRECTION('center_axis',(0.,0.,-1.));
#3688=DIRECTION('ref_axis',(1.,0.,0.));
#3689=DIRECTION('',(1.,0.,0.));
#3690=DIRECTION('center_axis',(0.,0.,1.));
#3691=DIRECTION('ref_axis',(-1.,0.,0.));
#3692=DIRECTION('',(-1.,0.,0.));
#3693=DIRECTION('center_axis',(0.,-1.,0.));
#3694=DIRECTION('ref_axis',(1.,0.,0.));
#3695=DIRECTION('center_axis',(0.,-1.,0.));
#3696=DIRECTION('ref_axis',(0.,0.,1.));
#3697=DIRECTION('',(0.,0.,1.));
#3698=DIRECTION('',(-1.,0.,0.));
#3699=DIRECTION('',(0.,0.,-1.));
#3700=DIRECTION('',(-1.,0.,0.));
#3701=DIRECTION('center_axis',(-1.,0.,0.));
#3702=DIRECTION('ref_axis',(0.,-1.48029736616686E-14,1.));
#3703=DIRECTION('center_axis',(-1.,0.,0.));
#3704=DIRECTION('ref_axis',(0.,-1.48029736616686E-14,1.));
#3705=DIRECTION('center_axis',(1.,0.,0.));
#3706=DIRECTION('ref_axis',(0.,-1.48029736616686E-14,1.));
#3707=DIRECTION('',(-1.,0.,0.));
#3708=DIRECTION('center_axis',(0.,2.70947285771614E-15,1.));
#3709=DIRECTION('ref_axis',(0.,1.,-2.70947285771614E-15));
#3710=DIRECTION('',(0.,1.,-2.70947285771614E-15));
#3711=DIRECTION('',(0.,-1.,2.70947285771614E-15));
#3712=DIRECTION('',(-1.,0.,0.));
#3713=DIRECTION('center_axis',(-1.,0.,0.));
#3714=DIRECTION('ref_axis',(0.,1.,-2.31296463463576E-15));
#3715=DIRECTION('center_axis',(-1.,0.,0.));
#3716=DIRECTION('ref_axis',(0.,1.,-2.31296463463576E-15));
#3717=DIRECTION('center_axis',(1.,0.,0.));
#3718=DIRECTION('ref_axis',(0.,1.,-2.31296463463576E-15));
#3719=DIRECTION('',(-1.,0.,0.));
#3720=DIRECTION('center_axis',(0.,1.,-2.22044604925032E-14));
#3721=DIRECTION('ref_axis',(0.,-2.22044604925032E-14,-1.));
#3722=DIRECTION('',(0.,-2.22044604925032E-14,-1.));
#3723=DIRECTION('',(0.,2.22044604925032E-14,1.));
#3724=DIRECTION('',(-1.,0.,0.));
#3725=DIRECTION('center_axis',(-1.,0.,0.));
#3726=DIRECTION('ref_axis',(0.,-1.,4.1633363423443E-15));
#3727=DIRECTION('center_axis',(-1.,0.,0.));
#3728=DIRECTION('ref_axis',(0.,-1.,4.1633363423443E-15));
#3729=DIRECTION('',(-1.,0.,0.));
#3730=DIRECTION('center_axis',(1.,0.,0.));
#3731=DIRECTION('ref_axis',(0.,-1.,4.1633363423443E-15));
#3732=DIRECTION('center_axis',(0.,2.70947285771614E-15,-1.));
#3733=DIRECTION('ref_axis',(0.,-1.,-2.70947285771614E-15));
#3734=DIRECTION('',(0.,-1.,-2.70947285771614E-15));
#3735=DIRECTION('',(-1.,0.,0.));
#3736=DIRECTION('',(0.,1.,2.70947285771614E-15));
#3737=DIRECTION('center_axis',(-1.,0.,0.));
#3738=DIRECTION('ref_axis',(0.,0.,-1.));
#3739=DIRECTION('center_axis',(-1.,0.,0.));
#3740=DIRECTION('ref_axis',(0.,0.,-1.));
#3741=DIRECTION('center_axis',(1.,0.,0.));
#3742=DIRECTION('ref_axis',(0.,0.,-1.));
#3743=DIRECTION('center_axis',(0.,-0.371390676354103,0.928476690885259));
#3744=DIRECTION('ref_axis',(1.,0.,0.));
#3745=DIRECTION('',(0.,-0.928476690885259,-0.371390676354103));
#3746=DIRECTION('',(1.,0.,0.));
#3747=DIRECTION('',(0.,0.928476690885259,0.371390676354103));
#3748=DIRECTION('',(-1.,0.,0.));
#3749=DIRECTION('center_axis',(0.,-1.,0.));
#3750=DIRECTION('ref_axis',(0.,0.,-1.));
#3751=DIRECTION('',(0.,0.,-1.));
#3752=DIRECTION('',(-1.,0.,0.));
#3753=DIRECTION('',(0.,0.,1.));
#3754=DIRECTION('center_axis',(-1.,0.,0.));
#3755=DIRECTION('ref_axis',(0.,0.,-1.));
#3756=DIRECTION('',(0.,-1.,0.));
#3757=DIRECTION('',(0.,0.,-1.));
#3758=DIRECTION('',(0.,-1.,0.));
#3759=DIRECTION('',(0.,0.928476690885259,-0.371390676354103));
#3760=DIRECTION('center_axis',(0.,-0.371390676354103,-0.928476690885259));
#3761=DIRECTION('ref_axis',(-1.,0.,0.));
#3762=DIRECTION('',(0.,-0.928476690885259,0.371390676354103));
#3763=DIRECTION('',(1.,0.,0.));
#3764=DIRECTION('center_axis',(1.,0.,0.));
#3765=DIRECTION('ref_axis',(0.,0.,1.));
#3766=DIRECTION('',(0.,-1.,0.));
#3767=DIRECTION('',(0.,0.,1.));
#3768=DIRECTION('',(0.,-1.,0.));
#3769=DIRECTION('center_axis',(0.,0.,-1.));
#3770=DIRECTION('ref_axis',(1.,0.,0.));
#3771=DIRECTION('',(1.,0.,0.));
#3772=DIRECTION('center_axis',(0.,0.,1.));
#3773=DIRECTION('ref_axis',(-1.,0.,0.));
#3774=DIRECTION('',(-1.,0.,0.));
#3775=DIRECTION('center_axis',(0.,-1.,0.));
#3776=DIRECTION('ref_axis',(1.,0.,0.));
#3777=DIRECTION('center_axis',(0.,-1.,0.));
#3778=DIRECTION('ref_axis',(1.,0.,0.));
#3779=DIRECTION('center_axis',(0.,1.,0.));
#3780=DIRECTION('ref_axis',(1.,0.,0.));
#3781=DIRECTION('',(0.,1.,0.));
#3782=DIRECTION('center_axis',(0.,1.,0.));
#3783=DIRECTION('ref_axis',(1.,0.,0.));
#3784=DIRECTION('center_axis',(0.,-1.,0.));
#3785=DIRECTION('ref_axis',(1.,0.,0.));
#3786=DIRECTION('center_axis',(0.,-1.,0.));
#3787=DIRECTION('ref_axis',(1.,0.,0.));
#3788=DIRECTION('',(0.,1.,0.));
#3789=DIRECTION('center_axis',(0.,-1.,0.));
#3790=DIRECTION('ref_axis',(1.,0.,0.));
#3791=DIRECTION('center_axis',(0.,-1.,0.));
#3792=DIRECTION('ref_axis',(1.,0.,0.));
#3793=DIRECTION('center_axis',(0.,-1.,0.));
#3794=DIRECTION('ref_axis',(1.,0.,0.));
#3795=DIRECTION('center_axis',(0.,-1.,0.));
#3796=DIRECTION('ref_axis',(-0.935049867620348,0.,-0.354516212694385));
#3797=DIRECTION('',(0.,1.,0.));
#3798=DIRECTION('center_axis',(0.,-1.,0.));
#3799=DIRECTION('ref_axis',(-1.,0.,0.));
#3800=DIRECTION('center_axis',(0.,-1.,0.));
#3801=DIRECTION('ref_axis',(-1.,0.,0.));
#3802=DIRECTION('',(0.,1.,0.));
#3803=DIRECTION('center_axis',(0.,-1.,0.));
#3804=DIRECTION('ref_axis',(-1.,0.,0.));
#3805=DIRECTION('',(0.,1.,0.));
#3806=DIRECTION('center_axis',(0.,-1.,0.));
#3807=DIRECTION('ref_axis',(-1.,0.,0.));
#3808=DIRECTION('center_axis',(0.,-1.,0.));
#3809=DIRECTION('ref_axis',(-1.,0.,-3.92010771854471E-15));
#3810=DIRECTION('',(-1.22464679914735E-16,-1.,-4.95072334809479E-31));
#3811=DIRECTION('center_axis',(0.,1.,0.));
#3812=DIRECTION('ref_axis',(-1.,0.,-3.92010771854471E-15));
#3813=DIRECTION('center_axis',(0.,-1.,0.));
#3814=DIRECTION('ref_axis',(-1.,0.,-3.92010771854471E-15));
#3815=DIRECTION('',(-1.22464679914735E-16,-1.,-4.95072334809479E-31));
#3816=DIRECTION('center_axis',(0.,-1.,0.));
#3817=DIRECTION('ref_axis',(0.608794763232691,0.,-0.793327760928894));
#3818=DIRECTION('',(-1.22464679914735E-16,-1.,-4.95072334809479E-31));
#3819=DIRECTION('center_axis',(0.,-1.,0.));
#3820=DIRECTION('ref_axis',(-1.,0.,-3.92010771854471E-15));
#3821=DIRECTION('center_axis',(0.,-1.,0.));
#3822=DIRECTION('ref_axis',(-1.,0.,-3.92010771854471E-15));
#3823=DIRECTION('center_axis',(0.,-1.,0.));
#3824=DIRECTION('ref_axis',(-1.,0.,0.));
#3825=DIRECTION('',(-2.7768414243806E-16,0.,-1.));
#3826=DIRECTION('',(0.866025403784439,0.,-0.5));
#3827=DIRECTION('',(0.866025403784439,0.,0.5));
#3828=DIRECTION('',(2.7768414243806E-16,0.,1.));
#3829=DIRECTION('',(-0.866025403784438,0.,0.5));
#3830=DIRECTION('',(-0.866025403784439,0.,-0.499999999999999));
#3831=DIRECTION('center_axis',(0.,-1.,0.));
#3832=DIRECTION('ref_axis',(-1.,0.,0.));
#3833=DIRECTION('center_axis',(-0.5,0.,0.866025403784439));
#3834=DIRECTION('ref_axis',(-0.866025403784439,0.,-0.499999999999999));
#3835=DIRECTION('',(-0.866025403784439,0.,-0.499999999999999));
#3836=DIRECTION('',(0.,-1.,0.));
#3837=DIRECTION('',(0.,-1.,0.));
#3838=DIRECTION('center_axis',(0.5,0.,0.866025403784438));
#3839=DIRECTION('ref_axis',(-0.866025403784438,0.,0.5));
#3840=DIRECTION('',(-0.866025403784438,0.,0.5));
#3841=DIRECTION('',(0.,-1.,0.));
#3842=DIRECTION('center_axis',(1.,0.,-2.7768414243806E-16));
#3843=DIRECTION('ref_axis',(2.7768414243806E-16,0.,1.));
#3844=DIRECTION('',(2.7768414243806E-16,0.,1.));
#3845=DIRECTION('',(0.,-1.,0.));
#3846=DIRECTION('center_axis',(0.5,0.,-0.866025403784439));
#3847=DIRECTION('ref_axis',(0.866025403784439,0.,0.5));
#3848=DIRECTION('',(0.866025403784439,0.,0.5));
#3849=DIRECTION('',(0.,-1.,0.));
#3850=DIRECTION('center_axis',(-0.5,0.,-0.866025403784439));
#3851=DIRECTION('ref_axis',(0.866025403784439,0.,-0.5));
#3852=DIRECTION('',(0.866025403784439,0.,-0.5));
#3853=DIRECTION('',(0.,-1.,0.));
#3854=DIRECTION('center_axis',(-1.,0.,2.7768414243806E-16));
#3855=DIRECTION('ref_axis',(-2.7768414243806E-16,0.,-1.));
#3856=DIRECTION('',(-2.7768414243806E-16,0.,-1.));
#3857=DIRECTION('center_axis',(0.,-1.,0.));
#3858=DIRECTION('ref_axis',(-1.,0.,0.));
#3859=CARTESIAN_POINT('',(0.,0.,0.));
#3860=CARTESIAN_POINT('Origin',(0.,1.38643520205039,0.));
#3861=CARTESIAN_POINT('',(-5.52186729390619,-11.7385647979496,-7.14481475341017E-5));
#3862=CARTESIAN_POINT('',(-5.52225,-11.75,-4.46344592102226E-13));
#3863=CARTESIAN_POINT('',(-5.52225,1.38643520205039,-4.46344592102226E-13));
#3864=CARTESIAN_POINT('',(-5.49692912013073,-11.75,-0.528218998862004));
#3865=CARTESIAN_POINT('Ctrl Pts',(-5.52186729390619,-11.7385647979496,-7.1448147534077E-5));
#3866=CARTESIAN_POINT('Ctrl Pts',(-5.52195578699068,-11.7423765319664,-0.176445989590793));
#3867=CARTESIAN_POINT('Ctrl Pts',(-5.51367558262708,-11.7461882659832,-0.352812624536801));
#3868=CARTESIAN_POINT('Ctrl Pts',(-5.49698715004471,-11.75,-0.528354900629522));
#3869=CARTESIAN_POINT('Origin',(0.,-11.75,0.));
#3870=CARTESIAN_POINT('Origin',(0.,1.38643520205039,0.));
#3871=CARTESIAN_POINT('',(-5.52265000238181,-10.9885647979496,-6.4165524652523E-5));
#3872=CARTESIAN_POINT('',(-5.52192248778945,-11.1364352020504,-0.00010214294968669));
#3873=CARTESIAN_POINT('',(-5.52225,1.38643520205039,-4.46344592102226E-13));
#3874=CARTESIAN_POINT('Ctrl Pts',(-5.52265000238181,-10.9885647979496,-6.41655246527099E-5));
#3875=CARTESIAN_POINT('Ctrl Pts',(-5.52268824473157,-10.9899622851577,-0.0647014318073232));
#3876=CARTESIAN_POINT('Ctrl Pts',(-5.50588041718369,-11.0110953354863,-1.04213776113349));
#3877=CARTESIAN_POINT('Ctrl Pts',(-4.9611655007985,-11.0519639489355,-2.91437684727314));
#3878=CARTESIAN_POINT('Ctrl Pts',(-2.97628301314254,-11.1111706382971,-4.92427606846976));
#3879=CARTESIAN_POINT('Ctrl Pts',(-0.274051263469878,-11.1703773276589,
-5.74731685771151));
#3880=CARTESIAN_POINT('Ctrl Pts',(2.49423308609305,-11.2295840170205,-5.18512852338778));
#3881=CARTESIAN_POINT('Ctrl Pts',(4.66135216633196,-11.2887907063823,-3.37321045009644));
#3882=CARTESIAN_POINT('Ctrl Pts',(5.70498419911065,-11.3479973957439,-0.748275186392978));
#3883=CARTESIAN_POINT('Ctrl Pts',(5.37358833885661,-11.4072040851056,2.05701156339564));
#3884=CARTESIAN_POINT('Ctrl Pts',(3.74704340650279,-11.4664107744673,4.36651197179958));
#3885=CARTESIAN_POINT('Ctrl Pts',(1.21737237599025,-11.525617463829,5.62359027632538));
#3886=CARTESIAN_POINT('Ctrl Pts',(-1.6056993469215,-11.5848241531907,5.52525454028183));
#3887=CARTESIAN_POINT('Ctrl Pts',(-4.04178693457676,-11.6440308425524,4.09522232879428));
#3888=CARTESIAN_POINT('Ctrl Pts',(-5.30713108550095,-11.6952777241387,2.00308707551099));
#3889=CARTESIAN_POINT('Ctrl Pts',(-5.52159390837927,-11.7267890426045,0.544810078212843));
#3890=CARTESIAN_POINT('Ctrl Pts',(-5.52186729390619,-11.7385647979496,-7.1448147534077E-5));
#3891=CARTESIAN_POINT('',(-2.29101348828889,-11.75,5.02458976026684));
#3892=CARTESIAN_POINT('Origin',(0.,-11.75,0.));
#3893=CARTESIAN_POINT('Ctrl Pts',(-5.52192248778945,-11.1364352020504,-0.000102142949686447));
#3894=CARTESIAN_POINT('Ctrl Pts',(-5.52214495193252,-11.1436011701613,-0.331671887254421));
#3895=CARTESIAN_POINT('Ctrl Pts',(-5.41181671849205,-11.1705027013927,-1.57626080607389));
#3896=CARTESIAN_POINT('Ctrl Pts',(-4.48807872213188,-11.2171397957447,-3.60054309110907));
#3897=CARTESIAN_POINT('Ctrl Pts',(-2.2336443718015,-11.2763464851064,-5.30260275314195));
#3898=CARTESIAN_POINT('Ctrl Pts',(0.55913575683178,-11.3355531744681,-5.72661117536106));
#3899=CARTESIAN_POINT('Ctrl Pts',(3.21717402975365,-11.3947598638298,-4.77039606240301));
#3900=CARTESIAN_POINT('Ctrl Pts',(5.09976015577513,-11.4539665531915,-2.66438168345701));
#3901=CARTESIAN_POINT('Ctrl Pts',(5.75327508003295,-11.5131732425532,0.0837502736540931));
#3902=CARTESIAN_POINT('Ctrl Pts',(5.01996459025618,-11.5723799319149,2.81180656993409));
#3903=CARTESIAN_POINT('Ctrl Pts',(3.07704470473831,-11.6315866212766,4.86194087601732));
#3904=CARTESIAN_POINT('Ctrl Pts',(0.391862979834132,-11.6907933106383,5.74067961151547));
#3905=CARTESIAN_POINT('Ctrl Pts',(-1.46026657426696,-11.7302644368794,5.40337737800014));
#3906=CARTESIAN_POINT('Ctrl Pts',(-2.29101348828889,-11.75,5.02458976026684));
#3907=CARTESIAN_POINT('Origin',(0.,1.38643520205039,0.));
#3908=CARTESIAN_POINT('',(-5.52216303575594,-10.2385647979496,0.000138255486657302));
#3909=CARTESIAN_POINT('',(-5.52270037287498,-10.3864352020504,-2.87546914112813E-5));
#3910=CARTESIAN_POINT('',(-5.52225,1.38643520205039,-4.46344592102226E-13));
#3911=CARTESIAN_POINT('Ctrl Pts',(-5.52216303575594,-10.2385647979496,0.000138255486657225));
#3912=CARTESIAN_POINT('Ctrl Pts',(-5.52150688161437,-10.2531355277109,-0.673965936232629));
#3913=CARTESIAN_POINT('Ctrl Pts',(-5.2303186750482,-10.2874418205927,-2.26167294409503));
#3914=CARTESIAN_POINT('Ctrl Pts',(-3.74437432682011,-10.3414836765951,-4.36880032974909));
#3915=CARTESIAN_POINT('Ctrl Pts',(-1.21394059880601,-10.4006903659568,-5.62433139520986));
#3916=CARTESIAN_POINT('Ctrl Pts',(1.60907939927959,-10.4598970553185,-5.52427541920083));
#3917=CARTESIAN_POINT('Ctrl Pts',(4.04427602271816,-10.5191037446802,-4.09274808326785));
#3918=CARTESIAN_POINT('Ctrl Pts',(5.50471355317681,-10.5783104340419,-1.6747788263005));
#3919=CARTESIAN_POINT('Ctrl Pts',(5.63839456213093,-10.6375171234036,1.14684880601235));
#3920=CARTESIAN_POINT('Ctrl Pts',(4.41309899777249,-10.6967238127653,3.69206075989483));
#3921=CARTESIAN_POINT('Ctrl Pts',(2.12414992749068,-10.755930502127,5.34740521241922));
#3922=CARTESIAN_POINT('Ctrl Pts',(-0.676765797499955,-10.8151371914887,
5.71390789941404));
#3923=CARTESIAN_POINT('Ctrl Pts',(-3.31456613917305,-10.8743438808504,4.70323364361835));
#3924=CARTESIAN_POINT('Ctrl Pts',(-5.11007850925288,-10.932153083004,2.60958911732486));
#3925=CARTESIAN_POINT('Ctrl Pts',(-5.52214817946074,-10.9702267220371,0.848117548799677));
#3926=CARTESIAN_POINT('Ctrl Pts',(-5.52265000238181,-10.9885647979496,-6.41655246527099E-5));
#3927=CARTESIAN_POINT('Ctrl Pts',(-5.52270037287498,-10.3864352020504,-2.8754691410891E-5));
#3928=CARTESIAN_POINT('Ctrl Pts',(-5.52270849334413,-10.3870388495939,-0.027948217523867));
#3929=CARTESIAN_POINT('Ctrl Pts',(-5.51572230501704,-10.407378060258,-0.968658373431733));
#3930=CARTESIAN_POINT('Ctrl Pts',(-5.01832005482867,-10.4474528340426,-2.81482136681182));
#3931=CARTESIAN_POINT('Ctrl Pts',(-3.07393022211664,-10.5066595234043,-4.8639190464772));
#3932=CARTESIAN_POINT('Ctrl Pts',(-0.388655883355395,-10.565866212766,-5.7407057155714));
#3933=CARTESIAN_POINT('Ctrl Pts',(2.39029303083436,-10.6250729021277,-5.23385658048983));
#3934=CARTESIAN_POINT('Ctrl Pts',(4.59312898427274,-10.6842795914894,-3.46553339142326));
#3935=CARTESIAN_POINT('Ctrl Pts',(5.68892024540984,-10.7434862808511,-0.861940747654829));
#3936=CARTESIAN_POINT('Ctrl Pts',(5.4135571679387,-10.8026929702128,1.94939847238995));
#3937=CARTESIAN_POINT('Ctrl Pts',(3.83340819531995,-10.8618996595745,4.29089000811026));
#3938=CARTESIAN_POINT('Ctrl Pts',(1.32932400753237,-10.9211063489362,5.59818300193983));
#3939=CARTESIAN_POINT('Ctrl Pts',(-1.4951565975898,-10.9803130382979,5.55619143991124));
#3940=CARTESIAN_POINT('Ctrl Pts',(-3.95927129513198,-11.0395197276596,4.17503576762191));
#3941=CARTESIAN_POINT('Ctrl Pts',(-5.28637459426883,-11.0915604489104,2.07656363363688));
#3942=CARTESIAN_POINT('Ctrl Pts',(-5.52153227056558,-11.1238656070407,0.581493719451391));
#3943=CARTESIAN_POINT('Ctrl Pts',(-5.52192248778945,-11.1364352020504,-0.000102142949686447));
#3944=CARTESIAN_POINT('Origin',(0.,1.38643520205039,0.));
#3945=CARTESIAN_POINT('',(-5.52185312612189,-9.48856479794961,-7.44872465586913E-5));
#3946=CARTESIAN_POINT('',(-5.52205763657418,-9.63643520205041,0.000129577527151203));
#3947=CARTESIAN_POINT('',(-5.52225,1.38643520205039,-4.46344592102226E-13));
#3948=CARTESIAN_POINT('Ctrl Pts',(-5.52185312612189,-9.48856479794961,-7.44872465585633E-5));
#3949=CARTESIAN_POINT('Ctrl Pts',(-5.52203168212401,-9.49657320714351,-0.370637368503404));
#3950=CARTESIAN_POINT('Ctrl Pts',(-5.39468917823157,-9.52431717945798,-1.65427766959821));
#3951=CARTESIAN_POINT('Ctrl Pts',(-4.41084327327113,-9.571796714893,-3.69475534226334));
#3952=CARTESIAN_POINT('Ctrl Pts',(-2.12088363831881,-9.6310034042547,-5.34870152590853));
#3953=CARTESIAN_POINT('Ctrl Pts',(0.68025540170476,-9.69021009361639,-5.71349350301514));
#3954=CARTESIAN_POINT('Ctrl Pts',(3.31743799204039,-9.74941678297811,-4.70120841800399));
#3955=CARTESIAN_POINT('Ctrl Pts',(5.15504537301844,-9.80862347233979,-2.55582914582843));
#3956=CARTESIAN_POINT('Ctrl Pts',(5.75017392145487,-9.86783016170149,0.205560924216269));
#3957=CARTESIAN_POINT('Ctrl Pts',(4.95938462361325,-9.92703685106319,2.9174063096548));
#3958=CARTESIAN_POINT('Ctrl Pts',(2.97327501888851,-9.98624354042489,4.92609288205146));
#3959=CARTESIAN_POINT('Ctrl Pts',(0.270541018648902,-10.0454502297866,5.74748318638447));
#3960=CARTESIAN_POINT('Ctrl Pts',(-2.49739929204715,-10.1046569191483,5.18360417051987));
#3961=CARTESIAN_POINT('Ctrl Pts',(-4.66341167927184,-10.16386360851,3.37036302646555));
#3962=CARTESIAN_POINT('Ctrl Pts',(-5.44899726226149,-10.2084995681104,1.39094234137636));
#3963=CARTESIAN_POINT('Ctrl Pts',(-5.52239562031792,-10.2333999645903,0.239085506179648));
#3964=CARTESIAN_POINT('Ctrl Pts',(-5.52216303575594,-10.2385647979496,0.000138255486657225));
#3965=CARTESIAN_POINT('Ctrl Pts',(-5.52205763657418,-9.63643520205041,0.000129577527151273));
#3966=CARTESIAN_POINT('Ctrl Pts',(-5.52149438993362,-9.65021209214713,-0.637283156511291));
#3967=CARTESIAN_POINT('Ctrl Pts',(-5.25319249634423,-9.68372454536441,-2.18825936972399));
#3968=CARTESIAN_POINT('Ctrl Pts',(-3.83078687451321,-9.73697256170228,-4.29323041816472));
#3969=CARTESIAN_POINT('Ctrl Pts',(-1.32590465430357,-9.79617925106396,-5.59899386935662));
#3970=CARTESIAN_POINT('Ctrl Pts',(1.49854962545904,-9.85538594042567,-5.55527717773273));
#3971=CARTESIAN_POINT('Ctrl Pts',(3.96182062662261,-9.91459262978736,-4.17261702338663));
#3972=CARTESIAN_POINT('Ctrl Pts',(5.47020609124867,-9.97379931914906,-1.78426478435293));
#3973=CARTESIAN_POINT('Ctrl Pts',(5.66015208808274,-10.0330060085108,1.03413434385685));
#3974=CARTESIAN_POINT('Ctrl Pts',(4.48587747200809,-10.0922126978724,3.60328444721597));
#3975=CARTESIAN_POINT('Ctrl Pts',(2.23040814257014,-10.1514193872342,5.30396408537825));
#3976=CARTESIAN_POINT('Ctrl Pts',(-0.562638396054521,-10.2106260765958,
5.72627221990991));
#3977=CARTESIAN_POINT('Ctrl Pts',(-3.22007675929456,-10.2698327659576,4.76842334174793));
#3978=CARTESIAN_POINT('Ctrl Pts',(-5.0822248265886,-10.3284358077757,2.6827635918808));
#3979=CARTESIAN_POINT('Ctrl Pts',(-5.52244300393186,-10.3673032864734,0.884846553107475));
#3980=CARTESIAN_POINT('Ctrl Pts',(-5.52270037287498,-10.3864352020504,-2.8754691410891E-5));
#3981=CARTESIAN_POINT('Origin',(0.,1.38643520205039,0.));
#3982=CARTESIAN_POINT('',(-5.52264588262284,-8.7385647979496,-6.61889736135379E-5));
#3983=CARTESIAN_POINT('',(-5.521918071304,-8.88643520205041,-0.000100580112480653));
#3984=CARTESIAN_POINT('',(-5.52225,1.38643520205039,-4.46344592102226E-13));
#3985=CARTESIAN_POINT('Ctrl Pts',(-5.52264588262284,-8.7385647979496,-6.61889736133445E-5));
#3986=CARTESIAN_POINT('Ctrl Pts',(-5.52268649448353,-8.74001088657615,-0.0669515370407877));
#3987=CARTESIAN_POINT('Ctrl Pts',(-5.50525385348365,-8.76119253832325,-1.0466366473076));
#3988=CARTESIAN_POINT('Ctrl Pts',(-4.95760191202291,-8.80210975319093,-2.92043467697045));
#3989=CARTESIAN_POINT('Ctrl Pts',(-2.97026588565015,-8.86131644255263,-4.92790787140828));
#3990=CARTESIAN_POINT('Ctrl Pts',(-0.26703073077376,-8.92052313191432,-5.74764734559864));
#3991=CARTESIAN_POINT('Ctrl Pts',(2.5005646783035,-8.97972982127603,-5.18207793362524));
#3992=CARTESIAN_POINT('Ctrl Pts',(4.66546923650005,-9.03893651063771,-3.3675142499797));
#3993=CARTESIAN_POINT('Ctrl Pts',(5.70589353297761,-9.09814319999942,-0.74130588212222));
#3994=CARTESIAN_POINT('Ctrl Pts',(5.37107252655897,-9.15734988936112,2.06357343823478));
#3995=CARTESIAN_POINT('Ctrl Pts',(3.74170541251076,-9.21655657872281,4.37108636685806));
#3996=CARTESIAN_POINT('Ctrl Pts',(1.21050534913805,-9.27576326808452,5.62507175245373));
#3997=CARTESIAN_POINT('Ctrl Pts',(-1.61245301394902,-9.3349699574462,5.52329165429016));
#3998=CARTESIAN_POINT('Ctrl Pts',(-4.04677488728078,-9.39417664680792,4.09027730505139));
#3999=CARTESIAN_POINT('Ctrl Pts',(-5.30839362005101,-9.4453749269757,1.99859624438886));
#4000=CARTESIAN_POINT('Ctrl Pts',(-5.52159165675006,-9.47683764402294,0.542561115254794));
#4001=CARTESIAN_POINT('Ctrl Pts',(-5.52185312612189,-9.48856479794961,-7.44872465585633E-5));
#4002=CARTESIAN_POINT('Ctrl Pts',(-5.521918071304,-8.88643520205041,-0.000100580112481034));
#4003=CARTESIAN_POINT('Ctrl Pts',(-5.52213870185017,-8.89364977157977,-0.333919886586135));
#4004=CARTESIAN_POINT('Ctrl Pts',(-5.41085279707305,-8.9205999042297,-1.58076153637012));
#4005=CARTESIAN_POINT('Ctrl Pts',(-4.48367595317843,-8.96728560000019,-3.60602349524892));
#4006=CARTESIAN_POINT('Ctrl Pts',(-2.2271683655458,-9.0264922893619,-5.30532530321278));
#4007=CARTESIAN_POINT('Ctrl Pts',(0.56613557409962,-9.08569897872359,-5.7259275242651));
#4008=CARTESIAN_POINT('Ctrl Pts',(3.22298844178181,-9.14490566808529,-4.76645581176817));
#4009=CARTESIAN_POINT('Ctrl Pts',(5.10303051020323,-9.20411235744698,-2.65816386126452));
#4010=CARTESIAN_POINT('Ctrl Pts',(5.75313046716878,-9.26331904680869,0.090803794701305));
#4011=CARTESIAN_POINT('Ctrl Pts',(5.01659998558948,-9.32252573617038,2.81788574750313));
#4012=CARTESIAN_POINT('Ctrl Pts',(3.07095904185078,-9.38173242553208,4.86579552228335));
#4013=CARTESIAN_POINT('Ctrl Pts',(0.385149713741961,-9.44093911489378,5.74094201324158));
#4014=CARTESIAN_POINT('Ctrl Pts',(-2.39348913031806,-9.50014580425548,5.23239574998365));
#4015=CARTESIAN_POINT('Ctrl Pts',(-4.59524467556104,-9.55935249361717,3.46272751933007));
#4016=CARTESIAN_POINT('Ctrl Pts',(-5.43483441830009,-9.60478229288215,1.46445546899776));
#4017=CARTESIAN_POINT('Ctrl Pts',(-5.52230124761697,-9.63047652902657,0.275818360460535));
#4018=CARTESIAN_POINT('Ctrl Pts',(-5.52205763657418,-9.63643520205041,0.000129577527151273));
#4019=CARTESIAN_POINT('Origin',(0.,1.38643520205039,0.));
#4020=CARTESIAN_POINT('',(-5.52216978420109,-7.98856479794961,0.000138517461288036));
#4021=CARTESIAN_POINT('',(-5.5226983038225,-8.13643520205041,-3.10245097090434E-5));
#4022=CARTESIAN_POINT('',(-5.52225,1.38643520205039,-4.46344592102226E-13));
#4023=CARTESIAN_POINT('Ctrl Pts',(-5.52216978420109,-7.98856479794961,0.000138517461288137));
#4024=CARTESIAN_POINT('Ctrl Pts',(-5.52150875578063,-8.00318412912936,-0.676211806918598));
#4025=CARTESIAN_POINT('Ctrl Pts',(-5.22889083687211,-8.03753902342967,-2.2661666534631));
#4026=CARTESIAN_POINT('Ctrl Pts',(-3.73903510252277,-8.09162948085055,-4.37337077351638));
#4027=CARTESIAN_POINT('Ctrl Pts',(-1.20706964793149,-8.15083617021225,-5.62581001150832));
#4028=CARTESIAN_POINT('Ctrl Pts',(1.6158260271401,-8.21004285957394,-5.5223058291407));
#4029=CARTESIAN_POINT('Ctrl Pts',(4.04927224240689,-8.26924954893565,-4.08780500114888));
#4030=CARTESIAN_POINT('Ctrl Pts',(5.50675516650235,-8.32845623829733,-1.66805364324543));
#4031=CARTESIAN_POINT('Ctrl Pts',(5.63698949523547,-8.38766292765905,1.15373517375082));
#4032=CARTESIAN_POINT('Ctrl Pts',(4.40858590319537,-8.44686961702073,3.69744854659153));
#4033=CARTESIAN_POINT('Ctrl Pts',(2.11761655861486,-8.50607630638244,5.3499958440381));
#4034=CARTESIAN_POINT('Ctrl Pts',(-0.683744753277817,-8.56528299574414,
5.71307697593072));
#4035=CARTESIAN_POINT('Ctrl Pts',(-3.32030860533521,-8.62448968510583,4.69918143785507));
#4036=CARTESIAN_POINT('Ctrl Pts',(-5.11175489706759,-8.68225028584099,2.60510729026829));
#4037=CARTESIAN_POINT('Ctrl Pts',(-5.52213224218842,-8.72027532345558,0.845869423163834));
#4038=CARTESIAN_POINT('Ctrl Pts',(-5.52264588262284,-8.7385647979496,-6.61889736133445E-5));
#4039=CARTESIAN_POINT('Ctrl Pts',(-5.5226983038225,-8.13643520205041,-3.10245097089046E-5));
#4040=CARTESIAN_POINT('Ctrl Pts',(-5.52270771242499,-8.13708745101241,-0.0301983973783552));
#4041=CARTESIAN_POINT('Ctrl Pts',(-5.51514095514411,-8.15747526309498,-0.973156801934707));
#4042=CARTESIAN_POINT('Ctrl Pts',(-5.01487804485475,-8.19759863829812,-2.82094907728438));
#4043=CARTESIAN_POINT('Ctrl Pts',(-3.06798671660832,-8.25680532765982,-4.86767018275812));
#4044=CARTESIAN_POINT('Ctrl Pts',(-0.381643399470401,-8.31601201702151,
-5.74117617017963));
#4045=CARTESIAN_POINT('Ctrl Pts',(2.39668433508955,-8.37521870638321,-5.23093296643477));
#4046=CARTESIAN_POINT('Ctrl Pts',(4.5973586565062,-8.43442539574492,-3.4599203581651));
#4047=CARTESIAN_POINT('Ctrl Pts',(5.68996885763249,-8.4936320851066,-0.854991169878464));
#4048=CARTESIAN_POINT('Ctrl Pts',(5.41117195137779,-8.55283877446831,1.95600961501214));
#4049=CARTESIAN_POINT('Ctrl Pts',(3.82816409791805,-8.61204546383001,4.29556924525832));
#4050=CARTESIAN_POINT('Ctrl Pts',(1.32248485846936,-8.6712521531917,5.59980261263887));
#4051=CARTESIAN_POINT('Ctrl Pts',(-1.50194219484053,-8.7304588425534,5.55436091236025));
#4052=CARTESIAN_POINT('Ctrl Pts',(-3.96436828603324,-8.7896655319151,4.1701965893818));
#4053=CARTESIAN_POINT('Ctrl Pts',(-5.28766983665091,-8.84165765174743,2.07206593842806));
#4054=CARTESIAN_POINT('Ctrl Pts',(-5.52153516368306,-8.87391420845921,0.579247831454737));
#4055=CARTESIAN_POINT('Ctrl Pts',(-5.521918071304,-8.88643520205041,-0.000100580112481034));
#4056=CARTESIAN_POINT('Origin',(0.,1.38643520205039,0.));
#4057=CARTESIAN_POINT('',(-5.5218498247298,-7.2385647979496,-7.27366097678557E-5));
#4058=CARTESIAN_POINT('',(-5.52206377917494,-7.38643520205041,0.000130339647298194));
#4059=CARTESIAN_POINT('',(-5.52225,1.38643520205039,-4.46344592102226E-13));
#4060=CARTESIAN_POINT('Ctrl Pts',(-5.5218498247298,-7.2385647979496,-7.27366097676499E-5));
#4061=CARTESIAN_POINT('Ctrl Pts',(-5.52202510689699,-7.246621808562,-0.372885127499763));
#4062=CARTESIAN_POINT('Ctrl Pts',(-5.39367411928694,-7.27441438229496,-1.6587785159227));
#4063=CARTESIAN_POINT('Ctrl Pts',(-4.40632688868382,-7.32194251914847,-3.70014037174358));
#4064=CARTESIAN_POINT('Ctrl Pts',(-2.11434868902398,-7.38114920851018,-5.35128816657889));
#4065=CARTESIAN_POINT('Ctrl Pts',(0.687233849808929,-7.44035589787187,-5.71265831782556));
#4066=CARTESIAN_POINT('Ctrl Pts',(3.32317798012989,-7.49956258723357,-4.69715270487606));
#4067=CARTESIAN_POINT('Ctrl Pts',(5.15816343825553,-7.55876927659527,-2.54953042044778));
#4068=CARTESIAN_POINT('Ctrl Pts',(5.74991854183054,-7.61797596595696,0.212584531088158));
#4069=CARTESIAN_POINT('Ctrl Pts',(4.95581735120977,-7.67718265531867,2.92346195494194));
#4070=CARTESIAN_POINT('Ctrl Pts',(2.96725564448011,-7.73638934468036,4.92972102261838));
#4071=CARTESIAN_POINT('Ctrl Pts',(0.263520343294354,-7.79559603404207,5.74780936089696));
#4072=CARTESIAN_POINT('Ctrl Pts',(-2.50372913183079,-7.85480272340376,5.18054976377667));
#4073=CARTESIAN_POINT('Ctrl Pts',(-4.6675250534723,-7.91400941276545,3.36466421738531));
#4074=CARTESIAN_POINT('Ctrl Pts',(-5.44983947088126,-7.95859677094741,1.3864417423864));
#4075=CARTESIAN_POINT('Ctrl Pts',(-5.52240112000415,-7.98344856600879,0.236836427251238));
#4076=CARTESIAN_POINT('Ctrl Pts',(-5.52216978420109,-7.98856479794961,0.000138517461288137));
#4077=CARTESIAN_POINT('Ctrl Pts',(-5.52206377917494,-7.38643520205041,0.000130339647298264));
#4078=CARTESIAN_POINT('Ctrl Pts',(-5.52149422382562,-7.40026069356562,-0.639528983992381));
#4079=CARTESIAN_POINT('Ctrl Pts',(-5.25181627561268,-7.4338217482014,-2.19275474428401));
#4080=CARTESIAN_POINT('Ctrl Pts',(-3.82553989338873,-7.48711836595774,-4.29790647007226));
#4081=CARTESIAN_POINT('Ctrl Pts',(-1.31906456933857,-7.54632505531945,-5.60060926715241));
#4082=CARTESIAN_POINT('Ctrl Pts',(1.50533420398652,-7.60553174468112,-5.55344257516956));
#4083=CARTESIAN_POINT('Ctrl Pts',(3.96691446670383,-7.66473843404285,-4.16777459986186));
#4084=CARTESIAN_POINT('Ctrl Pts',(5.4723814658639,-7.72394512340452,-1.7775816699851));
#4085=CARTESIAN_POINT('Ctrl Pts',(5.65888468431386,-7.78315181276625,1.04104737213817));
#4086=CARTESIAN_POINT('Ctrl Pts',(4.48147276190896,-7.84235850212792,3.60876119820443));
#4087=CARTESIAN_POINT('Ctrl Pts',(2.22392775776105,-7.90156519148964,5.30668454212775));
#4088=CARTESIAN_POINT('Ctrl Pts',(-0.569632540952865,-7.96077188085132,
5.72558069279312));
#4089=CARTESIAN_POINT('Ctrl Pts',(-3.22589892210687,-8.01997857021303,4.76448650388974));
#4090=CARTESIAN_POINT('Ctrl Pts',(-5.08395576863513,-8.07853301061272,2.67828531209027));
#4091=CARTESIAN_POINT('Ctrl Pts',(-5.52242302961333,-8.11735188789185,0.88259736944253));
#4092=CARTESIAN_POINT('Ctrl Pts',(-5.5226983038225,-8.13643520205041,-3.10245097089046E-5));
#4093=CARTESIAN_POINT('Origin',(0.,1.38643520205039,0.));
#4094=CARTESIAN_POINT('',(-5.52264165428303,-6.4885647979496,-6.81935680645768E-5));
#4095=CARTESIAN_POINT('',(-5.5219135249368,-6.63643520205041,-9.91331592278821E-5));
#4096=CARTESIAN_POINT('',(-5.52225,1.38643520205039,-4.46344592102226E-13));
#4097=CARTESIAN_POINT('Ctrl Pts',(-5.52264165428304,-6.4885647979496,-6.81935680643155E-5));
#4098=CARTESIAN_POINT('Ctrl Pts',(-5.52268468340561,-6.49005948799464,-0.0692016369691306));
#4099=CARTESIAN_POINT('Ctrl Pts',(-5.50462451235993,-6.51128974116024,-1.05113556134763));
#4100=CARTESIAN_POINT('Ctrl Pts',(-4.95403094183941,-6.5522555574464,-2.9264881424401));
#4101=CARTESIAN_POINT('Ctrl Pts',(-2.96424429650137,-6.6114622468081,-4.9315323350054));
#4102=CARTESIAN_POINT('Ctrl Pts',(-0.260009857519871,-6.6706689361698,-5.74796923221908));
#4103=CARTESIAN_POINT('Ctrl Pts',(2.50689265144826,-6.72987562553149,-5.17901966154401));
#4104=CARTESIAN_POINT('Ctrl Pts',(4.66957912942256,-6.7890823148932,-3.3618129297458));
#4105=CARTESIAN_POINT('Ctrl Pts',(5.70679477147515,-6.84828900425489,-0.734335656773286));
#4106=CARTESIAN_POINT('Ctrl Pts',(5.36854789241611,-6.90749569361659,2.0701325917388));
#4107=CARTESIAN_POINT('Ctrl Pts',(3.73636339784646,-6.9667023829783,4.37565354887449));
#4108=CARTESIAN_POINT('Ctrl Pts',(1.20363349647877,-7.02590907233999,5.62654617209341));
#4109=CARTESIAN_POINT('Ctrl Pts',(-1.61919843761597,-7.08511576170168,5.52131794412952));
#4110=CARTESIAN_POINT('Ctrl Pts',(-4.05176808712402,-7.14432245106339,4.08533117246424));
#4111=CARTESIAN_POINT('Ctrl Pts',(-5.30963571730573,-7.19547212981268,1.99409767082092));
#4112=CARTESIAN_POINT('Ctrl Pts',(-5.52159575506406,-7.22688624544143,0.540314919825717));
#4113=CARTESIAN_POINT('Ctrl Pts',(-5.5218498247298,-7.2385647979496,-7.27366097676499E-5));
#4114=CARTESIAN_POINT('Ctrl Pts',(-5.5219135249368,-6.63643520205041,-9.91331592281944E-5));
#4115=CARTESIAN_POINT('Ctrl Pts',(-5.52213220024664,-6.64369837299826,-0.336168028166354));
#4116=CARTESIAN_POINT('Ctrl Pts',(-5.4098856791834,-6.67069710706668,-1.58526245419768));
#4117=CARTESIAN_POINT('Ctrl Pts',(-4.47926789901635,-6.71743140425567,-3.61149755506485));
#4118=CARTESIAN_POINT('Ctrl Pts',(-2.22068632043448,-6.77663809361736,-5.30804180160941));
#4119=CARTESIAN_POINT('Ctrl Pts',(0.573129295328874,-6.83584478297907,-5.7252317256364));
#4120=CARTESIAN_POINT('Ctrl Pts',(3.22880819914733,-6.89505147234076,-4.76251541882194));
#4121=CARTESIAN_POINT('Ctrl Pts',(5.10627361472481,-6.95425816170246,-2.65192859499704));
#4122=CARTESIAN_POINT('Ctrl Pts',(5.75301525963137,-7.01346485106416,0.0978310985646322));
#4123=CARTESIAN_POINT('Ctrl Pts',(5.01315423353271,-7.07267154042586,2.82401135483036));
#4124=CARTESIAN_POINT('Ctrl Pts',(3.06501324698372,-7.13187822978755,4.86954302755526));
#4125=CARTESIAN_POINT('Ctrl Pts',(0.37813694284297,-7.19108491914925,5.74140818561571));
#4126=CARTESIAN_POINT('Ctrl Pts',(-2.39987864587973,-7.25029160851096,5.22946823170848));
#4127=CARTESIAN_POINT('Ctrl Pts',(-4.59947092260194,-7.30949829787264,3.45711190642376));
#4128=CARTESIAN_POINT('Ctrl Pts',(-5.43572358390771,-7.35487949571914,1.45995467346412));
#4129=CARTESIAN_POINT('Ctrl Pts',(-5.52230725065615,-7.38052513044505,0.273569616766881));
#4130=CARTESIAN_POINT('Ctrl Pts',(-5.52206377917494,-7.38643520205041,0.000130339647298264));
#4131=CARTESIAN_POINT('Origin',(0.,1.38643520205039,0.));
#4132=CARTESIAN_POINT('',(-5.52217655910287,-5.73856479794961,0.000138747426019369));
#4133=CARTESIAN_POINT('',(-5.52269609141896,-5.88643520205041,-3.32840717454097E-5));
#4134=CARTESIAN_POINT('',(-5.52225,1.38643520205039,-4.46344592102226E-13));
#4135=CARTESIAN_POINT('Ctrl Pts',(-5.52217655910287,-5.7385647979496,0.000138747426019388));
#4136=CARTESIAN_POINT('Ctrl Pts',(-5.52151076525961,-5.75323273054785,-0.678457684244052));
#4137=CARTESIAN_POINT('Ctrl Pts',(-5.22745982247751,-5.78763622626666,-2.27066025197079));
#4138=CARTESIAN_POINT('Ctrl Pts',(-3.73369029947855,-5.84177528510603,-4.37793469208079));
#4139=CARTESIAN_POINT('Ctrl Pts',(-1.20019689606181,-5.90098197446772,-5.62728023393436));
#4140=CARTESIAN_POINT('Ctrl Pts',(1.6225702441185,-5.96018866382942,-5.52032799962519));
#4141=CARTESIAN_POINT('Ctrl Pts',(4.05426242050106,-6.01939535319112,-4.08285581992038));
#4142=CARTESIAN_POINT('Ctrl Pts',(5.5087885635046,-6.07860204255282,-1.66132597136911));
#4143=CARTESIAN_POINT('Ctrl Pts',(5.63557601793602,-6.13780873191452,1.16061982001389));
#4144=CARTESIAN_POINT('Ctrl Pts',(4.40406623057917,-6.19701542127621,3.70283081671536));
#4145=CARTESIAN_POINT('Ctrl Pts',(2.11108003076512,-6.25622211063791,5.35257849304888));
#4146=CARTESIAN_POINT('Ctrl Pts',(-0.690722689996641,-6.31542879999961,
5.7122375288558));
#4147=CARTESIAN_POINT('Ctrl Pts',(-3.32604611535415,-6.37463548936131,4.6951222198237));
#4148=CARTESIAN_POINT('Ctrl Pts',(-5.1134279665377,-6.43234748867797,2.60062526055555));
#4149=CARTESIAN_POINT('Ctrl Pts',(-5.52211653620521,-6.47032392487407,0.843621352999241));
#4150=CARTESIAN_POINT('Ctrl Pts',(-5.52264165428304,-6.4885647979496,-6.81935680643155E-5));
#4151=CARTESIAN_POINT('Ctrl Pts',(-5.52269609141896,-5.8864352020504,-3.32840717453924E-5));
#4152=CARTESIAN_POINT('Ctrl Pts',(-5.52270687139274,-5.8871360524309,-0.0324485743286035));
#4153=CARTESIAN_POINT('Ctrl Pts',(-5.51455684445738,-5.90757246593197,-0.977655258817517));
#4154=CARTESIAN_POINT('Ctrl Pts',(-5.01142855226636,-5.9477444425536,-2.82707257899886));
#4155=CARTESIAN_POINT('Ctrl Pts',(-3.06203863408604,-6.00695113191529,-4.87141405597617));
#4156=CARTESIAN_POINT('Ctrl Pts',(-0.374630345167569,-6.066157821277,-5.7416380594633));
#4157=CARTESIAN_POINT('Ctrl Pts',(2.40307206149712,-6.12536451063869,-5.22800154635111));
#4158=CARTESIAN_POINT('Ctrl Pts',(4.60158147306041,-6.18457120000038,-3.45430216515361));
#4159=CARTESIAN_POINT('Ctrl Pts',(5.69100897306234,-6.24377788936209,-0.848040311495691));
#4160=CARTESIAN_POINT('Ctrl Pts',(5.40877867508571,-6.30298457872378,1.96261782966927));
#4161=CARTESIAN_POINT('Ctrl Pts',(3.82291426190418,-6.36219126808549,4.30024209173478));
#4162=CARTESIAN_POINT('Ctrl Pts',(1.31564378818664,-6.42139795744718,5.60141383259651));
#4163=CARTESIAN_POINT('Ctrl Pts',(-1.50872565163163,-6.48060464680888,5.55252216650294));
#4164=CARTESIAN_POINT('Ctrl Pts',(-3.96945916768555,-6.53981133617057,4.16535105573046));
#4165=CARTESIAN_POINT('Ctrl Pts',(-5.28896228776803,-6.59175485458442,2.06756838409667));
#4166=CARTESIAN_POINT('Ctrl Pts',(-5.52153801343606,-6.62396280987769,0.577001844591597));
#4167=CARTESIAN_POINT('Ctrl Pts',(-5.5219135249368,-6.63643520205041,-9.91331592281944E-5));
#4168=CARTESIAN_POINT('Origin',(0.,1.38643520205039,0.));
#4169=CARTESIAN_POINT('',(-5.52184660458447,-4.9885647979496,-7.09705809371251E-5));
#4170=CARTESIAN_POINT('',(-5.5220699677401,-5.13643520205041,0.000131072609573929));
#4171=CARTESIAN_POINT('',(-5.52225,1.38643520205039,-4.46344592102226E-13));
#4172=CARTESIAN_POINT('Ctrl Pts',(-5.52184660458447,-4.9885647979496,-7.09705809369063E-5));
#4173=CARTESIAN_POINT('Ctrl Pts',(-5.5220185333439,-4.99667040998049,-0.375132862979219));
#4174=CARTESIAN_POINT('Ctrl Pts',(-5.39265611242728,-5.02451158513194,-1.66327935383198));
#4175=CARTESIAN_POINT('Ctrl Pts',(-4.40180392972461,-5.07208832340395,-3.70551988050337));
#4176=CARTESIAN_POINT('Ctrl Pts',(-2.10781058505748,-5.13129501276565,-5.35386682296678));
#4177=CARTESIAN_POINT('Ctrl Pts',(0.694211272539582,-5.19050170212735,-5.71181460917839));
#4178=CARTESIAN_POINT('Ctrl Pts',(3.32891300993815,-5.24970839148905,-4.69308998345539));
#4179=CARTESIAN_POINT('Ctrl Pts',(5.16127380735803,-5.30891508085074,-2.54322789109127));
#4180=CARTESIAN_POINT('Ctrl Pts',(5.74965458315524,-5.36812177021244,0.219607820777559));
#4181=CARTESIAN_POINT('Ctrl Pts',(4.95224268457819,-5.42732845957414,2.92951323833612));
#4182=CARTESIAN_POINT('Ctrl Pts',(2.96123184283716,-5.48653514893584,4.9333418078937));
#4183=CARTESIAN_POINT('Ctrl Pts',(0.256499274759758,-5.54574183829753,5.74812695950537));
#4184=CARTESIAN_POINT('Ctrl Pts',(-2.51005523597587,-5.60494852765924,5.17748762749799));
#4185=CARTESIAN_POINT('Ctrl Pts',(-4.67163146358459,-5.66415521702093,3.35896038812476));
#4186=CARTESIAN_POINT('Ctrl Pts',(-5.45067881599928,-5.70869397378439,1.38194115801411));
#4187=CARTESIAN_POINT('Ctrl Pts',(-5.52240658451231,-5.73349716742728,0.234587328808516));
#4188=CARTESIAN_POINT('Ctrl Pts',(-5.52217655910287,-5.7385647979496,0.000138747426019388));
#4189=CARTESIAN_POINT('Ctrl Pts',(-5.52206996774011,-5.13643520205041,0.000131072609573825));
#4190=CARTESIAN_POINT('Ctrl Pts',(-5.52149417355414,-5.15030929498411,-0.64177481076895));
#4191=CARTESIAN_POINT('Ctrl Pts',(-5.25043690878204,-5.18391895103839,-2.19725002458668));
#4192=CARTESIAN_POINT('Ctrl Pts',(-3.82028720444382,-5.23726417021321,-4.30257610937454));
#4193=CARTESIAN_POINT('Ctrl Pts',(-1.31222251628976,-5.29647085957492,-5.60221630867106));
#4194=CARTESIAN_POINT('Ctrl Pts',(1.51211653651064,-5.35567754893661,-5.55159968670371));
#4195=CARTESIAN_POINT('Ctrl Pts',(3.97200238802904,-5.41488423829831,-4.1629259578918));
#4196=CARTESIAN_POINT('Ctrl Pts',(5.47454867552323,-5.47409092766001,-1.77089590341291));
#4197=CARTESIAN_POINT('Ctrl Pts',(5.65760883731661,-5.5332976170217,1.0479588471475));
#4198=CARTESIAN_POINT('Ctrl Pts',(4.47706136532308,-5.59250430638341,3.61423256480946));
#4199=CARTESIAN_POINT('Ctrl Pts',(2.21744405477518,-5.65171099574511,5.30939708115148));
#4200=CARTESIAN_POINT('Ctrl Pts',(-0.576625835923341,-5.7109176851068,5.72488062292512));
#4201=CARTESIAN_POINT('Ctrl Pts',(-3.231716271818,-5.77012437446851,4.76054255730001));
#4202=CARTESIAN_POINT('Ctrl Pts',(-5.0856833554272,-5.8286302134497,2.6738068037871));
#4203=CARTESIAN_POINT('Ctrl Pts',(-5.52240331323152,-5.86740048931033,0.880348257546135));
#4204=CARTESIAN_POINT('Ctrl Pts',(-5.52269609141896,-5.8864352020504,-3.32840717453924E-5));
#4205=CARTESIAN_POINT('Origin',(0.,1.38643520205039,0.));
#4206=CARTESIAN_POINT('',(-5.52263732193133,-4.2385647979496,-7.01777544071551E-5));
#4207=CARTESIAN_POINT('',(-5.52190904978659,-4.3864352020504,-9.76649022729759E-5));
#4208=CARTESIAN_POINT('',(-5.52225,1.38643520205039,-4.46344592102226E-13));
#4209=CARTESIAN_POINT('Ctrl Pts',(-5.52263732193134,-4.2385647979496,-7.01777544072271E-5));
#4210=CARTESIAN_POINT('Ctrl Pts',(-5.52268281394364,-4.24010808941313,-0.0714517303640824));
#4211=CARTESIAN_POINT('Ctrl Pts',(-5.50399239353932,-4.26138694399722,-1.05563450285709));
#4212=CARTESIAN_POINT('Ctrl Pts',(-4.95045258009313,-4.30240136170188,-2.93253724150163));
#4213=CARTESIAN_POINT('Ctrl Pts',(-2.95821828461117,-4.36160805106358,-4.93514944060834));
#4214=CARTESIAN_POINT('Ctrl Pts',(-0.25298859632348,-4.42081474042528,-5.74828254269699));
#4215=CARTESIAN_POINT('Ctrl Pts',(2.51321688423397,-4.48002142978697,-5.17595366221009));
#4216=CARTESIAN_POINT('Ctrl Pts',(4.67368205519288,-4.53922811914868,-3.35610659358619));
#4217=CARTESIAN_POINT('Ctrl Pts',(5.70768749526368,-4.59843480851036,-0.727364335773621));
#4218=CARTESIAN_POINT('Ctrl Pts',(5.3660152482388,-4.65764149787207,2.07668865654278));
#4219=CARTESIAN_POINT('Ctrl Pts',(3.73101580841598,-4.71684818723376,4.38021420228448));
#4220=CARTESIAN_POINT('Ctrl Pts',(1.19675984796233,-4.77605487659546,5.62801219675738));
#4221=CARTESIAN_POINT('Ctrl Pts',(-1.62594144539015,-4.83526156595716,5.51933599599692));
#4222=CARTESIAN_POINT('Ctrl Pts',(-4.05675524160768,-4.89446825531886,4.08037894444049));
#4223=CARTESIAN_POINT('Ctrl Pts',(-5.31087474673189,-4.94556933264967,1.98959904184354));
#4224=CARTESIAN_POINT('Ctrl Pts',(-5.52159992079855,-4.97693484685992,0.538068709380998));
#4225=CARTESIAN_POINT('Ctrl Pts',(-5.52184660458447,-4.9885647979496,-7.09705809369063E-5));
#4226=CARTESIAN_POINT('Ctrl Pts',(-5.52190904978659,-4.3864352020504,-9.7664902273184E-5));
#4227=CARTESIAN_POINT('Ctrl Pts',(-5.52212568884033,-4.39374697441675,-0.338416146510796));
#4228=CARTESIAN_POINT('Ctrl Pts',(-5.40891563738307,-4.42079430990366,-1.58976337106989));
#4229=CARTESIAN_POINT('Ctrl Pts',(-4.47485316165219,-4.46757720851115,-3.61696622641809));
#4230=CARTESIAN_POINT('Ctrl Pts',(-2.21420096199255,-4.52678389787284,-5.31075038024844));
#4231=CARTESIAN_POINT('Ctrl Pts',(0.58012216143204,-4.58599058723455,-5.72452738479023));
#4232=CARTESIAN_POINT('Ctrl Pts',(3.23462313903417,-4.64519727659624,-4.75856792005982));
#4233=CARTESIAN_POINT('Ctrl Pts',(5.10950910053299,-4.70440396595794,-2.64568937197251));
#4234=CARTESIAN_POINT('Ctrl Pts',(5.75289146842261,-4.76361065531963,0.104858256461064));
#4235=CARTESIAN_POINT('Ctrl Pts',(5.00970100169941,-4.82281734468133,2.83013274864797));
#4236=CARTESIAN_POINT('Ctrl Pts',(3.05906287902491,-4.88202403404303,4.87328326732292));
#4237=CARTESIAN_POINT('Ctrl Pts',(0.371123607752269,-4.94123072340472,5.7418657916366));
#4238=CARTESIAN_POINT('Ctrl Pts',(-2.40626458075049,-5.00043741276643,5.22653291090981));
#4239=CARTESIAN_POINT('Ctrl Pts',(-4.6036903070943,-5.05964410212812,3.45149113540276));
#4240=CARTESIAN_POINT('Ctrl Pts',(-5.43660986446499,-5.10497669855611,1.45545388754293));
#4241=CARTESIAN_POINT('Ctrl Pts',(-5.52231322691899,-5.13057373186354,0.271320851730446));
#4242=CARTESIAN_POINT('Ctrl Pts',(-5.52206996774011,-5.13643520205041,0.000131072609573825));
#4243=CARTESIAN_POINT('Origin',(0.,1.38643520205039,0.));
#4244=CARTESIAN_POINT('',(-5.52218335915631,-3.4885647979496,0.000138945257094728));
#4245=CARTESIAN_POINT('',(-5.52269373798305,-3.6364352020504,-3.55327256945648E-5));
#4246=CARTESIAN_POINT('',(-5.52225,1.38643520205039,-4.46344592102226E-13));
#4247=CARTESIAN_POINT('Ctrl Pts',(-5.52218335915631,-3.4885647979496,0.000138945257094902));
#4248=CARTESIAN_POINT('Ctrl Pts',(-5.52151291127019,-3.50328133196634,-0.680703568696197));
#4249=CARTESIAN_POINT('Ctrl Pts',(-5.2260256300037,-3.53773342910363,-2.27515373855979));
#4250=CARTESIAN_POINT('Ctrl Pts',(-3.72833992565644,-3.59192108936151,-4.38249207863528));
#4251=CARTESIAN_POINT('Ctrl Pts',(-1.1933223534624,-3.6511277787232,-5.62874206028946));
#4252=CARTESIAN_POINT('Ctrl Pts',(1.6293120401734,-3.71033446808491,-5.51834193361473));
#4253=CARTESIAN_POINT('Ctrl Pts',(4.05924654951406,-3.76954115744659,-4.07790054694851));
#4254=CARTESIAN_POINT('Ctrl Pts',(5.51081374122907,-3.8287478468083,-1.65459582074461));
#4255=CARTESIAN_POINT('Ctrl Pts',(5.6341541321881,-3.88795453616998,1.16750273459741));
#4256=CARTESIAN_POINT('Ctrl Pts',(4.39953998696402,-3.9471612255317,3.70820756210455));
#4257=CARTESIAN_POINT('Ctrl Pts',(2.10454035312062,-4.00636791489339,5.355153155852));
#4258=CARTESIAN_POINT('Ctrl Pts',(-0.697699596136491,-4.06557460425509,
5.7113895589511));
#4259=CARTESIAN_POINT('Ctrl Pts',(-3.33177866281251,-4.12478129361678,4.69105599652914));
#4260=CARTESIAN_POINT('Ctrl Pts',(-5.11509771566709,-4.18244469151496,2.59614302784554));
#4261=CARTESIAN_POINT('Ctrl Pts',(-5.52210106350861,-4.22037252629256,0.84137333895463));
#4262=CARTESIAN_POINT('Ctrl Pts',(-5.52263732193134,-4.2385647979496,-7.01777544072271E-5));
#4263=CARTESIAN_POINT('Ctrl Pts',(-5.52269373798306,-3.6364352020504,-3.55327256949291E-5));
#4264=CARTESIAN_POINT('Ctrl Pts',(-5.5227059702742,-3.63718465384939,-0.0346987481868839));
#4265=CARTESIAN_POINT('Ctrl Pts',(-5.51396997200884,-3.65766966876895,-0.982153744051135));
#4266=CARTESIAN_POINT('Ctrl Pts',(-5.00797158247624,-3.69789024680908,-2.83319186263623));
#4267=CARTESIAN_POINT('Ctrl Pts',(-3.05608598291028,-3.75709693617077,-4.87515066089829));
#4268=CARTESIAN_POINT('Ctrl Pts',(-0.367616731905057,-3.81630362553247,
-5.74209138205073));
#4269=CARTESIAN_POINT('Ctrl Pts',(2.40945620244907,-3.87551031489417,-5.22506232593234));
#4270=CARTESIAN_POINT('Ctrl Pts',(4.60579742391702,-3.93471700425586,-3.44867881821967));
#4271=CARTESIAN_POINT('Ctrl Pts',(5.69204059733607,-3.99392369361756,-0.841088187811339));
#4272=CARTESIAN_POINT('Ctrl Pts',(5.40637732873361,-4.05313038297926,1.9692231160417));
#4273=CARTESIAN_POINT('Ctrl Pts',(3.81765872198757,-4.11233707234096,4.30490852212099));
#4274=CARTESIAN_POINT('Ctrl Pts',(1.30880075492398,-4.17154376170266,5.60301669507669));
#4275=CARTESIAN_POINT('Ctrl Pts',(-1.51550685735878,-4.23075045106435,5.55067513611599));
#4276=CARTESIAN_POINT('Ctrl Pts',(-3.97454412678572,-4.28995714042605,4.16049930725038));
#4277=CARTESIAN_POINT('Ctrl Pts',(-5.29025164268483,-4.3418520574214,2.06307076099784));
#4278=CARTESIAN_POINT('Ctrl Pts',(-5.52154094775359,-4.37401141129618,0.574755847104567));
#4279=CARTESIAN_POINT('Ctrl Pts',(-5.52190904978659,-4.3864352020504,-9.7664902273184E-5));
#4280=CARTESIAN_POINT('Origin',(0.,1.38643520205039,0.));
#4281=CARTESIAN_POINT('',(-5.5218434661837,-2.7385647979496,-6.91895448242559E-5));
#4282=CARTESIAN_POINT('',(-5.52207620117396,-2.8864352020504,0.000131776197785094));
#4283=CARTESIAN_POINT('',(-5.52225,1.38643520205039,-4.46344592102226E-13));
#4284=CARTESIAN_POINT('Ctrl Pts',(-5.5218434661837,-2.7385647979496,-6.91895448241484E-5));
#4285=CARTESIAN_POINT('Ctrl Pts',(-5.52201196220314,-2.74671901139898,-0.377380574946277));
#4286=CARTESIAN_POINT('Ctrl Pts',(-5.39163515615486,-2.77460878796892,-1.66778018283778));
#4287=CARTESIAN_POINT('Ctrl Pts',(-4.39727440314187,-2.82223412765943,-3.71089386051642));
#4288=CARTESIAN_POINT('Ctrl Pts',(-2.10126933617435,-2.88144081702112,-5.35643749122472));
#4289=CARTESIAN_POINT('Ctrl Pts',(0.701187659486195,-2.94064750638283,-5.71096237833249));
#4290=CARTESIAN_POINT('Ctrl Pts',(3.33464307290832,-2.99985419574452,-4.68902025980366));
#4291=CARTESIAN_POINT('Ctrl Pts',(5.1643764756852,-3.05906088510622,-2.53692156716246));
#4292=CARTESIAN_POINT('Ctrl Pts',(5.74938204582281,-3.11826757446792,0.22663078280551));
#4293=CARTESIAN_POINT('Ctrl Pts',(4.94866062905196,-3.17747426382962,2.93556015080866));
#4294=CARTESIAN_POINT('Ctrl Pts',(2.95520362294747,-3.23668095319132,4.93695523247505));
#4295=CARTESIAN_POINT('Ctrl Pts',(0.249477823520549,-3.29588764255301,5.74843598173591));
#4296=CARTESIAN_POINT('Ctrl Pts',(-2.51637759504324,-3.35509433191471,5.17441776625246));
#4297=CARTESIAN_POINT('Ctrl Pts',(-4.67573090348257,-3.41430102127641,3.35325154719457));
#4298=CARTESIAN_POINT('Ctrl Pts',(-5.45151529890289,-3.45879117662138,1.37744058853818));
#4299=CARTESIAN_POINT('Ctrl Pts',(-5.52241201336586,-3.48354576884577,0.232338210979028));
#4300=CARTESIAN_POINT('Ctrl Pts',(-5.52218335915631,-3.4885647979496,0.000138945257094902));
#4301=CARTESIAN_POINT('Ctrl Pts',(-5.52207620117396,-2.8864352020504,0.000131776197785025));
#4302=CARTESIAN_POINT('Ctrl Pts',(-5.52149424028839,-2.9003578964026,-0.644020637257019));
#4303=CARTESIAN_POINT('Ctrl Pts',(-5.24905439402573,-2.93401615387536,-2.20174520965089));
#4304=CARTESIAN_POINT('Ctrl Pts',(-3.81502881551586,-2.9874099744687,-4.30723932910413));
#4305=CARTESIAN_POINT('Ctrl Pts',(-1.30537850536567,-3.04661666383039,-5.60381499151489));
#4306=CARTESIAN_POINT('Ctrl Pts',(1.51889661291145,-3.10582335319209,-5.54974851508461));
#4307=CARTESIAN_POINT('Ctrl Pts',(3.97708438300748,-3.16503004255379,-4.15807110471138));
#4308=CARTESIAN_POINT('Ctrl Pts',(5.47670771699168,-3.22423673191549,-1.76420749461098));
#4309=CARTESIAN_POINT('Ctrl Pts',(5.65632454899727,-3.28344342127718,1.05486875857074));
#4310=CARTESIAN_POINT('Ctrl Pts',(4.47264328882736,-3.34265011063888,3.61969853887106));
#4311=CARTESIAN_POINT('Ctrl Pts',(2.21095704329627,-3.40185680000058,5.3121016983955));
#4312=CARTESIAN_POINT('Ctrl Pts',(-0.583618270550775,-3.46106348936228,
5.72417201136348));
#4313=CARTESIAN_POINT('Ctrl Pts',(-3.23752879971151,-3.52027017872397,4.75659150783798));
#4314=CARTESIAN_POINT('Ctrl Pts',(-5.08740758905619,-3.57872741628669,2.66932806853143));
#4315=CARTESIAN_POINT('Ctrl Pts',(-5.522383853289,-3.61744909072882,0.878099216429504));
#4316=CARTESIAN_POINT('Ctrl Pts',(-5.52269373798306,-3.6364352020504,-3.55327256949291E-5));
#4317=CARTESIAN_POINT('Origin',(0.,1.38643520205039,0.));
#4318=CARTESIAN_POINT('',(-5.52263288773285,-1.9885647979496,-7.21411618978215E-5));
#4319=CARTESIAN_POINT('',(-5.52190464656975,-2.1364352020504,-9.61756789769064E-5));
#4320=CARTESIAN_POINT('',(-5.52225,1.38643520205039,-4.46344592102226E-13));
#4321=CARTESIAN_POINT('Ctrl Pts',(-5.52263288773285,-1.9885647979496,-7.21411618983658E-5));
#4322=CARTESIAN_POINT('Ctrl Pts',(-5.52268088623115,-1.99015669083162,-0.0737018171531501));
#4323=CARTESIAN_POINT('Ctrl Pts',(-5.50335749598535,-2.0114841468342,-1.06013347209596));
#4324=CARTESIAN_POINT('Ctrl Pts',(-4.94686683214853,-2.05254716595735,-2.93858196480621));
#4325=CARTESIAN_POINT('Ctrl Pts',(-2.95218785895739,-2.11175385531906,-4.93875918298758));
#4326=CARTESIAN_POINT('Ctrl Pts',(-0.245966957667297,-2.17096054468075,
-5.74858727647836));
#4327=CARTESIAN_POINT('Ctrl Pts',(2.51953736722826,-2.23016723404245,-5.17287994024278));
#4328=CARTESIAN_POINT('Ctrl Pts',(4.6777780076876,-2.28937392340415,-3.35039524999167));
#4329=CARTESIAN_POINT('Ctrl Pts',(5.70857170301219,-2.34858061276585,-0.720391929536454));
#4330=CARTESIAN_POINT('Ctrl Pts',(5.36347459780524,-2.40778730212754,2.08324162287123));
#4331=CARTESIAN_POINT('Ctrl Pts',(3.72566265219822,-2.46699399148924,4.38476832028031));
#4332=CARTESIAN_POINT('Ctrl Pts',(1.18988441384412,-2.52620068085094,5.62946982425999));
#4333=CARTESIAN_POINT('Ctrl Pts',(-1.63268202721089,-2.58540737021264,5.51734581284857));
#4334=CARTESIAN_POINT('Ctrl Pts',(-4.06173634329089,-2.64461405957433,4.07542062836936));
#4335=CARTESIAN_POINT('Ctrl Pts',(-5.3121107100437,-2.69566653548666,1.98510035823703));
#4336=CARTESIAN_POINT('Ctrl Pts',(-5.521604152934,-2.72698344827841,0.535822483684423));
#4337=CARTESIAN_POINT('Ctrl Pts',(-5.5218434661837,-2.7385647979496,-6.91895448241484E-5));
#4338=CARTESIAN_POINT('Ctrl Pts',(-5.52190464656975,-2.1364352020504,-9.61756789769411E-5));
#4339=CARTESIAN_POINT('Ctrl Pts',(-5.52211916830199,-2.14379557583524,-0.340664241583225));
#4340=CARTESIAN_POINT('Ctrl Pts',(-5.40794267022806,-2.17089151274065,-1.59426428656157));
#4341=CARTESIAN_POINT('Ctrl Pts',(-4.47043174767252,-2.21772301276662,-3.62242950114606));
#4342=CARTESIAN_POINT('Ctrl Pts',(-2.20771229989649,-2.27692970212832,-5.31345103509026));
#4343=CARTESIAN_POINT('Ctrl Pts',(0.587114161975644,-2.33613639149001,-5.7238145027766));
#4344=CARTESIAN_POINT('Ctrl Pts',(3.2404332527662,-2.39534308085172,-4.75461332137206));
#4345=CARTESIAN_POINT('Ctrl Pts',(5.11273696280032,-2.45454977021341,-2.63944620149988));
#4346=CARTESIAN_POINT('Ctrl Pts',(5.7527590937272,-2.51375645957512,0.111885257905682));
#4347=CARTESIAN_POINT('Ctrl Pts',(5.00624029524195,-2.5729631489368,2.83624991982266));
#4348=CARTESIAN_POINT('Ctrl Pts',(3.05310794685252,-2.63216983829851,4.87701623600571));
#4349=CARTESIAN_POINT('Ctrl Pts',(0.364109718934019,-2.6913765276602,5.74231483062151));
#4350=CARTESIAN_POINT('Ctrl Pts',(-2.41264692540232,-2.75058321702191,5.22358979196724));
#4351=CARTESIAN_POINT('Ctrl Pts',(-4.60790282274259,-2.8097899063836,3.44586521465344));
#4352=CARTESIAN_POINT('Ctrl Pts',(-5.43749326131814,-2.8550739013931,1.45095311156545));
#4353=CARTESIAN_POINT('Ctrl Pts',(-5.52231917585764,-2.88062233328204,0.269072065449263));
#4354=CARTESIAN_POINT('Ctrl Pts',(-5.52207620117396,-2.8864352020504,0.000131776197785025));
#4355=CARTESIAN_POINT('Origin',(0.,1.38643520205039,0.));
#4356=CARTESIAN_POINT('',(-5.52219026420803,-1.2385647979496,0.000140142501315886));
#4357=CARTESIAN_POINT('',(-5.52269124507013,-1.3864352020504,-3.77624781794372E-5));
#4358=CARTESIAN_POINT('',(-5.52225,1.38643520205039,-4.46344592102226E-13));
#4359=CARTESIAN_POINT('Ctrl Pts',(-5.52219026420803,-1.2385647979496,0.000140142501315714));
#4360=CARTESIAN_POINT('Ctrl Pts',(-5.52151526336042,-1.25332993338483,-0.682948592280295));
#4361=CARTESIAN_POINT('Ctrl Pts',(-5.22458814067688,-1.28783063194062,-2.27964859817162));
#4362=CARTESIAN_POINT('Ctrl Pts',(-3.72298405834286,-1.34206689361698,-4.38704204547483));
#4363=CARTESIAN_POINT('Ctrl Pts',(-1.18644599454004,-1.40127358297868,-5.63019594407811));
#4364=CARTESIAN_POINT('Ctrl Pts',(1.63605138670078,-1.46048027234037,-5.51634739834991));
#4365=CARTESIAN_POINT('Ctrl Pts',(4.06422463160261,-1.51968696170207,-4.07293931156425));
#4366=CARTESIAN_POINT('Ctrl Pts',(5.51283069169161,-1.57889365106377,-1.64786313833623));
#4367=CARTESIAN_POINT('Ctrl Pts',(5.63272384268027,-1.63810034042547,1.17438387460234));
#4368=CARTESIAN_POINT('Ctrl Pts',(4.39500717777533,-1.69730702978717,3.71357879161575));
#4369=CARTESIAN_POINT('Ctrl Pts',(2.09799753612572,-1.75651371914886,5.3577198198746));
#4370=CARTESIAN_POINT('Ctrl Pts',(-0.704675461642955,-1.81572040851056,
5.71053307199852));
#4371=CARTESIAN_POINT('Ctrl Pts',(-3.33750623897333,-1.87492709787226,4.68698277170187));
#4372=CARTESIAN_POINT('Ctrl Pts',(-5.11676414654047,-1.93254189435194,2.591660594673));
#4373=CARTESIAN_POINT('Ctrl Pts',(-5.52208582270422,-1.97042112771105,0.839125380258262));
#4374=CARTESIAN_POINT('Ctrl Pts',(-5.52263288773285,-1.9885647979496,-7.21411618983658E-5));
#4375=CARTESIAN_POINT('Ctrl Pts',(-5.52269124507013,-1.3864352020504,-3.77624781794633E-5));
#4376=CARTESIAN_POINT('Ctrl Pts',(-5.52270500830558,-1.38723325526788,-0.0369489110298651));
#4377=CARTESIAN_POINT('Ctrl Pts',(-5.51338033505202,-1.40776687160593,-0.986652240917589));
#4378=CARTESIAN_POINT('Ctrl Pts',(-5.00450714245251,-1.44803605106455,-2.83930693582758));
#4379=CARTESIAN_POINT('Ctrl Pts',(-3.05012877102633,-1.50724274042624,-4.8788799832809));
#4380=CARTESIAN_POINT('Ctrl Pts',(-0.360602570631516,-1.56644942978794,
-5.74253614174869));
#4381=CARTESIAN_POINT('Ctrl Pts',(2.41583674867048,-1.62565611914964,-5.22211530724526));
#4382=CARTESIAN_POINT('Ctrl Pts',(4.61000650265618,-1.68486280851134,-3.44305032695262));
#4383=CARTESIAN_POINT('Ctrl Pts',(5.69306372898145,-1.74406949787304,-0.834134808578066));
#4384=CARTESIAN_POINT('Ctrl Pts',(5.40396791586971,-1.80327618723473,1.97582546395342));
#4385=CARTESIAN_POINT('Ctrl Pts',(3.81239748602756,-1.86248287659643,4.30956852962041));
#4386=CARTESIAN_POINT('Ctrl Pts',(1.30195576888208,-1.92168956595813,5.6046111976021));
#4387=CARTESIAN_POINT('Ctrl Pts',(-1.52228580189945,-1.98089625531983,5.54881982399958));
#4388=CARTESIAN_POINT('Ctrl Pts',(-3.97962315574929,-2.04010294468153,4.15564135115759));
#4389=CARTESIAN_POINT('Ctrl Pts',(-5.29153790315727,-2.09194926025838,2.05857306999035));
#4390=CARTESIAN_POINT('Ctrl Pts',(-5.52154396555942,-2.12406001271468,0.572509838698679));
#4391=CARTESIAN_POINT('Ctrl Pts',(-5.52190464656975,-2.1364352020504,-9.61756789769411E-5));
#4392=CARTESIAN_POINT('Origin',(0.,0.,0.));
#4393=CARTESIAN_POINT('',(-5.95393559384211,-0.989293819226982,0.000151099362136753));
#4394=CARTESIAN_POINT('',(-5.95382542828005,-0.885706180773014,8.69075997687256E-5));
#4395=CARTESIAN_POINT('',(-5.954,0.,-7.29154704212334E-16));
#4396=CARTESIAN_POINT('',(2.50333273927796,-0.75,5.40225413616517));
#4397=CARTESIAN_POINT('Ctrl Pts',(-5.95393559384211,-0.989293819226982,
0.000151099362136753));
#4398=CARTESIAN_POINT('Ctrl Pts',(-5.9541805866918,-0.984323391541642,0.248079463179623));
#4399=CARTESIAN_POINT('Ctrl Pts',(-5.93898186445429,-0.979352963856302,
0.495977890266666));
#4400=CARTESIAN_POINT('Ctrl Pts',(-5.90809947168611,-0.974382536170962,
0.741906685209838));
#4401=CARTESIAN_POINT('Ctrl Pts',(-5.78547794887668,-0.954646973050396,
1.71839071496067));
#4402=CARTESIAN_POINT('Ctrl Pts',(-5.41559336770129,-0.93491140992983,2.66382223906258));
#4403=CARTESIAN_POINT('Ctrl Pts',(-4.84302144514703,-0.915175846809264,
3.46427371015605));
#4404=CARTESIAN_POINT('Ctrl Pts',(-4.27044952259276,-0.895440283688698,
4.26472518124952));
#4405=CARTESIAN_POINT('Ctrl Pts',(-3.49519025865962,-0.875704720568132,
4.92019659933455));
#4406=CARTESIAN_POINT('Ctrl Pts',(-2.61066977285554,-0.855969157447566,
5.35168236066385));
#4407=CARTESIAN_POINT('Ctrl Pts',(-1.72614928705146,-0.836233594327,5.78316812199314));
#4408=CARTESIAN_POINT('Ctrl Pts',(-0.732367579376442,-0.816498031206435,
5.99066822656671));
#4409=CARTESIAN_POINT('Ctrl Pts',(0.250911622704606,-0.796762468085869,
5.94920394307896));
#4410=CARTESIAN_POINT('Ctrl Pts',(1.02752255641034,-0.781174978723912,5.91645473426147));
#4411=CARTESIAN_POINT('Ctrl Pts',(1.79758190758584,-0.765587489361956,5.72839870643028));
#4412=CARTESIAN_POINT('Ctrl Pts',(2.50333273927796,-0.75,5.40225413616517));
#4413=CARTESIAN_POINT('',(-5.954,-0.75,-7.29154704212334E-16));
#4414=CARTESIAN_POINT('Origin',(0.,-0.75,0.));
#4415=CARTESIAN_POINT('',(-5.954,0.,-7.29154704212334E-16));
#4416=CARTESIAN_POINT('',(-5.954,0.,-7.29154704212334E-16));
#4417=CARTESIAN_POINT('Origin',(0.,0.,0.));
#4418=CARTESIAN_POINT('',(-2.50317375437751,-0.75,5.40224371492027));
#4419=CARTESIAN_POINT('Origin',(0.,-0.75,0.));
#4420=CARTESIAN_POINT('Ctrl Pts',(-2.50317375437751,-0.75,5.40224371492027));
#4421=CARTESIAN_POINT('Ctrl Pts',(-3.39636056346857,-0.769735563120566,
4.98837831079237));
#4422=CARTESIAN_POINT('Ctrl Pts',(-4.18451233610076,-0.789471126241132,
4.34898821041599));
#4423=CARTESIAN_POINT('Ctrl Pts',(-4.77293360217702,-0.809206689361698,
3.5602623463182));
#4424=CARTESIAN_POINT('Ctrl Pts',(-5.36135486825328,-0.828942252482264,
2.7715364822204));
#4425=CARTESIAN_POINT('Ctrl Pts',(-5.7500456277736,-0.84867781560283,1.83347485440118));
#4426=CARTESIAN_POINT('Ctrl Pts',(-5.89212790084578,-0.868413378723396,
0.859580988113519));
#4427=CARTESIAN_POINT('Ctrl Pts',(-5.93362660056174,-0.874177646073269,
0.575130801342147));
#4428=CARTESIAN_POINT('Ctrl Pts',(-5.95408765136669,-0.879941913423141,
0.287623842018249));
#4429=CARTESIAN_POINT('Ctrl Pts',(-5.95382542828005,-0.885706180773014,
8.69075997687256E-5));
#4430=CARTESIAN_POINT('Origin',(0.,0.,0.));
#4431=CARTESIAN_POINT('',(-5.95441282331684,-1.73929381922698,-7.77814257035825E-5));
#4432=CARTESIAN_POINT('',(-5.95447574324733,-1.63570618077302,-4.07148884803921E-5));
#4433=CARTESIAN_POINT('',(-5.954,0.,-7.29154704212334E-16));
#4434=CARTESIAN_POINT('Ctrl Pts',(-5.95441282331684,-1.73929381922698,-7.77814257035825E-5));
#4435=CARTESIAN_POINT('Ctrl Pts',(-5.95382298671392,-1.72115014898843,0.904731316774434));
#4436=CARTESIAN_POINT('Ctrl Pts',(-5.74450017502707,-1.70300647874989,1.80980405340574));
#4437=CARTESIAN_POINT('Ctrl Pts',(-5.34607482644562,-1.68486280851134,2.62212635788465));
#4438=CARTESIAN_POINT('Ctrl Pts',(-4.91269235683609,-1.66512724539077,3.50572035532332));
#4439=CARTESIAN_POINT('Ctrl Pts',(-4.25556861011229,-1.64539168227021,4.27957441757411));
#4440=CARTESIAN_POINT('Ctrl Pts',(-3.45389419360749,-1.62565611914964,4.85043065895397));
#4441=CARTESIAN_POINT('Ctrl Pts',(-2.6522197771027,-1.60592055602907,5.42128690033382));
#4442=CARTESIAN_POINT('Ctrl Pts',(-1.70599469081691,-1.58618499290851,5.78914532084274));
#4443=CARTESIAN_POINT('Ctrl Pts',(-0.729249418601784,-1.56644942978794,
5.90967494749916));
#4444=CARTESIAN_POINT('Ctrl Pts',(0.247495853613338,-1.54671386666738,6.03020457415557));
#4445=CARTESIAN_POINT('Ctrl Pts',(1.25476131175779,-1.52697830354681,5.90340540695947));
#4446=CARTESIAN_POINT('Ctrl Pts',(2.17116043756992,-1.50724274042625,5.54455814405639));
#4447=CARTESIAN_POINT('Ctrl Pts',(3.08755956338206,-1.48750717730568,5.18571088115332));
#4448=CARTESIAN_POINT('Ctrl Pts',(3.91309235686187,-1.46777161418511,4.59481552254325));
#4449=CARTESIAN_POINT('Ctrl Pts',(4.54827307816284,-1.44803605106455,3.84308140999399));
#4450=CARTESIAN_POINT('Ctrl Pts',(5.18345379946381,-1.42830048794398,3.09134729744472));
#4451=CARTESIAN_POINT('Ctrl Pts',(5.62828244858594,-1.40856492482341,2.17877443095626));
#4452=CARTESIAN_POINT('Ctrl Pts',(5.82915229939728,-1.38882936170285,1.21533787125281));
#4453=CARTESIAN_POINT('Ctrl Pts',(6.03002215020861,-1.36909379858228,0.251901311549365));
#4454=CARTESIAN_POINT('Ctrl Pts',(5.98693320270916,-1.34935823546172,-0.762398941369063));
#4455=CARTESIAN_POINT('Ctrl Pts',(5.70507815260106,-1.32962267234115,-1.705328672621));
#4456=CARTESIAN_POINT('Ctrl Pts',(5.42322310249297,-1.30988710922058,-2.64825840387293));
#4457=CARTESIAN_POINT('Ctrl Pts',(4.90260194977623,-1.29015154610002,-3.51981761345837));
#4458=CARTESIAN_POINT('Ctrl Pts',(4.2059552332532,-1.27041598297945,-4.21497373291817));
#4459=CARTESIAN_POINT('Ctrl Pts',(3.50930851673018,-1.25068041985889,-4.91012985237797));
#4460=CARTESIAN_POINT('Ctrl Pts',(2.63663623640088,-1.23094485673832,-5.42888288171214));
#4461=CARTESIAN_POINT('Ctrl Pts',(1.6931049792728,-1.21120929361775,-5.70871767097338));
#4462=CARTESIAN_POINT('Ctrl Pts',(0.749573722144714,-1.19147373049719,-5.98855246023462));
#4463=CARTESIAN_POINT('Ctrl Pts',(-0.264816511782147,-1.17173816737662,
-6.02946900942293));
#4464=CARTESIAN_POINT('Ctrl Pts',(-1.22782063268063,-1.15200260425606,-5.8265359033213));
#4465=CARTESIAN_POINT('Ctrl Pts',(-2.19082475357911,-1.13226704113549,-5.62360279721967));
#4466=CARTESIAN_POINT('Ctrl Pts',(-3.10244276144921,-1.11253147801492,-5.17682003582809));
#4467=CARTESIAN_POINT('Ctrl Pts',(-3.85281462439479,-1.09279591489436,-4.54003084528297));
#4468=CARTESIAN_POINT('Ctrl Pts',(-4.60318648734037,-1.07306035177379,-3.90324165473785));
#4469=CARTESIAN_POINT('Ctrl Pts',(-5.19231220536143,-1.05332478865323,-3.07644603503918));
#4470=CARTESIAN_POINT('Ctrl Pts',(-5.54919583215022,-1.03358922553266,-2.15927995748997));
#4471=CARTESIAN_POINT('Ctrl Pts',(-5.81619784531599,-1.01882409009743,-1.47310337013445));
#4472=CARTESIAN_POINT('Ctrl Pts',(-5.95320781892307,-1.00405895466221,-0.736344047885734));
#4473=CARTESIAN_POINT('Ctrl Pts',(-5.95393559384211,-0.989293819226982,
0.000151099362136753));
#4474=CARTESIAN_POINT('Ctrl Pts',(-5.95382542828005,-0.885706180773014,
8.69075997687256E-5));
#4475=CARTESIAN_POINT('Ctrl Pts',(-5.9531898581236,-0.899677476543708,-0.696838358340198));
#4476=CARTESIAN_POINT('Ctrl Pts',(-5.83081142531171,-0.913648772314401,
-1.39393971874487));
#4477=CARTESIAN_POINT('Ctrl Pts',(-5.59116649743868,-0.927620068085094,
-2.04811878087271));
#4478=CARTESIAN_POINT('Ctrl Pts',(-5.25264903433534,-0.94735563120566,-2.97219857881517));
#4479=CARTESIAN_POINT('Ctrl Pts',(-4.68014032150461,-0.967091194326226,
-3.81063206994398));
#4480=CARTESIAN_POINT('Ctrl Pts',(-3.94262301098258,-0.986826757446792,
-4.46227641766637));
#4481=CARTESIAN_POINT('Ctrl Pts',(-3.20510570046056,-1.00656232056736,-5.11392076538875));
#4482=CARTESIAN_POINT('Ctrl Pts',(-2.30257979224725,-1.02629788368792,-5.57877596970472));
#4483=CARTESIAN_POINT('Ctrl Pts',(-1.34381520979427,-1.04603344680849,-5.80087451320993));
#4484=CARTESIAN_POINT('Ctrl Pts',(-0.385050627341304,-1.06576900992906,
-6.02297305671514));
#4485=CARTESIAN_POINT('Ctrl Pts',(0.629952629351329,-1.08550457304962,-6.0023149394096));
#4486=CARTESIAN_POINT('Ctrl Pts',(1.57887848737846,-1.10524013617019,-5.7413625096674));
#4487=CARTESIAN_POINT('Ctrl Pts',(2.52780434540561,-1.12497569929075,-5.4804100799252));
#4488=CARTESIAN_POINT('Ctrl Pts',(3.41065280476726,-1.14471126241132,-4.97916333774632));
#4489=CARTESIAN_POINT('Ctrl Pts',(4.12102944109225,-1.16444682553189,-4.2980420580065));
#4490=CARTESIAN_POINT('Ctrl Pts',(4.83140607741724,-1.18418238865245,-3.61692077826669));
#4491=CARTESIAN_POINT('Ctrl Pts',(5.36931089070558,-1.20391795177302,-2.75592496096595));
#4492=CARTESIAN_POINT('Ctrl Pts',(5.66992124569793,-1.22365351489358,-1.81880676233053));
#4493=CARTESIAN_POINT('Ctrl Pts',(5.97053160069027,-1.24338907801415,-0.881688563695109));
#4494=CARTESIAN_POINT('Ctrl Pts',(6.03384749738661,-1.26312464113472,0.131552016274989));
#4495=CARTESIAN_POINT('Ctrl Pts',(5.85223827097349,-1.28286020425528,1.09880463378969));
#4496=CARTESIAN_POINT('Ctrl Pts',(5.67062904456036,-1.30259576737585,2.06605725130439));
#4497=CARTESIAN_POINT('Ctrl Pts',(5.24409469503777,-1.32233133049641,2.98732190636369));
#4498=CARTESIAN_POINT('Ctrl Pts',(4.62403749210518,-1.34206689361698,3.7515780638987));
#4499=CARTESIAN_POINT('Ctrl Pts',(4.0039802891726,-1.36180245673755,4.51583422143371));
#4500=CARTESIAN_POINT('Ctrl Pts',(3.19040023283002,-1.38153801985811,5.12308188144442));
#4501=CARTESIAN_POINT('Ctrl Pts',(2.2813425201613,-1.40127358297868,5.50014004607189));
#4502=CARTESIAN_POINT('Ctrl Pts',(1.37228480749258,-1.42100914609924,5.87719821069936));
#4503=CARTESIAN_POINT('Ctrl Pts',(0.367749438497704,-1.44074470921981,6.0240668799436));
#4504=CARTESIAN_POINT('Ctrl Pts',(-0.611206018834423,-1.46048027234038,
5.92304729085432));
#4505=CARTESIAN_POINT('Ctrl Pts',(-1.59016147616655,-1.48021583546094,5.82202770176503));
#4506=CARTESIAN_POINT('Ctrl Pts',(-2.54353702183593,-1.49995139858151,5.47311985434225));
#4507=CARTESIAN_POINT('Ctrl Pts',(-3.35644049196938,-1.51968696170207,4.91837069591609));
#4508=CARTESIAN_POINT('Ctrl Pts',(-4.16934396210283,-1.53942252482264,4.36362153748992));
#4509=CARTESIAN_POINT('Ctrl Pts',(-4.84177535670033,-1.55915808794321,3.60303106806038));
#4510=CARTESIAN_POINT('Ctrl Pts',(-5.29269931442957,-1.57889365106377,2.72825890688534));
#4511=CARTESIAN_POINT('Ctrl Pts',(-5.72538911724222,-1.59783116096685,1.88886018469081));
#4512=CARTESIAN_POINT('Ctrl Pts',(-5.95412361219376,-1.61676867086993,0.94432746599798));
#4513=CARTESIAN_POINT('Ctrl Pts',(-5.95447574324733,-1.63570618077302,-4.07148884803921E-5));
#4514=CARTESIAN_POINT('Origin',(0.,0.,0.));
#4515=CARTESIAN_POINT('',(-5.95356168186115,-2.48929381922698,-7.45990402750696E-5));
#4516=CARTESIAN_POINT('',(-5.95362764555685,-2.38570618077302,-0.000103695050125896));
#4517=CARTESIAN_POINT('',(-5.954,0.,-7.29154704212334E-16));
#4518=CARTESIAN_POINT('Ctrl Pts',(-5.95356168186115,-2.48929381922698,-7.45990402750696E-5));
#4519=CARTESIAN_POINT('Ctrl Pts',(-5.95330365821342,-2.47771246955579,0.577715074083379));
#4520=CARTESIAN_POINT('Ctrl Pts',(-5.86977347538418,-2.4661311198846,1.15557777069832));
#4521=CARTESIAN_POINT('Ctrl Pts',(-5.70403557172334,-2.45454977021341,1.70881271095912));
#4522=CARTESIAN_POINT('Ctrl Pts',(-5.42160468482024,-2.43481420709285,2.6515701091906));
#4523=CARTESIAN_POINT('Ctrl Pts',(-4.90045132497645,-2.41507864397228,3.5228111237982));
#4524=CARTESIAN_POINT('Ctrl Pts',(-4.20338017879109,-2.39534308085171,4.21754167225035));
#4525=CARTESIAN_POINT('Ctrl Pts',(-3.50630903260573,-2.37560751773115,4.9122722207025));
#4526=CARTESIAN_POINT('Ctrl Pts',(-2.63332010007881,-2.35587195461058,5.43049230299921));
#4527=CARTESIAN_POINT('Ctrl Pts',(-1.68961810699079,-2.33613639149002,5.70975072460673));
#4528=CARTESIAN_POINT('Ctrl Pts',(-0.745916113902755,-2.31640082836945,
5.98900914621425));
#4529=CARTESIAN_POINT('Ctrl Pts',(0.268498939746377,-2.29666526524888,6.02930590713256));
#4530=CARTESIAN_POINT('Ctrl Pts',(1.23137893193562,-2.27692970212832,5.82578480641118));
#4531=CARTESIAN_POINT('Ctrl Pts',(2.19425892412483,-2.25719413900775,5.6222637056898));
#4532=CARTESIAN_POINT('Ctrl Pts',(3.10560385485415,-2.23745857588719,5.17492474332874));
#4533=CARTESIAN_POINT('Ctrl Pts',(3.85558668055334,-2.21772301276662,4.53767716275112));
#4534=CARTESIAN_POINT('Ctrl Pts',(4.60556950625254,-2.19798744964605,3.9004295821735));
#4535=CARTESIAN_POINT('Ctrl Pts',(5.1941902269216,-2.17825188652549,3.0732733833793));
#4536=CARTESIAN_POINT('Ctrl Pts',(5.55051360020079,-2.15851632340492,2.15588994584904));
#4537=CARTESIAN_POINT('Ctrl Pts',(5.90683697347998,-2.13878076028436,1.23850650831877));
#4538=CARTESIAN_POINT('Ctrl Pts',(6.03086299936931,-2.11904519716379,0.23089583205243));
#4539=CARTESIAN_POINT('Ctrl Pts',(5.90764518363718,-2.09930963404322,-0.745513962899074));
#4540=CARTESIAN_POINT('Ctrl Pts',(5.78442736790504,-2.07957407092266,-1.72192375785058));
#4541=CARTESIAN_POINT('Ctrl Pts',(5.41396571055145,-2.05983850780209,-2.66713267148724));
#4542=CARTESIAN_POINT('Ctrl Pts',(4.84090489792201,-2.04010294468153,-3.46723267950769));
#4543=CARTESIAN_POINT('Ctrl Pts',(4.26784408529256,-2.02036738156096,-4.26733268752813));
#4544=CARTESIAN_POINT('Ctrl Pts',(3.49218411738728,-2.00063181844039,-4.92232378993234));
#4545=CARTESIAN_POINT('Ctrl Pts',(2.60740051397312,-1.98089625531983,-5.35327238654006));
#4546=CARTESIAN_POINT('Ctrl Pts',(1.72261691055895,-1.96116069219926,-5.78422098314778));
#4547=CARTESIAN_POINT('Ctrl Pts',(0.728709671635904,-1.9414251290787,-5.99112707395899));
#4548=CARTESIAN_POINT('Ctrl Pts',(-0.254544497006397,-1.92168956595813,
-5.94905620946541));
#4549=CARTESIAN_POINT('Ctrl Pts',(-1.23779866564868,-1.90195400283756,-5.90698534497184));
#4550=CARTESIAN_POINT('Ctrl Pts',(-2.21039976401023,-1.882218439717,-5.61593752517349));
#4551=CARTESIAN_POINT('Ctrl Pts',(-3.05513870956869,-1.86248287659643,-5.11098719919839));
#4552=CARTESIAN_POINT('Ctrl Pts',(-3.89987765512714,-1.84274731347587,-4.60603687322328));
#4553=CARTESIAN_POINT('Ctrl Pts',(-4.6167544478825,-1.8230117503553,-3.88718404107142));
#4554=CARTESIAN_POINT('Ctrl Pts',(-5.11937758432815,-1.80327618723473,-3.04105834097674));
#4555=CARTESIAN_POINT('Ctrl Pts',(-5.6220007207738,-1.78354062411417,-2.19493264088206));
#4556=CARTESIAN_POINT('Ctrl Pts',(-5.91037020090974,-1.7638050609936,-1.22153407284456));
#4557=CARTESIAN_POINT('Ctrl Pts',(-5.94973434473007,-1.74406949787304,-0.238167822512539));
#4558=CARTESIAN_POINT('Ctrl Pts',(-5.95290950117083,-1.74247760499102,-0.158848386590839));
#4559=CARTESIAN_POINT('Ctrl Pts',(-5.95446457451588,-1.740885712109,-0.0794640987513944));
#4560=CARTESIAN_POINT('Ctrl Pts',(-5.95441282331684,-1.73929381922698,-7.77814257035825E-5));
#4561=CARTESIAN_POINT('Ctrl Pts',(-5.95447574324733,-1.63570618077302,-4.07148884803921E-5));
#4562=CARTESIAN_POINT('Ctrl Pts',(-5.95449058254361,-1.6365042339905,-0.0398377140242309));
#4563=CARTESIAN_POINT('Ctrl Pts',(-5.95409983811106,-1.63730228720799,-0.079634420957659));
#4564=CARTESIAN_POINT('Ctrl Pts',(-5.95330168185761,-1.63810034042547,-0.119422955270557));
#4565=CARTESIAN_POINT('Ctrl Pts',(-5.93356357069543,-1.65783590354604,-1.10337880333087));
#4566=CARTESIAN_POINT('Ctrl Pts',(-5.66467082751009,-1.6775714666666,-2.08233664653096));
#4567=CARTESIAN_POINT('Ctrl Pts',(-5.17902796826983,-1.69730702978717,-2.93832130777629));
#4568=CARTESIAN_POINT('Ctrl Pts',(-4.69338510902957,-1.71704259290773,-3.79430596902162));
#4569=CARTESIAN_POINT('Ctrl Pts',(-3.99099213373439,-1.7367781560283,-4.5273174483122));
#4570=CARTESIAN_POINT('Ctrl Pts',(-3.15649508933455,-1.75651371914887,-5.04901985500194));
#4571=CARTESIAN_POINT('Ctrl Pts',(-2.32199804493471,-1.77624928226943,-5.57072226169167));
#4572=CARTESIAN_POINT('Ctrl Pts',(-1.35539693143021,-1.79598484539,-5.88111559578057));
#4573=CARTESIAN_POINT('Ctrl Pts',(-0.373177766407655,-1.81572040851056,
-5.94279405169027));
#4574=CARTESIAN_POINT('Ctrl Pts',(0.609041398614901,-1.83545597163113,-6.00447250759997));
#4575=CARTESIAN_POINT('Ctrl Pts',(1.6068786151555,-1.8551915347517,-5.81743608533046));
#4576=CARTESIAN_POINT('Ctrl Pts',(2.50008357153968,-1.87492709787226,-5.40422472699839));
#4577=CARTESIAN_POINT('Ctrl Pts',(3.39328852792385,-1.89466266099283,-4.99101336866632));
#4578=CARTESIAN_POINT('Ctrl Pts',(4.1818612241516,-1.91439822411339,-4.35162707427169));
#4579=CARTESIAN_POINT('Ctrl Pts',(4.77077001557936,-1.93413378723396,-3.56311889104129));
#4580=CARTESIAN_POINT('Ctrl Pts',(5.35967880700712,-1.95386935035453,-2.7746107078109));
#4581=CARTESIAN_POINT('Ctrl Pts',(5.74892369363489,-1.97360491347509,-1.83698063574473));
#4582=CARTESIAN_POINT('Ctrl Pts',(5.89159640416271,-1.99334047659566,-0.86322336714786));
#4583=CARTESIAN_POINT('Ctrl Pts',(6.03426911469053,-2.01307603971622,0.110533901449015));
#4584=CARTESIAN_POINT('Ctrl Pts',(5.9303696491184,-2.03281160283679,1.1204183665766));
#4585=CARTESIAN_POINT('Ctrl Pts',(5.59241903084543,-2.05254716595736,2.04472789245325));
#4586=CARTESIAN_POINT('Ctrl Pts',(5.25446841257247,-2.07228272907792,2.9690374183299));
#4587=CARTESIAN_POINT('Ctrl Pts',(4.68246664159867,-2.09201829219849,3.8077720049556));
#4588=CARTESIAN_POINT('Ctrl Pts',(3.94534619482534,-2.11175385531905,4.4598549499552));
#4589=CARTESIAN_POINT('Ctrl Pts',(3.20822574805201,-2.13148941843962,5.1119378949548));
#4590=CARTESIAN_POINT('Ctrl Pts',(2.30598662547913,-2.15122498156019,5.5773691983283));
#4591=CARTESIAN_POINT('Ctrl Pts',(1.34735852110388,-2.17096054468075,5.80005929163972));
#4592=CARTESIAN_POINT('Ctrl Pts',(0.388730416728633,-2.19069610780132,6.02274938495114));
#4593=CARTESIAN_POINT('Ctrl Pts',(-0.626286669448993,-2.21043167092188,
6.00269826820047));
#4594=CARTESIAN_POINT('Ctrl Pts',(-1.57537206390642,-2.23016723404245,5.74232232042162));
#4595=CARTESIAN_POINT('Ctrl Pts',(-2.52445745836385,-2.24990279716302,5.48194637264278));
#4596=CARTESIAN_POINT('Ctrl Pts',(-3.40761116110109,-2.26963836028358,4.98124559383575));
#4597=CARTESIAN_POINT('Ctrl Pts',(-4.11840348021554,-2.28937392340415,4.30055991067567));
#4598=CARTESIAN_POINT('Ctrl Pts',(-4.82919579932998,-2.30910948652471,3.6198742275156));
#4599=CARTESIAN_POINT('Ctrl Pts',(-5.36762673482165,-2.32884504964528,2.75920364000248));
#4600=CARTESIAN_POINT('Ctrl Pts',(-5.66880946303558,-2.34858061276585,1.82226837842776));
#4601=CARTESIAN_POINT('Ctrl Pts',(-5.85766616114586,-2.36095580210157,1.23476290992556));
#4602=CARTESIAN_POINT('Ctrl Pts',(-5.95323876516647,-2.37333099143729,0.617270782672531));
#4603=CARTESIAN_POINT('Ctrl Pts',(-5.95362764555685,-2.38570618077302,-0.000103695050125896));
#4604=CARTESIAN_POINT('Origin',(0.,0.,0.));
#4605=CARTESIAN_POINT('',(-5.95392814892782,-3.23929381922698,0.000149808512962257));
#4606=CARTESIAN_POINT('',(-5.95381261293672,-3.13570618077301,0.000142078950496757));
#4607=CARTESIAN_POINT('',(-5.954,0.,-7.29154704212334E-16));
#4608=CARTESIAN_POINT('Ctrl Pts',(-5.95392814892782,-3.23929381922698,0.000149808512962257));
#4609=CARTESIAN_POINT('Ctrl Pts',(-5.95417468017209,-3.23427479012315,0.250503274601689));
#4610=CARTESIAN_POINT('Ctrl Pts',(-5.93867642478608,-3.22925576101932,0.500826427444116));
#4611=CARTESIAN_POINT('Ctrl Pts',(-5.90718876410699,-3.22423673191549,0.749121879155252));
#4612=CARTESIAN_POINT('Ctrl Pts',(-5.78337463551851,-3.20450116879492,1.72545623753808));
#4613=CARTESIAN_POINT('Ctrl Pts',(-5.41233576715353,-3.18476560567435,2.67043871789047));
#4614=CARTESIAN_POINT('Ctrl Pts',(-4.83878640560304,-3.16503004255379,3.4701885835747));
#4615=CARTESIAN_POINT('Ctrl Pts',(-4.26523704405254,-3.14529447943322,4.26993844925894));
#4616=CARTESIAN_POINT('Ctrl Pts',(-3.48917718931653,-3.12555891631266,4.92445570027501));
#4617=CARTESIAN_POINT('Ctrl Pts',(-2.60413055190797,-3.10582335319209,5.35486384077508));
#4618=CARTESIAN_POINT('Ctrl Pts',(-1.7190839144994,-3.08608779007153,5.78527198127515));
#4619=CARTESIAN_POINT('Ctrl Pts',(-0.725050494418289,-3.06635222695096,
5.99157101125921));
#4620=CARTESIAN_POINT('Ctrl Pts',(0.258177796342322,-3.04661666383039,5.94889963859677));
#4621=CARTESIAN_POINT('Ctrl Pts',(1.24140608710293,-3.02688110070982,5.90622826593433));
#4622=CARTESIAN_POINT('Ctrl Pts',(2.21382924854304,-3.00714553758926,5.6145864906254));
#4623=CARTESIAN_POINT('Ctrl Pts',(3.05825964147267,-2.98740997446869,5.10912034013297));
#4624=CARTESIAN_POINT('Ctrl Pts',(3.9026900344023,-2.96767441134813,4.60365418964053));
#4625=CARTESIAN_POINT('Ctrl Pts',(4.61912765882146,-2.94793884822756,3.8843636639646));
#4626=CARTESIAN_POINT('Ctrl Pts',(5.12123393584621,-2.928203285107,3.0379311478304));
#4627=CARTESIAN_POINT('Ctrl Pts',(5.62334021287096,-2.90846772198643,2.1914986316962));
#4628=CARTESIAN_POINT('Ctrl Pts',(5.9111151425013,-2.88873215886586,1.21792412510373));
#4629=CARTESIAN_POINT('Ctrl Pts',(5.94987869452129,-2.8689965957453,0.234534016941293));
#4630=CARTESIAN_POINT('Ctrl Pts',(5.98864224654127,-2.84926103262473,-0.748856091221142));
#4631=CARTESIAN_POINT('Ctrl Pts',(5.77839442095089,-2.82952546950417,-1.74206180095354));
#4632=CARTESIAN_POINT('Ctrl Pts',(5.34447238299134,-2.8097899063836,-2.62539094842347));
#4633=CARTESIAN_POINT('Ctrl Pts',(4.91055034503178,-2.79005434326304,-3.5087200958934));
#4634=CARTESIAN_POINT('Ctrl Pts',(4.25295409470304,-2.77031878014247,-4.28217268110086));
#4635=CARTESIAN_POINT('Ctrl Pts',(3.45093118098583,-2.7505832170219,-4.85253919806122));
#4636=CARTESIAN_POINT('Ctrl Pts',(2.64890826726863,-2.73084765390133,-5.42290571502159));
#4637=CARTESIAN_POINT('Ctrl Pts',(1.70245869016296,-2.71111209078077,-5.79018616373486));
#4638=CARTESIAN_POINT('Ctrl Pts',(0.725639987530328,-2.6913765276602,-5.91011922833355));
#4639=CARTESIAN_POINT('Ctrl Pts',(-0.251178715102302,-2.67164096453964,
-6.03005229293225));
#4640=CARTESIAN_POINT('Ctrl Pts',(-1.25836654326189,-2.65190540141907,-5.90263797341637));
#4641=CARTESIAN_POINT('Ctrl Pts',(-2.17454633473842,-2.63216983829851,-5.54323109050097));
#4642=CARTESIAN_POINT('Ctrl Pts',(-3.09072612621494,-2.61243427517794,-5.18382420758558));
#4643=CARTESIAN_POINT('Ctrl Pts',(-3.9158978810084,-2.59269871205737,-4.59242476127068));
#4644=CARTESIAN_POINT('Ctrl Pts',(-4.55061936686336,-2.57296314893681,-3.84030286078445));
#4645=CARTESIAN_POINT('Ctrl Pts',(-5.18534085271832,-2.55322758581624,-3.0881809602982));
#4646=CARTESIAN_POINT('Ctrl Pts',(-5.62961206963479,-2.53349202269568,-2.17533660564061));
#4647=CARTESIAN_POINT('Ctrl Pts',(-5.82989347111182,-2.51375645957511,-1.21177753738413));
#4648=CARTESIAN_POINT('Ctrl Pts',(-5.91264445660977,-2.50560224612573,-0.81366037874793));
#4649=CARTESIAN_POINT('Ctrl Pts',(-5.95374335152474,-2.49744803267636,-0.406885588886808));
#4650=CARTESIAN_POINT('Ctrl Pts',(-5.95356168186115,-2.48929381922698,-7.45990402750696E-5));
#4651=CARTESIAN_POINT('Ctrl Pts',(-5.95362764555685,-2.38570618077302,-0.000103695050125896));
#4652=CARTESIAN_POINT('Ctrl Pts',(-5.9538589393943,-2.39306655455786,-0.367298636314015));
#4653=CARTESIAN_POINT('Ctrl Pts',(-5.92041902303551,-2.4004269283427,-0.73445195909614));
#4654=CARTESIAN_POINT('Ctrl Pts',(-5.85290821597356,-2.40778730212754,-1.0952297414728));
#4655=CARTESIAN_POINT('Ctrl Pts',(-5.67188971976141,-2.42752286524811,-2.06259266416231));
#4656=CARTESIAN_POINT('Ctrl Pts',(-5.2459182064009,-2.44725842836868,-2.98411857390501));
#4657=CARTESIAN_POINT('Ctrl Pts',(-4.62632790772965,-2.46699399148924,-3.74875350768302));
#4658=CARTESIAN_POINT('Ctrl Pts',(-4.00673760905841,-2.48672955460981,-4.51338844146102));
#4659=CARTESIAN_POINT('Ctrl Pts',(-3.19352852507644,-2.50646511773037,-5.12113239927434));
#4660=CARTESIAN_POINT('Ctrl Pts',(-2.28470125521225,-2.52620068085094,-5.49874557927972));
#4661=CARTESIAN_POINT('Ctrl Pts',(-1.37587398534806,-2.54593624397151,-5.8763587592851));
#4662=CARTESIAN_POINT('Ctrl Pts',(-0.371428529601665,-2.56567180709207,
-6.02384116148256));
#4663=CARTESIAN_POINT('Ctrl Pts',(0.607588435722062,-2.58540737021264,-5.9234195414461));
#4664=CARTESIAN_POINT('Ctrl Pts',(1.58660540104579,-2.6051429333332,-5.82299792140964));
#4665=CARTESIAN_POINT('Ctrl Pts',(2.54019387594687,-2.62487849645377,-5.47467227913927));
#4666=CARTESIAN_POINT('Ctrl Pts',(3.35343600720708,-2.64461405957434,-4.92041966876604));
#4667=CARTESIAN_POINT('Ctrl Pts',(4.16667813846728,-2.6643496226949,-4.3661670583928));
#4668=CARTESIAN_POINT('Ctrl Pts',(4.83957392608663,-2.68408518581547,-3.60598747991673));
#4669=CARTESIAN_POINT('Ctrl Pts',(5.29103205930775,-2.70382074893603,-2.73149089666958));
#4670=CARTESIAN_POINT('Ctrl Pts',(5.74249019252887,-2.7235563120566,-1.85699431342243));
#4671=CARTESIAN_POINT('Ctrl Pts',(5.97251067135175,-2.74329187517717,-0.868180725404188));
#4672=CARTESIAN_POINT('Ctrl Pts',(5.95337350930601,-2.76302743829773,0.115787002314117));
#4673=CARTESIAN_POINT('Ctrl Pts',(5.93423634726027,-2.7827630014183,1.09975473003243));
#4674=CARTESIAN_POINT('Ctrl Pts',(5.66594154434595,-2.80249856453886,2.07887659745078));
#4675=CARTESIAN_POINT('Ctrl Pts',(5.18082156219822,-2.82223412765943,2.93515769795655));
#4676=CARTESIAN_POINT('Ctrl Pts',(4.6957015800505,-2.84196969078,3.79143879846231));
#4677=CARTESIAN_POINT('Ctrl Pts',(3.99375641866937,-2.86170525390056,4.52487913205547));
#4678=CARTESIAN_POINT('Ctrl Pts',(3.15957815644723,-2.88144081702113,5.04709110721343));
#4679=CARTESIAN_POINT('Ctrl Pts',(2.32539989422509,-2.90117638014169,5.56930308237139));
#4680=CARTESIAN_POINT('Ctrl Pts',(1.35898853116192,-2.92091194326226,5.8802866990942));
#4681=CARTESIAN_POINT('Ctrl Pts',(0.37680721891283,-2.94064750638283,5.94256502623124));
#4682=CARTESIAN_POINT('Ctrl Pts',(-0.605374093336266,-2.96038306950339,
6.00484335336828));
#4683=CARTESIAN_POINT('Ctrl Pts',(-1.60332535477128,-2.98011863262396,5.81841639091956));
#4684=CARTESIAN_POINT('Ctrl Pts',(-2.49678251061484,-2.99985419574452,5.40575062927429));
#4685=CARTESIAN_POINT('Ctrl Pts',(-3.3902396664584,-3.01958975886509,4.99308486762901));
#4686=CARTESIAN_POINT('Ctrl Pts',(-4.17920271671051,-3.03932532198566,4.35418030678718));
#4687=CARTESIAN_POINT('Ctrl Pts',(-4.76859297450582,-3.05906088510622,3.56603194246844));
#4688=CARTESIAN_POINT('Ctrl Pts',(-5.35798323230113,-3.07879644822679,2.77788357814969));
#4689=CARTESIAN_POINT('Ctrl Pts',(-5.74780069763965,-3.09853201134735,1.84049141035404));
#4690=CARTESIAN_POINT('Ctrl Pts',(-5.89106809736553,-3.11826757446792,0.866821459940589));
#4691=CARTESIAN_POINT('Ctrl Pts',(-5.93326575791891,-3.12408044323628,0.580038883184244));
#4692=CARTESIAN_POINT('Ctrl Pts',(-5.95407458428291,-3.12989331200465,0.290109118146918));
#4693=CARTESIAN_POINT('Ctrl Pts',(-5.95381261293672,-3.13570618077301,0.000142078950496757));
#4694=CARTESIAN_POINT('Origin',(0.,0.,0.));
#4695=CARTESIAN_POINT('',(-5.95441760419742,-3.98929381922698,-7.56645116239962E-5));
#4696=CARTESIAN_POINT('',(-5.95447843106544,-3.88570618077301,-3.83108055226161E-5));
#4697=CARTESIAN_POINT('',(-5.954,0.,-7.29154704212334E-16));
#4698=CARTESIAN_POINT('Ctrl Pts',(-5.95441760419742,-3.98929381922698,-7.56645116239962E-5));
#4699=CARTESIAN_POINT('Ctrl Pts',(-5.95383941910096,-3.97110154756994,0.907155029224719));
#4700=CARTESIAN_POINT('Ctrl Pts',(-5.7433551565677,-3.9529092759129,1.8146448713616));
#4701=CARTESIAN_POINT('Ctrl Pts',(-5.34286794603507,-3.93471700425586,2.62865456000821));
#4702=CARTESIAN_POINT('Ctrl Pts',(-4.90840650155749,-3.9149814411353,3.51171852771347));
#4703=CARTESIAN_POINT('Ctrl Pts',(-4.25033799281194,-3.89524587801473,4.28476934609988));
#4704=CARTESIAN_POINT('Ctrl Pts',(-3.4479668810897,-3.87551031489416,4.85464592648419));
#4705=CARTESIAN_POINT('Ctrl Pts',(-2.64559576936742,-3.8557747517736,5.42452250686852));
#4706=CARTESIAN_POINT('Ctrl Pts',(-1.69892205466843,-3.83603918865303,5.79122484925073));
#4707=CARTESIAN_POINT('Ctrl Pts',(-0.722030285888591,-3.81630362553247,
5.91056130590662));
#4708=CARTESIAN_POINT('Ctrl Pts',(0.254861482891205,-3.7965680624119,6.02989776256251));
#4709=CARTESIAN_POINT('Ctrl Pts',(1.26197130575189,-3.77683249929133,5.90186833349209));
#4710=CARTESIAN_POINT('Ctrl Pts',(2.17793142097605,-3.75709693617077,5.54190196684732));
#4711=CARTESIAN_POINT('Ctrl Pts',(3.09389153620023,-3.7373613730502,5.18193560020254));
#4712=CARTESIAN_POINT('Ctrl Pts',(3.9187019437879,-3.71762580992964,4.59003229598343));
#4713=CARTESIAN_POINT('Ctrl Pts',(4.5529639577788,-3.69789024680907,3.83752288381297));
#4714=CARTESIAN_POINT('Ctrl Pts',(5.18722597176971,-3.67815468368851,3.0850134716425));
#4715=CARTESIAN_POINT('Ctrl Pts',(5.63093959216381,-3.65841912056794,2.17189795152073));
#4716=CARTESIAN_POINT('Ctrl Pts',(5.83063246894695,-3.63868355744737,1.20821674242769));
#4717=CARTESIAN_POINT('Ctrl Pts',(6.03032534573008,-3.61894799432681,0.24453553333466));
#4718=CARTESIAN_POINT('Ctrl Pts',(5.98599747890224,-3.59921243120624,-0.769711364729621));
#4719=CARTESIAN_POINT('Ctrl Pts',(5.70299086181557,-3.57947686808568,-1.71229609433332));
#4720=CARTESIAN_POINT('Ctrl Pts',(5.41998424472889,-3.55974130496511,-2.65488082393702));
#4721=CARTESIAN_POINT('Ctrl Pts',(4.89829887738337,-3.54000574184454,-3.52580338508015));
#4722=CARTESIAN_POINT('Ctrl Pts',(4.20080355910775,-3.52027017872398,-4.22010807236126));
#4723=CARTESIAN_POINT('Ctrl Pts',(3.50330824083211,-3.50053461560341,-4.91441275964237));
#4724=CARTESIAN_POINT('Ctrl Pts',(2.63000297162635,-3.48079905248285,-5.43209957306146));
#4725=CARTESIAN_POINT('Ctrl Pts',(1.68613059930462,-3.46106348936228,-5.71078158282293));
#4726=CARTESIAN_POINT('Ctrl Pts',(0.742258226982896,-3.44132792624171,-5.98946359258441));
#4727=CARTESIAN_POINT('Ctrl Pts',(-0.272181248454804,-3.42159236312115,
-6.02914079868827));
#4728=CARTESIAN_POINT('Ctrl Pts',(-1.23493676189439,-3.40185680000058,-5.82503166332534));
#4729=CARTESIAN_POINT('Ctrl Pts',(-2.19769227533398,-3.38212123688001,-5.6209225279624));
#4730=CARTESIAN_POINT('Ctrl Pts',(-3.10876382677546,-3.36238567375945,-5.17302705113266));
#4731=CARTESIAN_POINT('Ctrl Pts',(-3.85835731784661,-3.34265011063888,-4.535321542343));
#4732=CARTESIAN_POINT('Ctrl Pts',(-4.60795080891778,-3.32291454751832,-3.89761603355332));
#4733=CARTESIAN_POINT('Ctrl Pts',(-5.19606623961862,-3.30317898439775,-3.07010049280371));
#4734=CARTESIAN_POINT('Ctrl Pts',(-5.55182926056304,-3.28344342127718,-2.15249960422226));
#4735=CARTESIAN_POINT('Ctrl Pts',(-5.81711678074374,-3.26872688726045,-1.46825742637826));
#4736=CARTESIAN_POINT('Ctrl Pts',(-5.9532052829377,-3.25401035324372,-0.733923500025735));
#4737=CARTESIAN_POINT('Ctrl Pts',(-5.95392814892782,-3.23929381922698,0.000149808512962257));
#4738=CARTESIAN_POINT('Ctrl Pts',(-5.95381261293672,-3.13570618077301,0.000142078950496757));
#4739=CARTESIAN_POINT('Ctrl Pts',(-5.95318515218931,-3.14962887512521,-0.694372560863108));
#4740=CARTESIAN_POINT('Ctrl Pts',(-5.83167989926909,-3.16355156947742,-1.38910103302037));
#4741=CARTESIAN_POINT('Ctrl Pts',(-5.59366679191137,-3.17747426382962,-2.04131197818447));
#4742=CARTESIAN_POINT('Ctrl Pts',(-5.25628075261807,-3.19720982695018,-2.96582773286491));
#4743=CARTESIAN_POINT('Ctrl Pts',(-4.68479133991822,-3.21694539007075,-3.80491150919455));
#4744=CARTESIAN_POINT('Ctrl Pts',(-3.94806928597041,-3.23668095319132,-4.45744452398329));
#4745=CARTESIAN_POINT('Ctrl Pts',(-3.21134723202261,-3.25641651631188,-5.10997753877202));
#4746=CARTESIAN_POINT('Ctrl Pts',(-2.30939253682686,-3.27615207943245,-5.57595979201986));
#4747=CARTESIAN_POINT('Ctrl Pts',(-1.35090061774629,-3.29588764255301,-5.79923531960759));
#4748=CARTESIAN_POINT('Ctrl Pts',(-0.392408698665715,-3.31562320567358,
-6.02251084719532));
#4749=CARTESIAN_POINT('Ctrl Pts',(0.622620444299682,-3.33535876879415,-6.00307964912293));
#4750=CARTESIAN_POINT('Ctrl Pts',(1.57186468464175,-3.35509433191471,-5.74328339753382));
#4751=CARTESIAN_POINT('Ctrl Pts',(2.52110892498381,-3.37482989503528,-5.48348714594471));
#4752=CARTESIAN_POINT('Ctrl Pts',(3.40456826270254,-3.39456545815584,-4.98332584083887));
#4753=CARTESIAN_POINT('Ctrl Pts',(4.11577617353882,-3.41430102127641,-4.30307439635217));
#4754=CARTESIAN_POINT('Ctrl Pts',(4.8269840843751,-3.43403658439698,-3.62282295186547));
#4755=CARTESIAN_POINT('Ctrl Pts',(5.36594056832892,-3.45377214751754,-2.76248136799793));
#4756=CARTESIAN_POINT('Ctrl Pts',(5.66769546739794,-3.47350771063811,-1.82573022652535));
#4757=CARTESIAN_POINT('Ctrl Pts',(5.96945036646696,-3.49324327375867,-0.88897908505277));
#4758=CARTESIAN_POINT('Ctrl Pts',(6.03400368065118,-3.51297883687924,0.124181614024841));
#4759=CARTESIAN_POINT('Ctrl Pts',(5.85357602871914,-3.53271439999981,1.09165491214765));
#4760=CARTESIAN_POINT('Ctrl Pts',(5.6731483767871,-3.55244996312037,2.05912821027046));
#4761=CARTESIAN_POINT('Ctrl Pts',(5.24773975873881,-3.57218552624094,2.98091410743847));
#4762=CARTESIAN_POINT('Ctrl Pts',(4.62861657136218,-3.5919210893615,3.74592730929511));
#4763=CARTESIAN_POINT('Ctrl Pts',(4.00949338398555,-3.61165665248207,4.51094051115174));
#4764=CARTESIAN_POINT('Ctrl Pts',(3.19665562728058,-3.63139221560264,5.11918101769699));
#4765=CARTESIAN_POINT('Ctrl Pts',(2.28805915167319,-3.6511277787232,5.49734918753175));
#4766=CARTESIAN_POINT('Ctrl Pts',(1.37946267606581,-3.67086334184377,5.87551735736651));
#4767=CARTESIAN_POINT('Ctrl Pts',(0.375107481556001,-3.69059890496433,6.02361319049078));
#4768=CARTESIAN_POINT('Ctrl Pts',(-0.603970633018921,-3.7103344680849,5.92378951733282));
#4769=CARTESIAN_POINT('Ctrl Pts',(-1.58304874759384,-3.73007003120547,5.82396584417486));
#4770=CARTESIAN_POINT('Ctrl Pts',(-2.53684978223389,-3.74980559432603,5.47622266473467));
#4771=CARTESIAN_POINT('Ctrl Pts',(-3.35043026794466,-3.7695411574466,4.92246683999514));
#4772=CARTESIAN_POINT('Ctrl Pts',(-4.16401075365545,-3.78927672056716,4.3687110152556));
#4773=CARTESIAN_POINT('Ctrl Pts',(-4.83737069043697,-3.80901228368773,3.60894254521672));
#4774=CARTESIAN_POINT('Ctrl Pts',(-5.28936283247527,-3.8287478468083,2.73472185014139));
#4775=CARTESIAN_POINT('Ctrl Pts',(-5.72419071515537,-3.84773395812987,1.89369941085633));
#4776=CARTESIAN_POINT('Ctrl Pts',(-5.95414431843583,-3.86672006945144,0.946752272103458));
#4777=CARTESIAN_POINT('Ctrl Pts',(-5.95447843106544,-3.88570618077301,-3.83108055226161E-5));
#4778=CARTESIAN_POINT('Origin',(0.,0.,0.));
#4779=CARTESIAN_POINT('',(-5.95356506563374,-4.73929381922698,-7.65193243582041E-5));
#4780=CARTESIAN_POINT('',(-5.95363239303351,-4.63570618077301,-0.000105300706300994));
#4781=CARTESIAN_POINT('',(-5.954,0.,-7.29154704212334E-16));
#4782=CARTESIAN_POINT('Ctrl Pts',(-5.95356506563374,-4.73929381922698,-7.65193243582041E-5));
#4783=CARTESIAN_POINT('Ctrl Pts',(-5.95329909519391,-4.7276638681373,0.580136918041455));
#4784=CARTESIAN_POINT('Ctrl Pts',(-5.86905593226507,-4.71603391704762,1.16042594537483));
#4785=CARTESIAN_POINT('Ctrl Pts',(-5.70194402464922,-4.70440396595794,1.71577883900812));
#4786=CARTESIAN_POINT('Ctrl Pts',(-5.41836178294256,-4.68466840283737,2.65819054839292));
#4787=CARTESIAN_POINT('Ctrl Pts',(-4.89614460268791,-4.6649328397168,3.52879433121116));
#4788=CARTESIAN_POINT('Ctrl Pts',(-4.19822537249299,-4.64519727659624,4.22267289834023));
#4789=CARTESIAN_POINT('Ctrl Pts',(-3.50030614229808,-4.62546171347567,4.91655146546929));
#4790=CARTESIAN_POINT('Ctrl Pts',(-2.62668486216292,-4.60572615035511,5.43370481690918));
#4791=CARTESIAN_POINT('Ctrl Pts',(-1.68264246267901,-4.58599058723454,5.71181031087434));
#4792=CARTESIAN_POINT('Ctrl Pts',(-0.738600063195122,-4.56625502411398,
5.9899158048395));
#4793=CARTESIAN_POINT('Ctrl Pts',(0.275863455637506,-4.54651946099341,6.02897344132993));
#4794=CARTESIAN_POINT('Ctrl Pts',(1.23849413121242,-4.52678389787284,5.82427634745926));
#4795=CARTESIAN_POINT('Ctrl Pts',(2.20112480678735,-4.50704833475228,5.61957925358859));
#4796=CARTESIAN_POINT('Ctrl Pts',(3.11192263910456,-4.48731277163171,5.17112742935681));
#4797=CARTESIAN_POINT('Ctrl Pts',(3.8611265159436,-4.46757720851114,4.53296423022487));
#4798=CARTESIAN_POINT('Ctrl Pts',(4.61033039278262,-4.44784164539058,3.89480103109295));
#4799=CARTESIAN_POINT('Ctrl Pts',(5.19794031414347,-4.42810608227001,3.06692645706087));
#4800=CARTESIAN_POINT('Ctrl Pts',(5.55314285005097,-4.40837051914945,2.14910845969877));
#4801=CARTESIAN_POINT('Ctrl Pts',(5.90834538595848,-4.38863495602888,1.23129046233662));
#4802=CARTESIAN_POINT('Ctrl Pts',(6.03114053641262,-4.36889939290832,0.223529041644436));
#4803=CARTESIAN_POINT('Ctrl Pts',(5.90673014115115,-4.34916382978775,-0.752729515986621));
#4804=CARTESIAN_POINT('Ctrl Pts',(5.78231974588969,-4.32942826666718,-1.72898807361764));
#4805=CARTESIAN_POINT('Ctrl Pts',(5.41070380491264,-4.30969270354662,-2.67374376818756));
#4806=CARTESIAN_POINT('Ctrl Pts',(4.8366661083798,-4.28995714042605,-3.47314319322875));
#4807=CARTESIAN_POINT('Ctrl Pts',(4.26262841184695,-4.27022157730548,-4.27254261826995));
#4808=CARTESIAN_POINT('Ctrl Pts',(3.48616895975832,-4.25048601418492,-4.92658577378244));
#4809=CARTESIAN_POINT('Ctrl Pts',(2.60085961848352,-4.23075045106435,-5.356453297618));
#4810=CARTESIAN_POINT('Ctrl Pts',(1.71555027720872,-4.21101488794378,-5.78632082145356));
#4811=CARTESIAN_POINT('Ctrl Pts',(0.721391046747765,-4.19127932482322,-5.99201271361219));
#4812=CARTESIAN_POINT('Ctrl Pts',(-0.26181099937788,-4.17154376170265,-5.94874084871965));
#4813=CARTESIAN_POINT('Ctrl Pts',(-1.24501304550354,-4.15180819858209,-5.90546898382711));
#4814=CARTESIAN_POINT('Ctrl Pts',(-2.21725790729384,-4.13207263546152,-5.61323336188341));
#4815=CARTESIAN_POINT('Ctrl Pts',(-3.06137943261911,-4.11233707234096,-5.10725157537375));
#4816=CARTESIAN_POINT('Ctrl Pts',(-3.90550095794435,-4.09260150922039,-4.60126978886411));
#4817=CARTESIAN_POINT('Ctrl Pts',(-4.62149914680456,-4.07286594609982,-3.88154183778851));
#4818=CARTESIAN_POINT('Ctrl Pts',(-5.1230883771125,-4.05313038297926,-3.03480282142279));
#4819=CARTESIAN_POINT('Ctrl Pts',(-5.62467760742046,-4.03339481985869,-2.18806380505706));
#4820=CARTESIAN_POINT('Ctrl Pts',(-5.91185787917618,-4.01365925673813,-1.21431372340118));
#4821=CARTESIAN_POINT('Ctrl Pts',(-5.95002082494923,-3.99392369361756,-0.230900124061184));
#4822=CARTESIAN_POINT('Ctrl Pts',(-5.9530051101239,-3.99238040215403,-0.153998654176309));
#4823=CARTESIAN_POINT('Ctrl Pts',(-5.95446665294408,-3.99083711069051,-0.0770380918262302));
#4824=CARTESIAN_POINT('Ctrl Pts',(-5.95441760419742,-3.98929381922698,-7.56645116239962E-5));
#4825=CARTESIAN_POINT('Ctrl Pts',(-5.95447843106544,-3.88570618077301,-3.83108055226161E-5));
#4826=CARTESIAN_POINT('Ctrl Pts',(-5.95449161972251,-3.88645563257201,-0.0374116250989455));
#4827=CARTESIAN_POINT('Ctrl Pts',(-5.95414702174245,-3.887205084371,-0.0747846954514513));
#4828=CARTESIAN_POINT('Ctrl Pts',(-5.9534431151268,-3.88795453616999,-0.112150997145723));
#4829=CARTESIAN_POINT('Ctrl Pts',(-5.93490690844493,-3.90769009929056,-1.09613022924577));
#4830=CARTESIAN_POINT('Ctrl Pts',(-5.66721014778611,-3.92742566241113,-2.07541577333409));
#4831=CARTESIAN_POINT('Ctrl Pts',(-5.18261322414508,-3.94716122553169,-2.93199299796709));
#4832=CARTESIAN_POINT('Ctrl Pts',(-4.69801630050404,-3.96689678865226,-3.78857022260009));
#4833=CARTESIAN_POINT('Ctrl Pts',(-3.99651921388079,-3.98663235177282,-4.52243912777778));
#4834=CARTESIAN_POINT('Ctrl Pts',(-3.16266004475285,-4.00636791489339,-5.04516047440866));
#4835=CARTESIAN_POINT('Ctrl Pts',(-2.32880087562492,-4.02610347801395,-5.56788182103952));
#4836=CARTESIAN_POINT('Ctrl Pts',(-1.3625796239923,-4.04583904113452,-5.87945560912359));
#4837=CARTESIAN_POINT('Ctrl Pts',(-0.380436531000948,-4.06557460425508,
-5.94233378539875));
#4838=CARTESIAN_POINT('Ctrl Pts',(0.601706561990442,-4.08531016737565,-6.00521196167392));
#4839=CARTESIAN_POINT('Ctrl Pts',(1.59977149634057,-4.10504573049622,-5.81939452614017));
#4840=CARTESIAN_POINT('Ctrl Pts',(2.49348051844102,-4.12478129361679,-5.40727451451899));
#4841=CARTESIAN_POINT('Ctrl Pts',(3.38718954054146,-4.14451685673735,-4.99515450289782));
#4842=CARTESIAN_POINT('Ctrl Pts',(4.17654265039222,-4.16425241985792,-4.35673191518925));
#4843=CARTESIAN_POINT('Ctrl Pts',(4.76641415467512,-4.18398798297848,-3.56894366407263));
#4844=CARTESIAN_POINT('Ctrl Pts',(5.35628565895801,-4.20372354609905,-2.78115541295602));
#4845=CARTESIAN_POINT('Ctrl Pts',(5.74667555767304,-4.22345910921962,-1.84400149843137));
#4846=CARTESIAN_POINT('Ctrl Pts',(5.89053759317421,-4.24319467234018,-0.87041922922974));
#4847=CARTESIAN_POINT('Ctrl Pts',(6.03439962867538,-4.26293023546075,0.103163039971894));
#4848=CARTESIAN_POINT('Ctrl Pts',(5.9317338009627,-4.28266579858131,1.1131736638505));
#4849=CARTESIAN_POINT('Ctrl Pts',(5.59491246648778,-4.30240136170188,2.03789530240173));
#4850=CARTESIAN_POINT('Ctrl Pts',(5.25809113201286,-4.32213692482244,2.96261694095297));
#4851=CARTESIAN_POINT('Ctrl Pts',(4.68711429077571,-4.34187248794301,3.8020495941768));
#4852=CARTESIAN_POINT('Ctrl Pts',(3.95079090446087,-4.36160805106358,4.45503243539716));
#4853=CARTESIAN_POINT('Ctrl Pts',(3.21446751814605,-4.38134361418414,5.1080152766175));
#4854=CARTESIAN_POINT('Ctrl Pts',(2.31279758675354,-4.40107917730471,5.57454830583436));
#4855=CARTESIAN_POINT('Ctrl Pts',(1.35444221049001,-4.42081474042528,5.79840918439311));
#4856=CARTESIAN_POINT('Ctrl Pts',(0.396086834226466,-4.44055030354584,6.02227006295186));
#4857=CARTESIAN_POINT('Ctrl Pts',(-0.61895398690814,-4.46028586666641,6.00345879085252));
#4858=CARTESIAN_POINT('Ctrl Pts',(-1.56835671905837,-4.48002142978697,5.74424233237039));
#4859=CARTESIAN_POINT('Ctrl Pts',(-2.5177594512086,-4.49975699290754,5.48502587388826));
#4860=CARTESIAN_POINT('Ctrl Pts',(-3.40152409437445,-4.51949255602811,4.98540422902335));
#4861=CARTESIAN_POINT('Ctrl Pts',(-4.11314733164728,-4.53922811914867,4.3055872769431));
#4862=CARTESIAN_POINT('Ctrl Pts',(-4.82477056892012,-4.55896368226924,3.62577032486285));
#4863=CARTESIAN_POINT('Ctrl Pts',(-5.36425240029993,-4.5786992453898,2.76575806556725));
#4864=CARTESIAN_POINT('Ctrl Pts',(-5.66657935766686,-4.59843480851037,1.82919139361505));
#4865=CARTESIAN_POINT('Ctrl Pts',(-5.85689806480175,-4.61085859926458,1.23961063077477));
#4866=CARTESIAN_POINT('Ctrl Pts',(-5.95323551141737,-4.6232823900188,0.619692392351385));
#4867=CARTESIAN_POINT('Ctrl Pts',(-5.95363239303351,-4.63570618077301,-0.000105300706300994));
#4868=CARTESIAN_POINT('Origin',(0.,0.,0.));
#4869=CARTESIAN_POINT('',(-5.95392081722096,-5.48929381922699,0.000149595214845311));
#4870=CARTESIAN_POINT('',(-5.95380589214987,-5.38570618077302,0.000141320353189963));
#4871=CARTESIAN_POINT('',(-5.954,0.,-7.29154704212334E-16));
#4872=CARTESIAN_POINT('Ctrl Pts',(-5.95392081722096,-5.48929381922699,0.000149595214845311));
#4873=CARTESIAN_POINT('Ctrl Pts',(-5.95416882687062,-5.48422618870466,0.252928236810432));
#4874=CARTESIAN_POINT('Ctrl Pts',(-5.93836808691238,-5.47915855818234,0.505676089855197));
#4875=CARTESIAN_POINT('Ctrl Pts',(-5.90626931494048,-5.47409092766002,0.756336872044165));
#4876=CARTESIAN_POINT('Ctrl Pts',(-5.78126269941206,-5.45435536453945,1.73251926477163));
#4877=CARTESIAN_POINT('Ctrl Pts',(-5.40906982443846,-5.43461980141888,2.67704782115808));
#4878=CARTESIAN_POINT('Ctrl Pts',(-4.83454400704363,-5.41488423829831,3.47609650737425));
#4879=CARTESIAN_POINT('Ctrl Pts',(-4.26001818964882,-5.39514867517774,4.27514519359039));
#4880=CARTESIAN_POINT('Ctrl Pts',(-3.4831594298328,-5.37541311205718,4.92871400963625));
#4881=CARTESIAN_POINT('Ctrl Pts',(-2.59758771491884,-5.35567754893662,5.35804075646347));
#4882=CARTESIAN_POINT('Ctrl Pts',(-1.71201600000486,-5.33594198581605,5.7873675032907));
#4883=CARTESIAN_POINT('Ctrl Pts',(-0.717731329992944,-5.31620642269548,
5.99245218089927));
#4884=CARTESIAN_POINT('Ctrl Pts',(0.265444104755961,-5.29647085957492,5.94857983991736));
#4885=CARTESIAN_POINT('Ctrl Pts',(1.24861953950485,-5.27673529645435,5.90470749893545));
#4886=CARTESIAN_POINT('Ctrl Pts',(2.22068573899073,-5.25699973333379,5.61187813936307));
#4887=CARTESIAN_POINT('Ctrl Pts',(3.06449808184792,-5.23726417021322,5.10538090557124));
#4888=CARTESIAN_POINT('Ctrl Pts',(3.90831042470512,-5.21752860709265,4.5988836717794));
#4889=CARTESIAN_POINT('Ctrl Pts',(4.62386891093363,-5.19779304397209,3.87871856376811));
#4890=CARTESIAN_POINT('Ctrl Pts',(5.12494090742823,-5.17805748085152,3.03167336301087));
#4891=CARTESIAN_POINT('Ctrl Pts',(5.62601290392282,-5.15832191773096,2.18462816225364));
#4892=CARTESIAN_POINT('Ctrl Pts',(5.91259841068352,-5.13858635461039,1.21070286875047));
#4893=CARTESIAN_POINT('Ctrl Pts',(5.95016073597457,-5.11885079148982,0.227266145053587));
#4894=CARTESIAN_POINT('Ctrl Pts',(5.98772306126562,-5.09911522836926,-0.756170578643295));
#4895=CARTESIAN_POINT('Ctrl Pts',(5.77626220508703,-5.07937966524869,-1.74911873253389));
#4896=CARTESIAN_POINT('Ctrl Pts',(5.3412615161488,-5.05964410212812,-2.63191719108499));
#4897=CARTESIAN_POINT('Ctrl Pts',(4.90626082721057,-5.03990853900756,-3.5147156496361));
#4898=CARTESIAN_POINT('Ctrl Pts',(4.2477203055127,-5.020172975887,-4.28736441284772));
#4899=CARTESIAN_POINT('Ctrl Pts',(3.44500129507584,-5.00043741276643,-4.85675084408772));
#4900=CARTESIAN_POINT('Ctrl Pts',(2.642282284639,-4.98070184964586,-5.42613727532771));
#4901=CARTESIAN_POINT('Ctrl Pts',(1.69538478546319,-4.96096628652529,-5.7922613745961));
#4902=CARTESIAN_POINT('Ctrl Pts',(0.718420314924202,-4.94123072340473,-5.91100117879579));
#4903=CARTESIAN_POINT('Ctrl Pts',(-0.258544155614784,-4.92149516028416,
-6.02974098299548));
#4904=CARTESIAN_POINT('Ctrl Pts',(-1.26557559751698,-4.9017595971636,-5.90109649212647));
#4905=CARTESIAN_POINT('Ctrl Pts',(-2.18131569482878,-4.88202403404303,-5.5405707760225));
#4906=CARTESIAN_POINT('Ctrl Pts',(-3.09705579214061,-4.86228847092247,-5.18004505991851));
#4907=CARTESIAN_POINT('Ctrl Pts',(-3.92150454486203,-4.8425529078019,-4.58763811857958));
#4908=CARTESIAN_POINT('Ctrl Pts',(-4.55530685040438,-4.82281734468133,-3.83474147541655));
#4909=CARTESIAN_POINT('Ctrl Pts',(-5.18910915594673,-4.80308178156077,-3.08184483225352));
#4910=CARTESIAN_POINT('Ctrl Pts',(-5.63226501430997,-4.7833462184402,-2.16845848726642));
#4911=CARTESIAN_POINT('Ctrl Pts',(-5.83136929191225,-4.76361065531963,-1.20465549679719));
#4912=CARTESIAN_POINT('Ctrl Pts',(-5.91314360045741,-4.75550504328875,-0.808811047504121));
#4913=CARTESIAN_POINT('Ctrl Pts',(-5.95375043642167,-4.74739943125787,-0.404462142456106));
#4914=CARTESIAN_POINT('Ctrl Pts',(-5.95356506563374,-4.73929381922698,-7.65193243582041E-5));
#4915=CARTESIAN_POINT('Ctrl Pts',(-5.95363239303351,-4.63570618077301,-0.000105300706300994));
#4916=CARTESIAN_POINT('Ctrl Pts',(-5.95386596973253,-4.64301795313936,-0.36487477682526));
#4917=CARTESIAN_POINT('Ctrl Pts',(-5.92086885790548,-4.65032972550571,-0.7296024999537));
#4918=CARTESIAN_POINT('Ctrl Pts',(-5.85424165803695,-4.65764149787207,-1.08807967562868));
#4919=CARTESIAN_POINT('Ctrl Pts',(-5.67440491768607,-4.67737706099263,-2.05566298831154));
#4920=CARTESIAN_POINT('Ctrl Pts',(-5.24955935363024,-4.6971126241132,-2.97770852906846));
#4921=CARTESIAN_POINT('Ctrl Pts',(-4.63090350848573,-4.71684818723377,-3.74309971364723));
#4922=CARTESIAN_POINT('Ctrl Pts',(-4.01224766334122,-4.73658375035433,-4.508490898226));
#4923=CARTESIAN_POINT('Ctrl Pts',(-3.19978153710803,-4.7563193134749,-5.11722772662663));
#4924=CARTESIAN_POINT('Ctrl Pts',(-2.29141619467081,-4.77605487659546,-5.4959507452316));
#4925=CARTESIAN_POINT('Ctrl Pts',(-1.38305085223359,-4.79579043971603,-5.87467376383657));
#4926=CARTESIAN_POINT('Ctrl Pts',(-0.378786293592384,-4.8155260028366,-6.02338297264589));
#4927=CARTESIAN_POINT('Ctrl Pts',(0.600352605030248,-4.83526156595716,-5.92415728360118));
#4928=CARTESIAN_POINT('Ctrl Pts',(1.57949150365289,-4.85499712907773,-5.82493159455647));
#4929=CARTESIAN_POINT('Ctrl Pts',(2.53350474225696,-4.8747326921983,-5.4777710076577));
#4930=CARTESIAN_POINT('Ctrl Pts',(3.34742327894663,-4.89446825531886,-4.92451217510706));
#4931=CARTESIAN_POINT('Ctrl Pts',(4.16134181563629,-4.91420381843943,-4.37125334255641));
#4932=CARTESIAN_POINT('Ctrl Pts',(4.8351656504116,-4.93393938155999,-3.61189626435388));
#4933=CARTESIAN_POINT('Ctrl Pts',(5.28769163267061,-4.95367494468056,-2.73795178354125));
#4934=CARTESIAN_POINT('Ctrl Pts',(5.74021761492961,-4.97341050780113,-1.86400730272862));
#4935=CARTESIAN_POINT('Ctrl Pts',(5.97144574467231,-4.99314607092169,-0.875475419305889));
#4936=CARTESIAN_POINT('Ctrl Pts',(5.95351050026845,-5.01288163404226,0.108514950144195));
#4937=CARTESIAN_POINT('Ctrl Pts',(5.93557525586459,-5.03261719716282,1.09250531959428));
#4938=CARTESIAN_POINT('Ctrl Pts',(5.66847663731419,-5.05235276028338,2.07195417507167));
#4939=CARTESIAN_POINT('Ctrl Pts',(5.18440295293815,-5.07208832340395,2.92882720432217));
#4940=CARTESIAN_POINT('Ctrl Pts',(4.7003292685621,-5.09182388652452,3.78570023357268));
#4941=CARTESIAN_POINT('Ctrl Pts',(3.99928051836041,-5.11155944964509,4.51999743659625));
#4942=CARTESIAN_POINT('Ctrl Pts',(3.16574075336242,-5.13129501276565,5.04322795972102));
#4943=CARTESIAN_POINT('Ctrl Pts',(2.33220098836443,-5.15103057588622,5.56645848284578));
#4944=CARTESIAN_POINT('Ctrl Pts',(1.36617020857014,-5.17076613900678,5.87862232607174));
#4945=CARTESIAN_POINT('Ctrl Pts',(0.384065701183289,-5.19050170212735,5.94210032803099));
#4946=CARTESIAN_POINT('Ctrl Pts',(-0.598038806203577,-5.21023726524791,
6.00557832999024));
#4947=CARTESIAN_POINT('Ctrl Pts',(-1.59621704118305,-5.22997282836848,5.82037049068276));
#4948=CARTESIAN_POINT('Ctrl Pts',(-2.49017759618015,-5.24970839148905,5.40879638280957));
#4949=CARTESIAN_POINT('Ctrl Pts',(-3.38413815117727,-5.26944395460962,4.99722227493639));
#4950=CARTESIAN_POINT('Ctrl Pts',(-4.17388102619202,-5.28917951773018,4.35928189849751));
#4951=CARTESIAN_POINT('Ctrl Pts',(-4.764233556936,-5.30891508085074,3.57185405443398));
#4952=CARTESIAN_POINT('Ctrl Pts',(-5.35458608767997,-5.32865064397131,2.78442621037045));
#4953=CARTESIAN_POINT('Ctrl Pts',(-5.74554827415313,-5.34838620709188,1.84751089868229));
#4954=CARTESIAN_POINT('Ctrl Pts',(-5.89000489176797,-5.36812177021245,0.874016673846));
#4955=CARTESIAN_POINT('Ctrl Pts',(-5.93290856531765,-5.3739832403993,0.584888497411558));
#4956=CARTESIAN_POINT('Ctrl Pts',(-5.95406817023415,-5.37984471058616,0.292533722885625));
#4957=CARTESIAN_POINT('Ctrl Pts',(-5.95380589214987,-5.38570618077302,0.000141320353189963));
#4958=CARTESIAN_POINT('Origin',(0.,0.,0.));
#4959=CARTESIAN_POINT('',(-5.95442227526845,-6.23929381922698,-7.35251943567716E-5));
#4960=CARTESIAN_POINT('',(-5.9544809685017,-6.13570618077302,-3.58863434181212E-5));
#4961=CARTESIAN_POINT('',(-5.954,0.,-7.29154704212334E-16));
#4962=CARTESIAN_POINT('Ctrl Pts',(-5.95442227526845,-6.23929381922698,-7.35251943567716E-5));
#4963=CARTESIAN_POINT('Ctrl Pts',(-5.95385610151041,-6.22105294615145,0.909578801350418));
#4964=CARTESIAN_POINT('Ctrl Pts',(-5.74220688153756,-6.20281207307592,1.81948559621399));
#4965=CARTESIAN_POINT('Ctrl Pts',(-5.33965309393176,-6.18457120000038,2.63517884043683));
#4966=CARTESIAN_POINT('Ctrl Pts',(-4.90411332279143,-6.16483563687982,3.51771146054328));
#4967=CARTESIAN_POINT('Ctrl Pts',(-4.24510103378183,-6.14510007375926,4.28995788037626));
#4968=CARTESIAN_POINT('Ctrl Pts',(-3.44203442405064,-6.12536451063869,4.85885395008652));
#4969=CARTESIAN_POINT('Ctrl Pts',(-2.63896781431945,-6.10562894751813,5.42775001979678));
#4970=CARTESIAN_POINT('Ctrl Pts',(-1.69184688386666,-6.08589338439756,5.79329573938433));
#4971=CARTESIAN_POINT('Ctrl Pts',(-0.714810075983581,-6.06615782127699,
5.91143884683698));
#4972=CARTESIAN_POINT('Ctrl Pts',(0.262226731899498,-6.04642225815643,6.02958195428963));
#4973=CARTESIAN_POINT('Ctrl Pts',(1.26917941721288,-6.02668669503586,5.9003224496074));
#4974=CARTESIAN_POINT('Ctrl Pts',(2.18469915503436,-6.00695113191529,5.53923751852302));
#4975=CARTESIAN_POINT('Ctrl Pts',(3.10021889285587,-5.98721556879473,5.17815258743864));
#4976=CARTESIAN_POINT('Ctrl Pts',(3.92430568318549,-5.96748000567416,4.58524222995209));
#4977=CARTESIAN_POINT('Ctrl Pts',(4.55764804386624,-5.94774444255359,3.83195863663261));
#4978=CARTESIAN_POINT('Ctrl Pts',(5.19099040454697,-5.92800887943303,3.07867504331314));
#4979=CARTESIAN_POINT('Ctrl Pts',(5.63358833557882,-5.90827331631246,2.16501821416082));
#4980=CARTESIAN_POINT('Ctrl Pts',(5.83210393973287,-5.88853775319189,1.2010938018212));
#4981=CARTESIAN_POINT('Ctrl Pts',(6.03061954388691,-5.86880219007133,0.237169389481602));
#4982=CARTESIAN_POINT('Ctrl Pts',(5.9850528211631,-5.84906662695076,-0.777022606045301));
#4983=CARTESIAN_POINT('Ctrl Pts',(5.70089506061479,-5.8293310638302,-1.71926094368448));
#4984=CARTESIAN_POINT('Ctrl Pts',(5.41673730006647,-5.80959550070963,-2.6614992813237));
#4985=CARTESIAN_POINT('Ctrl Pts',(4.8939885016936,-5.78985993758906,-3.53178396107531));
#4986=CARTESIAN_POINT('Ctrl Pts',(4.19564561990853,-5.7701243744685,-4.2252361492304));
#4987=CARTESIAN_POINT('Ctrl Pts',(3.49730273812347,-5.75038881134793,-4.91868833738548));
#4988=CARTESIAN_POINT('Ctrl Pts',(2.62336577292624,-5.73065324822737,-5.43530803394408));
#4989=CARTESIAN_POINT('Ctrl Pts',(1.67915369841509,-5.7109176851068,-5.71283690837748));
#4990=CARTESIAN_POINT('Ctrl Pts',(0.734941623903905,-5.69118212198623,-5.99036578281088));
#4991=CARTESIAN_POINT('Ctrl Pts',(-0.279545559921131,-5.67144655886566,
-6.02880383511906));
#4992=CARTESIAN_POINT('Ctrl Pts',(-1.24205103856292,-5.6517109957451,-5.82351885909419));
#4993=CARTESIAN_POINT('Ctrl Pts',(-2.20455651720466,-5.63197543262454,-5.61823388306933));
#4994=CARTESIAN_POINT('Ctrl Pts',(-3.11508029066312,-5.61223986950398,-5.16922587871144));
#4995=CARTESIAN_POINT('Ctrl Pts',(-3.86389427381132,-5.59250430638341,-4.53060522727693));
#4996=CARTESIAN_POINT('Ctrl Pts',(-4.61270825695953,-5.57276874326285,-3.89198457584242));
#4997=CARTESIAN_POINT('Ctrl Pts',(-5.19981244979747,-5.55303318014227,-3.06375127733129));
#4998=CARTESIAN_POINT('Ctrl Pts',(-5.55445436817481,-5.53329761702171,-2.1457165135415));
#4999=CARTESIAN_POINT('Ctrl Pts',(-5.8180325454729,-5.51862968442347,-1.46341158229384));
#5000=CARTESIAN_POINT('Ctrl Pts',(-5.95320296914406,-5.50396175182523,-0.731502023991773));
#5001=CARTESIAN_POINT('Ctrl Pts',(-5.95392081722096,-5.48929381922699,0.000149595214845311));
#5002=CARTESIAN_POINT('Ctrl Pts',(-5.95380589214987,-5.38570618077302,0.000141320353189963));
#5003=CARTESIAN_POINT('Ctrl Pts',(-5.95318508023754,-5.39958027370673,-0.691951147325141));
#5004=CARTESIAN_POINT('Ctrl Pts',(-5.83254424116216,-5.41345436664043,-1.38425443280891));
#5005=CARTESIAN_POINT('Ctrl Pts',(-5.59615605411971,-5.42732845957414,-2.03447786646866));
#5006=CARTESIAN_POINT('Ctrl Pts',(-5.25989955010006,-5.44706402269471,-2.95940504396255));
#5007=CARTESIAN_POINT('Ctrl Pts',(-4.68943549330425,-5.46679958581528,-3.79918626096592));
#5008=CARTESIAN_POINT('Ctrl Pts',(-3.95351104927656,-5.48653514893584,-4.45261868505037));
#5009=CARTESIAN_POINT('Ctrl Pts',(-3.21758660524888,-5.50627071205641,-5.1060511091348));
#5010=CARTESIAN_POINT('Ctrl Pts',(-2.31620177398934,-5.52600627517697,-5.57313474030033));
#5011=CARTESIAN_POINT('Ctrl Pts',(-1.35798329801662,-5.54574183829753,-5.79758088632831));
#5012=CARTESIAN_POINT('Ctrl Pts',(-0.399764822043865,-5.5654774014181,-6.0220270323563));
#5013=CARTESIAN_POINT('Ctrl Pts',(0.615287298642078,-5.58521296453867,-6.00383569324674));
#5014=CARTESIAN_POINT('Ctrl Pts',(1.56484816846611,-5.60494852765924,-5.74519912456128));
#5015=CARTESIAN_POINT('Ctrl Pts',(2.51440903829013,-5.6246840907798,-5.48656255587583));
#5016=CARTESIAN_POINT('Ctrl Pts',(3.39847865725225,-5.64441965390037,-4.98748075761449));
#5017=CARTESIAN_POINT('Ctrl Pts',(4.1105169555208,-5.66415521702093,-4.30809855151754));
#5018=CARTESIAN_POINT('Ctrl Pts',(4.82255525378935,-5.6838907801415,-3.62871634542058));
#5019=CARTESIAN_POINT('Ctrl Pts',(5.36256223136434,-5.70362634326207,-2.76903373148802));
#5020=CARTESIAN_POINT('Ctrl Pts',(5.66546113425895,-5.72336190638263,-1.83265187840266));
#5021=CARTESIAN_POINT('Ctrl Pts',(5.96836003715355,-5.7430974695032,-0.896270025317281));
#5022=CARTESIAN_POINT('Ctrl Pts',(6.03415086536777,-5.76283303262376,0.116811066920864));
#5023=CARTESIAN_POINT('Ctrl Pts',(5.8549051036785,-5.78256859574433,1.08450403324789));
#5024=CARTESIAN_POINT('Ctrl Pts',(5.67565934198923,-5.80230415886489,2.0521969995749));
#5025=CARTESIAN_POINT('Ctrl Pts',(5.25137699039646,-5.82203972198546,2.97450183999075));
#5026=CARTESIAN_POINT('Ctrl Pts',(4.63318871824739,-5.84177528510603,3.74027072179496));
#5027=CARTESIAN_POINT('Ctrl Pts',(4.01500044609832,-5.86151084822659,4.50603960359916));
#5028=CARTESIAN_POINT('Ctrl Pts',(3.2029062533929,-5.88124641134715,5.11527252679175));
#5029=CARTESIAN_POINT('Ctrl Pts',(2.29477238295299,-5.90098197446772,5.49455025290039));
#5030=CARTESIAN_POINT('Ctrl Pts',(1.38663851251306,-5.92071753758829,5.87382797900904));
#5031=CARTESIAN_POINT('Ctrl Pts',(0.382464964338635,-5.94045310070886,6.02315050803375));
#5032=CARTESIAN_POINT('Ctrl Pts',(-0.59673435310553,-5.96018866382943,5.92452284011423));
#5033=CARTESIAN_POINT('Ctrl Pts',(-1.57593367054968,-5.97992422694999,5.82589517219471));
#5034=CARTESIAN_POINT('Ctrl Pts',(-2.53015875726354,-5.99965979007055,5.47931730733094));
#5035=CARTESIAN_POINT('Ctrl Pts',(-3.34441504133435,-6.01939535319112,4.92655567333893));
#5036=CARTESIAN_POINT('Ctrl Pts',(-4.15867132540517,-6.03913091631168,4.37379403934692));
#5037=CARTESIAN_POINT('Ctrl Pts',(-4.83295880683295,-6.05886647943225,3.61484863622665));
#5038=CARTESIAN_POINT('Ctrl Pts',(-5.28601846051707,-6.07860204255282,2.74118069566458));
#5039=CARTESIAN_POINT('Ctrl Pts',(-5.72298903537765,-6.09763675529289,1.89853849806376));
#5040=CARTESIAN_POINT('Ctrl Pts',(-5.95416529982887,-6.11667146803295,0.949177151601593));
#5041=CARTESIAN_POINT('Ctrl Pts',(-5.9544809685017,-6.13570618077302,-3.58863434181212E-5));
#5042=CARTESIAN_POINT('Origin',(0.,0.,0.));
#5043=CARTESIAN_POINT('',(-5.95356853754199,-6.98929381922699,-7.84234280040707E-5));
#5044=CARTESIAN_POINT('',(-5.95363721806759,-6.88570618077302,-0.000106883757077581));
#5045=CARTESIAN_POINT('',(-5.954,0.,-7.29154704212334E-16));
#5046=CARTESIAN_POINT('Ctrl Pts',(-5.95356853754199,-6.98929381922699,-7.84234280040707E-5));
#5047=CARTESIAN_POINT('Ctrl Pts',(-5.95329460376685,-6.97761526671881,0.582558745555144));
#5048=CARTESIAN_POINT('Ctrl Pts',(-5.86833530202156,-6.96593671421064,1.16527409473209));
#5049=CARTESIAN_POINT('Ctrl Pts',(-5.69984397010356,-6.95425816170247,1.72274240706356));
#5050=CARTESIAN_POINT('Ctrl Pts',(-5.41511079670656,-6.9345225985819,2.66480702149518));
#5051=CARTESIAN_POINT('Ctrl Pts',(-4.89183057520477,-6.91478703546133,3.53477227355733));
#5052=CARTESIAN_POINT('Ctrl Pts',(-4.19306430231673,-6.89505147234076,4.22779782407556));
#5053=CARTESIAN_POINT('Ctrl Pts',(-3.4942980294287,-6.87531590922019,4.92082337459379));
#5054=CARTESIAN_POINT('Ctrl Pts',(-2.62004570515441,-6.85558034609963,5.43690922356809));
#5055=CARTESIAN_POINT('Ctrl Pts',(-1.67566430781422,-6.83584478297907,5.71386137494938));
#5056=CARTESIAN_POINT('Ctrl Pts',(-0.731282910474036,-6.8161092198585,5.99081352633067));
#5057=CARTESIAN_POINT('Ctrl Pts',(0.283227559932055,-6.79637365673794,6.02863198011894));
#5058=CARTESIAN_POINT('Ctrl Pts',(1.24560748261886,-6.77663809361737,5.82275919851275));
#5059=CARTESIAN_POINT('Ctrl Pts',(2.20798740530567,-6.7569025304968,5.61688641690656));
#5060=CARTESIAN_POINT('Ctrl Pts',(3.11823678027318,-6.73716696737623,5.16732239990592));
#5061=CARTESIAN_POINT('Ctrl Pts',(3.86666059041732,-6.71743140425567,4.52824453437914));
#5062=CARTESIAN_POINT('Ctrl Pts',(4.61508440056146,-6.6976958411351,3.88916666885236));
#5063=CARTESIAN_POINT('Ctrl Pts',(5.20168264588221,-6.67796027801454,3.06057495479945));
#5064=CARTESIAN_POINT('Ctrl Pts',(5.5557638144453,-6.65822471489397,2.14232376701589));
#5065=CARTESIAN_POINT('Ctrl Pts',(5.90984498300839,-6.63848915177341,1.22407257923232));
#5066=CARTESIAN_POINT('Ctrl Pts',(6.03140907481381,-6.61875358865284,0.216161917718096));
#5067=CARTESIAN_POINT('Ctrl Pts',(5.90580628564684,-6.59901802553228,-0.759943945982357));
#5068=CARTESIAN_POINT('Ctrl Pts',(5.78020349647987,-6.57928246241171,-1.73604980968284));
#5069=CARTESIAN_POINT('Ctrl Pts',(5.40743382634051,-6.55954689929113,-2.68035087556955));
#5070=CARTESIAN_POINT('Ctrl Pts',(4.83242010238618,-6.53981133617057,-3.4790485249095));
#5071=CARTESIAN_POINT('Ctrl Pts',(4.25740637843186,-6.52007577305,-4.27774617424942));
#5072=CARTESIAN_POINT('Ctrl Pts',(3.4801486006626,-6.50034020992945,-4.9308404070426));
#5073=CARTESIAN_POINT('Ctrl Pts',(2.59431484243437,-6.48060464680888,-5.35962621671938));
#5074=CARTESIAN_POINT('Ctrl Pts',(1.70848108420613,-6.46086908368831,-5.78841202639616));
#5075=CARTESIAN_POINT('Ctrl Pts',(0.714071345518928,-6.44113352056774,-5.99288941295655));
#5076=CARTESIAN_POINT('Ctrl Pts',(-0.269077111121393,-6.42139795744717,
-5.94841661224998));
#5077=CARTESIAN_POINT('Ctrl Pts',(-1.25222556776171,-6.40166239432661,-5.90394381154341));
#5078=CARTESIAN_POINT('Ctrl Pts',(-2.22411274235515,-6.38192683120605,-5.61052082356989));
#5079=CARTESIAN_POINT('Ctrl Pts',(-3.06761558799592,-6.36219126808549,-5.10350833142314));
#5080=CARTESIAN_POINT('Ctrl Pts',(-3.91111843363669,-6.34245570496492,-4.5964958392764));
#5081=CARTESIAN_POINT('Ctrl Pts',(-4.62623695032479,-6.32272014184435,-3.87589384295642));
#5082=CARTESIAN_POINT('Ctrl Pts',(-5.12679152610239,-6.30298457872378,-3.02854277376194));
#5083=CARTESIAN_POINT('Ctrl Pts',(-5.62734610187998,-6.28324901560321,-2.18119170456748));
#5084=CARTESIAN_POINT('Ctrl Pts',(-5.91333673674709,-6.26351345248265,-1.20709156249852));
#5085=CARTESIAN_POINT('Ctrl Pts',(-5.95029842754512,-6.24377788936209,-0.223632081274091));
#5086=CARTESIAN_POINT('Ctrl Pts',(-5.95309775335842,-6.24228319931705,-0.149148921746274));
#5087=CARTESIAN_POINT('Ctrl Pts',(-5.95446866856752,-6.24078850927202,-0.0746120777788917));
#5088=CARTESIAN_POINT('Ctrl Pts',(-5.95442227526845,-6.23929381922698,-7.35251943567716E-5));
#5089=CARTESIAN_POINT('Ctrl Pts',(-5.9544809685017,-6.13570618077302,-3.58863434181212E-5));
#5090=CARTESIAN_POINT('Ctrl Pts',(-5.95449259129383,-6.13640703115352,-0.0349855242971991));
#5091=CARTESIAN_POINT('Ctrl Pts',(-5.95419124042874,-6.13710788153401,-0.0699349611917266));
#5092=CARTESIAN_POINT('Ctrl Pts',(-5.95357566470583,-6.13780873191452,-0.104878862665599));
#5093=CARTESIAN_POINT('Ctrl Pts',(-5.93624138926999,-6.15754429503508,-1.08888000242993));
#5094=CARTESIAN_POINT('Ctrl Pts',(-5.66974101245781,-6.17727985815565,-2.06849180395471));
#5095=CARTESIAN_POINT('Ctrl Pts',(-5.18619074790986,-6.19701542127622,-2.92566031820265));
#5096=CARTESIAN_POINT('Ctrl Pts',(-4.70264048336193,-6.21675098439678,-3.78282883245057));
#5097=CARTESIAN_POINT('Ctrl Pts',(-4.00204033107824,-6.23648654751735,-4.51755405942164));
#5098=CARTESIAN_POINT('Ctrl Pts',(-3.16882028112679,-6.25622211063791,-5.04129356387138));
#5099=CARTESIAN_POINT('Ctrl Pts',(-2.33560023117535,-6.27595767375848,-5.5650330683211));
#5100=CARTESIAN_POINT('Ctrl Pts',(-1.36976028355616,-6.29569323687904,-5.8777868502495));
#5101=CARTESIAN_POINT('Ctrl Pts',(-0.387694728106191,-6.31542879999961,
-5.94186465421505));
#5102=CARTESIAN_POINT('Ctrl Pts',(0.594370827343796,-6.33516436312018,-6.0059424581806));
#5103=CARTESIAN_POINT('Ctrl Pts',(1.59266199062456,-6.35489992624075,-5.8213442841833));
#5104=CARTESIAN_POINT('Ctrl Pts',(2.48687374506431,-6.37463548936131,-5.41031623357834));
#5105=CARTESIAN_POINT('Ctrl Pts',(3.38108549950406,-6.39437105248188,-4.99928818297337));
#5106=CARTESIAN_POINT('Ctrl Pts',(4.1712178451028,-6.41410661560244,-4.36183025576074));
#5107=CARTESIAN_POINT('Ctrl Pts',(4.76205118210189,-6.43384217872301,-3.57476311246682));
#5108=CARTESIAN_POINT('Ctrl Pts',(5.35288451910098,-6.45357774184357,-2.78769596917291));
#5109=CARTESIAN_POINT('Ctrl Pts',(5.74441884750044,-6.47331330496414,-1.85101960979768));
#5110=CARTESIAN_POINT('Ctrl Pts',(5.88946999334554,-6.49304886808471,-0.877613792447414));
#5111=CARTESIAN_POINT('Ctrl Pts',(6.03452113919065,-6.51278443120527,0.0957920249028622));
#5112=CARTESIAN_POINT('Ctrl Pts',(5.93308910248141,-6.53251999432584,1.1059273002282));
#5113=CARTESIAN_POINT('Ctrl Pts',(5.59739755434326,-6.5522555574464,2.03105967165996));
#5114=CARTESIAN_POINT('Ctrl Pts',(5.2617060062051,-6.57199112056697,2.95619204309176));
#5115=CARTESIAN_POINT('Ctrl Pts',(4.691754946638,-6.59172668368754,3.79632151062996));
#5116=CARTESIAN_POINT('Ctrl Pts',(3.95622971940278,-6.61146224680811,4.45020327384331));
#5117=CARTESIAN_POINT('Ctrl Pts',(3.22070449216761,-6.63119780992868,5.10408503705661));
#5118=CARTESIAN_POINT('Ctrl Pts',(2.31960509726434,-6.65093337304924,5.57171909594508));
#5119=CARTESIAN_POINT('Ctrl Pts',(1.36152387900514,-6.6706689361698,5.79675042572218));
#5120=CARTESIAN_POINT('Ctrl Pts',(0.403442660745913,-6.69040449929037,6.02178175549929));
#5121=CARTESIAN_POINT('Ctrl Pts',(-0.611620380869248,-6.71014006241093,
6.00421035616501));
#5122=CARTESIAN_POINT('Ctrl Pts',(-1.5613390341737,-6.7298756255315,5.74615377374962));
#5123=CARTESIAN_POINT('Ctrl Pts',(-2.51105768747816,-6.74961118865206,5.48809719133423));
#5124=CARTESIAN_POINT('Ctrl Pts',(-3.3954319524719,-6.76934675177263,4.98955542583773));
#5125=CARTESIAN_POINT('Ctrl Pts',(-4.10788504614052,-6.7890823148932,4.31060821913875));
#5126=CARTESIAN_POINT('Ctrl Pts',(-4.82033813980915,-6.80881787801376,3.63166101243977));
#5127=CARTESIAN_POINT('Ctrl Pts',(-5.36087006215266,-6.82855344113433,2.77230836453833));
#5128=CARTESIAN_POINT('Ctrl Pts',(-5.66434079759136,-6.8482890042549,1.83611167959727));
#5129=CARTESIAN_POINT('Ctrl Pts',(-5.85612686430802,-6.8607613964276,1.24445832093499));
#5130=CARTESIAN_POINT('Ctrl Pts',(-5.95323234768401,-6.87323378860031,0.622113990257615));
#5131=CARTESIAN_POINT('Ctrl Pts',(-5.95363721806759,-6.88570618077302,-0.000106883757077581));
#5132=CARTESIAN_POINT('Origin',(0.,0.,0.));
#5133=CARTESIAN_POINT('',(-5.95391351263222,-7.73929381922699,0.000149347270362865));
#5134=CARTESIAN_POINT('',(-5.95379921973971,-7.63570618077302,0.000140530085118386));
#5135=CARTESIAN_POINT('',(-5.954,0.,-7.29154704212334E-16));
#5136=CARTESIAN_POINT('Ctrl Pts',(-5.95391351263222,-7.73929381922699,0.000149347270362865));
#5137=CARTESIAN_POINT('Ctrl Pts',(-5.95416293512693,-7.73417758728617,0.255353178116426));
#5138=CARTESIAN_POINT('Ctrl Pts',(-5.93805676166773,-7.72906135534535,0.510525749840007));
#5139=CARTESIAN_POINT('Ctrl Pts',(-5.90534105344295,-7.72394512340454,0.763550736455858));
#5140=CARTESIAN_POINT('Ctrl Pts',(-5.7791421374882,-7.70420956028397,1.73957970703449));
#5141=CARTESIAN_POINT('Ctrl Pts',(-5.40579581122895,-7.68447399716341,2.68365293019));
#5142=CARTESIAN_POINT('Ctrl Pts',(-4.83029439519959,-7.66473843404284,3.48199924473346));
#5143=CARTESIAN_POINT('Ctrl Pts',(-4.25479297917022,-7.64500287092227,4.28034555927692));
#5144=CARTESIAN_POINT('Ctrl Pts',(-3.47713647337074,-7.6252673078017,4.93296496520832));
#5145=CARTESIAN_POINT('Ctrl Pts',(-2.59104100225091,-7.60553174468114,5.36120967779432));
#5146=CARTESIAN_POINT('Ctrl Pts',(-1.70494553113109,-7.58579618156057,5.78945439038032));
#5147=CARTESIAN_POINT('Ctrl Pts',(-0.710411094690921,-7.56606061844001,
5.99332440962092));
#5148=CARTESIAN_POINT('Ctrl Pts',(0.272710017119035,-7.54632505531944,5.94825116577838));
#5149=CARTESIAN_POINT('Ctrl Pts',(1.25583112892899,-7.52658949219888,5.90317792193585));
#5150=CARTESIAN_POINT('Ctrl Pts',(2.22753891610873,-7.50685392907831,5.60916141501019));
#5151=CARTESIAN_POINT('Ctrl Pts',(3.07073194990016,-7.48711836595774,5.10163385362801));
#5152=CARTESIAN_POINT('Ctrl Pts',(3.91392498369159,-7.46738280283718,4.59410629224583));
#5153=CARTESIAN_POINT('Ctrl Pts',(4.6286032640947,-7.44764723971661,3.87306767640714));
#5154=CARTESIAN_POINT('Ctrl Pts',(5.12864023244469,-7.42791167659604,3.02541105484374));
#5155=CARTESIAN_POINT('Ctrl Pts',(5.62867720079468,-7.40817611347548,2.17775443328033));
#5156=CARTESIAN_POINT('Ctrl Pts',(5.91407285709153,-7.38844055035491,1.20347980599222));
#5157=CARTESIAN_POINT('Ctrl Pts',(5.95043389960953,-7.36870498723435,0.219997934077976));
#5158=CARTESIAN_POINT('Ctrl Pts',(5.98679494212754,-7.34896942411378,-0.76348393783625));
#5159=CARTESIAN_POINT('Ctrl Pts',(5.77412137086668,-7.32923386099322,-1.75617305437663));
#5160=CARTESIAN_POINT('Ctrl Pts',(5.33804267998387,-7.30949829787265,-2.63843950684711));
#5161=CARTESIAN_POINT('Ctrl Pts',(4.90196398910105,-7.28976273475208,-3.5207059593176));
#5162=CARTESIAN_POINT('Ctrl Pts',(4.24248017859627,-7.27002717163152,-4.29254974771821));
#5163=CARTESIAN_POINT('Ctrl Pts',(3.43906626912063,-7.25029160851095,-4.86095524369621));
#5164=CARTESIAN_POINT('Ctrl Pts',(2.63565235964498,-7.23055604539039,-5.42936073967421));
#5165=CARTESIAN_POINT('Ctrl Pts',(1.68830835119849,-7.21082048226982,-5.7943279432296));
#5166=CARTESIAN_POINT('Ctrl Pts',(0.711199570413417,-7.19108491914925,-5.91187430986694));
#5167=CARTESIAN_POINT('Ctrl Pts',(-0.265909210371656,-7.17134935602869,
-6.02942067650429));
#5168=CARTESIAN_POINT('Ctrl Pts',(-1.2727827634953,-7.15161379290812,-5.89954620622359));
#5169=CARTESIAN_POINT('Ctrl Pts',(-2.1880818003307,-7.13187822978756,-5.53790219484622));
#5170=CARTESIAN_POINT('Ctrl Pts',(-3.1033808371661,-7.11214266666699,-5.17625818346884));
#5171=CARTESIAN_POINT('Ctrl Pts',(-3.92710535771326,-7.09240710354642,-4.58284463099479));
#5172=CARTESIAN_POINT('Ctrl Pts',(-4.55998753729093,-7.07267154042586,-3.82917436849935));
#5173=CARTESIAN_POINT('Ctrl Pts',(-5.1928697168686,-7.05293597730529,-3.07550410600391));
#5174=CARTESIAN_POINT('Ctrl Pts',(-5.63490955547679,-7.03320041418472,-2.16157713348709));
#5175=CARTESIAN_POINT('Ctrl Pts',(-5.83283641213478,-7.01346485106416,-1.19753165882812));
#5176=CARTESIAN_POINT('Ctrl Pts',(-5.91363972009354,-7.00540784045177,-0.803961707329711));
#5177=CARTESIAN_POINT('Ctrl Pts',(-5.95375752391953,-6.99735082983938,-0.40203867067482));
#5178=CARTESIAN_POINT('Ctrl Pts',(-5.95356853754199,-6.98929381922699,-7.84234280040707E-5));
#5179=CARTESIAN_POINT('Ctrl Pts',(-5.95363721806759,-6.88570618077302,-0.000106883757077581));
#5180=CARTESIAN_POINT('Ctrl Pts',(-5.95387299022476,-6.89296935172087,-0.36245089224514));
#5181=CARTESIAN_POINT('Ctrl Pts',(-5.9213156797807,-6.90023252266873,-0.724753034147132));
#5182=CARTESIAN_POINT('Ctrl Pts',(-5.85556636539634,-6.90749569361659,-1.08092798633887));
#5183=CARTESIAN_POINT('Ctrl Pts',(-5.6769116492287,-6.92723125673716,-2.04873024535328));
#5184=CARTESIAN_POINT('Ctrl Pts',(-5.25319266835951,-6.94696681985772,-2.97129404140143));
#5185=CARTESIAN_POINT('Ctrl Pts',(-4.63547219979474,-6.96670238297829,-3.73744033479353));
#5186=CARTESIAN_POINT('Ctrl Pts',(-4.01775173122997,-6.98643794609886,-4.50358662818563));
#5187=CARTESIAN_POINT('Ctrl Pts',(-3.2060297749696,-7.00617350921942,-5.11331541892168));
#5188=CARTESIAN_POINT('Ctrl Pts',(-2.29812771526775,-7.02590907233999,-5.49314771106055));
#5189=CARTESIAN_POINT('Ctrl Pts',(-1.39022565556589,-7.04564463546055,-5.87298000319941));
#5190=CARTESIAN_POINT('Ctrl Pts',(-0.386143492422546,-7.06538019858112,
-6.0229157967411));
#5191=CARTESIAN_POINT('Ctrl Pts',(0.593115878594402,-7.08511576170169,-5.92488618673563));
#5192=CARTESIAN_POINT('Ctrl Pts',(1.57237524961135,-7.10485132482225,-5.82685657673015));
#5193=CARTESIAN_POINT('Ctrl Pts',(2.52681182850191,-7.12458688794282,-5.48086156317751));
#5194=CARTESIAN_POINT('Ctrl Pts',(3.34140555623014,-7.14432245106338,-4.92859733392837));
#5195=CARTESIAN_POINT('Ctrl Pts',(4.15599928395837,-7.16405801418395,-4.37633310467922));
#5196=CARTESIAN_POINT('Ctrl Pts',(4.83075016052429,-7.18379357730451,-3.61779965973356));
#5197=CARTESIAN_POINT('Ctrl Pts',(5.28434331663886,-7.20352914042508,-2.74440858530679));
#5198=CARTESIAN_POINT('Ctrl Pts',(5.73793647275343,-7.22326470354564,-1.87101751088002));
#5199=CARTESIAN_POINT('Ctrl Pts',(5.97037190841666,-7.24300026666622,-0.882768806972118));
#5200=CARTESIAN_POINT('Ctrl Pts',(5.95363860841462,-7.26273582978678,0.10124273606657));
#5201=CARTESIAN_POINT('Ctrl Pts',(5.93690530841259,-7.28247139290735,1.08525427910527));
#5202=CARTESIAN_POINT('Ctrl Pts',(5.67100327274529,-7.30220695602791,2.06502866127472));
#5203=CARTESIAN_POINT('Ctrl Pts',(5.18797660839338,-7.32194251914847,2.92249234078973));
#5204=CARTESIAN_POINT('Ctrl Pts',(4.70494994404147,-7.34167808226904,3.77995602030473));
#5205=CARTESIAN_POINT('Ctrl Pts',(4.00479865100495,-7.36141364538961,4.51510899716526));
#5206=CARTESIAN_POINT('Ctrl Pts',(3.17189862689743,-7.38114920851018,5.03935728758119));
#5207=CARTESIAN_POINT('Ctrl Pts',(2.33899860278991,-7.40088477163075,5.56360557799712));
#5208=CARTESIAN_POINT('Ctrl Pts',(1.37334984761137,-7.42062033475131,5.87694918196845));
#5209=CARTESIAN_POINT('Ctrl Pts',(0.39132361041612,-7.44035589787187,5.94162676403882));
#5210=CARTESIAN_POINT('Ctrl Pts',(-0.590702626779131,-7.46009146099244,
6.00630434610918));
#5211=CARTESIAN_POINT('Ctrl Pts',(-1.58910634599111,-7.47982702411301,5.82231590627858));
#5212=CARTESIAN_POINT('Ctrl Pts',(-2.48356896632579,-7.49956258723357,5.4118340662584));
#5213=CARTESIAN_POINT('Ctrl Pts',(-3.37803158666044,-7.51929815035414,5.00135222623823));
#5214=CARTESIAN_POINT('Ctrl Pts',(-4.16855310811781,-7.5390337134747,4.36437698602848));
#5215=CARTESIAN_POINT('Ctrl Pts',(-4.75986703098674,-7.55876927659527,3.57767083708618));
#5216=CARTESIAN_POINT('Ctrl Pts',(-5.3511809538557,-7.57850483971583,2.79096468814383));
#5217=CARTESIAN_POINT('Ctrl Pts',(-5.74328727813621,-7.5982404028364,1.85452763046889));
#5218=CARTESIAN_POINT('Ctrl Pts',(-5.88893289810642,-7.61797596595696,0.881210583692314));
#5219=CARTESIAN_POINT('Ctrl Pts',(-5.9325483773188,-7.62388603756231,0.589738108039284));
#5220=CARTESIAN_POINT('Ctrl Pts',(-5.95406172672491,-7.62979610916766,0.294958304718503));
#5221=CARTESIAN_POINT('Ctrl Pts',(-5.95379921973971,-7.63570618077302,0.000140530085118386));
#5222=CARTESIAN_POINT('Origin',(0.,0.,0.));
#5223=CARTESIAN_POINT('',(-5.95442683419555,-8.48929381922699,-7.13638734395338E-5));
#5224=CARTESIAN_POINT('',(-5.95448335387915,-8.38570618077301,-3.34501204791986E-5));
#5225=CARTESIAN_POINT('',(-5.954,0.,-7.29154704212334E-16));
#5226=CARTESIAN_POINT('Ctrl Pts',(-5.95442683419555,-8.48929381922699,-7.13638734395339E-5));
#5227=CARTESIAN_POINT('Ctrl Pts',(-5.95387303544571,-8.47100434473296,0.912002633983745));
#5228=CARTESIAN_POINT('Ctrl Pts',(-5.7410553484045,-8.45271487023894,1.82432622660861));
#5229=CARTESIAN_POINT('Ctrl Pts',(-5.33643027490584,-8.43442539574491,2.64169918909957));
#5230=CARTESIAN_POINT('Ctrl Pts',(-4.89981282694117,-8.41468983262434,3.52369914484206));
#5231=CARTESIAN_POINT('Ctrl Pts',(-4.23985774093364,-8.39495426950378,4.29514001390676));
#5232=CARTESIAN_POINT('Ctrl Pts',(-3.43609683139299,-8.37521870638321,4.86305472413297));
#5233=CARTESIAN_POINT('Ctrl Pts',(-2.63233592185234,-8.35548314326265,5.43096943435918));
#5234=CARTESIAN_POINT('Ctrl Pts',(-1.68476918877858,-8.33574758014208,5.79535798574689));
#5235=CARTESIAN_POINT('Ctrl Pts',(-0.707588799560452,-8.31601201702152,
5.91230756772325));
#5236=CARTESIAN_POINT('Ctrl Pts',(0.269591589657674,-8.29627645390095,6.0292571496996));
#5237=CARTESIAN_POINT('Ctrl Pts',(1.27638563502016,-8.27654089078039,5.89876776226459));
#5238=CARTESIAN_POINT('Ctrl Pts',(2.19146362945604,-8.25680532765982,5.53656480549016));
#5239=CARTESIAN_POINT('Ctrl Pts',(3.10654162389189,-8.23706976453925,5.17436184871574));
#5240=CARTESIAN_POINT('Ctrl Pts',(3.92990356740114,-8.21733420141868,4.5804453226019));
#5241=CARTESIAN_POINT('Ctrl Pts',(4.56232532980591,-8.19759863829812,3.8263886720552));
#5242=CARTESIAN_POINT('Ctrl Pts',(5.19474709221074,-8.17786307517755,3.07233202150843));
#5243=CARTESIAN_POINT('Ctrl Pts',(5.63622867351106,-8.15812751205699,2.15813524652877));
#5244=CARTESIAN_POINT('Ctrl Pts',(5.83356670884478,-8.13839194893642,1.19396906914664));
#5245=CARTESIAN_POINT('Ctrl Pts',(6.03090474417849,-8.11865638581586,0.22980289176456));
#5246=CARTESIAN_POINT('Ctrl Pts',(5.98409923354562,-8.09892082269529,-0.784332688019976));
#5247=CARTESIAN_POINT('Ctrl Pts',(5.69879075350755,-8.07918525957472,-1.72622322784682));
#5248=CARTESIAN_POINT('Ctrl Pts',(5.41348227346947,-8.05944969645416,-2.66811376767365));
#5249=CARTESIAN_POINT('Ctrl Pts',(4.88967082402619,-8.03971413333359,-3.53775926754279));
#5250=CARTESIAN_POINT('Ctrl Pts',(4.19048142068024,-8.01997857021303,-4.2303579219204));
#5251=CARTESIAN_POINT('Ctrl Pts',(3.49129201733429,-8.00024300709246,-4.922956576298));
#5252=CARTESIAN_POINT('Ctrl Pts',(2.61672466008568,-7.9805074439719,-5.43850838518407));
#5253=CARTESIAN_POINT('Ctrl Pts',(1.67217429217783,-7.96077188085133,-5.71488371020798));
#5254=CARTESIAN_POINT('Ctrl Pts',(0.727623924269977,-7.94103631773076,-5.9912590352319));
#5255=CARTESIAN_POINT('Ctrl Pts',(-0.28690945429711,-7.92130075461019,-6.02845787639367));
#5256=CARTESIAN_POINT('Ctrl Pts',(-1.24916346205399,-7.90156519148963,-5.82199736599822));
#5257=CARTESIAN_POINT('Ctrl Pts',(-2.21141746981088,-7.88182962836906,-5.61553685560278));
#5258=CARTESIAN_POINT('Ctrl Pts',(-3.12139210675755,-7.8620940652485,-5.16541699365013));
#5259=CARTESIAN_POINT('Ctrl Pts',(-3.86942546472989,-7.84235850212793,-4.52588215241193));
#5260=CARTESIAN_POINT('Ctrl Pts',(-4.61745882270222,-7.82262293900737,-3.88634731117373));
#5261=CARTESIAN_POINT('Ctrl Pts',(-5.20355090170021,-7.8028873758868,-3.05739749064999));
#5262=CARTESIAN_POINT('Ctrl Pts',(-5.55707118837408,-7.78315181276623,-2.13893022138725));
#5263=CARTESIAN_POINT('Ctrl Pts',(-5.81894515255092,-7.76853248158648,-1.45856568833174));
#5264=CARTESIAN_POINT('Ctrl Pts',(-5.95320080255653,-7.75391315040673,-0.729080555641952));
#5265=CARTESIAN_POINT('Ctrl Pts',(-5.95391351263222,-7.73929381922699,0.000149347270362865));
#5266=CARTESIAN_POINT('Ctrl Pts',(-5.95379921973971,-7.63570618077302,0.000140530085118386));
#5267=CARTESIAN_POINT('Ctrl Pts',(-5.95318513443941,-7.64953167228823,-0.689529733476188));
#5268=CARTESIAN_POINT('Ctrl Pts',(-5.83340544521796,-7.66335716380345,-1.37940779021527));
#5269=CARTESIAN_POINT('Ctrl Pts',(-5.59863696669537,-7.67718265531867,-2.02764071925071));
#5270=CARTESIAN_POINT('Ctrl Pts',(-5.26351049965419,-7.69691821843923,-2.95297793953899));
#5271=CARTESIAN_POINT('Ctrl Pts',(-4.6940726499119,-7.7166537815598,-3.79345534423734));
#5272=CARTESIAN_POINT('Ctrl Pts',(-3.95894691382569,-7.73638934468036,-4.44778620267674));
#5273=CARTESIAN_POINT('Ctrl Pts',(-3.22382117773947,-7.75612490780093,-5.10211706111613));
#5274=CARTESIAN_POINT('Ctrl Pts',(-2.32300755530932,-7.77586047092149,-5.57030137329656));
#5275=CARTESIAN_POINT('Ctrl Pts',(-1.36506395213513,-7.79559603404206,-5.79591780288443));
#5276=CARTESIAN_POINT('Ctrl Pts',(-0.40712034896093,-7.81533159716262,-6.0215342324723));
#5277=CARTESIAN_POINT('Ctrl Pts',(0.607953234957309,-7.83506716028319,-6.00458277946759));
#5278=CARTESIAN_POINT('Ctrl Pts',(1.55782931748999,-7.85480272340376,-5.74710627957933));
#5279=CARTESIAN_POINT('Ctrl Pts',(2.50770540002266,-7.87453828652433,-5.48962977969107));
#5280=CARTESIAN_POINT('Ctrl Pts',(3.39238398116978,-7.89427384964489,-4.99162823291924));
#5281=CARTESIAN_POINT('Ctrl Pts',(4.10525160448812,-7.91400941276546,-4.31311627887068));
#5282=CARTESIAN_POINT('Ctrl Pts',(4.81811922780645,-7.93374497588602,-3.63460432482211));
#5283=CARTESIAN_POINT('Ctrl Pts',(5.35917589329601,-7.95348053900659,-2.7755819634968));
#5284=CARTESIAN_POINT('Ctrl Pts',(5.66321834808196,-7.97321610212716,-1.83957079590847));
#5285=CARTESIAN_POINT('Ctrl Pts',(5.96726080286791,-7.99295166524772,-0.90355962832014));
#5286=CARTESIAN_POINT('Ctrl Pts',(6.03428904695025,-8.01268722836829,0.109440345531211));
#5287=CARTESIAN_POINT('Ctrl Pts',(5.85622544294382,-8.03242279148886,1.07735153623549));
#5288=CARTESIAN_POINT('Ctrl Pts',(5.67816183893737,-8.05215835460942,2.0452627269398));
#5289=CARTESIAN_POINT('Ctrl Pts',(5.25500638684213,-8.07189391772999,2.96808513449703));
#5290=CARTESIAN_POINT('Ctrl Pts',(4.63775395227603,-8.09162948085055,3.7346085536987));
#5291=CARTESIAN_POINT('Ctrl Pts',(4.02050151770995,-8.11136504397112,4.50113197290034));
#5292=CARTESIAN_POINT('Ctrl Pts',(3.20915210067303,-8.13110060709169,5.11135640374644));
#5293=CARTESIAN_POINT('Ctrl Pts',(2.30148219036355,-8.15083617021225,5.49174312023522));
#5294=CARTESIAN_POINT('Ctrl Pts',(1.39381228005407,-8.17057173333282,5.87212983672401));
#5295=CARTESIAN_POINT('Ctrl Pts',(0.389821876472039,-8.19030729645338,6.02267883885548));
#5296=CARTESIAN_POINT('Ctrl Pts',(-0.589497182846583,-8.21004285957395,
5.92524732332983));
#5297=CARTESIAN_POINT('Ctrl Pts',(-1.56881624216521,-8.22977842269451,5.82781580780419));
#5298=CARTESIAN_POINT('Ctrl Pts',(-2.52346395722042,-8.24951398581508,5.48240377462142));
#5299=CARTESIAN_POINT('Ctrl Pts',(-3.33839482475648,-8.26924954893564,4.93063715611387));
#5300=CARTESIAN_POINT('Ctrl Pts',(-4.15332569229253,-8.28898511205621,4.37887053760631));
#5301=CARTESIAN_POINT('Ctrl Pts',(-4.82853971230943,-8.30872067517678,3.62074933377396));
#5302=CARTESIAN_POINT('Ctrl Pts',(-5.28266620166078,-8.32845623829735,2.74763545126392));
#5303=CARTESIAN_POINT('Ctrl Pts',(-5.72178407283945,-8.3475395524559,1.9033774782662));
#5304=CARTESIAN_POINT('Ctrl Pts',(-5.95418655771059,-8.36662286661445,0.95160210741326));
#5305=CARTESIAN_POINT('Ctrl Pts',(-5.95448335387915,-8.38570618077301,-3.34501204791986E-5));
#5306=CARTESIAN_POINT('Origin',(0.,0.,0.));
#5307=CARTESIAN_POINT('',(-5.95357209704916,-9.23929381922699,-8.0310935907657E-5));
#5308=CARTESIAN_POINT('',(-5.95364211988664,-9.13570618077302,-0.000108443838418935));
#5309=CARTESIAN_POINT('',(-5.954,0.,-7.29154704212334E-16));
#5310=CARTESIAN_POINT('Ctrl Pts',(-5.95357209704916,-9.23929381922699,-8.0310935907657E-5));
#5311=CARTESIAN_POINT('Ctrl Pts',(-5.95329018503143,-9.22756666530032,0.584980556879395));
#5312=CARTESIAN_POINT('Ctrl Pts',(-5.8676115836407,-9.21583951137365,1.17012221846078));
#5313=CARTESIAN_POINT('Ctrl Pts',(-5.6977354112197,-9.20411235744698,1.72970340473564));
#5314=CARTESIAN_POINT('Ctrl Pts',(-5.41185173096278,-9.18437679432642,2.67141951862546));
#5315=CARTESIAN_POINT('Ctrl Pts',(-4.88750924896362,-9.16464123120586,3.54074494191731));
#5316=CARTESIAN_POINT('Ctrl Pts',(-4.18789697596267,-9.14490566808529,4.2329164418098));
#5317=CARTESIAN_POINT('Ctrl Pts',(-3.48828470296175,-9.12517010496473,4.92508794170225));
#5318=CARTESIAN_POINT('Ctrl Pts',(-2.61340263895905,-9.10543454184416,5.44010551819537));
#5319=CARTESIAN_POINT('Ctrl Pts',(-1.66868365280798,-9.08569897872359,5.71590391377186));
#5320=CARTESIAN_POINT('Ctrl Pts',(-0.723964666656853,-9.06596341560302,
5.99170230934836));
#5321=CARTESIAN_POINT('Ctrl Pts',(0.290591241642661,-9.04622785248246,6.02828152400819));
#5322=CARTESIAN_POINT('Ctrl Pts',(1.25271897554166,-9.02649228936189,5.82123336183483));
#5323=CARTESIAN_POINT('Ctrl Pts',(2.21484670944063,-9.00675672624132,5.61418519966147));
#5324=CARTESIAN_POINT('Ctrl Pts',(3.12454626893908,-8.98702116312075,5.16350966065493));
#5325=CARTESIAN_POINT('Ctrl Pts',(3.87218889571754,-8.96728560000019,4.52351808225664));
#5326=CARTESIAN_POINT('Ctrl Pts',(4.619831522496,-8.94755003687962,3.88352650385834));
#5327=CARTESIAN_POINT('Ctrl Pts',(5.20541721655446,-8.92781447375907,3.0542188860683));
#5328=CARTESIAN_POINT('Ctrl Pts',(5.55837648947339,-8.9080789106385,2.1355358779216));
#5329=CARTESIAN_POINT('Ctrl Pts',(5.91133576239234,-8.88834334751793,1.21685286977488));
#5330=CARTESIAN_POINT('Ctrl Pts',(6.03166861417174,-8.86860778439736,0.208794471271488));
#5331=CARTESIAN_POINT('Ctrl Pts',(5.90487361850235,-8.84887222127679,-0.767157242119182));
#5332=CARTESIAN_POINT('Ctrl Pts',(5.77807862283297,-8.82913665815622,-1.7431089555098));
#5333=CARTESIAN_POINT('Ctrl Pts',(5.40415577971483,-8.80940109503567,-2.6869539837877));
#5334=CARTESIAN_POINT('Ctrl Pts',(4.8281668862768,-8.7896655319151,-3.48494866574548));
#5335=CARTESIAN_POINT('Ctrl Pts',(4.25217799283874,-8.76992996879454,-4.28294334770328));
#5336=CARTESIAN_POINT('Ctrl Pts',(3.47412304908078,-8.75019440567397,-4.93508768334096));
#5337=CARTESIAN_POINT('Ctrl Pts',(2.58776619558965,-8.7304588425534,-5.36279113909767));
#5338=CARTESIAN_POINT('Ctrl Pts',(1.70140934209852,-8.71072327943283,-5.79049459485438));
#5339=CARTESIAN_POINT('Ctrl Pts',(0.706750578874222,-8.69098771631227,-5.99375717073013));
#5340=CARTESIAN_POINT('Ctrl Pts',(-0.276342821393785,-8.6712521531917,-5.94808350056429));
#5341=CARTESIAN_POINT('Ctrl Pts',(-1.25943622166179,-8.65151659007114,-5.90240983039844));
#5342=CARTESIAN_POINT('Ctrl Pts',(-2.23096425897351,-8.63178102695057,-5.60779991419101));
#5343=CARTESIAN_POINT('Ctrl Pts',(-3.07384716639824,-8.61204546383001,-5.09975747288501));
#5344=CARTESIAN_POINT('Ctrl Pts',(-3.91673007382297,-8.59230990070944,-4.591715031579));
#5345=CARTESIAN_POINT('Ctrl Pts',(-4.63096785136072,-8.57257433758887,-3.87024006517444));
#5346=CARTESIAN_POINT('Ctrl Pts',(-5.13048702576553,-8.55283877446831,-3.02227820742442));
#5347=CARTESIAN_POINT('Ctrl Pts',(-5.63000620017034,-8.53310321134774,-2.1743163496744));
#5348=CARTESIAN_POINT('Ctrl Pts',(-5.91480677144223,-8.51336764822717,-1.19986760057893));
#5349=CARTESIAN_POINT('Ctrl Pts',(-5.95056715211727,-8.49363208510661,-0.216363704821057));
#5350=CARTESIAN_POINT('Ctrl Pts',(-5.9531874310249,-8.49218599648007,-0.144299189148275));
#5351=CARTESIAN_POINT('Ctrl Pts',(-5.95447062124224,-8.49073990785353,-0.0721860566873269));
#5352=CARTESIAN_POINT('Ctrl Pts',(-5.95442683419555,-8.48929381922699,-7.13638734395339E-5));
#5353=CARTESIAN_POINT('Ctrl Pts',(-5.95448335387915,-8.38570618077301,-3.34501204791986E-5));
#5354=CARTESIAN_POINT('Ctrl Pts',(-5.95449349808111,-8.38635842973502,-0.0325594201618309));
#5355=CARTESIAN_POINT('Ctrl Pts',(-5.95423249517414,-8.38701067869703,-0.0650852268725138));
#5356=CARTESIAN_POINT('Ctrl Pts',(-5.95369933137136,-8.38766292765904,-0.0976065717031939));
#5357=CARTESIAN_POINT('Ctrl Pts',(-5.93756701304478,-8.40739849077961,-1.08162815097256));
#5358=CARTESIAN_POINT('Ctrl Pts',(-5.67226341770578,-8.42713405390018,-2.06156474832359));
#5359=CARTESIAN_POINT('Ctrl Pts',(-5.18976053372246,-8.44686961702075,-2.91932327326527));
#5360=CARTESIAN_POINT('Ctrl Pts',(-4.70725764973913,-8.46660518014131,-3.77708179820694));
#5361=CARTESIAN_POINT('Ctrl Pts',(-4.00755547711148,-8.48634074326187,-4.51266225073932));
#5362=CARTESIAN_POINT('Ctrl Pts',(-3.17497578952584,-8.50607630638244,-5.03741913157286));
#5363=CARTESIAN_POINT('Ctrl Pts',(-2.34239610194023,-8.525811869503,-5.56217601240638));
#5364=CARTESIAN_POINT('Ctrl Pts',(-1.37693889939666,-8.54554743262357,-5.87610932154108));
#5365=CARTESIAN_POINT('Ctrl Pts',(-0.394952346759351,-8.56528299574414,
-5.94138665759103));
#5366=CARTESIAN_POINT('Ctrl Pts',(0.587034205878013,-8.58501855886471,-6.00666399364098));
#5367=CARTESIAN_POINT('Ctrl Pts',(1.58555010860911,-8.60475412198527,-5.82328535660614));
#5368=CARTESIAN_POINT('Ctrl Pts',(2.48026326119744,-8.62448968510584,-5.41334988028353));
#5369=CARTESIAN_POINT('Ctrl Pts',(3.37497641378572,-8.6442252482264,-5.00341440396094));
#5370=CARTESIAN_POINT('Ctrl Pts',(4.16588681623124,-8.66396081134696,-4.36692208835061));
#5371=CARTESIAN_POINT('Ctrl Pts',(4.75768110440545,-8.68369637446753,-3.5805772272072));
#5372=CARTESIAN_POINT('Ctrl Pts',(5.3494753925797,-8.7034319375881,-2.79423236606374));
#5373=CARTESIAN_POINT('Ctrl Pts',(5.74215356648261,-8.72316750070867,-1.85803495938717));
#5374=CARTESIAN_POINT('Ctrl Pts',(5.88839360625098,-8.74290306382923,-0.884807046238901));
#5375=CARTESIAN_POINT('Ctrl Pts',(6.03463364601935,-8.7626386269498,0.0884208669093413));
#5376=CARTESIAN_POINT('Ctrl Pts',(5.93443555165319,-8.78237419007036,1.09867928652928));
#5377=CARTESIAN_POINT('Ctrl Pts',(5.59987429071366,-8.80210975319093,2.02422101051632));
#5378=CARTESIAN_POINT('Ctrl Pts',(5.26531302977413,-8.82184531631149,2.94976273450332));
#5379=CARTESIAN_POINT('Ctrl Pts',(4.69638860226125,-8.84158087943207,3.79058776285742));
#5380=CARTESIAN_POINT('Ctrl Pts',(3.96166263153145,-8.86131644255263,4.44536747245251));
#5381=CARTESIAN_POINT('Ctrl Pts',(3.22693666080162,-8.8810520056732,5.10014718204762));
#5382=CARTESIAN_POINT('Ctrl Pts',(2.32640914685488,-8.90078756879375,5.56888157288371));
#5383=CARTESIAN_POINT('Ctrl Pts',(1.36860351608589,-8.92052313191432,5.79508301812569));
#5384=CARTESIAN_POINT('Ctrl Pts',(0.410797885316875,-8.94025869503488,6.02128446336768));
#5385=CARTESIAN_POINT('Ctrl Pts',(-0.604285862274377,-8.95999425815546,
6.00495296301555));
#5386=CARTESIAN_POINT('Ctrl Pts',(-1.55431901972436,-8.97972982127603,5.74805664169505));
#5387=CARTESIAN_POINT('Ctrl Pts',(-2.50435217717432,-8.99946538439659,5.49116032037456));
#5388=CARTESIAN_POINT('Ctrl Pts',(-3.38933474448301,-9.01920094751716,4.99369917808572));
#5389=CARTESIAN_POINT('Ctrl Pts',(-4.10261663154605,-9.03893651063772,4.31562272977762));
#5390=CARTESIAN_POINT('Ctrl Pts',(-4.81589851860908,-9.05867207375829,3.63754628146951));
#5391=CARTESIAN_POINT('Ctrl Pts',(-5.35747972542645,-9.07840763687886,2.77885452714214));
#5392=CARTESIAN_POINT('Ctrl Pts',(-5.66209378614949,-9.09814319999942,1.84302922604574));
#5393=CARTESIAN_POINT('Ctrl Pts',(-5.85535255859001,-9.11066419359062,1.24930598004922));
#5394=CARTESIAN_POINT('Ctrl Pts',(-5.95322927512673,-9.12318518718182,0.624535576709417));
#5395=CARTESIAN_POINT('Ctrl Pts',(-5.95364211988664,-9.13570618077302,-0.000108443838418935));
#5396=CARTESIAN_POINT('Origin',(0.,0.,0.));
#5397=CARTESIAN_POINT('',(-5.95390623656859,-9.98929381922698,0.000149064813921573));
#5398=CARTESIAN_POINT('',(-5.95379259688762,-9.88570618077302,0.000139708379760499));
#5399=CARTESIAN_POINT('',(-5.954,0.,-7.29154704212334E-16));
#5400=CARTESIAN_POINT('Ctrl Pts',(-5.95390623656859,-9.98929381922698,0.000149064813921573));
#5401=CARTESIAN_POINT('Ctrl Pts',(-5.95415700545482,-9.98412898586768,0.257778098382802));
#5402=CARTESIAN_POINT('Ctrl Pts',(-5.93774244859395,-9.97896415250837,0.515375407335932));
#5403=CARTESIAN_POINT('Ctrl Pts',(-5.90440398099985,-9.97379931914906,0.770763461627094));
#5404=CARTESIAN_POINT('Ctrl Pts',(-5.77701295291174,-9.95406375602849,1.74663755379261));
#5405=CARTESIAN_POINT('Ctrl Pts',(-5.40251373240988,-9.93432819290793,2.69025403513131));
#5406=CARTESIAN_POINT('Ctrl Pts',(-4.82603757641111,-9.91459262978736,3.48789678684535));
#5407=CARTESIAN_POINT('Ctrl Pts',(-4.24956142041235,-9.8948570666668,4.28553953855937));
#5408=CARTESIAN_POINT('Ctrl Pts',(-3.47110832891675,-9.87512150354622,4.9372085606487));
#5409=CARTESIAN_POINT('Ctrl Pts',(-2.5844904236722,-9.85538594042566,5.36437060003956));
#5410=CARTESIAN_POINT('Ctrl Pts',(-1.69787251842768,-9.83565037730509,5.79153263943041));
#5411=CARTESIAN_POINT('Ctrl Pts',(-0.703089799434198,-9.81591481418453,
5.99418769612275));
#5412=CARTESIAN_POINT('Ctrl Pts',(0.279975522590639,-9.79617925106397,5.9479136166702));
#5413=CARTESIAN_POINT('Ctrl Pts',(1.26304084461553,-9.7764436879434,5.90163953721765));
#5414=CARTESIAN_POINT('Ctrl Pts',(2.23438876967187,-9.75670812482283,5.60643632162019));
#5415=CARTESIAN_POINT('Ctrl Pts',(3.07696123632822,-9.73697256170226,5.09787918989401));
#5416=CARTESIAN_POINT('Ctrl Pts',(3.91953370298454,-9.7172369985817,4.58932205816784));
#5417=CARTESIAN_POINT('Ctrl Pts',(4.63333071124084,-9.69750143546114,3.86741101031302));
#5418=CARTESIAN_POINT('Ctrl Pts',(5.13233190537608,-9.67776587234057,3.01914423267255));
#5419=CARTESIAN_POINT('Ctrl Pts',(5.63133309951131,-9.65803030922001,2.17087745503207));
#5420=CARTESIAN_POINT('Ctrl Pts',(5.91553847952543,-9.63829474609943,1.19625494760598));
#5421=CARTESIAN_POINT('Ctrl Pts',(5.95069818501861,-9.61855918297887,0.21272939485885));
#5422=CARTESIAN_POINT('Ctrl Pts',(5.9858578905118,-9.5988236198583,-0.770796157888285));
#5423=CARTESIAN_POINT('Ctrl Pts',(5.77197192148404,-9.57908805673774,-1.76322475595648));
#5424=CARTESIAN_POINT('Ctrl Pts',(5.33481587929912,-9.55935249361717,-2.64495788597833));
#5425=CARTESIAN_POINT('Ctrl Pts',(4.89765983711422,-9.53961693049661,-3.52669101600017));
#5426=CARTESIAN_POINT('Ctrl Pts',(4.2372337217721,-9.51988136737604,-4.29772867797575));
#5427=CARTESIAN_POINT('Ctrl Pts',(3.43312611197534,-9.50014580425547,-4.86515239061368));
#5428=CARTESIAN_POINT('Ctrl Pts',(2.62901850217853,-9.48041024113491,-5.43257610325164));
#5429=CARTESIAN_POINT('Ctrl Pts',(1.68122939792709,-9.46067467801434,-5.79638586655199));
#5430=CARTESIAN_POINT('Ctrl Pts',(0.703977764771536,-9.44093911489378,-5.91273862024428));
#5431=CARTESIAN_POINT('Ctrl Pts',(-0.27327386838399,-9.42120355177321,-6.02909137393657));
#5432=CARTESIAN_POINT('Ctrl Pts',(-1.27998803044356,-9.40146798865265,-5.89798711802078));
#5433=CARTESIAN_POINT('Ctrl Pts',(-2.19484464114893,-9.38173242553208,-5.53522535095372));
#5434=CARTESIAN_POINT('Ctrl Pts',(-3.1097012518543,-9.36199686241151,-5.17246358388667));
#5435=CARTESIAN_POINT('Ctrl Pts',(-3.93270031120548,-9.34226129929095,-4.57804430566833));
#5436=CARTESIAN_POINT('Ctrl Pts',(-4.56466142053928,-9.32252573617038,-3.82360154833912));
#5437=CARTESIAN_POINT('Ctrl Pts',(-5.19662252987308,-9.30279017304982,-3.0691587910099));
#5438=CARTESIAN_POINT('Ctrl Pts',(-5.63754568918952,-9.28305460992925,-2.15469255456979));
#5439=CARTESIAN_POINT('Ctrl Pts',(-5.8342948295904,-9.26331904680868,-1.19040603410586));
#5440=CARTESIAN_POINT('Ctrl Pts',(-5.91413281623676,-9.25531063761479,-0.799112358376462));
#5441=CARTESIAN_POINT('Ctrl Pts',(-5.95376461322221,-9.24730222842089,-0.399615173537792));
#5442=CARTESIAN_POINT('Ctrl Pts',(-5.95357209704916,-9.23929381922699,-8.0310935907657E-5));
#5443=CARTESIAN_POINT('Ctrl Pts',(-5.95364211988664,-9.13570618077302,-0.000108443838418935));
#5444=CARTESIAN_POINT('Ctrl Pts',(-5.95388000014778,-9.14292075030239,-0.360026982612481));
#5445=CARTESIAN_POINT('Ctrl Pts',(-5.92175948931159,-9.15013531983175,-0.719903561799511));
#5446=CARTESIAN_POINT('Ctrl Pts',(-5.85688233607505,-9.15734988936112,-1.07377468427203));
#5447=CARTESIAN_POINT('Ctrl Pts',(-5.67940991064885,-9.17708545248168,-2.04179444562801));
#5448=CARTESIAN_POINT('Ctrl Pts',(-5.25681814516774,-9.19682101560225,-2.96487512047455));
#5449=CARTESIAN_POINT('Ctrl Pts',(-4.64003397484016,-9.21655657872282,-3.73177537956673));
#5450=CARTESIAN_POINT('Ctrl Pts',(-4.02324980451259,-9.23629214184339,-4.49867563865892));
#5451=CARTESIAN_POINT('Ctrl Pts',(-3.21227322933854,-9.25602770496396,-5.10939548199674));
#5452=CARTESIAN_POINT('Ctrl Pts',(-2.30483580698916,-9.27576326808452,-5.49033648094833));
#5453=CARTESIAN_POINT('Ctrl Pts',(-1.39739838463977,-9.29549883120508,-5.87127747989992));
#5454=CARTESIAN_POINT('Ctrl Pts',(-0.393500115115032,-9.31523439432564,
-6.02243963446528));
#5455=CARTESIAN_POINT('Ctrl Pts',(0.585878267211873,-9.33496995744621,-5.92560624976215));
#5456=CARTESIAN_POINT('Ctrl Pts',(1.56525664953878,-9.35470552056677,-5.82877286505903));
#5457=CARTESIAN_POINT('Ctrl Pts',(2.52011514466787,-9.37444108368734,-5.48394394108742));
#5458=CARTESIAN_POINT('Ctrl Pts',(3.33538284803639,-9.39417664680791,-4.93267513913456));
#5459=CARTESIAN_POINT('Ctrl Pts',(4.15065055140491,-9.41391220992848,-4.38140633718169));
#5460=CARTESIAN_POINT('Ctrl Pts',(4.82632746301288,-9.43364777304904,-3.62369765724756));
#5461=CARTESIAN_POINT('Ctrl Pts',(5.28098711620841,-9.45338333616961,-2.75086129233232));
#5462=CARTESIAN_POINT('Ctrl Pts',(5.73564676940394,-9.47311889929017,-1.87802492741708));
#5463=CARTESIAN_POINT('Ctrl Pts',(5.96928916418704,-9.49285446241074,-0.890060877520718));
#5464=CARTESIAN_POINT('Ctrl Pts',(5.95375783355339,-9.51259002553131,0.0939703709318313));
#5465=CARTESIAN_POINT('Ctrl Pts',(5.93822650291974,-9.53232558865187,1.07800161938441));
#5466=CARTESIAN_POINT('Ctrl Pts',(5.67352144686936,-9.55206115177243,2.0581000663931));
#5467=CARTESIAN_POINT('Ctrl Pts',(5.19154252323184,-9.571796714893,2.91615311681108));
#5468=CARTESIAN_POINT('Ctrl Pts',(4.70956359959434,-9.59153227801357,3.77420616722905));
#5469=CARTESIAN_POINT('Ctrl Pts',(4.01031080836973,-9.61126784113414,4.51021382105624));
#5470=CARTESIAN_POINT('Ctrl Pts',(3.17805176786451,-9.63100340425471,5.03547909656914));
#5471=CARTESIAN_POINT('Ctrl Pts',(2.34579272735928,-9.65073896737527,5.56074437208204));
#5472=CARTESIAN_POINT('Ctrl Pts',(1.38052743757341,-9.67047453049583,5.87526726928067));
#5473=CARTESIAN_POINT('Ctrl Pts',(0.398580935782381,-9.6902100936164,5.94114433496126));
#5474=CARTESIAN_POINT('Ctrl Pts',(-0.58336556600865,-9.70994565673696,6.00702140064185));
#5475=CARTESIAN_POINT('Ctrl Pts',(-1.58199327980487,-9.72968121985753,5.8242526348044));
#5476=CARTESIAN_POINT('Ctrl Pts',(-2.47695663091206,-9.7494167829781,5.41486367508844));
#5477=CARTESIAN_POINT('Ctrl Pts',(-3.37191998201922,-9.76915234609866,5.00547471537249));
#5478=CARTESIAN_POINT('Ctrl Pts',(-4.16321897043738,-9.78888790921923,4.36946556177802));
#5479=CARTESIAN_POINT('Ctrl Pts',(-4.75549340317316,-9.80862347233979,3.58348228174607));
#5480=CARTESIAN_POINT('Ctrl Pts',(-5.34776783590896,-9.82835903546036,2.7974990017141));
#5481=CARTESIAN_POINT('Ctrl Pts',(-5.74101771296238,-9.84809459858093,1.86154159524461));
#5482=CARTESIAN_POINT('Ctrl Pts',(-5.88785211798032,-9.86783016170149,0.88840317874604));
#5483=CARTESIAN_POINT('Ctrl Pts',(-5.93218519339385,-9.87378883472534,0.59458771498492));
#5484=CARTESIAN_POINT('Ctrl Pts',(-5.95405525434583,-9.87974750774918,0.297382863540144));
#5485=CARTESIAN_POINT('Ctrl Pts',(-5.95379259688762,-9.88570618077302,0.000139708379760499));
#5486=CARTESIAN_POINT('Origin',(0.,0.,0.));
#5487=CARTESIAN_POINT('',(-5.95443127605257,-10.739293819227,-6.91822236448258E-5));
#5488=CARTESIAN_POINT('',(-5.95448558469783,-10.635706180773,-3.10028394451742E-5));
#5489=CARTESIAN_POINT('',(-5.954,0.,-7.29154704212334E-16));
#5490=CARTESIAN_POINT('Ctrl Pts',(-5.95443127605257,-10.739293819227,-6.91822236448258E-5));
#5491=CARTESIAN_POINT('Ctrl Pts',(-5.95389021875311,-10.7209557433145,0.914426526425463));
#5492=CARTESIAN_POINT('Ctrl Pts',(-5.73990055585622,-10.702617667402,1.82916676188375));
#5493=CARTESIAN_POINT('Ctrl Pts',(-5.33319949491949,-10.6842795914894,2.64821559677846));
#5494=CARTESIAN_POINT('Ctrl Pts',(-4.89550502263091,-10.6645440283689,3.52968157265303));
#5495=CARTESIAN_POINT('Ctrl Pts',(-4.23460812203899,-10.6448084652483,4.30031573893675));
#5496=CARTESIAN_POINT('Ctrl Pts',(-3.43015411137902,-10.6250729021277,4.86724824209181));
#5497=CARTESIAN_POINT('Ctrl Pts',(-2.62570010071899,-10.6053373390072,5.4341807452469));
#5498=CARTESIAN_POINT('Ctrl Pts',(-1.67768897999091,-10.5856017758866,5.7974115852733));
#5499=CARTESIAN_POINT('Ctrl Pts',(-0.700366467702231,-10.565866212766,5.91316746740588));
#5500=CARTESIAN_POINT('Ctrl Pts',(0.276956044586391,-10.5461306496455,6.02892334953845));
#5501=CARTESIAN_POINT('Ctrl Pts',(1.28358994843559,-10.5263950865249,5.89720427377723));
#5502=CARTESIAN_POINT('Ctrl Pts',(2.19822483430793,-10.5066595234043,5.53388383166586));
#5503=CARTESIAN_POINT('Ctrl Pts',(3.11285972018029,-10.4869239602838,5.17056338955448));
#5504=CARTESIAN_POINT('Ctrl Pts',(3.93549558807578,-10.4671883971632,4.57564158109294));
#5505=CARTESIAN_POINT('Ctrl Pts',(4.56699580853688,-10.4474528340426,3.82081299842747));
#5506=CARTESIAN_POINT('Ctrl Pts',(5.198496028998,-10.4277172709221,3.06598441576197));
#5507=CARTESIAN_POINT('Ctrl Pts',(5.6388606020247,-10.4079817078015,2.15124905889255));
#5508=CARTESIAN_POINT('Ctrl Pts',(5.83502077414287,-10.3882461446809,1.18684255501558));
#5509=CARTESIAN_POINT('Ctrl Pts',(6.03118094626102,-10.3685105815604,0.22243605113866));
#5510=CARTESIAN_POINT('Ctrl Pts',(5.98313671747065,-10.3487750184398,-0.791641599745871));
#5511=CARTESIAN_POINT('Ctrl Pts',(5.69667794361146,-10.3290394553192,-1.73318293642245));
#5512=CARTESIAN_POINT('Ctrl Pts',(5.41021916975226,-10.3093038921987,-2.67472427309905));
#5513=CARTESIAN_POINT('Ctrl Pts',(4.88534585082423,-10.2895683290781,-3.54372929556775));
#5514=CARTESIAN_POINT('Ctrl Pts',(4.1853109691394,-10.2698327659575,-4.23547338279453));
#5515=CARTESIAN_POINT('Ctrl Pts',(3.48527608745457,-10.250097202837,-4.92721747002131));
#5516=CARTESIAN_POINT('Ctrl Pts',(2.61007964301295,-10.2303616397164,-5.44170062200615));
#5517=CARTESIAN_POINT('Ctrl Pts',(1.66519239100048,-10.2106260765959,-5.71692198525792));
#5518=CARTESIAN_POINT('Ctrl Pts',(0.720305138988016,-10.1908905134753,-5.9921433485097));
#5519=CARTESIAN_POINT('Ctrl Pts',(-0.294272920595279,-10.1711549503547,
-6.0281029230284));
#5520=CARTESIAN_POINT('Ctrl Pts',(-1.25627402175265,-10.1514193872342,-5.82046718630889));
#5521=CARTESIAN_POINT('Ctrl Pts',(-2.21827512291002,-10.1316838241136,-5.61283144958938));
#5522=CARTESIAN_POINT('Ctrl Pts',(-3.12769926564144,-10.111948260993,-5.16160040163166));
#5523=CARTESIAN_POINT('Ctrl Pts',(-3.87495088235114,-10.0922126978725,-4.52115232479431));
#5524=CARTESIAN_POINT('Ctrl Pts',(-4.62220249906084,-10.0724771347519,-3.88070424795696));
#5525=CARTESIAN_POINT('Ctrl Pts',(-5.2072815897488,-10.0527415716313,-3.05103914223999));
#5526=CARTESIAN_POINT('Ctrl Pts',(-5.55967971725558,-10.0330060085108,-2.13214073788535));
#5527=CARTESIAN_POINT('Ctrl Pts',(-5.81985460321683,-10.0184352787495,-1.45371974497487));
#5528=CARTESIAN_POINT('Ctrl Pts',(-5.95319878186104,-10.0038645489882,-0.726659094450319));
#5529=CARTESIAN_POINT('Ctrl Pts',(-5.95390623656859,-9.98929381922698,0.000149064813921573));
#5530=CARTESIAN_POINT('Ctrl Pts',(-5.95379259688762,-9.88570618077302,0.000139708379760499));
#5531=CARTESIAN_POINT('Ctrl Pts',(-5.95318531353437,-9.89948307086974,-0.687108318867464));
#5532=CARTESIAN_POINT('Ctrl Pts',(-5.83426351261845,-9.91325996096647,-1.37456110567242));
#5533=CARTESIAN_POINT('Ctrl Pts',(-5.60110952593671,-9.92703685106319,-2.02080054673206));
#5534=CARTESIAN_POINT('Ctrl Pts',(-5.26711359589271,-9.94677241418376,-2.94654642918383));
#5535=CARTESIAN_POINT('Ctrl Pts',(-4.69870280282225,-9.96650797730432,-3.78771876755969));
#5536=CARTESIAN_POINT('Ctrl Pts',(-3.96437687150717,-9.98624354042489,-4.44294708407274));
#5537=CARTESIAN_POINT('Ctrl Pts',(-3.23005094019209,-10.0059791035455,-5.09817540058578));
#5538=CARTESIAN_POINT('Ctrl Pts',(-2.32980987063239,-10.025714666666,-5.567459695236));
#5539=CARTESIAN_POINT('Ctrl Pts',(-1.37214256953728,-10.0454502297866,-5.79424607175729));
#5540=CARTESIAN_POINT('Ctrl Pts',(-0.414475268442171,-10.0651857929072,
-6.02103244827858));
#5541=CARTESIAN_POINT('Ctrl Pts',(0.600618264188338,-10.0849213560277,-6.00532090667093));
#5542=CARTESIAN_POINT('Ctrl Pts',(1.55080814218597,-10.1046569191483,-5.74900485974245));
#5543=CARTESIAN_POINT('Ctrl Pts',(2.5009980201836,-10.1243924822689,-5.49268881281396));
#5544=CARTESIAN_POINT('Ctrl Pts',(3.38628424354834,-10.1441280453894,-4.99576826056463));
#5545=CARTESIAN_POINT('Ctrl Pts',(4.09998012829675,-10.16386360851,-4.31812757092475));
#5546=CARTESIAN_POINT('Ctrl Pts',(4.81367601304516,-10.1835991716305,-3.64048688128487));
#5547=CARTESIAN_POINT('Ctrl Pts',(5.35578155917723,-10.2033347347511,-2.78212605425445));
#5548=CARTESIAN_POINT('Ctrl Pts',(5.66096711221371,-10.2230702978717,-1.84648696871965));
#5549=CARTESIAN_POINT('Ctrl Pts',(5.96615266525019,-10.2428058609922,-0.91084788318482));
#5550=CARTESIAN_POINT('Ctrl Pts',(6.03441822519106,-10.2625414241128,0.102069460854454));
#5551=CARTESIAN_POINT('Ctrl Pts',(5.85753704454432,-10.2822769872334,1.07019743178303));
#5552=CARTESIAN_POINT('Ctrl Pts',(5.68065586389758,-10.302012550354,2.03832540271158));
#5553=CARTESIAN_POINT('Ctrl Pts',(5.25862794266326,-10.3217481134745,2.9616640005295));
#5554=CARTESIAN_POINT('Ctrl Pts',(4.64231226663802,-10.3414836765951,3.72894081345353));
#5555=CARTESIAN_POINT('Ctrl Pts',(4.02599659061282,-10.3612192397156,4.49621762637752));
#5556=CARTESIAN_POINT('Ctrl Pts',(3.21539315979672,-10.3809548028362,5.10743265440761));
#5557=CARTESIAN_POINT('Ctrl Pts',(2.30818856389098,-10.4006903659568,5.48892779372642));
#5558=CARTESIAN_POINT('Ctrl Pts',(1.40098396798513,-10.4204259290773,5.87042293304527));
#5559=CARTESIAN_POINT('Ctrl Pts',(0.397178206989636,-10.4401614921979,6.02219818365276));
#5560=CARTESIAN_POINT('Ctrl Pts',(-0.582259133034944,-10.4598970553185,
5.92596296589505));
#5561=CARTESIAN_POINT('Ctrl Pts',(-1.56169647305947,-10.479632618439,5.82972774813733));
#5562=CARTESIAN_POINT('Ctrl Pts',(-2.51676539211306,-10.4993681815596,5.48548206201444));
#5563=CARTESIAN_POINT('Ctrl Pts',(-3.33236962720369,-10.5191037446802,4.93471128223724));
#5564=CARTESIAN_POINT('Ctrl Pts',(-4.14797386229429,-10.5388393078007,4.38394050246006));
#5565=CARTESIAN_POINT('Ctrl Pts',(-4.82411341342192,-10.5585748709213,3.6266446290286));
#5566=CARTESIAN_POINT('Ctrl Pts',(-5.27930606088825,-10.5783104340419,2.75408610729514));
#5567=CARTESIAN_POINT('Ctrl Pts',(-5.72057582600305,-10.5974423496189,1.90821635066046));
#5568=CARTESIAN_POINT('Ctrl Pts',(-5.95420809369548,-10.616574265196,0.954027140604586));
#5569=CARTESIAN_POINT('Ctrl Pts',(-5.95448558469783,-10.635706180773,-3.10028394451742E-5));
#5570=CARTESIAN_POINT('Origin',(0.,0.,0.));
#5571=CARTESIAN_POINT('',(-5.95358737252342,-11.489293819227,-7.70342286737779E-5));
#5572=CARTESIAN_POINT('',(-5.95364688166932,-11.385706180773,-0.000110128864124164));
#5573=CARTESIAN_POINT('',(-5.954,0.,-7.29154704212334E-16));
#5574=CARTESIAN_POINT('Ctrl Pts',(-5.95358737252342,-11.489293819227,-7.70342286737779E-5));
#5575=CARTESIAN_POINT('Ctrl Pts',(-5.95329261270135,-11.4775180638818,0.587405352108304));
#5576=CARTESIAN_POINT('Ctrl Pts',(-5.86688202004543,-11.4657423085367,1.17496909813116));
#5577=CARTESIAN_POINT('Ctrl Pts',(-5.69561228006232,-11.4539665531915,1.73665913580006));
#5578=CARTESIAN_POINT('Ctrl Pts',(-5.40857296368686,-11.4342309900709,2.67802288425494));
#5579=CARTESIAN_POINT('Ctrl Pts',(-4.88318090064644,-11.4144954269504,3.54671244675794));
#5580=CARTESIAN_POINT('Ctrl Pts',(-4.18272654305445,-11.3947598638298,4.23803013419795));
#5581=CARTESIAN_POINT('Ctrl Pts',(-3.48227218546246,-11.3750243007092,4.92934782163796));
#5582=CARTESIAN_POINT('Ctrl Pts',(-2.60675553331897,-11.3552887375887,5.44329363401492));
#5583=CARTESIAN_POINT('Ctrl Pts',(-1.6616988826447,-11.3355531744681,5.71793720501106));
#5584=CARTESIAN_POINT('Ctrl Pts',(-0.716642231970424,-11.3158176113475,
5.9925807760072));
#5585=CARTESIAN_POINT('Ctrl Pts',(0.297954417234637,-11.296082048227,6.02792210562245));
#5586=CARTESIAN_POINT('Ctrl Pts',(1.25982775853236,-11.2763464851064,5.81969921179163));
#5587=CARTESIAN_POINT('Ctrl Pts',(2.22170109983006,-11.2566109219859,5.61147631796081));
#5588=CARTESIAN_POINT('Ctrl Pts',(3.1308511332205,-11.2368753588653,5.15968920068395));
#5589=CARTESIAN_POINT('Ctrl Pts',(3.87771185855606,-11.2171397957447,4.5187846884295));
#5590=CARTESIAN_POINT('Ctrl Pts',(4.62457258389167,-11.1974042326242,3.87788017617501));
#5591=CARTESIAN_POINT('Ctrl Pts',(5.20914400117236,-11.1776686695036,3.04785826894291));
#5592=CARTESIAN_POINT('Ctrl Pts',(5.56098064623514,-11.157933106383,2.12874490211237));
#5593=CARTESIAN_POINT('Ctrl Pts',(5.9128172912979,-11.1381975432625,1.20963153528187));
#5594=CARTESIAN_POINT('Ctrl Pts',(6.03191916414274,-11.1184619801419,0.201426708852938));
#5595=CARTESIAN_POINT('Ctrl Pts',(5.90393225750107,-11.0987264170213,-0.774369445140205));
#5596=CARTESIAN_POINT('Ctrl Pts',(5.77594535085939,-11.0789908539008,-1.75016559913338));
#5597=CARTESIAN_POINT('Ctrl Pts',(5.40086966473117,-11.0592552907802,-2.69355308069076));
#5598=CARTESIAN_POINT('Ctrl Pts',(4.82390640618897,-11.0395197276596,-3.49084358028988));
#5599=CARTESIAN_POINT('Ctrl Pts',(4.24694314764681,-11.0197841645391,-4.28813407988895));
#5600=CARTESIAN_POINT('Ctrl Pts',(3.4680923166907,-11.0000486014185,-4.93932759752977));
#5601=CARTESIAN_POINT('Ctrl Pts',(2.58121371886556,-10.9803130382979,-5.36594807381328));
#5602=CARTESIAN_POINT('Ctrl Pts',(1.69433512104036,-10.9605774751774,-5.79256855009681));
#5603=CARTESIAN_POINT('Ctrl Pts',(0.699428756346129,-10.9408419120568,-5.994615985023));
#5604=CARTESIAN_POINT('Ctrl Pts',(-0.283608135465771,-10.9211063489362,
-5.94774150702995));
#5605=CARTESIAN_POINT('Ctrl Pts',(-1.26664502727764,-10.9013707858157,-5.9008670290369));
#5606=CARTESIAN_POINT('Ctrl Pts',(-2.23781244620718,-10.8816352226951,-5.60507063812464));
#5607=CARTESIAN_POINT('Ctrl Pts',(-3.08007415019421,-10.8618996595745,-5.09599900904378));
#5608=CARTESIAN_POINT('Ctrl Pts',(-3.92233585418122,-10.842164096454,-4.58692737996294));
#5609=CARTESIAN_POINT('Ctrl Pts',(-4.63569184322573,-10.8224285333334,-3.86458051271352));
#5610=CARTESIAN_POINT('Ctrl Pts',(-5.13417487489936,-10.8026929702128,-3.01600912984932));
#5611=CARTESIAN_POINT('Ctrl Pts',(-5.63265790657301,-10.7829574070923,-2.16743774698509));
#5612=CARTESIAN_POINT('Ctrl Pts',(-5.91626798087577,-10.7632218439717,-1.19264184850609));
#5613=CARTESIAN_POINT('Ctrl Pts',(-5.95082699603454,-10.7434862808511,-0.209095006533871));
#5614=CARTESIAN_POINT('Ctrl Pts',(-5.95327414088225,-10.7420887936431,-0.139449457441857));
#5615=CARTESIAN_POINT('Ctrl Pts',(-5.95447250833116,-10.740691306435,-0.0697600298757266));
#5616=CARTESIAN_POINT('Ctrl Pts',(-5.95443127605257,-10.739293819227,-6.91822236448258E-5));
#5617=CARTESIAN_POINT('Ctrl Pts',(-5.95448558469783,-10.635706180773,-3.10028394451742E-5));
#5618=CARTESIAN_POINT('Ctrl Pts',(-5.9544943400554,-10.6363098283165,-0.0301333128951974));
#5619=CARTESIAN_POINT('Ctrl Pts',(-5.95427078607945,-10.6369134758601,-0.0602354924715243));
#5620=CARTESIAN_POINT('Ctrl Pts',(-5.95381411497719,-10.6375171234036,-0.0903341350826135));
#5621=CARTESIAN_POINT('Ctrl Pts',(-5.93888377779475,-10.6572526865241,-1.07437468569129));
#5622=CARTESIAN_POINT('Ctrl Pts',(-5.67477735962488,-10.6769882496447,-2.0546346168732));
#5623=CARTESIAN_POINT('Ctrl Pts',(-5.19332257618267,-10.6967238127653,-2.91298187266071));
#5624=CARTESIAN_POINT('Ctrl Pts',(-4.71186779274044,-10.7164593758858,-3.77132912844824));
#5625=CARTESIAN_POINT('Ctrl Pts',(-4.01306464402585,-10.7361949390064,-4.50776370884136));
#5626=CARTESIAN_POINT('Ctrl Pts',(-3.18112656090901,-10.755930502127,-5.03353718319556));
#5627=CARTESIAN_POINT('Ctrl Pts',(-2.34918847779217,-10.7756660652475,-5.55931065754975));
#5628=CARTESIAN_POINT('Ctrl Pts',(-1.38411546027308,-10.7954016283681,-5.87442302586502));
#5629=CARTESIAN_POINT('Ctrl Pts',(-0.402209375854888,-10.8151371914887,
-5.9408997964299));
#5630=CARTESIAN_POINT('Ctrl Pts',(0.579696708563335,-10.8348727546092,-6.00737656699478));
#5631=CARTESIAN_POINT('Ctrl Pts',(1.57843585988066,-10.8546083177298,-5.82521773980925));
#5632=CARTESIAN_POINT('Ctrl Pts',(2.47364907616806,-10.8743438808504,-5.41637544974094));
#5633=CARTESIAN_POINT('Ctrl Pts',(3.36886229245542,-10.8940794439709,-5.00753315967264));
#5634=CARTESIAN_POINT('Ctrl Pts',(4.16054957371286,-10.9138150070915,-4.37200740672157));
#5635=CARTESIAN_POINT('Ctrl Pts',(4.75330392914111,-10.9335505702121,-3.58638600032929));
#5636=CARTESIAN_POINT('Ctrl Pts',(5.34605828456938,-10.9532861333326,-2.80076459393698));
#5637=CARTESIAN_POINT('Ctrl Pts',(5.73987971416844,-10.9730216964532,-1.86504753410345));
#5638=CARTESIAN_POINT('Ctrl Pts',(5.88730843149524,-10.9927572595738,-0.891998978498285));
#5639=CARTESIAN_POINT('Ctrl Pts',(6.03473714882202,-11.0124928226943,0.0810495771068549));
#5640=CARTESIAN_POINT('Ctrl Pts',(5.93577315387655,-11.0322283858149,1.09142962848363));
#5641=CARTESIAN_POINT('Ctrl Pts',(5.6023426757733,-11.0519639489354,2.01737932651809));
#5642=CARTESIAN_POINT('Ctrl Pts',(5.26891219767003,-11.071699512056,2.94332902455257));
#5643=CARTESIAN_POINT('Ctrl Pts',(4.70101523640897,-11.0914350751766,3.78484836924473));
#5644=CARTESIAN_POINT('Ctrl Pts',(3.96708962525836,-11.1111706382971,4.44052504357556));
#5645=CARTESIAN_POINT('Ctrl Pts',(3.23316401410772,-11.1309062014177,5.09620171790641));
#5646=CARTESIAN_POINT('Ctrl Pts',(2.33320975306752,-11.1506417645383,5.56603572187591));
#5647=CARTESIAN_POINT('Ctrl Pts',(1.37568112563651,-11.1703773276588,5.79340695416176));
#5648=CARTESIAN_POINT('Ctrl Pts',(0.418152498205549,-11.1901128907794,6.02077818644761));
#5649=CARTESIAN_POINT('Ctrl Pts',(-0.59695049561622,-11.2098484539,6.00568664704983));
#5650=CARTESIAN_POINT('Ctrl Pts',(-1.54729671415826,-11.2295840170205,5.74995095256757));
#5651=CARTESIAN_POINT('Ctrl Pts',(-2.49764293270036,-11.2493195801411,5.4942152580853));
#5652=CARTESIAN_POINT('Ctrl Pts',(-3.38323237596272,-11.2690551432617,4.9978354085185));
#5653=CARTESIAN_POINT('Ctrl Pts',(-4.09734204163439,-11.2887907063822,4.32063076425322));
#5654=CARTESIAN_POINT('Ctrl Pts',(-4.81145170730603,-11.3085262695028,3.64342611998798));
#5655=CARTESIAN_POINT('Ctrl Pts',(-5.35408159538699,-11.3282618326234,2.78539668102427));
#5656=CARTESIAN_POINT('Ctrl Pts',(-5.65983843128125,-11.3479973957439,1.84994409442322));
#5657=CARTESIAN_POINT('Ctrl Pts',(-5.85457519025581,-11.3605669907536,1.25415363774787));
#5658=CARTESIAN_POINT('Ctrl Pts',(-5.9532261558146,-11.3731365857633,0.626957056564894));
#5659=CARTESIAN_POINT('Ctrl Pts',(-5.95364688166932,-11.385706180773,-0.000110128864124164));
#5660=CARTESIAN_POINT('Origin',(0.0395133314808617,0.,-3.54997778369192));
#5661=CARTESIAN_POINT('',(0.239513331480862,0.,-3.54997778369192));
#5662=CARTESIAN_POINT('',(0.0395133314808617,0.,-3.74997778369192));
#5663=CARTESIAN_POINT('Origin',(0.0395133314808617,0.,-3.54997778369192));
#5664=CARTESIAN_POINT('',(0.239513331480862,1.5,-3.54997778369192));
#5665=CARTESIAN_POINT('',(0.239513331480862,0.,-3.54997778369192));
#5666=CARTESIAN_POINT('',(0.0395133314808617,1.5,-3.74997778369192));
#5667=CARTESIAN_POINT('Origin',(0.0395133314808617,1.5,-3.54997778369192));
#5668=CARTESIAN_POINT('',(0.0395133314808617,0.,-3.74997778369192));
#5669=CARTESIAN_POINT('Origin',(0.239513331480862,0.,-3.74997778369192));
#5670=CARTESIAN_POINT('',(0.239513331480862,0.,-1.44997778369192));
#5671=CARTESIAN_POINT('',(0.239513331480862,0.,-1.24997778369192));
#5672=CARTESIAN_POINT('',(0.239513331480862,1.5,-1.44997778369192));
#5673=CARTESIAN_POINT('',(0.239513331480862,0.,-1.44997778369192));
#5674=CARTESIAN_POINT('',(0.239513331480862,1.5,-1.24997778369192));
#5675=CARTESIAN_POINT('Origin',(-0.0604866685191387,0.,-3.54997778369192));
#5676=CARTESIAN_POINT('',(-0.0604866685191387,0.,-3.74997778369192));
#5677=CARTESIAN_POINT('',(-0.260486668519139,0.,-3.54997778369192));
#5678=CARTESIAN_POINT('Origin',(-0.0604866685191387,0.,-3.54997778369192));
#5679=CARTESIAN_POINT('',(-0.0604866685191387,1.5,-3.74997778369192));
#5680=CARTESIAN_POINT('',(-0.0604866685191387,0.,-3.74997778369192));
#5681=CARTESIAN_POINT('',(-0.260486668519139,1.5,-3.54997778369192));
#5682=CARTESIAN_POINT('Origin',(-0.0604866685191387,1.5,-3.54997778369192));
#5683=CARTESIAN_POINT('',(-0.260486668519139,0.,-3.54997778369192));
#5684=CARTESIAN_POINT('Origin',(0.,0.,0.));
#5685=CARTESIAN_POINT('',(0.239513331480862,0.,-3.74997778369192));
#5686=CARTESIAN_POINT('',(-0.260486668519139,0.,-1.44997778369192));
#5687=CARTESIAN_POINT('',(-0.260486668519139,0.,-3.74997778369192));
#5688=CARTESIAN_POINT('',(-0.0604866685191387,0.,-1.24997778369192));
#5689=CARTESIAN_POINT('Origin',(-0.0604866685191387,0.,-1.44997778369192));
#5690=CARTESIAN_POINT('',(0.0395133314808617,0.,-1.24997778369192));
#5691=CARTESIAN_POINT('',(-0.260486668519139,0.,-1.24997778369192));
#5692=CARTESIAN_POINT('Origin',(0.0395133314808617,0.,-1.44997778369192));
#5693=CARTESIAN_POINT('Origin',(-0.260486668519139,0.,-1.24997778369192));
#5694=CARTESIAN_POINT('',(-0.260486668519139,1.5,-1.44997778369192));
#5695=CARTESIAN_POINT('',(-0.260486668519139,1.5,-3.74997778369192));
#5696=CARTESIAN_POINT('',(-0.260486668519139,0.,-1.44997778369192));
#5697=CARTESIAN_POINT('Origin',(0.0395133314808617,0.,-1.44997778369192));
#5698=CARTESIAN_POINT('',(0.0395133314808617,1.5,-1.24997778369192));
#5699=CARTESIAN_POINT('',(0.0395133314808617,0.,-1.24997778369192));
#5700=CARTESIAN_POINT('Origin',(0.0395133314808617,1.5,-1.44997778369192));
#5701=CARTESIAN_POINT('Origin',(0.239513331480862,0.,-1.24997778369192));
#5702=CARTESIAN_POINT('',(-0.0604866685191387,1.5,-1.24997778369192));
#5703=CARTESIAN_POINT('',(-0.0604866685191387,0.,-1.24997778369192));
#5704=CARTESIAN_POINT('',(-0.260486668519139,1.5,-1.24997778369192));
#5705=CARTESIAN_POINT('Origin',(-0.0604866685191387,0.,-1.44997778369192));
#5706=CARTESIAN_POINT('Origin',(-0.0604866685191387,1.5,-1.44997778369192));
#5707=CARTESIAN_POINT('Origin',(-2.19500100801692,0.,-1.29787155558811));
#5708=CARTESIAN_POINT('',(-2.08001822967944,0.,-1.46151433937584));
#5709=CARTESIAN_POINT('',(-2.36715794982217,0.,-1.39966540308522));
#5710=CARTESIAN_POINT('Origin',(-2.19500100801692,0.,-1.29787155558811));
#5711=CARTESIAN_POINT('',(-2.08001822967944,1.5,-1.46151433937584));
#5712=CARTESIAN_POINT('',(-2.08001822967944,0.,-1.46151433937584));
#5713=CARTESIAN_POINT('',(-2.36715794982217,1.5,-1.39966540308522));
#5714=CARTESIAN_POINT('Origin',(-2.19500100801692,1.5,-1.29787155558811));
#5715=CARTESIAN_POINT('',(-2.36715794982217,0.,-1.39966540308522));
#5716=CARTESIAN_POINT('Origin',(0.,0.,0.));
#5717=CARTESIAN_POINT('',(2.36700164470701,0.,-1.39992971750524));
#5718=CARTESIAN_POINT('Origin',(0.,0.,0.));
#5719=CARTESIAN_POINT('',(2.07985502013785,0.,-1.46174659062623));
#5720=CARTESIAN_POINT('Origin',(2.1948560705465,0.,-1.29811664714122));
#5721=CARTESIAN_POINT('',(1.99777687060674,0.,-1.40406110097414));
#5722=CARTESIAN_POINT('',(0.,0.,0.));
#5723=CARTESIAN_POINT('',(1.94030625399373,0.,-1.1391714711635));
#5724=CARTESIAN_POINT('Origin',(2.1127779210154,0.,-1.24043115748914));
#5725=CARTESIAN_POINT('',(-1.94043344481044,0.,-1.13895480431012));
#5726=CARTESIAN_POINT('Origin',(0.,0.,0.));
#5727=CARTESIAN_POINT('',(-1.997933639345,0.,-1.40383801514763));
#5728=CARTESIAN_POINT('Origin',(-2.11291641768248,0.,-1.2401952313599));
#5729=CARTESIAN_POINT('',(0.,0.,0.));
#5730=CARTESIAN_POINT('Origin',(0.,0.,0.));
#5731=CARTESIAN_POINT('',(2.36700164470701,1.5,-1.39992971750524));
#5732=CARTESIAN_POINT('Origin',(0.,1.5,0.));
#5733=CARTESIAN_POINT('',(2.36700164470701,0.,-1.39992971750524));
#5734=CARTESIAN_POINT('Origin',(-2.11291641768248,0.,-1.2401952313599));
#5735=CARTESIAN_POINT('',(-1.94043344481044,1.5,-1.13895480431012));
#5736=CARTESIAN_POINT('',(-1.94043344481044,0.,-1.13895480431012));
#5737=CARTESIAN_POINT('',(-1.997933639345,1.5,-1.40383801514763));
#5738=CARTESIAN_POINT('Origin',(-2.11291641768248,1.5,-1.2401952313599));
#5739=CARTESIAN_POINT('',(-1.997933639345,0.,-1.40383801514763));
#5740=CARTESIAN_POINT('Origin',(0.,0.,0.));
#5741=CARTESIAN_POINT('',(1.94030625399373,1.5,-1.1391714711635));
#5742=CARTESIAN_POINT('',(1.94030625399373,0.,-1.1391714711635));
#5743=CARTESIAN_POINT('Origin',(0.,1.5,0.));
#5744=CARTESIAN_POINT('Origin',(2.1127779210154,0.,-1.24043115748914));
#5745=CARTESIAN_POINT('',(1.99777687060674,1.5,-1.40406110097414));
#5746=CARTESIAN_POINT('',(1.99777687060674,0.,-1.40406110097414));
#5747=CARTESIAN_POINT('Origin',(2.1127779210154,1.5,-1.24043115748914));
#5748=CARTESIAN_POINT('Origin',(1.8408368642063,0.,-1.29376181709738));
#5749=CARTESIAN_POINT('',(2.07985502013785,1.5,-1.46174659062623));
#5750=CARTESIAN_POINT('',(2.07985502013785,0.,-1.46174659062623));
#5751=CARTESIAN_POINT('',(0.,1.5,0.));
#5752=CARTESIAN_POINT('Origin',(2.1948560705465,0.,-1.29811664714122));
#5753=CARTESIAN_POINT('Origin',(2.1948560705465,1.5,-1.29811664714122));
#5754=CARTESIAN_POINT('Origin',(0.,-16.75,0.));
#5755=CARTESIAN_POINT('',(-5.5,-16.75,-6.73555739531044E-16));
#5756=CARTESIAN_POINT('Origin',(0.,-16.75,0.));
#5757=CARTESIAN_POINT('',(-5.5,-11.75,-6.73555739531044E-16));
#5758=CARTESIAN_POINT('',(-5.5,-16.75,6.73555739531044E-16));
#5759=CARTESIAN_POINT('Origin',(0.,-11.75,0.));
#5760=CARTESIAN_POINT('Origin',(0.,-11.75,0.));
#5761=CARTESIAN_POINT('',(5.93006717174453,-11.75,-0.53330979608279));
#5762=CARTESIAN_POINT('Ctrl Pts',(5.93015568138427,-11.75,-0.533177300402494));
#5763=CARTESIAN_POINT('Ctrl Pts',(5.93956753706477,-11.75,-0.365267473652594));
#5764=CARTESIAN_POINT('Ctrl Pts',(5.94184718114097,-11.75,-0.1972225643196));
#5765=CARTESIAN_POINT('Ctrl Pts',(5.93689803038061,-11.75,-0.0294828550901915));
#5766=CARTESIAN_POINT('Ctrl Pts',(5.93575802214726,-11.75,0.00915501610011119));
#5767=CARTESIAN_POINT('Ctrl Pts',(5.93423424730559,-11.75,0.0477767001189732));
#5768=CARTESIAN_POINT('Ctrl Pts',(5.93232513176979,-11.75,0.0863768110972516));
#5769=CARTESIAN_POINT('Ctrl Pts',(5.9240164182686,-11.75,0.254369400973742));
#5770=CARTESIAN_POINT('Ctrl Pts',(5.90841301995255,-11.75,0.421954194210407));
#5771=CARTESIAN_POINT('Ctrl Pts',(5.88565519947222,-11.75,0.588686072772591));
#5772=CARTESIAN_POINT('Ctrl Pts',(5.87205675165283,-11.75,0.6883131329481));
#5773=CARTESIAN_POINT('Ctrl Pts',(5.85590289037818,-11.75,0.787635507743447));
#5774=CARTESIAN_POINT('Ctrl Pts',(5.83721506071392,-11.75,0.886555629572634));
#5775=CARTESIAN_POINT('Ctrl Pts',(5.8281159767575,-11.75,0.934719729399854));
#5776=CARTESIAN_POINT('Ctrl Pts',(5.81841607047902,-11.75,0.982788429806272));
#5777=CARTESIAN_POINT('Ctrl Pts',(5.80811729739709,-11.75,1.03075022667801));
#5778=CARTESIAN_POINT('Ctrl Pts',(5.80264656408804,-11.75,1.0562276498255));
#5779=CARTESIAN_POINT('Ctrl Pts',(5.7970085533658,-11.75,1.08166682164058));
#5780=CARTESIAN_POINT('Ctrl Pts',(5.79120496962858,-11.75,1.10706140208667));
#5781=CARTESIAN_POINT('Ctrl Pts',(5.75389407449299,-11.75,1.27032165143247));
#5782=CARTESIAN_POINT('Ctrl Pts',(5.7097306121376,-11.75,1.43180232164959));
#5783=CARTESIAN_POINT('Ctrl Pts',(5.65886865075405,-11.75,1.59106858118215));
#5784=CARTESIAN_POINT('Ctrl Pts',(5.60819642038923,-11.75,1.74974072776964));
#5785=CARTESIAN_POINT('Ctrl Pts',(5.55087529111555,-11.75,1.90621564899699));
#5786=CARTESIAN_POINT('Ctrl Pts',(5.48700947138919,-11.75,2.06004519932457));
#5787=CARTESIAN_POINT('Ctrl Pts',(5.43043212817172,-11.75,2.19631945843784));
#5788=CARTESIAN_POINT('Ctrl Pts',(5.36871785845193,-11.75,2.33051774703794));
#5789=CARTESIAN_POINT('Ctrl Pts',(5.30190992025511,-11.75,2.46230993971444));
#5790=CARTESIAN_POINT('Ctrl Pts',(5.28758604755648,-11.75,2.49056668047795));
#5791=CARTESIAN_POINT('Ctrl Pts',(5.27302528252227,-11.75,2.51871757031203));
#5792=CARTESIAN_POINT('Ctrl Pts',(5.25824309143503,-11.75,2.54673097479157));
#5793=CARTESIAN_POINT('Ctrl Pts',(5.20407970269567,-11.75,2.64937481884583));
#5794=CARTESIAN_POINT('Ctrl Pts',(5.14691400283472,-11.75,2.75023590332582));
#5795=CARTESIAN_POINT('Ctrl Pts',(5.08679615289286,-11.75,2.84917199986193));
#5796=CARTESIAN_POINT('Ctrl Pts',(5.00124665209474,-11.75,2.98996102804181));
#5797=CARTESIAN_POINT('Ctrl Pts',(4.909720847974,-11.75,3.12685339220371));
#5798=CARTESIAN_POINT('Ctrl Pts',(4.81257824998016,-11.75,3.25956282305947));
#5799=CARTESIAN_POINT('Ctrl Pts',(4.71483171441986,-11.75,3.39309731122655));
#5800=CARTESIAN_POINT('Ctrl Pts',(4.61139780303712,-11.75,3.52239723794851));
#5801=CARTESIAN_POINT('Ctrl Pts',(4.50260150251474,-11.75,3.64713827917079));
#5802=CARTESIAN_POINT('Ctrl Pts',(4.39988836425179,-11.75,3.76490463476019));
#5803=CARTESIAN_POINT('Ctrl Pts',(4.29239500613405,-11.75,3.87860775795811));
#5804=CARTESIAN_POINT('Ctrl Pts',(4.1803678400897,-11.75,3.98794168865086));
#5805=CARTESIAN_POINT('Ctrl Pts',(4.09634746555645,-11.75,4.06994213667042));
#5806=CARTESIAN_POINT('Ctrl Pts',(4.00977625007816,-11.75,4.14948429146378));
#5807=CARTESIAN_POINT('Ctrl Pts',(3.92075062103257,-11.75,4.22642516488154));
#5808=CARTESIAN_POINT('Ctrl Pts',(3.90542378999211,-11.75,4.23967146012957));
#5809=CARTESIAN_POINT('Ctrl Pts',(3.89002241292896,-11.75,4.2528421303411));
#5810=CARTESIAN_POINT('Ctrl Pts',(3.87455280466094,-11.75,4.26593147527131));
#5811=CARTESIAN_POINT('Ctrl Pts',(3.74750518669666,-11.75,4.37343064818395));
#5812=CARTESIAN_POINT('Ctrl Pts',(3.61612386812059,-11.75,4.47522566571945));
#5813=CARTESIAN_POINT('Ctrl Pts',(3.48075825435211,-11.75,4.57101603512555));
#5814=CARTESIAN_POINT('Ctrl Pts',(3.34539264058363,-11.75,4.66680640453165));
#5815=CARTESIAN_POINT('Ctrl Pts',(3.20604212632616,-11.75,4.75659264923534));
#5816=CARTESIAN_POINT('Ctrl Pts',(3.06302210584363,-11.75,4.84003119823476));
#5817=CARTESIAN_POINT('Ctrl Pts',(2.92167647160784,-11.75,4.92249290246502));
#5818=CARTESIAN_POINT('Ctrl Pts',(2.77674598992946,-11.75,4.99875485615174));
#5819=CARTESIAN_POINT('Ctrl Pts',(2.62867380537831,-11.75,5.06868726082734));
#5820=CARTESIAN_POINT('Ctrl Pts',(2.48105735201884,-11.75,5.13840443008775));
#5821=CARTESIAN_POINT('Ctrl Pts',(2.33031775894118,-11.75,5.20183112419735));
#5822=CARTESIAN_POINT('Ctrl Pts',(2.17688211940442,-11.75,5.25878859988984));
#5823=CARTESIAN_POINT('Ctrl Pts',(2.12837028930827,-11.75,5.27679687614067));
#5824=CARTESIAN_POINT('Ctrl Pts',(2.07958890737888,-11.75,5.29415807714492));
#5825=CARTESIAN_POINT('Ctrl Pts',(2.03055140616179,-11.75,5.31086546221679));
#5826=CARTESIAN_POINT('Ctrl Pts',(2.00641531972275,-11.75,5.31908877866352));
#5827=CARTESIAN_POINT('Ctrl Pts',(1.98221718657164,-11.75,5.32715369518465));
#5828=CARTESIAN_POINT('Ctrl Pts',(1.95795861020603,-11.75,5.33505936005278));
#5829=CARTESIAN_POINT('Ctrl Pts',(1.94001247124453,-11.75,5.34090785495901));
#5830=CARTESIAN_POINT('Ctrl Pts',(1.92203658946147,-11.75,5.34666807837234));
#5831=CARTESIAN_POINT('Ctrl Pts',(1.90403934392124,-11.75,5.35233743188422));
#5832=CARTESIAN_POINT('Ctrl Pts',(1.74902883039076,-11.75,5.40116764855804));
#5833=CARTESIAN_POINT('Ctrl Pts',(1.59226610951228,-11.75,5.44331608406427));
#5834=CARTESIAN_POINT('Ctrl Pts',(1.43419467398925,-11.75,5.47869754175898));
#5835=CARTESIAN_POINT('Ctrl Pts',(1.27609715340226,-11.75,5.51408483812773));
#5836=CARTESIAN_POINT('Ctrl Pts',(1.11668974074151,-11.75,5.54270309108222));
#5837=CARTESIAN_POINT('Ctrl Pts',(0.956402590619642,-11.75,5.56441686096534));
#5838=CARTESIAN_POINT('Ctrl Pts',(0.797936047000576,-11.75,5.58588399703772));
#5839=CARTESIAN_POINT('Ctrl Pts',(0.638608927802471,-11.75,5.60060268192502));
#5840=CARTESIAN_POINT('Ctrl Pts',(0.478834484704947,-11.75,5.60839132120413));
#5841=CARTESIAN_POINT('Ctrl Pts',(0.447022933598619,-11.75,5.60994206168348));
#5842=CARTESIAN_POINT('Ctrl Pts',(0.415193661300165,-11.75,5.61121791685504));
#5843=CARTESIAN_POINT('Ctrl Pts',(0.38334995562702,-11.75,5.6122172054076));
#5844=CARTESIAN_POINT('Ctrl Pts',(0.268255784686211,-11.75,5.61582898001284));
#5845=CARTESIAN_POINT('Ctrl Pts',(0.152972780924906,-11.75,5.61582880549877));
#5846=CARTESIAN_POINT('Ctrl Pts',(0.0376632649910005,-11.75,5.61223743538987));
#5847=CARTESIAN_POINT('Ctrl Pts',(-0.012784648230083,-11.75,5.61066621096722));
#5848=CARTESIAN_POINT('Ctrl Pts',(-0.0632375882038409,-11.75,5.60840744415399));
#5849=CARTESIAN_POINT('Ctrl Pts',(-0.113681693458485,-11.75,5.60546211278011));
#5850=CARTESIAN_POINT('Ctrl Pts',(-0.139791662656726,-11.75,5.6039376034036));
#5851=CARTESIAN_POINT('Ctrl Pts',(-0.165899261844943,-11.75,5.60222914779926));
#5852=CARTESIAN_POINT('Ctrl Pts',(-0.192002547308554,-11.75,5.60033683385788));
#5853=CARTESIAN_POINT('Ctrl Pts',(-0.213958322823898,-11.75,5.59874518670069));
#5854=CARTESIAN_POINT('Ctrl Pts',(-0.235912396889207,-11.75,5.59702329563222));
#5855=CARTESIAN_POINT('Ctrl Pts',(-0.257845563924744,-11.75,5.59517288345269));
#5856=CARTESIAN_POINT('Ctrl Pts',(-0.416944421069828,-11.75,5.58175035935781));
#5857=CARTESIAN_POINT('Ctrl Pts',(-0.575158292736996,-11.75,5.56155527857324));
#5858=CARTESIAN_POINT('Ctrl Pts',(-0.732069070395422,-11.75,5.53474045844491));
#5859=CARTESIAN_POINT('Ctrl Pts',(-0.890212346840752,-11.75,5.50771501394919));
#5860=CARTESIAN_POINT('Ctrl Pts',(-1.04703271946794,-11.75,5.47396528303843));
#5861=CARTESIAN_POINT('Ctrl Pts',(-1.20209575048023,-11.75,5.43359560241109));
#5862=CARTESIAN_POINT('Ctrl Pts',(-1.35634148591117,-11.75,5.39343869952568));
#5863=CARTESIAN_POINT('Ctrl Pts',(-1.50884906228222,-11.75,5.34673120968798));
#5864=CARTESIAN_POINT('Ctrl Pts',(-1.65917374600453,-11.75,5.29352750626399));
#5865=CARTESIAN_POINT('Ctrl Pts',(-1.80667754624431,-11.75,5.24132218477224));
#5866=CARTESIAN_POINT('Ctrl Pts',(-1.95208019959879,-11.75,5.18286186561675));
#5867=CARTESIAN_POINT('Ctrl Pts',(-2.09493553675725,-11.75,5.11815541178731));
#5868=CARTESIAN_POINT('Ctrl Pts',(-2.1608530667007,-11.75,5.08829800713812));
#5869=CARTESIAN_POINT('Ctrl Pts',(-2.22622781058237,-11.75,5.05711012586431));
#5870=CARTESIAN_POINT('Ctrl Pts',(-2.29101348828889,-11.75,5.02458976026684));
#5871=CARTESIAN_POINT('',(3.42689341736674,-11.75,-4.86893391883773));
#5872=CARTESIAN_POINT('Ctrl Pts',(-5.49698715004471,-11.75,-0.528354900629522));
#5873=CARTESIAN_POINT('Ctrl Pts',(-5.48778702032994,-11.75,-0.688570411748692));
#5874=CARTESIAN_POINT('Ctrl Pts',(-5.47161583855224,-11.75,-0.848134963627403));
#5875=CARTESIAN_POINT('Ctrl Pts',(-5.44846966169401,-11.75,-1.00658857378853));
#5876=CARTESIAN_POINT('Ctrl Pts',(-5.44382924495592,-11.75,-1.03835584098376));
#5877=CARTESIAN_POINT('Ctrl Pts',(-5.43890831281742,-11.75,-1.07007847720157));
#5878=CARTESIAN_POINT('Ctrl Pts',(-5.43370658239317,-11.75,-1.10175279822872));
#5879=CARTESIAN_POINT('Ctrl Pts',(-5.40789166344939,-11.75,-1.25894472538124));
#5880=CARTESIAN_POINT('Ctrl Pts',(-5.37516519724,-11.75,-1.41494713439833));
#5881=CARTESIAN_POINT('Ctrl Pts',(-5.33574894985046,-11.75,-1.56936558660012));
#5882=CARTESIAN_POINT('Ctrl Pts',(-5.3120714474571,-11.75,-1.6621253877921));
#5883=CARTESIAN_POINT('Ctrl Pts',(-5.28597894300908,-11.75,-1.75431355805974));
#5884=CARTESIAN_POINT('Ctrl Pts',(-5.2575106919813,-11.75,-1.8458428350397));
#5885=CARTESIAN_POINT('Ctrl Pts',(-5.24753406203249,-11.75,-1.87791904952228));
#5886=CARTESIAN_POINT('Ctrl Pts',(-5.23726560088983,-11.75,-1.9099143258367));
#5887=CARTESIAN_POINT('Ctrl Pts',(-5.22670681469818,-11.75,-1.94182484595349));
#5888=CARTESIAN_POINT('Ctrl Pts',(-5.21748872338834,-11.75,-1.96968354891817));
#5889=CARTESIAN_POINT('Ctrl Pts',(-5.20804863802873,-11.75,-1.99747943920133));
#5890=CARTESIAN_POINT('Ctrl Pts',(-5.19839511605862,-11.75,-2.02518889163969));
#5891=CARTESIAN_POINT('Ctrl Pts',(-5.14531621778407,-11.75,-2.17754646763858));
#5892=CARTESIAN_POINT('Ctrl Pts',(-5.08574310496884,-11.75,-2.3274335218677));
#5893=CARTESIAN_POINT('Ctrl Pts',(-5.01991884212521,-11.75,-2.47445099932823));
#5894=CARTESIAN_POINT('Ctrl Pts',(-4.95394212035823,-11.75,-2.62180899144643));
#5895=CARTESIAN_POINT('Ctrl Pts',(-4.88168499030192,-11.75,-2.76628481555917));
#5896=CARTESIAN_POINT('Ctrl Pts',(-4.80334141574092,-11.75,-2.9074635366286));
#5897=CARTESIAN_POINT('Ctrl Pts',(-4.7342212989714,-11.75,-3.03202116296071));
#5898=CARTESIAN_POINT('Ctrl Pts',(-4.66036264907103,-11.75,-3.15401246076734));
#5899=CARTESIAN_POINT('Ctrl Pts',(-4.58186844393245,-11.75,-3.27313727221348));
#5900=CARTESIAN_POINT('Ctrl Pts',(-4.56502328916903,-11.75,-3.29870190951926));
#5901=CARTESIAN_POINT('Ctrl Pts',(-4.54796164734246,-11.75,-3.32413856120804));
#5902=CARTESIAN_POINT('Ctrl Pts',(-4.53070181235647,-11.75,-3.34941906095909));
#5903=CARTESIAN_POINT('Ctrl Pts',(-4.46753513615418,-11.75,-3.44193936276399));
#5904=CARTESIAN_POINT('Ctrl Pts',(-4.40167771777833,-11.75,-3.53242668235164));
#5905=CARTESIAN_POINT('Ctrl Pts',(-4.33320714453245,-11.75,-3.620752661215));
#5906=CARTESIAN_POINT('Ctrl Pts',(-4.23489307533792,-11.75,-3.74757628756998));
#5907=CARTESIAN_POINT('Ctrl Pts',(-4.13119355504414,-11.75,-3.86994531611454));
#5908=CARTESIAN_POINT('Ctrl Pts',(-4.02251788241693,-11.75,-3.98764871804547));
#5909=CARTESIAN_POINT('Ctrl Pts',(-3.91256464688668,-11.75,-4.10673581051388));
#5910=CARTESIAN_POINT('Ctrl Pts',(-3.79751709828422,-11.75,-4.22104745887934));
#5911=CARTESIAN_POINT('Ctrl Pts',(-3.67775450462983,-11.75,-4.33033586665867));
#5912=CARTESIAN_POINT('Ctrl Pts',(-3.56342178960114,-11.75,-4.43466928163659));
#5913=CARTESIAN_POINT('Ctrl Pts',(-3.44479115798112,-11.75,-4.53442479375064));
#5914=CARTESIAN_POINT('Ctrl Pts',(-3.32216154977255,-11.75,-4.62935577193297));
#5915=CARTESIAN_POINT('Ctrl Pts',(-3.23018934361612,-11.75,-4.70055400556972));
#5916=CARTESIAN_POINT('Ctrl Pts',(-3.13596705176537,-11.75,-4.76903785446692));
#5917=CARTESIAN_POINT('Ctrl Pts',(-3.03961192696415,-11.75,-4.83469003737736));
#5918=CARTESIAN_POINT('Ctrl Pts',(-3.0156117871405,-11.75,-4.85104268673388));
#5919=CARTESIAN_POINT('Ctrl Pts',(-2.9914745759285,-11.75,-4.86722261285524));
#5920=CARTESIAN_POINT('Ctrl Pts',(-2.96722929595096,-11.75,-4.88321019726515));
#5921=CARTESIAN_POINT('Ctrl Pts',(-2.82957633251785,-11.75,-4.97397996252255));
#5922=CARTESIAN_POINT('Ctrl Pts',(-2.68830585828713,-11.75,-5.05864933294802));
#5923=CARTESIAN_POINT('Ctrl Pts',(-2.54382435696066,-11.75,-5.13698755026549));
#5924=CARTESIAN_POINT('Ctrl Pts',(-2.40724984453001,-11.75,-5.21103857919719));
#5925=CARTESIAN_POINT('Ctrl Pts',(-2.26780536801605,-11.75,-5.27943255379269));
#5926=CARTESIAN_POINT('Ctrl Pts',(-2.12580474917242,-11.75,-5.34194355280377));
#5927=CARTESIAN_POINT('Ctrl Pts',(-1.97608657290236,-11.75,-5.40785194704158));
#5928=CARTESIAN_POINT('Ctrl Pts',(-1.82352655418011,-11.75,-5.4672213657466));
#5929=CARTESIAN_POINT('Ctrl Pts',(-1.66857848103193,-11.75,-5.52001635719435));
#5930=CARTESIAN_POINT('Ctrl Pts',(-1.51307029713421,-11.75,-5.57300219349504));
#5931=CARTESIAN_POINT('Ctrl Pts',(-1.3551560425838,-11.75,-5.61936617941873));
#5932=CARTESIAN_POINT('Ctrl Pts',(-1.19527712102421,-11.75,-5.65902307682672));
#5933=CARTESIAN_POINT('Ctrl Pts',(-1.1463290499713,-11.75,-5.67116431854345));
#5934=CARTESIAN_POINT('Ctrl Pts',(-1.09719674608956,-11.75,-5.68267653016989));
#5935=CARTESIAN_POINT('Ctrl Pts',(-1.04789271490791,-11.75,-5.6935563001682));
#5936=CARTESIAN_POINT('Ctrl Pts',(-1.0185575552547,-11.75,-5.70002960026641));
#5937=CARTESIAN_POINT('Ctrl Pts',(-0.989161601995733,-11.75,-5.70627900274315));
#5938=CARTESIAN_POINT('Ctrl Pts',(-0.959707484314807,-11.75,-5.71230371108129));
#5939=CARTESIAN_POINT('Ctrl Pts',(-0.941240299669717,-11.75,-5.71608109129409));
#5940=CARTESIAN_POINT('Ctrl Pts',(-0.922753301256308,-11.75,-5.71976949037617));
#5941=CARTESIAN_POINT('Ctrl Pts',(-0.904255336912361,-11.75,-5.72336727938087));
#5942=CARTESIAN_POINT('Ctrl Pts',(-0.741493886781167,-11.75,-5.75502380897426));
#5943=CARTESIAN_POINT('Ctrl Pts',(-0.577700336736959,-11.75,-5.77970727083719));
#5944=CARTESIAN_POINT('Ctrl Pts',(-0.413348046045799,-11.75,-5.79742148924392));
#5945=CARTESIAN_POINT('Ctrl Pts',(-0.248018591542659,-11.75,-5.81524102831951));
#5946=CARTESIAN_POINT('Ctrl Pts',(-0.082123001765335,-11.75,-5.82600839009085));
#5947=CARTESIAN_POINT('Ctrl Pts',(0.0838757798937889,-11.75,-5.82967821929707));
#5948=CARTESIAN_POINT('Ctrl Pts',(0.249214512871555,-11.75,-5.83333345643278));
#5949=CARTESIAN_POINT('Ctrl Pts',(0.414656367386184,-11.75,-5.82994760704105));
#5950=CARTESIAN_POINT('Ctrl Pts',(0.57975147535473,-11.75,-5.81942501932327));
#5951=CARTESIAN_POINT('Ctrl Pts',(0.614787834366207,-11.75,-5.81719192371222));
#5952=CARTESIAN_POINT('Ctrl Pts',(0.649808581042281,-11.75,-5.81463722422002));
#5953=CARTESIAN_POINT('Ctrl Pts',(0.68480941023494,-11.75,-5.8117597025224));
#5954=CARTESIAN_POINT('Ctrl Pts',(0.806290415585135,-11.75,-5.80177238974133));
#5955=CARTESIAN_POINT('Ctrl Pts',(0.92753169145113,-11.75,-5.78789735063152));
#5956=CARTESIAN_POINT('Ctrl Pts',(1.0483683424107,-11.75,-5.77019181170681));
#5957=CARTESIAN_POINT('Ctrl Pts',(1.10123437720552,-11.75,-5.76244563842724));
#5958=CARTESIAN_POINT('Ctrl Pts',(1.15402292894294,-11.75,-5.75396609015787));
#5959=CARTESIAN_POINT('Ctrl Pts',(1.20671997356796,-11.75,-5.74475707028173));
#5960=CARTESIAN_POINT('Ctrl Pts',(1.23584280347318,-11.75,-5.73966773896618));
#5961=CARTESIAN_POINT('Ctrl Pts',(1.26493768267433,-11.75,-5.73435560445294));
#5962=CARTESIAN_POINT('Ctrl Pts',(1.2940022208014,-11.75,-5.72882125630987));
#5963=CARTESIAN_POINT('Ctrl Pts',(1.31209010456844,-11.75,-5.72537703691439));
#5964=CARTESIAN_POINT('Ctrl Pts',(1.33016424558159,-11.75,-5.72184710345118));
#5965=CARTESIAN_POINT('Ctrl Pts',(1.34821527097154,-11.75,-5.7182334932551));
#5966=CARTESIAN_POINT('Ctrl Pts',(1.51058815658281,-11.75,-5.68572828635766));
#5967=CARTESIAN_POINT('Ctrl Pts',(1.67129275155208,-11.75,-5.64641859062943));
#5968=CARTESIAN_POINT('Ctrl Pts',(1.82993161112609,-11.75,-5.60054442262777));
#5969=CARTESIAN_POINT('Ctrl Pts',(1.99119502284461,-11.75,-5.55391130346919));
#5970=CARTESIAN_POINT('Ctrl Pts',(2.15032448128241,-11.75,-5.50049462046576));
#5971=CARTESIAN_POINT('Ctrl Pts',(2.30690106727561,-11.75,-5.44049290737687));
#5972=CARTESIAN_POINT('Ctrl Pts',(2.4635457231125,-11.75,-5.38046510924337));
#5973=CARTESIAN_POINT('Ctrl Pts',(2.61763600426772,-11.75,-5.31384633338204));
#5974=CARTESIAN_POINT('Ctrl Pts',(2.76874033870428,-11.75,-5.24078471087469));
#5975=CARTESIAN_POINT('Ctrl Pts',(2.91796160900771,-11.75,-5.16863358323412));
#5976=CARTESIAN_POINT('Ctrl Pts',(3.06427154291326,-11.75,-5.09019889066666));
#5977=CARTESIAN_POINT('Ctrl Pts',(3.20723257477898,-11.75,-5.00557792525799));
#5978=CARTESIAN_POINT('Ctrl Pts',(3.28137546053181,-11.75,-4.96169154245346));
#5979=CARTESIAN_POINT('Ctrl Pts',(3.354617171835,-11.75,-4.91614051876396));
#5980=CARTESIAN_POINT('Ctrl Pts',(3.42689341736674,-11.75,-4.86893391883773));
#5981=CARTESIAN_POINT('Origin',(0.,-11.75,0.));
#5982=CARTESIAN_POINT('Origin',(0.,0.,0.));
#5983=CARTESIAN_POINT('Ctrl Pts',(-5.95364688166932,-11.385706180773,-0.000110128864124164));
#5984=CARTESIAN_POINT('Ctrl Pts',(-5.95388673888477,-11.3928721488839,-0.357603226349962));
#5985=CARTESIAN_POINT('Ctrl Pts',(-5.92220001778318,-11.4000381169948,-0.715054267909997));
#5986=CARTESIAN_POINT('Ctrl Pts',(-5.85818936588128,-11.4072040851056,-1.06661991890075));
#5987=CARTESIAN_POINT('Ctrl Pts',(-5.68189968087946,-11.4269396482262,-2.03485561138516));
#5988=CARTESIAN_POINT('Ctrl Pts',(-5.26043652716826,-11.4466752113468,-2.95845126211554));
#5989=CARTESIAN_POINT('Ctrl Pts',(-4.64458921784047,-11.4664107744674,-3.72610458803889));
#5990=CARTESIAN_POINT('Ctrl Pts',(-4.0287419085127,-11.4861463375879,-4.49375791396223));
#5991=CARTESIAN_POINT('Ctrl Pts',(-3.21851044356835,-11.5058819007085,-5.10546891507855));
#5992=CARTESIAN_POINT('Ctrl Pts',(-2.31153970375066,-11.525617463829,-5.48751757802199));
#5993=CARTESIAN_POINT('Ctrl Pts',(-1.40456896393297,-11.5453530269496,-5.86956624096543));
#5994=CARTESIAN_POINT('Ctrl Pts',(-0.40085894924194,-11.5650885900702,-6.02195256573599));
#5995=CARTESIAN_POINT('Ctrl Pts',(0.578638319771579,-11.5848241531907,-5.92631646823167));
#5996=CARTESIAN_POINT('Ctrl Pts',(1.5581355887851,-11.6045597163113,-5.83068037072734));
#5997=CARTESIAN_POINT('Ctrl Pts',(2.51342011212111,-11.6242952794319,-5.48702185094814));
#5998=CARTESIAN_POINT('Ctrl Pts',(3.32935798983728,-11.6440308425524,-4.93674752451729));
#5999=CARTESIAN_POINT('Ctrl Pts',(4.14529586755345,-11.663766405673,-4.38647319808643));
#6000=CARTESIAN_POINT('Ctrl Pts',(4.82188709964979,-11.6835019687936,-3.62958306500394));
#6001=CARTESIAN_POINT('Ctrl Pts',(5.27761757344106,-11.7032375319141,-2.75730614632997));
#6002=CARTESIAN_POINT('Ctrl Pts',(5.6375613900296,-11.7188250212761,-2.06836673743408));
#6003=CARTESIAN_POINT('Ctrl Pts',(5.85972975172513,-11.734412510638,-1.30744773834068));
#6004=CARTESIAN_POINT('Ctrl Pts',(5.93015568138427,-11.75,-0.533177300402578));
#6005=CARTESIAN_POINT('Ctrl Pts',(3.42689341736674,-11.75,-4.86893391883772));
#6006=CARTESIAN_POINT('Ctrl Pts',(2.6218820590989,-11.7302644368794,-5.43552368377174));
#6007=CARTESIAN_POINT('Ctrl Pts',(1.67407823724568,-11.7105288737589,-5.79838826291495));
#6008=CARTESIAN_POINT('Ctrl Pts',(0.696810966108015,-11.6907933106383,-5.91361309084884));
#6009=CARTESIAN_POINT('Ctrl Pts',(-0.280456305029646,-11.6710577475177,
-6.02883791878272));
#6010=CARTESIAN_POINT('Ctrl Pts',(-1.28718702545179,-11.6513221843972,-5.89642299550729));
#6011=CARTESIAN_POINT('Ctrl Pts',(-2.20164501859504,-11.6315866212766,-5.53252287973567));
#6012=CARTESIAN_POINT('Ctrl Pts',(-3.11610301173831,-11.611851058156,-5.16862276396404));
#6013=CARTESIAN_POINT('Ctrl Pts',(-3.93828827760266,-11.5921154950355,-4.57323745569625));
#6014=CARTESIAN_POINT('Ctrl Pts',(-4.56930610926682,-11.5723799319149,-3.81803285723565));
#6015=CARTESIAN_POINT('Ctrl Pts',(-5.20032394093099,-11.5526443687943,-3.06282825877504));
#6016=CARTESIAN_POINT('Ctrl Pts',(-5.64017433839492,-11.5329088056738,-2.14780437012162));
#6017=CARTESIAN_POINT('Ctrl Pts',(-5.83575625227161,-11.5131732425532,-1.18327345859153));
#6018=CARTESIAN_POINT('Ctrl Pts',(-5.91463894891896,-11.5052134347778,-0.794255896624173));
#6019=CARTESIAN_POINT('Ctrl Pts',(-5.95378661507346,-11.4972536270024,-0.397185052322853));
#6020=CARTESIAN_POINT('Ctrl Pts',(-5.95358737252342,-11.489293819227,-7.70342286737779E-5));
#6021=CARTESIAN_POINT('Ctrl Pts',(-2.32165792158401,-0.500729021277379,
5.01050392252577));
#6022=CARTESIAN_POINT('Ctrl Pts',(-3.15007593577668,-0.520464584397945,
4.62664966858803));
#6023=CARTESIAN_POINT('Ctrl Pts',(-4.61207497051574,-0.559935710639077,
3.44059928840546));
#6024=CARTESIAN_POINT('Ctrl Pts',(-5.69359036189685,-0.619142400000775,
0.830482984630846));
#6025=CARTESIAN_POINT('Ctrl Pts',(-5.40275064986359,-0.678349089362473,
-1.9790366569493));
#6026=CARTESIAN_POINT('Ctrl Pts',(-3.80976967601598,-0.73755577872417,-4.31194193729163));
#6027=CARTESIAN_POINT('Ctrl Pts',(-1.29852999010853,-0.796762468085869,
-5.60538163431907));
#6028=CARTESIAN_POINT('Ctrl Pts',(1.52567310072331,-0.855969157447567,-5.54790130766948));
#6029=CARTESIAN_POINT('Ctrl Pts',(3.98216112795363,-0.915175846809264,-4.15320371512802));
#6030=CARTESIAN_POINT('Ctrl Pts',(5.47885823335245,-0.974382536170964,-1.75751972851948));
#6031=CARTESIAN_POINT('Ctrl Pts',(5.65503200419459,-1.03358922553266,1.06177878982442));
#6032=CARTESIAN_POINT('Ctrl Pts',(4.46821844441066,-1.09279591489436,3.6251582362812));
#6033=CARTESIAN_POINT('Ctrl Pts',(2.20446678192939,-1.15200260425606,5.31479884284526));
#6034=CARTESIAN_POINT('Ctrl Pts',(-0.590609859705745,-1.21120929361776,
5.72345462487444));
#6035=CARTESIAN_POINT('Ctrl Pts',(-3.24333648402862,-1.27041598297945,4.75263348256817));
#6036=CARTESIAN_POINT('Ctrl Pts',(-5.11434804036858,-1.32962267234115,2.63632307621582));
#6037=CARTESIAN_POINT('Ctrl Pts',(-5.75268968413303,-1.38882936170285,-0.115398664273175));
#6038=CARTESIAN_POINT('Ctrl Pts',(-5.00450714245251,-1.44803605106455,-2.83930693582758));
#6039=CARTESIAN_POINT('Ctrl Pts',(-3.05012877102633,-1.50724274042624,-4.8788799832809));
#6040=CARTESIAN_POINT('Ctrl Pts',(-0.360602570631516,-1.56644942978794,
-5.74253614174869));
#6041=CARTESIAN_POINT('Ctrl Pts',(2.41583674867048,-1.62565611914964,-5.22211530724526));
#6042=CARTESIAN_POINT('Ctrl Pts',(4.61000650265618,-1.68486280851134,-3.44305032695262));
#6043=CARTESIAN_POINT('Ctrl Pts',(5.69306372898145,-1.74406949787304,-0.834134808578066));
#6044=CARTESIAN_POINT('Ctrl Pts',(5.40396791586971,-1.80327618723473,1.97582546395342));
#6045=CARTESIAN_POINT('Ctrl Pts',(3.81239748602756,-1.86248287659643,4.30956852962041));
#6046=CARTESIAN_POINT('Ctrl Pts',(1.30195576888208,-1.92168956595813,5.6046111976021));
#6047=CARTESIAN_POINT('Ctrl Pts',(-1.52228580189945,-1.98089625531983,5.54881982399958));
#6048=CARTESIAN_POINT('Ctrl Pts',(-3.97962315574929,-2.04010294468153,4.15564135115759));
#6049=CARTESIAN_POINT('Ctrl Pts',(-5.47778417364591,-2.09930963404322,1.76086230250406));
#6050=CARTESIAN_POINT('Ctrl Pts',(-5.65567923994078,-2.15851632340492,-1.05832312472186));
#6051=CARTESIAN_POINT('Ctrl Pts',(-4.47043174767252,-2.21772301276662,-3.62242950114606));
#6052=CARTESIAN_POINT('Ctrl Pts',(-2.20771229989649,-2.27692970212832,-5.31345103509026));
#6053=CARTESIAN_POINT('Ctrl Pts',(0.587114161975644,-2.33613639149001,-5.7238145027766));
#6054=CARTESIAN_POINT('Ctrl Pts',(3.2404332527662,-2.39534308085172,-4.75461332137206));
#6055=CARTESIAN_POINT('Ctrl Pts',(5.11273696280032,-2.45454977021341,-2.63944620149988));
#6056=CARTESIAN_POINT('Ctrl Pts',(5.7527590937272,-2.51375645957512,0.111885257905682));
#6057=CARTESIAN_POINT('Ctrl Pts',(5.00624029524195,-2.5729631489368,2.83624991982266));
#6058=CARTESIAN_POINT('Ctrl Pts',(3.05310794685252,-2.63216983829851,4.87701623600571));
#6059=CARTESIAN_POINT('Ctrl Pts',(0.364109718934019,-2.6913765276602,5.74231483062151));
#6060=CARTESIAN_POINT('Ctrl Pts',(-2.41264692540232,-2.75058321702191,5.22358979196724));
#6061=CARTESIAN_POINT('Ctrl Pts',(-4.60790282274259,-2.8097899063836,3.44586521465344));
#6062=CARTESIAN_POINT('Ctrl Pts',(-5.6925532248079,-2.8689965957453,0.8376116547225));
#6063=CARTESIAN_POINT('Ctrl Pts',(-5.40517363040421,-2.928203285107,-1.9725246580412));
#6064=CARTESIAN_POINT('Ctrl Pts',(-3.81502881551586,-2.9874099744687,-4.30723932910413));
#6065=CARTESIAN_POINT('Ctrl Pts',(-1.30537850536567,-3.04661666383039,-5.60381499151489));
#6066=CARTESIAN_POINT('Ctrl Pts',(1.51889661291145,-3.10582335319209,-5.54974851508461));
#6067=CARTESIAN_POINT('Ctrl Pts',(3.97708438300748,-3.16503004255379,-4.15807110471138));
#6068=CARTESIAN_POINT('Ctrl Pts',(5.47670771699168,-3.22423673191549,-1.76420749461098));
#6069=CARTESIAN_POINT('Ctrl Pts',(5.65632454899727,-3.28344342127718,1.05486875857074));
#6070=CARTESIAN_POINT('Ctrl Pts',(4.47264328882736,-3.34265011063888,3.61969853887106));
#6071=CARTESIAN_POINT('Ctrl Pts',(2.21095704329627,-3.40185680000058,5.3121016983955));
#6072=CARTESIAN_POINT('Ctrl Pts',(-0.583618270550775,-3.46106348936228,
5.72417201136348));
#6073=CARTESIAN_POINT('Ctrl Pts',(-3.23752879971151,-3.52027017872397,4.75659150783798));
#6074=CARTESIAN_POINT('Ctrl Pts',(-5.11112398491052,-3.57947686808568,2.64256827958526));
#6075=CARTESIAN_POINT('Ctrl Pts',(-5.75282635399869,-3.63868355744737,-0.108371777395172));
#6076=CARTESIAN_POINT('Ctrl Pts',(-5.00797158247624,-3.69789024680908,-2.83319186263623));
#6077=CARTESIAN_POINT('Ctrl Pts',(-3.05608598291028,-3.75709693617077,-4.87515066089829));
#6078=CARTESIAN_POINT('Ctrl Pts',(-0.367616731905057,-3.81630362553247,
-5.74209138205073));
#6079=CARTESIAN_POINT('Ctrl Pts',(2.40945620244907,-3.87551031489417,-5.22506232593234));
#6080=CARTESIAN_POINT('Ctrl Pts',(4.60579742391702,-3.93471700425586,-3.44867881821967));
#6081=CARTESIAN_POINT('Ctrl Pts',(5.69204059733607,-3.99392369361756,-0.841088187811339));
#6082=CARTESIAN_POINT('Ctrl Pts',(5.40637732873361,-4.05313038297926,1.9692231160417));
#6083=CARTESIAN_POINT('Ctrl Pts',(3.81765872198757,-4.11233707234096,4.30490852212099));
#6084=CARTESIAN_POINT('Ctrl Pts',(1.30880075492398,-4.17154376170266,5.60301669507669));
#6085=CARTESIAN_POINT('Ctrl Pts',(-1.51550685735878,-4.23075045106435,5.55067513611599));
#6086=CARTESIAN_POINT('Ctrl Pts',(-3.97454412678572,-4.28995714042605,4.16049930725038));
#6087=CARTESIAN_POINT('Ctrl Pts',(-5.47562921748292,-4.34916382978775,1.76755202866706));
#6088=CARTESIAN_POINT('Ctrl Pts',(-5.65696774820274,-4.40837051914944,-1.05141399895179));
#6089=CARTESIAN_POINT('Ctrl Pts',(-4.47485316165219,-4.46757720851115,-3.61696622641809));
#6090=CARTESIAN_POINT('Ctrl Pts',(-2.21420096199255,-4.52678389787284,-5.31075038024844));
#6091=CARTESIAN_POINT('Ctrl Pts',(0.58012216143204,-4.58599058723455,-5.72452738479023));
#6092=CARTESIAN_POINT('Ctrl Pts',(3.23462313903417,-4.64519727659624,-4.75856792005982));
#6093=CARTESIAN_POINT('Ctrl Pts',(5.10950910053299,-4.70440396595794,-2.64568937197251));
#6094=CARTESIAN_POINT('Ctrl Pts',(5.75289146842261,-4.76361065531963,0.104858256461064));
#6095=CARTESIAN_POINT('Ctrl Pts',(5.00970100169941,-4.82281734468133,2.83013274864797));
#6096=CARTESIAN_POINT('Ctrl Pts',(3.05906287902491,-4.88202403404303,4.87328326732292));
#6097=CARTESIAN_POINT('Ctrl Pts',(0.371123607752269,-4.94123072340472,5.7418657916366));
#6098=CARTESIAN_POINT('Ctrl Pts',(-2.40626458075049,-5.00043741276643,5.22653291090981));
#6099=CARTESIAN_POINT('Ctrl Pts',(-4.6036903070943,-5.05964410212812,3.45149113540276));
#6100=CARTESIAN_POINT('Ctrl Pts',(-5.69152584669021,-5.11885079148982,0.844564407167967));
#6101=CARTESIAN_POINT('Ctrl Pts',(-5.40757901044353,-5.17805748085153,-1.96592083950713));
#6102=CARTESIAN_POINT('Ctrl Pts',(-3.82028720444382,-5.23726417021321,-4.30257610937454));
#6103=CARTESIAN_POINT('Ctrl Pts',(-1.31222251628976,-5.29647085957492,-5.60221630867106));
#6104=CARTESIAN_POINT('Ctrl Pts',(1.51211653651064,-5.35567754893661,-5.55159968670371));
#6105=CARTESIAN_POINT('Ctrl Pts',(3.97200238802904,-5.41488423829831,-4.1629259578918));
#6106=CARTESIAN_POINT('Ctrl Pts',(5.47454867552323,-5.47409092766001,-1.77089590341291));
#6107=CARTESIAN_POINT('Ctrl Pts',(5.65760883731661,-5.5332976170217,1.0479588471475));
#6108=CARTESIAN_POINT('Ctrl Pts',(4.47706136532308,-5.59250430638341,3.61423256480946));
#6109=CARTESIAN_POINT('Ctrl Pts',(2.21744405477518,-5.65171099574511,5.30939708115148));
#6110=CARTESIAN_POINT('Ctrl Pts',(-0.576625835923341,-5.7109176851068,5.72488062292512));
#6111=CARTESIAN_POINT('Ctrl Pts',(-3.231716271818,-5.77012437446851,4.76054255730001));
#6112=CARTESIAN_POINT('Ctrl Pts',(-5.10789231027004,-5.8293310638302,2.64880947749774));
#6113=CARTESIAN_POINT('Ctrl Pts',(-5.75295443697468,-5.88853775319189,-0.101344696414008));
#6114=CARTESIAN_POINT('Ctrl Pts',(-5.01142855226636,-5.9477444425536,-2.82707257899886));
#6115=CARTESIAN_POINT('Ctrl Pts',(-3.06203863408604,-6.00695113191529,-4.87141405597617));
#6116=CARTESIAN_POINT('Ctrl Pts',(-0.374630345167569,-6.066157821277,-5.7416380594633));
#6117=CARTESIAN_POINT('Ctrl Pts',(2.40307206149712,-6.12536451063869,-5.22800154635111));
#6118=CARTESIAN_POINT('Ctrl Pts',(4.60158147306041,-6.18457120000038,-3.45430216515361));
#6119=CARTESIAN_POINT('Ctrl Pts',(5.69100897306234,-6.24377788936209,-0.848040311495691));
#6120=CARTESIAN_POINT('Ctrl Pts',(5.40877867508571,-6.30298457872378,1.96261782966927));
#6121=CARTESIAN_POINT('Ctrl Pts',(3.82291426190418,-6.36219126808549,4.30024209173478));
#6122=CARTESIAN_POINT('Ctrl Pts',(1.31564378818664,-6.42139795744718,5.60141383259651));
#6123=CARTESIAN_POINT('Ctrl Pts',(-1.50872565163163,-6.48060464680888,5.55252216650294));
#6124=CARTESIAN_POINT('Ctrl Pts',(-3.96945916768555,-6.53981133617057,4.16535105573046));
#6125=CARTESIAN_POINT('Ctrl Pts',(-5.47346609151562,-6.59901802553227,1.77423911760125));
#6126=CARTESIAN_POINT('Ctrl Pts',(-5.65824781609976,-6.65822471489397,-1.04450330444667));
#6127=CARTESIAN_POINT('Ctrl Pts',(-4.47926789901635,-6.71743140425567,-3.61149755506485));
#6128=CARTESIAN_POINT('Ctrl Pts',(-2.22068632043448,-6.77663809361736,-5.30804180160941));
#6129=CARTESIAN_POINT('Ctrl Pts',(0.573129295328874,-6.83584478297907,-5.7252317256364));
#6130=CARTESIAN_POINT('Ctrl Pts',(3.22880819914733,-6.89505147234076,-4.76251541882194));
#6131=CARTESIAN_POINT('Ctrl Pts',(5.10627361472481,-6.95425816170246,-2.65192859499704));
#6132=CARTESIAN_POINT('Ctrl Pts',(5.75301525963137,-7.01346485106416,0.0978310985646322));
#6133=CARTESIAN_POINT('Ctrl Pts',(5.01315423353271,-7.07267154042586,2.82401135483036));
#6134=CARTESIAN_POINT('Ctrl Pts',(3.06501324698372,-7.13187822978755,4.86954302755526));
#6135=CARTESIAN_POINT('Ctrl Pts',(0.37813694284297,-7.19108491914925,5.74140818561571));
#6136=CARTESIAN_POINT('Ctrl Pts',(-2.39987864587973,-7.25029160851096,5.22946823170848));
#6137=CARTESIAN_POINT('Ctrl Pts',(-4.59947092260194,-7.30949829787264,3.45711190642376));
#6138=CARTESIAN_POINT('Ctrl Pts',(-5.69048997664523,-7.36870498723435,0.851515899498027));
#6139=CARTESIAN_POINT('Ctrl Pts',(-5.40997632221273,-7.42791167659604,-1.95931408776015));
#6140=CARTESIAN_POINT('Ctrl Pts',(-3.82553989338873,-7.48711836595774,-4.29790647007226));
#6141=CARTESIAN_POINT('Ctrl Pts',(-1.31906456933857,-7.54632505531945,-5.60060926715241));
#6142=CARTESIAN_POINT('Ctrl Pts',(1.50533420398652,-7.60553174468112,-5.55344257516956));
#6143=CARTESIAN_POINT('Ctrl Pts',(3.96691446670383,-7.66473843404285,-4.16777459986186));
#6144=CARTESIAN_POINT('Ctrl Pts',(5.4723814658639,-7.72394512340452,-1.7775816699851));
#6145=CARTESIAN_POINT('Ctrl Pts',(5.65888468431386,-7.78315181276625,1.04104737213817));
#6146=CARTESIAN_POINT('Ctrl Pts',(4.48147276190896,-7.84235850212792,3.60876119820443));
#6147=CARTESIAN_POINT('Ctrl Pts',(2.22392775776105,-7.90156519148964,5.30668454212775));
#6148=CARTESIAN_POINT('Ctrl Pts',(-0.569632540952865,-7.96077188085132,
5.72558069279312));
#6149=CARTESIAN_POINT('Ctrl Pts',(-3.22589892210687,-8.01997857021303,4.76448650388974));
#6150=CARTESIAN_POINT('Ctrl Pts',(-5.10465301450104,-8.07918525957472,2.65504672330699));
#6151=CARTESIAN_POINT('Ctrl Pts',(-5.75307393637003,-8.13839194893642,-0.0943174642235291));
#6152=CARTESIAN_POINT('Ctrl Pts',(-5.01487804485475,-8.19759863829812,-2.82094907728438));
#6153=CARTESIAN_POINT('Ctrl Pts',(-3.06798671660832,-8.25680532765982,-4.86767018275812));
#6154=CARTESIAN_POINT('Ctrl Pts',(-0.381643399470401,-8.31601201702151,
-5.74117617017963));
#6155=CARTESIAN_POINT('Ctrl Pts',(2.39668433508955,-8.37521870638321,-5.23093296643477));
#6156=CARTESIAN_POINT('Ctrl Pts',(4.5973586565062,-8.43442539574492,-3.4599203581651));
#6157=CARTESIAN_POINT('Ctrl Pts',(5.68996885763249,-8.4936320851066,-0.854991169878464));
#6158=CARTESIAN_POINT('Ctrl Pts',(5.41117195137779,-8.55283877446831,1.95600961501214));
#6159=CARTESIAN_POINT('Ctrl Pts',(3.82816409791805,-8.61204546383001,4.29556924525832));
#6160=CARTESIAN_POINT('Ctrl Pts',(1.32248485846936,-8.6712521531917,5.59980261263887));
#6161=CARTESIAN_POINT('Ctrl Pts',(-1.50194219484053,-8.7304588425534,5.55436091236025));
#6162=CARTESIAN_POINT('Ctrl Pts',(-3.96436828603324,-8.7896655319151,4.1701965893818));
#6163=CARTESIAN_POINT('Ctrl Pts',(-5.47129479897271,-8.8488722212768,1.78092355931745));
#6164=CARTESIAN_POINT('Ctrl Pts',(-5.65951944172131,-8.90807891063849,-1.03759105151128));
#6165=CARTESIAN_POINT('Ctrl Pts',(-4.48367595317843,-8.96728560000019,-3.60602349524892));
#6166=CARTESIAN_POINT('Ctrl Pts',(-2.2271683655458,-9.0264922893619,-5.30532530321278));
#6167=CARTESIAN_POINT('Ctrl Pts',(0.56613557409962,-9.08569897872359,-5.7259275242651));
#6168=CARTESIAN_POINT('Ctrl Pts',(3.22298844178181,-9.14490566808529,-4.76645581176817));
#6169=CARTESIAN_POINT('Ctrl Pts',(5.10303051020323,-9.20411235744698,-2.65816386126452));
#6170=CARTESIAN_POINT('Ctrl Pts',(5.75313046716878,-9.26331904680869,0.090803794701305));
#6171=CARTESIAN_POINT('Ctrl Pts',(5.01659998558948,-9.32252573617038,2.81788574750313));
#6172=CARTESIAN_POINT('Ctrl Pts',(3.07095904185078,-9.38173242553208,4.86579552228335));
#6173=CARTESIAN_POINT('Ctrl Pts',(0.385149713741961,-9.44093911489378,5.74094201324158));
#6174=CARTESIAN_POINT('Ctrl Pts',(-2.39348913031806,-9.50014580425548,5.23239574998365));
#6175=CARTESIAN_POINT('Ctrl Pts',(-4.59524467556104,-9.55935249361717,3.46272751933007));
#6176=CARTESIAN_POINT('Ctrl Pts',(-5.68944561621848,-9.61855918297887,0.858466121340745));
#6177=CARTESIAN_POINT('Ctrl Pts',(-5.412365562135,-9.67776587234056,-1.95270441265779));
#6178=CARTESIAN_POINT('Ctrl Pts',(-3.83078687451321,-9.73697256170228,-4.29323041816472));
#6179=CARTESIAN_POINT('Ctrl Pts',(-1.32590465430357,-9.79617925106396,-5.59899386935662));
#6180=CARTESIAN_POINT('Ctrl Pts',(1.49854962545904,-9.85538594042567,-5.55527717773273));
#6181=CARTESIAN_POINT('Ctrl Pts',(3.96182062662261,-9.91459262978736,-4.17261702338663));
#6182=CARTESIAN_POINT('Ctrl Pts',(5.47020609124867,-9.97379931914906,-1.78426478435293));
#6183=CARTESIAN_POINT('Ctrl Pts',(5.66015208808274,-10.0330060085108,1.03413434385685));
#6184=CARTESIAN_POINT('Ctrl Pts',(4.48587747200809,-10.0922126978724,3.60328444721597));
#6185=CARTESIAN_POINT('Ctrl Pts',(2.23040814257014,-10.1514193872342,5.30396408537825));
#6186=CARTESIAN_POINT('Ctrl Pts',(-0.562638396054521,-10.2106260765958,
5.72627221990991));
#6187=CARTESIAN_POINT('Ctrl Pts',(-3.22007675929456,-10.2698327659576,4.76842334174793));
#6188=CARTESIAN_POINT('Ctrl Pts',(-5.10140610236546,-10.3290394553192,2.66128000765807));
#6189=CARTESIAN_POINT('Ctrl Pts',(-5.75318485214405,-10.388246144681,-0.0872900912141722));
#6190=CARTESIAN_POINT('Ctrl Pts',(-5.01832005482867,-10.4474528340426,-2.81482136681182));
#6191=CARTESIAN_POINT('Ctrl Pts',(-3.07393022211664,-10.5066595234043,-4.8639190464772));
#6192=CARTESIAN_POINT('Ctrl Pts',(-0.388655883355395,-10.565866212766,-5.7407057155714));
#6193=CARTESIAN_POINT('Ctrl Pts',(2.39029303083436,-10.6250729021277,-5.23385658048983));
#6194=CARTESIAN_POINT('Ctrl Pts',(4.59312898427274,-10.6842795914894,-3.46553339142326));
#6195=CARTESIAN_POINT('Ctrl Pts',(5.68892024540984,-10.7434862808511,-0.861940747654829));
#6196=CARTESIAN_POINT('Ctrl Pts',(5.4135571679387,-10.8026929702128,1.94939847238995));
#6197=CARTESIAN_POINT('Ctrl Pts',(3.83340819531995,-10.8618996595745,4.29089000811026));
#6198=CARTESIAN_POINT('Ctrl Pts',(1.32932400753237,-10.9211063489362,5.59818300193983));
#6199=CARTESIAN_POINT('Ctrl Pts',(-1.4951565975898,-10.9803130382979,5.55619143991124));
#6200=CARTESIAN_POINT('Ctrl Pts',(-3.95927129513198,-11.0395197276596,4.17503576762191));
#6201=CARTESIAN_POINT('Ctrl Pts',(-5.46911571877413,-11.0987264170213,1.78760560169101));
#6202=CARTESIAN_POINT('Ctrl Pts',(-5.66078189676152,-11.157933106383,-1.03067774903027));
#6203=CARTESIAN_POINT('Ctrl Pts',(-4.48807872213188,-11.2171397957447,-3.60054309110907));
#6204=CARTESIAN_POINT('Ctrl Pts',(-2.2336443718015,-11.2763464851064,-5.30260275314195));
#6205=CARTESIAN_POINT('Ctrl Pts',(0.55913575683178,-11.3355531744681,-5.72661117536106));
#6206=CARTESIAN_POINT('Ctrl Pts',(3.21717402975365,-11.3947598638298,-4.77039606240301));
#6207=CARTESIAN_POINT('Ctrl Pts',(5.09976015577513,-11.4539665531915,-2.66438168345701));
#6208=CARTESIAN_POINT('Ctrl Pts',(5.75327508003295,-11.5131732425532,0.0837502736540931));
#6209=CARTESIAN_POINT('Ctrl Pts',(5.01996459025618,-11.5723799319149,2.81180656993409));
#6210=CARTESIAN_POINT('Ctrl Pts',(3.07704470473831,-11.6315866212766,4.86194087601732));
#6211=CARTESIAN_POINT('Ctrl Pts',(0.391862979834132,-11.6907933106383,5.74067961151547));
#6212=CARTESIAN_POINT('Ctrl Pts',(-1.46026657426696,-11.7302644368794,5.40337737800014));
#6213=CARTESIAN_POINT('Ctrl Pts',(-2.29101348828889,-11.75,5.02458976026684));
#6214=CARTESIAN_POINT('Ctrl Pts',(-2.38216319918184,-0.583819347518252,
5.14108385332395));
#6215=CARTESIAN_POINT('Ctrl Pts',(-3.23217081167397,-0.603554910638818,
4.74722588265614));
#6216=CARTESIAN_POINT('Ctrl Pts',(-4.73227134992148,-0.64302603687995,3.53026556228351));
#6217=CARTESIAN_POINT('Ctrl Pts',(-5.84197237036255,-0.702232726241649,
0.852126398614549));
#6218=CARTESIAN_POINT('Ctrl Pts',(-5.54355301563108,-0.761439415603346,
-2.03061280052831));
#6219=CARTESIAN_POINT('Ctrl Pts',(-3.90905698690194,-0.820646104965044,
-4.42431647855202));
#6220=CARTESIAN_POINT('Ctrl Pts',(-1.33237128808367,-0.879852794326743,
-5.7514648142196));
#6221=CARTESIAN_POINT('Ctrl Pts',(1.56543402916354,-0.93905948368844,-5.69248647914768));
#6222=CARTESIAN_POINT('Ctrl Pts',(4.08594117334539,-0.998266173050137,-4.26144134194116));
#6223=CARTESIAN_POINT('Ctrl Pts',(5.6216440568996,-1.05747286241184,-1.80332286690138));
#6224=CARTESIAN_POINT('Ctrl Pts',(5.80240913415738,-1.11667955177353,1.08945005863131));
#6225=CARTESIAN_POINT('Ctrl Pts',(4.58466574477883,-1.17588624113523,3.7196343446618));
#6226=CARTESIAN_POINT('Ctrl Pts',(2.26191791344874,-1.23509293049693,5.45330907571522));
#6227=CARTESIAN_POINT('Ctrl Pts',(-0.606001883302874,-1.29429961985863,
5.8726149329789));
#6228=CARTESIAN_POINT('Ctrl Pts',(-3.32786184518752,-1.35350630922033,4.87649299068527));
#6229=CARTESIAN_POINT('Ctrl Pts',(-5.247634277345,-1.41271299858202,2.70502891702083));
#6230=CARTESIAN_POINT('Ctrl Pts',(-5.90261189404894,-1.47191968794372,-0.118406096225719));
#6231=CARTESIAN_POINT('Ctrl Pts',(-5.13493078974326,-1.53112637730542,-2.91330278712873));
#6232=CARTESIAN_POINT('Ctrl Pts',(-3.12961890016396,-1.59033306666712,-5.00602963138819));
#6233=CARTESIAN_POINT('Ctrl Pts',(-0.37000031972958,-1.64953975602882,-5.89219373778895));
#6234=CARTESIAN_POINT('Ctrl Pts',(2.47879644301235,-1.70874644539051,-5.35821009251716));
#6235=CARTESIAN_POINT('Ctrl Pts',(4.73014897523057,-1.76795313475221,-3.53278047792743));
#6236=CARTESIAN_POINT('Ctrl Pts',(5.84143201274185,-1.82715982411391,-0.855873393611568));
#6237=CARTESIAN_POINT('Ctrl Pts',(5.54480200509523,-1.88636651347561,2.02731791987034));
#6238=CARTESIAN_POINT('Ctrl Pts',(3.91175328089333,-1.94557320283731,4.42188121694071));
#6239=CARTESIAN_POINT('Ctrl Pts',(1.33588634689014,-2.004779892199,5.75067429896866));
#6240=CARTESIAN_POINT('Ctrl Pts',(-1.56195845314184,-2.0639865815607,5.69342893314966));
#6241=CARTESIAN_POINT('Ctrl Pts',(-4.08333705844563,-2.1231932709224,4.26394250578129));
#6242=CARTESIAN_POINT('Ctrl Pts',(-5.62054200586838,-2.1823999602841,1.80675255249916));
#6243=CARTESIAN_POINT('Ctrl Pts',(-5.80307323766783,-2.2416066496458,-1.08590433462111));
#6244=CARTESIAN_POINT('Ctrl Pts',(-4.58693672946181,-2.30081333900749,-3.71683449531329));
#6245=CARTESIAN_POINT('Ctrl Pts',(-2.26524801362915,-2.36002002836919,-5.45192614242271));
#6246=CARTESIAN_POINT('Ctrl Pts',(0.602415083365342,-2.41922671773089,-5.87298418974441));
#6247=CARTESIAN_POINT('Ctrl Pts',(3.32488295212676,-2.47843340709259,-4.87852442653768));
#6248=CARTESIAN_POINT('Ctrl Pts',(5.24598121310222,-2.53764009645429,-2.70823343481346));
#6249=CARTESIAN_POINT('Ctrl Pts',(5.902683112543,-2.59684678581598,0.114801126141795));
#6250=CARTESIAN_POINT('Ctrl Pts',(5.13670911063849,-2.65605347517768,2.91016610150483));
#6251=CARTESIAN_POINT('Ctrl Pts',(3.13267571699777,-2.71526016453938,5.00411731255335));
#6252=CARTESIAN_POINT('Ctrl Pts',(0.373598868655596,-2.77446685390108,5.89196665902));
#6253=CARTESIAN_POINT('Ctrl Pts',(-2.47552348900364,-2.83367354326278,5.35972300413511));
#6254=CARTESIAN_POINT('Ctrl Pts',(-4.72799047081593,-2.89288023262448,3.53566872508408));
#6255=CARTESIAN_POINT('Ctrl Pts',(-5.84090820419798,-2.95208692198617,0.859440850667791));
#6256=CARTESIAN_POINT('Ctrl Pts',(-5.54603914204212,-3.01129361134787,-2.02393109087257));
#6257=CARTESIAN_POINT('Ctrl Pts',(-3.91445318608336,-3.07050030070957,-4.41949131457748));
#6258=CARTESIAN_POINT('Ctrl Pts',(-1.33939828412082,-3.12970699007127,-5.74985734276583));
#6259=CARTESIAN_POINT('Ctrl Pts',(1.55848093769599,-3.18891367943296,-5.69438182707326));
#6260=CARTESIAN_POINT('Ctrl Pts',(4.08073212214541,-3.24812036879466,-4.2664355817186));
#6261=CARTESIAN_POINT('Ctrl Pts',(5.61943749542203,-3.30732705815636,-1.81018492445078));
#6262=CARTESIAN_POINT('Ctrl Pts',(5.80373536427665,-3.36653374751806,1.08235994341464));
#6263=CARTESIAN_POINT('Ctrl Pts',(4.58920590611508,-3.42574043687976,3.71403236078287));
#6264=CARTESIAN_POINT('Ctrl Pts',(2.26857731905605,-3.48494712624145,5.45054164034441));
#6265=CARTESIAN_POINT('Ctrl Pts',(-0.598828084685113,-3.54415381560315,
5.87335101544734));
#6266=CARTESIAN_POINT('Ctrl Pts',(-3.32190280543233,-3.60336050496485,4.88055416699014));
#6267=CARTESIAN_POINT('Ctrl Pts',(-5.24432619901316,-3.66256719432655,2.71143687811612));
#6268=CARTESIAN_POINT('Ctrl Pts',(-5.90275212570039,-3.72177388368825,-0.111196079982599));
#6269=CARTESIAN_POINT('Ctrl Pts',(-5.13848551735992,-3.78098057304995,-2.90702834756495));
#6270=CARTESIAN_POINT('Ctrl Pts',(-3.13573136435937,-3.84018726241164,-5.00220311825068));
#6271=CARTESIAN_POINT('Ctrl Pts',(-0.377197278723243,-3.89939395177334,
-5.89173738710304));
#6272=CARTESIAN_POINT('Ctrl Pts',(2.47224961186294,-3.95860064113504,-5.36123391415703));
#6273=CARTESIAN_POINT('Ctrl Pts',(4.72583020269234,-4.01780733049674,-3.53855565464));
#6274=CARTESIAN_POINT('Ctrl Pts',(5.84038221702007,-4.07701401985844,-0.863007986509797));
#6275=CARTESIAN_POINT('Ctrl Pts',(5.54727421023908,-4.13622070922013,2.02054350660417));
#6276=CARTESIAN_POINT('Ctrl Pts',(3.91715163117123,-4.19542739858183,4.41709976388088));
#6277=CARTESIAN_POINT('Ctrl Pts',(1.34290972173634,-4.25463408794353,5.74903824173487));
#6278=CARTESIAN_POINT('Ctrl Pts',(-1.5550028409201,-4.31384077730523,5.69533259699504));
#6279=CARTESIAN_POINT('Ctrl Pts',(-4.07812566370392,-4.37304746666692,4.26892706621974));
#6280=CARTESIAN_POINT('Ctrl Pts',(-5.61833088888185,-4.43225415602862,1.81361662120193));
#6281=CARTESIAN_POINT('Ctrl Pts',(-5.80439532604913,-4.49146084539032,-1.07881514848608));
#6282=CARTESIAN_POINT('Ctrl Pts',(-4.59147337095959,-4.55066753475202,-3.71122884088718));
#6283=CARTESIAN_POINT('Ctrl Pts',(-2.27190577828666,-4.60987422411371,-5.44915510517471));
#6284=CARTESIAN_POINT('Ctrl Pts',(0.595240862637655,-4.66908091347542,-5.87371565034522));
#6285=CARTESIAN_POINT('Ctrl Pts',(3.31892141964309,-4.72828760283711,-4.88258208695954));
#6286=CARTESIAN_POINT('Ctrl Pts',(5.24266922875095,-4.78749429219881,-2.71463931003214));
#6287=CARTESIAN_POINT('Ctrl Pts',(5.90281893708675,-4.84670098156051,0.107590992346306));
#6288=CARTESIAN_POINT('Ctrl Pts',(5.14026000738753,-4.90590767092221,2.90388950928168));
#6289=CARTESIAN_POINT('Ctrl Pts',(3.13878584206952,-4.9651143602839,5.00028705808855));
#6290=CARTESIAN_POINT('Ctrl Pts',(0.380795548093447,-5.0243210496456,5.89150591752365));
#6291=CARTESIAN_POINT('Ctrl Pts',(-2.46897481255448,-5.0835277390073,5.3627428243983));
#6292=CARTESIAN_POINT('Ctrl Pts',(-4.72366817179846,-5.14273442836899,3.54144126428804));
#6293=CARTESIAN_POINT('Ctrl Pts',(-5.83985405133558,-5.2019411177307,0.866574800443352));
#6294=CARTESIAN_POINT('Ctrl Pts',(-5.54850720926098,-5.26114780709239,-2.01715516865782));
#6295=CARTESIAN_POINT('Ctrl Pts',(-3.91984861513203,-5.3203544964541,-4.41470656557278));
#6296=CARTESIAN_POINT('Ctrl Pts',(-1.34642065843642,-5.37956118581579,-5.74821699626933));
#6297=CARTESIAN_POINT('Ctrl Pts',(1.55152416411643,-5.43876787517749,-5.69628124251487));
#6298=CARTESIAN_POINT('Ctrl Pts',(4.07551768409082,-5.49797456453919,-4.27141695837891));
#6299=CARTESIAN_POINT('Ctrl Pts',(5.61722218666193,-5.55718125390088,-1.81704764146043));
#6300=CARTESIAN_POINT('Ctrl Pts',(5.8050531227384,-5.61638794326258,1.07526995115135));
#6301=CARTESIAN_POINT('Ctrl Pts',(4.59373912314996,-5.67559463262428,3.70842393667517));
#6302=CARTESIAN_POINT('Ctrl Pts',(2.27523339007929,-5.73480132198598,5.44776653742909));
#6303=CARTESIAN_POINT('Ctrl Pts',(-0.591653418560834,-5.79400801134767,
5.8740780943029));
#6304=CARTESIAN_POINT('Ctrl Pts',(-3.31593879587113,-5.85321470070937,4.88460818568906));
#6305=CARTESIAN_POINT('Ctrl Pts',(-5.2410103029336,-5.91242139007107,2.71784072936729));
#6306=CARTESIAN_POINT('Ctrl Pts',(-5.90288354667717,-5.97162807943277,-0.103985864577744));
#6307=CARTESIAN_POINT('Ctrl Pts',(-5.14203258005945,-6.03083476879447,-2.90074958782573));
#6308=CARTESIAN_POINT('Ctrl Pts',(-3.14183914898889,-6.09004145815617,-4.99836913278168));
#6309=CARTESIAN_POINT('Ctrl Pts',(-0.384393675424035,-6.14924814751787,
-5.89127225036816));
#6310=CARTESIAN_POINT('Ctrl Pts',(2.46569909229985,-6.20845483687956,-5.36424973429608));
#6311=CARTESIAN_POINT('Ctrl Pts',(4.72150437894079,-6.26766152624126,-3.54432555295177));
#6312=CARTESIAN_POINT('Ctrl Pts',(5.83932370734151,-6.32686821560295,-0.870141291137961));
#6313=CARTESIAN_POINT('Ctrl Pts',(5.54973813864788,-6.38607490496466,2.01376607829738));
#6314=CARTESIAN_POINT('Ctrl Pts',(3.92254413695977,-6.44528159432635,4.41231172054587));
#6315=CARTESIAN_POINT('Ctrl Pts',(1.34993109291146,-6.50448828368806,5.74739360667554));
#6316=CARTESIAN_POINT('Ctrl Pts',(-1.54804490858256,-6.56369497304975,5.69722776327886));
#6317=CARTESIAN_POINT('Ctrl Pts',(-4.07290818427892,-6.62290166241145,4.27390525726738));
#6318=CARTESIAN_POINT('Ctrl Pts',(-5.6161113891758,-6.68210835177315,1.82047798394646));
#6319=CARTESIAN_POINT('Ctrl Pts',(-5.80570875409913,-6.74131504113484,-1.07172435273282));
#6320=CARTESIAN_POINT('Ctrl Pts',(-4.59600316184101,-6.80052173049655,-3.70561764919309));
#6321=CARTESIAN_POINT('Ctrl Pts',(-2.27856015319273,-6.85972841985823,-5.44637593762552));
#6322=CARTESIAN_POINT('Ctrl Pts',(0.588065753792849,-6.91893510921994,-5.8744383471852));
#6323=CARTESIAN_POINT('Ctrl Pts',(3.31295493522904,-6.97814179858164,-4.88663246242292));
#6324=CARTESIAN_POINT('Ctrl Pts',(5.23934942217994,-7.03734848794333,-2.72104113492733));
#6325=CARTESIAN_POINT('Ctrl Pts',(5.90294595444754,-7.09655517730503,0.100380698021681));
#6326=CARTESIAN_POINT('Ctrl Pts',(5.14380323471446,-7.15576186666672,2.89760858436831));
#6327=CARTESIAN_POINT('Ctrl Pts',(3.14489128397862,-7.21496855602842,4.99644934304544));
#6328=CARTESIAN_POINT('Ctrl Pts',(0.387991659372925,-7.27417524539013,5.89103638572374));
#6329=CARTESIAN_POINT('Ctrl Pts',(-2.46242245232084,-7.33338193475182,5.36575464328832));
#6330=CARTESIAN_POINT('Ctrl Pts',(-4.71933882492638,-7.39258862411352,3.5472085195554));
#6331=CARTESIAN_POINT('Ctrl Pts',(-5.83879118523572,-7.45179531347522,0.873707457263338));
#6332=CARTESIAN_POINT('Ctrl Pts',(-5.55096699794064,-7.51100200283692,-2.01037623678697));
#6333=CARTESIAN_POINT('Ctrl Pts',(-3.92523819564903,-7.57020869219861,-4.40991522969341));
#6334=CARTESIAN_POINT('Ctrl Pts',(-1.3534410238521,-7.62941538156031,-5.7465680732606));
#6335=CARTESIAN_POINT('Ctrl Pts',(1.5445650756162,-7.68862207092201,-5.69817215893401));
#6336=CARTESIAN_POINT('Ctrl Pts',(4.07029716524151,-7.74782876028371,-4.27639196195704));
#6337=CARTESIAN_POINT('Ctrl Pts',(5.61499849683779,-7.80703544964541,-1.82390764738057));
#6338=CARTESIAN_POINT('Ctrl Pts',(5.80636221988678,-7.86624213900711,1.06817835455298));
#6339=CARTESIAN_POINT('Ctrl Pts',(4.59826548618827,-7.9254488283688,3.70280997948769));
#6340=CARTESIAN_POINT('Ctrl Pts',(2.28188606638607,-7.9846555177305,5.44498330628268));
#6341=CARTESIAN_POINT('Ctrl Pts',(-0.584477869671909,-8.0438622070922,5.87479640885773));
#6342=CARTESIAN_POINT('Ctrl Pts',(-3.30996983882979,-8.1030688964539,4.88865491640605));
#6343=CARTESIAN_POINT('Ctrl Pts',(-5.23768658710947,-8.16227558581559,2.72424052551853));
#6344=CARTESIAN_POINT('Ctrl Pts',(-5.9030061603746,-8.2214822751773,-0.0967754940228756));
#6345=CARTESIAN_POINT('Ctrl Pts',(-5.14557197069211,-8.28068896453898,-2.89446650008108));
#6346=CARTESIAN_POINT('Ctrl Pts',(-3.14794224590018,-8.33989565390071,-4.99452768959597));
#6347=CARTESIAN_POINT('Ctrl Pts',(-0.391589498597961,-8.39910234326237,
-5.89079832367835));
#6348=CARTESIAN_POINT('Ctrl Pts',(2.45914489383974,-8.4583090326241,-5.36725755081362));
#6349=CARTESIAN_POINT('Ctrl Pts',(4.71717151056306,-8.51751572198578,-3.55009016302349));
#6350=CARTESIAN_POINT('Ctrl Pts',(5.83825648521683,-8.57672241134748,-0.877273297489208));
#6351=CARTESIAN_POINT('Ctrl Pts',(5.55219378668088,-8.63592910070917,2.00698564539114));
#6352=CARTESIAN_POINT('Ctrl Pts',(3.92793079019483,-8.69513579007089,4.40751709390939));
#6353=CARTESIAN_POINT('Ctrl Pts',(1.35695044994893,-8.75434247943257,5.74574039633251));
#6354=CARTESIAN_POINT('Ctrl Pts',(-1.54108466651555,-8.81354916879429,5.69911442912797));
#6355=CARTESIAN_POINT('Ctrl Pts',(-4.06768462795273,-8.87275585815597,4.27887707152017));
#6356=CARTESIAN_POINT('Ctrl Pts',(-5.61388351006308,-8.93196254751768,1.82733663048322));
#6357=CARTESIAN_POINT('Ctrl Pts',(-5.80701351985753,-8.99116923687936,-1.06463195793467));
#6358=CARTESIAN_POINT('Ctrl Pts',(-4.60052609534783,-9.05037592624108,-3.70000092860632));
#6359=CARTESIAN_POINT('Ctrl Pts',(-2.2852111284187,-9.10958261560276,-5.44358864392004));
#6360=CARTESIAN_POINT('Ctrl Pts',(0.580889767536312,-9.16878930496447,-5.87515227918694));
#6361=CARTESIAN_POINT('Ctrl Pts',(3.30698350778686,-9.22799599432616,-4.89067554688406));
#6362=CARTESIAN_POINT('Ctrl Pts',(5.23602179834243,-9.28720268368786,-2.72743889994749));
#6363=CARTESIAN_POINT('Ctrl Pts',(5.9030641644359,-9.34640937304956,0.0931702539260827));
#6364=CARTESIAN_POINT('Ctrl Pts',(5.14733878733264,-9.40561606241126,2.89132333613604));
#6365=CARTESIAN_POINT('Ctrl Pts',(3.15099203361557,-9.46482275177294,4.99260417315004));
#6366=CARTESIAN_POINT('Ctrl Pts',(0.395187191757157,-9.52402944113466,5.89055806432082));
#6367=CARTESIAN_POINT('Ctrl Pts',(-2.45586641807906,-9.58323613049634,5.36875845631141));
#6368=CARTESIAN_POINT('Ctrl Pts',(-4.71500243665924,-9.64244281985805,3.55297048228121));
#6369=CARTESIAN_POINT('Ctrl Pts',(-5.83771960748425,-9.70164950921974,0.880838810485513));
#6370=CARTESIAN_POINT('Ctrl Pts',(-5.55341850441106,-9.76085619858144,-2.00359430537451));
#6371=CARTESIAN_POINT('Ctrl Pts',(-3.93062191959273,-9.82006288794314,-4.40511731408834));
#6372=CARTESIAN_POINT('Ctrl Pts',(-1.36045936989328,-9.87926957730483,-5.74491057619982));
#6373=CARTESIAN_POINT('Ctrl Pts',(1.53760368257899,-9.93847626666655,-5.70005457350959));
#6374=CARTESIAN_POINT('Ctrl Pts',(4.0650705733861,-9.99768295602822,-4.28136058502951));
#6375=CARTESIAN_POINT('Ctrl Pts',(5.6127664292689,-10.0568896453899,-1.83076493197661));
#6376=CARTESIAN_POINT('Ctrl Pts',(5.80766265376579,-10.1160963347516,1.06108516420242));
#6377=CARTESIAN_POINT('Ctrl Pts',(4.60278498848173,-10.1753030241133,3.6971904975931));
#6378=CARTESIAN_POINT('Ctrl Pts',(2.28853533804027,-10.234509713475,5.44219195106475));
#6379=CARTESIAN_POINT('Ctrl Pts',(-0.577301448704938,-10.2937164028367,
5.87550595802669));
#6380=CARTESIAN_POINT('Ctrl Pts',(-3.30399594325191,-10.3529230921984,4.89269435312914));
#6381=CARTESIAN_POINT('Ctrl Pts',(-5.23435505642683,-10.4121297815601,2.73063625697109));
#6382=CARTESIAN_POINT('Ctrl Pts',(-5.90311996675091,-10.4713364709218,-0.0895649789792174));
#6383=CARTESIAN_POINT('Ctrl Pts',(-5.14910368370412,-10.5305431602835,-2.88817909389291));
#6384=CARTESIAN_POINT('Ctrl Pts',(-3.15404064651485,-10.5897498496452,-4.99067879406297));
#6385=CARTESIAN_POINT('Ctrl Pts',(-0.398784736488259,-10.6489565390069,
-5.89031560844102));
#6386=CARTESIAN_POINT('Ctrl Pts',(2.45258702428887,-10.7081632283686,-5.37025735786781));
#6387=CARTESIAN_POINT('Ctrl Pts',(4.7128316078386,-10.7673699177303,-3.55584947887234));
#6388=CARTESIAN_POINT('Ctrl Pts',(5.83718054486239,-10.826576607092,-0.884403989859861));
#6389=CARTESIAN_POINT('Ctrl Pts',(5.55464116493616,-10.8857832964537,2.00020220821346));
#6390=CARTESIAN_POINT('Ctrl Pts',(3.93331155526258,-10.9449899858154,4.40271591005249));
#6391=CARTESIAN_POINT('Ctrl Pts',(1.36396783569735,-11.0041966751771,5.74407857657502));
#6392=CARTESIAN_POINT('Ctrl Pts',(-1.53412222820589,-11.0634033645388,5.70099266249151));
#6393=CARTESIAN_POINT('Ctrl Pts',(-4.06245480316301,-11.1226100539005,4.28384236473184));
#6394=CARTESIAN_POINT('Ctrl Pts',(-5.61164764033876,-11.1818167432622,1.8341928151475));
#6395=CARTESIAN_POINT('Ctrl Pts',(-5.80830887603789,-11.2410234326239,-1.05753848623844));
#6396=CARTESIAN_POINT('Ctrl Pts',(-4.60504360590694,-11.3002301219856,-3.69437769835468));
#6397=CARTESIAN_POINT('Ctrl Pts',(-2.291855907409,-11.3594368113473,-5.44079514082624));
#6398=CARTESIAN_POINT('Ctrl Pts',(0.573707526370883,-11.418643500709,-5.87585374707624));
#6399=CARTESIAN_POINT('Ctrl Pts',(3.30101756498814,-11.4778501900707,-4.89471848532497));
#6400=CARTESIAN_POINT('Ctrl Pts',(5.23266621443212,-11.5370568794324,-2.73381876627849));
#6401=CARTESIAN_POINT('Ctrl Pts',(5.90321254609021,-11.5962635687941,0.0859329093943552));
#6402=CARTESIAN_POINT('Ctrl Pts',(5.15079107775936,-11.6554702581558,2.8850857276789));
#6403=CARTESIAN_POINT('Ctrl Pts',(3.15723629640662,-11.7146769475175,4.98864907003367));
#6404=CARTESIAN_POINT('Ctrl Pts',(0.402075413868785,-11.7738836368792,5.89028882408111));
#6405=CARTESIAN_POINT('Ctrl Pts',(-1.49832292771224,-11.8133547631203,5.54419607707821));
#6406=CARTESIAN_POINT('Ctrl Pts',(-2.35072013404431,-11.8330903262409,5.15553678542236));
#6407=CARTESIAN_POINT('Ctrl Pts',(-2.44266847677966,-0.666909673759126,
5.27166378412212));
#6408=CARTESIAN_POINT('Ctrl Pts',(-3.31426568757126,-0.686645236879692,
4.86780209672426));
#6409=CARTESIAN_POINT('Ctrl Pts',(-4.85246772932722,-0.726116363120825,
3.61993183616156));
#6410=CARTESIAN_POINT('Ctrl Pts',(-5.99035437882823,-0.785323052482521,
0.873769812598258));
#6411=CARTESIAN_POINT('Ctrl Pts',(-5.68435538139858,-0.844529741844221,
-2.08218894410733));
#6412=CARTESIAN_POINT('Ctrl Pts',(-4.00834429778791,-0.903736431205917,
-4.5366910198124));
#6413=CARTESIAN_POINT('Ctrl Pts',(-1.3662125860588,-0.962943120567617,-5.89754799412014));
#6414=CARTESIAN_POINT('Ctrl Pts',(1.60519495760376,-1.02214980992931,-5.83707165062587));
#6415=CARTESIAN_POINT('Ctrl Pts',(4.18972121873715,-1.08135649929101,-4.3696789687543));
#6416=CARTESIAN_POINT('Ctrl Pts',(5.76442988044676,-1.14056318865271,-1.84912600528329));
#6417=CARTESIAN_POINT('Ctrl Pts',(5.94978626412017,-1.19976987801441,1.11712132743819));
#6418=CARTESIAN_POINT('Ctrl Pts',(4.701113045147,-1.2589765673761,3.8141104530424));
#6419=CARTESIAN_POINT('Ctrl Pts',(2.31936904496809,-1.3181832567378,5.59181930858517));
#6420=CARTESIAN_POINT('Ctrl Pts',(-0.621393906900004,-1.3773899460995,6.02177524108337));
#6421=CARTESIAN_POINT('Ctrl Pts',(-3.41238720634642,-1.4365966354612,5.00035249880236));
#6422=CARTESIAN_POINT('Ctrl Pts',(-5.38092051432141,-1.4958033248229,2.77373475782584));
#6423=CARTESIAN_POINT('Ctrl Pts',(-6.05253410396486,-1.5550100141846,-0.121413528178257));
#6424=CARTESIAN_POINT('Ctrl Pts',(-5.265354437034,-1.6142167035463,-2.98729863842989));
#6425=CARTESIAN_POINT('Ctrl Pts',(-3.20910902930159,-1.67342339290799,-5.13317927949548));
#6426=CARTESIAN_POINT('Ctrl Pts',(-0.379398068827641,-1.73263008226969,
-6.04185133382921));
#6427=CARTESIAN_POINT('Ctrl Pts',(2.54175613735423,-1.79183677163139,-5.49430487778906));
#6428=CARTESIAN_POINT('Ctrl Pts',(4.85029144780496,-1.85104346099309,-3.62251062890224));
#6429=CARTESIAN_POINT('Ctrl Pts',(5.98980029650226,-1.91025015035478,-0.877611978645071));
#6430=CARTESIAN_POINT('Ctrl Pts',(5.68563609432075,-1.96945683971648,2.07881037578727));
#6431=CARTESIAN_POINT('Ctrl Pts',(4.01110907575911,-2.02866352907818,4.53419390426101));
#6432=CARTESIAN_POINT('Ctrl Pts',(1.3698169248982,-2.08787021843988,5.89673740033524));
#6433=CARTESIAN_POINT('Ctrl Pts',(-1.60163110438424,-2.14707690780157,5.83803804229973));
#6434=CARTESIAN_POINT('Ctrl Pts',(-4.18705096114197,-2.20628359716328,4.37224366040501));
#6435=CARTESIAN_POINT('Ctrl Pts',(-5.76329983809085,-2.26549028652497,1.85264280249427));
#6436=CARTESIAN_POINT('Ctrl Pts',(-5.95046723539487,-2.32469697588667,-1.11348554452037));
#6437=CARTESIAN_POINT('Ctrl Pts',(-4.70344171125111,-2.38390366524837,-3.81123948948049));
#6438=CARTESIAN_POINT('Ctrl Pts',(-2.3227837273618,-2.44311035461007,-5.59040124975519));
#6439=CARTESIAN_POINT('Ctrl Pts',(0.617716004755034,-2.50231704397176,-6.0221538767122));
#6440=CARTESIAN_POINT('Ctrl Pts',(3.40933265148734,-2.56152373333346,-5.0024355317033));
#6441=CARTESIAN_POINT('Ctrl Pts',(5.37922546340411,-2.62073042269516,-2.77702066812704));
#6442=CARTESIAN_POINT('Ctrl Pts',(6.05260713135882,-2.67993711205686,0.117716994377904));
#6443=CARTESIAN_POINT('Ctrl Pts',(5.26717792603504,-2.73914380141855,2.98408228318701));
#6444=CARTESIAN_POINT('Ctrl Pts',(3.21224348714302,-2.79835049078026,5.13121838910097));
#6445=CARTESIAN_POINT('Ctrl Pts',(0.383088018377169,-2.85755718014195,6.04161848741851));
#6446=CARTESIAN_POINT('Ctrl Pts',(-2.53840005260496,-2.91676386950365,5.49585621630297));
#6447=CARTESIAN_POINT('Ctrl Pts',(-4.84807811888928,-2.97597055886535,3.62547223551472));
#6448=CARTESIAN_POINT('Ctrl Pts',(-5.98926318358807,-3.03517724822705,0.881270046613081));
#6449=CARTESIAN_POINT('Ctrl Pts',(-5.68690465368002,-3.09438393758874,-2.07533752370394));
#6450=CARTESIAN_POINT('Ctrl Pts',(-4.01387755665085,-3.15359062695044,-4.53174330005083));
#6451=CARTESIAN_POINT('Ctrl Pts',(-1.37341806287597,-3.21279731631214,-5.89589969401677));
#6452=CARTESIAN_POINT('Ctrl Pts',(1.59806526248054,-3.27200400567384,-5.8390151390619));
#6453=CARTESIAN_POINT('Ctrl Pts',(4.18437986128334,-3.33121069503553,-4.37480005872582));
#6454=CARTESIAN_POINT('Ctrl Pts',(5.7621672738524,-3.39041738439723,-1.85616235429058));
#6455=CARTESIAN_POINT('Ctrl Pts',(5.95114617955601,-3.44962407375893,1.10985112825854));
#6456=CARTESIAN_POINT('Ctrl Pts',(4.70576852340281,-3.50883076312063,3.80836618269468));
#6457=CARTESIAN_POINT('Ctrl Pts',(2.32619759481583,-3.56803745248233,5.58898158229333));
#6458=CARTESIAN_POINT('Ctrl Pts',(-0.614037898819453,-3.62724414184403,
6.0225300195312));
#6459=CARTESIAN_POINT('Ctrl Pts',(-3.40627681115314,-3.68645083120572,5.00451682614231));
#6460=CARTESIAN_POINT('Ctrl Pts',(-5.37752841311581,-3.74565752056742,2.78030547664698));
#6461=CARTESIAN_POINT('Ctrl Pts',(-6.05267789740208,-3.80486420992912,-0.114020382570015));
#6462=CARTESIAN_POINT('Ctrl Pts',(-5.2689994522436,-3.86407089929082,-2.98086483249369));
#6463=CARTESIAN_POINT('Ctrl Pts',(-3.21537674580846,-3.92327758865251,-5.12925557560307));
#6464=CARTESIAN_POINT('Ctrl Pts',(-0.386777825541432,-3.98248427801421,
-6.04138339215536));
#6465=CARTESIAN_POINT('Ctrl Pts',(2.53504302127681,-4.04169096737591,-5.49740550238172));
#6466=CARTESIAN_POINT('Ctrl Pts',(4.84586298146767,-4.10089765673761,-3.62843249106033));
#6467=CARTESIAN_POINT('Ctrl Pts',(5.98872383670406,-4.16010434609931,-0.884927785208264));
#6468=CARTESIAN_POINT('Ctrl Pts',(5.68817109174455,-4.21931103546101,2.07186389716665));
#6469=CARTESIAN_POINT('Ctrl Pts',(4.01664454035488,-4.2785177248227,4.52929100564076));
#6470=CARTESIAN_POINT('Ctrl Pts',(1.3770186885487,-4.3377244141844,5.89505978839304));
#6471=CARTESIAN_POINT('Ctrl Pts',(-1.59449882448142,-4.3969311035461,5.8399900578741));
#6472=CARTESIAN_POINT('Ctrl Pts',(-4.18170720062211,-4.4561377929078,4.37735482518908));
#6473=CARTESIAN_POINT('Ctrl Pts',(-5.76103256028078,-4.5153444822695,1.85968121373681));
#6474=CARTESIAN_POINT('Ctrl Pts',(-5.95182290389551,-4.57455117163119,-1.10621629802038));
#6475=CARTESIAN_POINT('Ctrl Pts',(-4.708093580267,-4.63375786099289,-3.80549145535628));
#6476=CARTESIAN_POINT('Ctrl Pts',(-2.32961059458077,-4.69296455035459,-5.58755983010097));
#6477=CARTESIAN_POINT('Ctrl Pts',(0.610359563843266,-4.75217123971629,-6.02290391590021));
#6478=CARTESIAN_POINT('Ctrl Pts',(3.40321970025201,-4.81137792907799,-5.00659625385927));
#6479=CARTESIAN_POINT('Ctrl Pts',(5.37582935696893,-4.87058461843968,-2.78358924809176));
#6480=CARTESIAN_POINT('Ctrl Pts',(6.05274640575087,-4.92979130780139,0.110323728231547));
#6481=CARTESIAN_POINT('Ctrl Pts',(5.27081901307567,-4.98899799716307,2.9776462699154));
#6482=CARTESIAN_POINT('Ctrl Pts',(3.21850880511411,-5.04820468652478,5.12729084885418));
#6483=CARTESIAN_POINT('Ctrl Pts',(0.390467488434633,-5.10741137588647,6.04114604341068));
#6484=CARTESIAN_POINT('Ctrl Pts',(-2.53168504435848,-5.16661806524817,5.49895273788679));
#6485=CARTESIAN_POINT('Ctrl Pts',(-4.84364603650264,-5.22582475460987,3.63139139317333));
#6486=CARTESIAN_POINT('Ctrl Pts',(-5.98818225598093,-5.28503144397158,0.888585193718737));
#6487=CARTESIAN_POINT('Ctrl Pts',(-5.68943540807843,-5.34423813333326,-2.06838949780849));
#6488=CARTESIAN_POINT('Ctrl Pts',(-4.01941002582022,-5.40344482269497,-4.52683702177103));
#6489=CARTESIAN_POINT('Ctrl Pts',(-1.3806188005831,-5.46265151205666,-5.8942176838676));
#6490=CARTESIAN_POINT('Ctrl Pts',(1.59093179172223,-5.52185820141837,-5.84096279832602));
#6491=CARTESIAN_POINT('Ctrl Pts',(4.17903298015259,-5.58106489078006,-4.37990795886603));
#6492=CARTESIAN_POINT('Ctrl Pts',(5.75989569780063,-5.64027158014176,-1.86319937950794));
#6493=CARTESIAN_POINT('Ctrl Pts',(5.9524974081602,-5.69947826950346,1.10258105515519));
#6494=CARTESIAN_POINT('Ctrl Pts',(4.71041688097683,-5.75868495886515,3.80261530854089));
#6495=CARTESIAN_POINT('Ctrl Pts',(2.3330227253834,-5.81789164822686,5.5861359937067));
#6496=CARTESIAN_POINT('Ctrl Pts',(-0.606681001198329,-5.87709833758855,
6.02327556568069));
#6497=CARTESIAN_POINT('Ctrl Pts',(-3.40016131992426,-5.93630502695025,5.00867381407812));
#6498=CARTESIAN_POINT('Ctrl Pts',(-5.37412829559716,-5.99551171631194,2.78687198123684));
#6499=CARTESIAN_POINT('Ctrl Pts',(-6.05281265637967,-6.05471840567366,-0.106627032741477));
#6500=CARTESIAN_POINT('Ctrl Pts',(-5.27263660785253,-6.11392509503533,-2.9744265966526));
#6501=CARTESIAN_POINT('Ctrl Pts',(-3.22163966389175,-6.17313178439705,-5.12532420958719));
#6502=CARTESIAN_POINT('Ctrl Pts',(-0.394157005680498,-6.23233847375873,
-6.04090644127303));
#6503=CARTESIAN_POINT('Ctrl Pts',(2.52832612310258,-6.29154516312044,-5.50049792224105));
#6504=CARTESIAN_POINT('Ctrl Pts',(4.84142728482117,-6.35075185248213,-3.63434894074994));
#6505=CARTESIAN_POINT('Ctrl Pts',(5.9876384416207,-6.40995854184384,-0.892242270780221));
#6506=CARTESIAN_POINT('Ctrl Pts',(5.69069760221003,-6.46916523120553,2.06491432692547));
#6507=CARTESIAN_POINT('Ctrl Pts',(4.02217401201536,-6.52837192056723,4.52438134935698));
#6508=CARTESIAN_POINT('Ctrl Pts',(1.38421839763627,-6.58757860992893,5.89337338075455));
#6509=CARTESIAN_POINT('Ctrl Pts',(-1.58736416553349,-6.64678529929062,5.8419333600548));
#6510=CARTESIAN_POINT('Ctrl Pts',(-4.17635720087228,-6.70599198865232,4.38245945880429));
#6511=CARTESIAN_POINT('Ctrl Pts',(-5.75875668683598,-6.76519867801403,1.86671685029167));
#6512=CARTESIAN_POINT('Ctrl Pts',(-5.95316969209851,-6.82440536737572,-1.09894540101898));
#6513=CARTESIAN_POINT('Ctrl Pts',(-4.71273842466567,-6.88361205673742,-3.79973774332134));
#6514=CARTESIAN_POINT('Ctrl Pts',(-2.33643398595099,-6.94281874609912,-5.58471007364162));
#6515=CARTESIAN_POINT('Ctrl Pts',(0.603002212256828,-7.00202543546081,-6.023644968734));
#6516=CARTESIAN_POINT('Ctrl Pts',(3.39710167131074,-7.06123212482251,-5.0107495060239));
#6517=CARTESIAN_POINT('Ctrl Pts',(5.37242522963508,-7.12043881418421,-2.79015367485762));
#6518=CARTESIAN_POINT('Ctrl Pts',(6.05287664926371,-7.1796455035459,0.102930297478731));
#6519=CARTESIAN_POINT('Ctrl Pts',(5.27445223589622,-7.23885219290761,2.97120581390626));
#6520=CARTESIAN_POINT('Ctrl Pts',(3.22476932097353,-7.2980588822693,5.12335565853561));
#6521=CARTESIAN_POINT('Ctrl Pts',(0.397846375902882,-7.35726557163101,6.04066458583176));
#6522=CARTESIAN_POINT('Ctrl Pts',(-2.52496625876196,-7.41647226099269,5.50204105486815));
#6523=CARTESIAN_POINT('Ctrl Pts',(-4.83920672725081,-7.4756789503544,3.63730513268704));
#6524=CARTESIAN_POINT('Ctrl Pts',(-5.98709239382621,-7.53488563971609,0.895899015028649));
#6525=CARTESIAN_POINT('Ctrl Pts',(-5.69195767366856,-7.59409232907779,-2.06143838581381));
#6526=CARTESIAN_POINT('Ctrl Pts',(-4.02493649790933,-7.6532990184395,-4.52192398931455));
#6527=CARTESIAN_POINT('Ctrl Pts',(-1.38781747836564,-7.71250570780118,-5.8925268793688));
#6528=CARTESIAN_POINT('Ctrl Pts',(1.58379594724587,-7.77171239716289,-5.84290174269845));
#6529=CARTESIAN_POINT('Ctrl Pts',(4.1736798637792,-7.83091908652459,-4.38500932405223));
#6530=CARTESIAN_POINT('Ctrl Pts',(5.75761552781168,-7.89012577588628,-1.87023362477603));
#6531=CARTESIAN_POINT('Ctrl Pts',(5.95383975545969,-7.94933246524798,1.09530933696778));
#6532=CARTESIAN_POINT('Ctrl Pts',(4.71505821046759,-8.00853915460968,3.79685876077097));
#6533=CARTESIAN_POINT('Ctrl Pts',(2.33984437501109,-8.06774584397138,5.5832820704376));
#6534=CARTESIAN_POINT('Ctrl Pts',(-0.599323198390949,-8.12695253333307,
6.02401212492235));
#6535=CARTESIAN_POINT('Ctrl Pts',(-3.39404075555271,-8.18615922269478,5.01282332892235));
#6536=CARTESIAN_POINT('Ctrl Pts',(-5.3707201597179,-8.24536591205647,2.79343432773007));
#6537=CARTESIAN_POINT('Ctrl Pts',(-6.05293838437918,-8.30457260141817,-0.0992335238222238));
#6538=CARTESIAN_POINT('Ctrl Pts',(-5.27626589652948,-8.36377929077987,-2.96798392287779));
#6539=CARTESIAN_POINT('Ctrl Pts',(-3.22789777519203,-8.42298598014155,-5.12138519643381));
#6540=CARTESIAN_POINT('Ctrl Pts',(-0.401535597725524,-8.48219266950327,
-6.04042047717708));
#6541=CARTESIAN_POINT('Ctrl Pts',(2.52160545258993,-8.54139935886496,-5.50358213519248));
#6542=CARTESIAN_POINT('Ctrl Pts',(4.83698436461991,-8.60060604822665,-3.64025996788189));
#6543=CARTESIAN_POINT('Ctrl Pts',(5.98654411280116,-8.65981273758836,-0.89955542509995));
#6544=CARTESIAN_POINT('Ctrl Pts',(5.69321562198397,-8.71901942695005,2.05796167577015));
#6545=CARTESIAN_POINT('Ctrl Pts',(4.0276974824716,-8.77822611631176,4.51946494256045));
#6546=CARTESIAN_POINT('Ctrl Pts',(1.39141604142852,-8.83743280567345,5.89167818002618));
#6547=CARTESIAN_POINT('Ctrl Pts',(-1.58022713819058,-8.89663949503515,5.84386794589569));
#6548=CARTESIAN_POINT('Ctrl Pts',(-4.17100096987221,-8.95584618439686,4.38755755365854));
#6549=CARTESIAN_POINT('Ctrl Pts',(-5.75647222115345,-9.01505287375854,1.87374970164898));
#6550=CARTESIAN_POINT('Ctrl Pts',(-5.95450759799375,-9.07425956312024,-1.09167286435807));
#6551=CARTESIAN_POINT('Ctrl Pts',(-4.71737623751723,-9.13346625248196,-3.79397836196371));
#6552=CARTESIAN_POINT('Ctrl Pts',(-2.3432538912916,-9.19267294184362,-5.5818519846273));
#6553=CARTESIAN_POINT('Ctrl Pts',(0.595643960973006,-9.25187963120536,-6.02437703410879));
#6554=CARTESIAN_POINT('Ctrl Pts',(3.39097857379191,-9.31108632056702,-5.01489528199993));
#6555=CARTESIAN_POINT('Ctrl Pts',(5.36901308648164,-9.37029300992875,-2.79671393863046));
#6556=CARTESIAN_POINT('Ctrl Pts',(6.05299786170302,-9.42949969929043,0.0955367131508592));
#6557=CARTESIAN_POINT('Ctrl Pts',(5.27807758907579,-9.48870638865213,2.96476092476896));
#6558=CARTESIAN_POINT('Ctrl Pts',(3.23102502538035,-9.54791307801382,5.11941282401672));
#6559=CARTESIAN_POINT('Ctrl Pts',(0.405224669772357,-9.60711976737553,6.04017411540007));
#6560=CARTESIAN_POINT('Ctrl Pts',(-2.51824370584007,-9.66632645673723,5.50512116263918));
#6561=CARTESIAN_POINT('Ctrl Pts',(-4.83476019775742,-9.72553314609892,3.64321344523237));
#6562=CARTESIAN_POINT('Ctrl Pts',(-5.98599359875003,-9.78473983546062,0.903211499630277));
#6563=CARTESIAN_POINT('Ctrl Pts',(-5.69447144668711,-9.84394652482232,-2.05448419809123));
#6564=CARTESIAN_POINT('Ctrl Pts',(-4.03045696467226,-9.90315321418402,-4.51700421001195));
#6565=CARTESIAN_POINT('Ctrl Pts',(-1.39501408548298,-9.96235990354571,-5.89082728304302));
#6566=CARTESIAN_POINT('Ctrl Pts',(1.57665773969892,-10.0215665929074,-5.84483196928644));
#6567=CARTESIAN_POINT('Ctrl Pts',(4.1683205201496,-10.0807732822691,-4.3901041466724));
#6568=CARTESIAN_POINT('Ctrl Pts',(5.75532676728912,-10.1399799716308,-1.87726507960028));
#6569=CARTESIAN_POINT('Ctrl Pts',(5.95517321944886,-10.1991866609925,1.08803598454799));
#6570=CARTESIAN_POINT('Ctrl Pts',(4.71969250495536,-10.2583933503542,3.79109654797024));
#6571=CARTESIAN_POINT('Ctrl Pts',(2.34666253351041,-10.3176000397159,5.58041981675126));
#6572=CARTESIAN_POINT('Ctrl Pts',(-0.59196450135536,-10.3768067290776,6.02473969614347));
#6573=CARTESIAN_POINT('Ctrl Pts',(-3.38791512720925,-10.4360134184393,5.01696536451036));
#6574=CARTESIAN_POINT('Ctrl Pts',(-5.3673040104882,-10.495220107801,2.79999250628412));
#6575=CARTESIAN_POINT('Ctrl Pts',(-6.05305508135777,-10.5544267971627,-0.0918398667442571));
#6576=CARTESIAN_POINT('Ctrl Pts',(-5.27988731257957,-10.6136334865244,-2.96153682097402));
#6577=CARTESIAN_POINT('Ctrl Pts',(-3.23415107091306,-10.6728401758861,-5.11743854164873));
#6578=CARTESIAN_POINT('Ctrl Pts',(-0.408913589621122,-10.7320468652478,
-6.03992550131065));
#6579=CARTESIAN_POINT('Ctrl Pts',(2.51488101774339,-10.7912535546095,-5.50665813524579));
#6580=CARTESIAN_POINT('Ctrl Pts',(4.83253423140446,-10.8504602439712,-3.64616556632143));
#6581=CARTESIAN_POINT('Ctrl Pts',(5.98544084431495,-10.9096669333329,-0.906867232064892));
#6582=CARTESIAN_POINT('Ctrl Pts',(5.69572516193361,-10.9688736226946,2.05100594403698));
#6583=CARTESIAN_POINT('Ctrl Pts',(4.03321491520521,-11.0280803120563,4.51454181199473));
#6584=CARTESIAN_POINT('Ctrl Pts',(1.39861166386234,-11.087287001418,5.88997415121021));
#6585=CARTESIAN_POINT('Ctrl Pts',(-1.57308785882199,-11.1464936907797,5.84579388507178));
#6586=CARTESIAN_POINT('Ctrl Pts',(-4.16563831119403,-11.2057003801414,4.39264896184177));
#6587=CARTESIAN_POINT('Ctrl Pts',(-5.75417956190338,-11.2649070695031,1.88078002860399));
#6588=CARTESIAN_POINT('Ctrl Pts',(-5.95583585531426,-11.3241137588648,-1.08439922344663));
#6589=CARTESIAN_POINT('Ctrl Pts',(-4.72200848968201,-11.3833204482265,-3.78821230560029));
#6590=CARTESIAN_POINT('Ctrl Pts',(-2.3500674430165,-11.4425271375882,-5.57898752851056));
#6591=CARTESIAN_POINT('Ctrl Pts',(0.588279295909985,-11.5017338269499,-6.0250963187914));
#6592=CARTESIAN_POINT('Ctrl Pts',(3.38486110022263,-11.5609405163116,-5.01904090824695));
#6593=CARTESIAN_POINT('Ctrl Pts',(5.36557227308912,-11.6201472056733,-2.80325584909997));
#6594=CARTESIAN_POINT('Ctrl Pts',(6.05315001214747,-11.679353895035,0.0881155451346141));
#6595=CARTESIAN_POINT('Ctrl Pts',(5.28161756526254,-11.7385605843967,2.95836488542371));
#6596=CARTESIAN_POINT('Ctrl Pts',(3.23742788807492,-11.7977672737584,5.11535726405002));
#6597=CARTESIAN_POINT('Ctrl Pts',(0.41228784790344,-11.8569739631201,6.03989803664675));
#6598=CARTESIAN_POINT('Ctrl Pts',(-1.53637928115752,-11.8964450893612,5.68501477615628));
#6599=CARTESIAN_POINT('Ctrl Pts',(-2.41042677979972,-11.9161806524817,5.28648381057789));
#6600=CARTESIAN_POINT('Ctrl Pts',(-2.50317375437748,-0.75,5.40224371492029));
#6601=CARTESIAN_POINT('Ctrl Pts',(-3.39636056346855,-0.769735563120566,
4.98837831079238));
#6602=CARTESIAN_POINT('Ctrl Pts',(-4.97266410873297,-0.809206689361698,
3.70959811003962));
#6603=CARTESIAN_POINT('Ctrl Pts',(-6.13873638729391,-0.868413378723396,
0.895413226581962));
#6604=CARTESIAN_POINT('Ctrl Pts',(-5.82515774716608,-0.927620068085094,
-2.13376508768635));
#6605=CARTESIAN_POINT('Ctrl Pts',(-4.10763160867387,-0.986826757446792,
-4.64906556107279));
#6606=CARTESIAN_POINT('Ctrl Pts',(-1.40005388403394,-1.04603344680849,-6.04363117402068));
#6607=CARTESIAN_POINT('Ctrl Pts',(1.64495588604399,-1.10524013617019,-5.98165682210406));
#6608=CARTESIAN_POINT('Ctrl Pts',(4.2935012641289,-1.16444682553189,-4.47791659556745));
#6609=CARTESIAN_POINT('Ctrl Pts',(5.90721570399393,-1.22365351489358,-1.8949291436652));
#6610=CARTESIAN_POINT('Ctrl Pts',(6.09716339408295,-1.28286020425528,1.14479259624508));
#6611=CARTESIAN_POINT('Ctrl Pts',(4.81756034551518,-1.34206689361698,3.908586561423));
#6612=CARTESIAN_POINT('Ctrl Pts',(2.37682017648743,-1.40127358297868,5.73032954145513));
#6613=CARTESIAN_POINT('Ctrl Pts',(-0.636785930497132,-1.46048027234038,
6.17093554918783));
#6614=CARTESIAN_POINT('Ctrl Pts',(-3.49691256750533,-1.51968696170207,5.12421200691946));
#6615=CARTESIAN_POINT('Ctrl Pts',(-5.51420675129783,-1.57889365106377,2.84244059863085));
#6616=CARTESIAN_POINT('Ctrl Pts',(-6.20245631388078,-1.63810034042547,-0.124420960130799));
#6617=CARTESIAN_POINT('Ctrl Pts',(-5.39577808432475,-1.69730702978717,-3.06129448973104));
#6618=CARTESIAN_POINT('Ctrl Pts',(-3.28859915843922,-1.75651371914887,-5.26032892760277));
#6619=CARTESIAN_POINT('Ctrl Pts',(-0.388795817925708,-1.81572040851056,
-6.19150892986947));
#6620=CARTESIAN_POINT('Ctrl Pts',(2.60471583169611,-1.87492709787226,-5.63039966306096));
#6621=CARTESIAN_POINT('Ctrl Pts',(4.97043392037934,-1.93413378723396,-3.71224077987705));
#6622=CARTESIAN_POINT('Ctrl Pts',(6.13816858026266,-1.99334047659566,-0.899350563678574));
#6623=CARTESIAN_POINT('Ctrl Pts',(5.82647018354626,-2.05254716595736,2.13030283170419));
#6624=CARTESIAN_POINT('Ctrl Pts',(4.11046487062488,-2.11175385531905,4.6465065915813));
#6625=CARTESIAN_POINT('Ctrl Pts',(1.40374750290626,-2.17096054468075,6.04280050170181));
#6626=CARTESIAN_POINT('Ctrl Pts',(-1.64130375562663,-2.23016723404245,5.9826471514498));
#6627=CARTESIAN_POINT('Ctrl Pts',(-4.29076486383832,-2.28937392340415,4.48054481502872));
#6628=CARTESIAN_POINT('Ctrl Pts',(-5.90605767031331,-2.34858061276585,1.89853305248937));
#6629=CARTESIAN_POINT('Ctrl Pts',(-6.09786123312191,-2.40778730212754,-1.14106675441962));
#6630=CARTESIAN_POINT('Ctrl Pts',(-4.8199466930404,-2.46699399148924,-3.90564448364771));
#6631=CARTESIAN_POINT('Ctrl Pts',(-2.38031944109446,-2.52620068085094,-5.72887635708765));
#6632=CARTESIAN_POINT('Ctrl Pts',(0.633016926144733,-2.58540737021264,-6.17132356368001));
#6633=CARTESIAN_POINT('Ctrl Pts',(3.4937823508479,-2.64461405957434,-5.12634663686891));
#6634=CARTESIAN_POINT('Ctrl Pts',(5.51246971370601,-2.70382074893604,-2.84580790144062));
#6635=CARTESIAN_POINT('Ctrl Pts',(6.20253115017461,-2.76302743829773,0.120632862614012));
#6636=CARTESIAN_POINT('Ctrl Pts',(5.3976467414316,-2.82223412765943,3.0579984648692));
#6637=CARTESIAN_POINT('Ctrl Pts',(3.29181125728826,-2.88144081702113,5.25831946564859));
#6638=CARTESIAN_POINT('Ctrl Pts',(0.392577168098756,-2.94064750638283,6.191270315817));
#6639=CARTESIAN_POINT('Ctrl Pts',(-2.6012766162063,-2.99985419574452,5.63198942847084));
#6640=CARTESIAN_POINT('Ctrl Pts',(-4.96816576696261,-3.05906088510623,3.71527574594536));
#6641=CARTESIAN_POINT('Ctrl Pts',(-6.13761816297817,-3.11826757446792,0.903099242558372));
#6642=CARTESIAN_POINT('Ctrl Pts',(-5.8277701653179,-3.17747426382962,-2.12674395653531));
#6643=CARTESIAN_POINT('Ctrl Pts',(-4.11330192721836,-3.23668095319132,-4.64399528552418));
#6644=CARTESIAN_POINT('Ctrl Pts',(-1.40743784163111,-3.29588764255301,-6.0419420452677));
#6645=CARTESIAN_POINT('Ctrl Pts',(1.63764958726508,-3.35509433191471,-5.98364845105055));
#6646=CARTESIAN_POINT('Ctrl Pts',(4.28802760042127,-3.41430102127641,-4.48316453573303));
#6647=CARTESIAN_POINT('Ctrl Pts',(5.90489705228275,-3.47350771063811,-1.90213978413038));
#6648=CARTESIAN_POINT('Ctrl Pts',(6.0985569948354,-3.53271439999981,1.13734231310245));
#6649=CARTESIAN_POINT('Ctrl Pts',(4.82233114069052,-3.5919210893615,3.90270000460648));
#6650=CARTESIAN_POINT('Ctrl Pts',(2.38381787057561,-3.6511277787232,5.72742152424224));
#6651=CARTESIAN_POINT('Ctrl Pts',(-0.629247712953803,-3.7103344680849,6.17170902361505));
#6652=CARTESIAN_POINT('Ctrl Pts',(-3.49065081687394,-3.7695411574466,5.12847948529448));
#6653=CARTESIAN_POINT('Ctrl Pts',(-5.51073062721848,-3.8287478468083,2.84917407517784));
#6654=CARTESIAN_POINT('Ctrl Pts',(-6.20260366910375,-3.88795453616999,-0.116844685157439));
#6655=CARTESIAN_POINT('Ctrl Pts',(-5.39951338712729,-3.94716122553169,-3.05470131742241));
#6656=CARTESIAN_POINT('Ctrl Pts',(-3.29502212725754,-4.00636791489339,-5.25630803295546));
#6657=CARTESIAN_POINT('Ctrl Pts',(-0.396358372359621,-4.06557460425508,
-6.19102939720766));
#6658=CARTESIAN_POINT('Ctrl Pts',(2.59783643069068,-4.12478129361679,-5.63357709060641));
#6659=CARTESIAN_POINT('Ctrl Pts',(4.96589576024299,-4.18398798297848,-3.71830932748066));
#6660=CARTESIAN_POINT('Ctrl Pts',(6.13706545638806,-4.24319467234019,-0.906847583906723));
#6661=CARTESIAN_POINT('Ctrl Pts',(5.82906797325003,-4.30240136170188,2.12318428772912));
#6662=CARTESIAN_POINT('Ctrl Pts',(4.11613744953853,-4.36160805106358,4.64148224740066));
#6663=CARTESIAN_POINT('Ctrl Pts',(1.41112765536106,-4.42081474042528,6.04108133505121));
#6664=CARTESIAN_POINT('Ctrl Pts',(-1.63399480804273,-4.48002142978697,5.98464751875317));
#6665=CARTESIAN_POINT('Ctrl Pts',(-4.28528873754031,-4.53922811914867,4.48578258415843));
#6666=CARTESIAN_POINT('Ctrl Pts',(-5.90373423167972,-4.59843480851037,1.90574580627169));
#6667=CARTESIAN_POINT('Ctrl Pts',(-6.09925048174188,-4.65764149787207,-1.13361744755467));
#6668=CARTESIAN_POINT('Ctrl Pts',(-4.82471378957441,-4.71684818723377,-3.89975406982537));
#6669=CARTESIAN_POINT('Ctrl Pts',(-2.38731541087488,-4.77605487659546,-5.72596455502723));
#6670=CARTESIAN_POINT('Ctrl Pts',(0.625478265048879,-4.83526156595716,-6.17209218145522));
#6671=CARTESIAN_POINT('Ctrl Pts',(3.48751798086094,-4.89446825531886,-5.13061042075898));
#6672=CARTESIAN_POINT('Ctrl Pts',(5.50898948518689,-4.95367494468055,-2.8525391861514));
#6673=CARTESIAN_POINT('Ctrl Pts',(6.20267387441501,-5.01288163404226,0.113056464116801));
#6674=CARTESIAN_POINT('Ctrl Pts',(5.40137801876378,-5.07208832340394,3.0514030305491));
#6675=CARTESIAN_POINT('Ctrl Pts',(3.29823176815873,-5.13129501276566,5.25429463961983));
#6676=CARTESIAN_POINT('Ctrl Pts',(0.400139428775806,-5.19050170212734,6.19078616929771));
#6677=CARTESIAN_POINT('Ctrl Pts',(-2.59439527616248,-5.24970839148906,5.63516265137528));
#6678=CARTESIAN_POINT('Ctrl Pts',(-4.96362390120681,-5.30891508085074,3.72134152205861));
#6679=CARTESIAN_POINT('Ctrl Pts',(-6.13651046062629,-5.36812177021245,0.910595586994121));
#6680=CARTESIAN_POINT('Ctrl Pts',(-5.83036360689589,-5.42732845957414,-2.11962382695917));
#6681=CARTESIAN_POINT('Ctrl Pts',(-4.11897143650843,-5.48653514893584,-4.63896747796929));
#6682=CARTESIAN_POINT('Ctrl Pts',(-1.41481694272976,-5.54574183829753,-6.04021837146587));
#6683=CARTESIAN_POINT('Ctrl Pts',(1.63033941932802,-5.60494852765924,-5.98564435413717));
#6684=CARTESIAN_POINT('Ctrl Pts',(4.28254827621437,-5.66415521702093,-4.48839895935314));
#6685=CARTESIAN_POINT('Ctrl Pts',(5.90256920893933,-5.72336190638263,-1.90935111755546));
#6686=CARTESIAN_POINT('Ctrl Pts',(6.09994169358199,-5.78256859574433,1.12989215915905));
#6687=CARTESIAN_POINT('Ctrl Pts',(4.8270946388037,-5.84177528510603,3.8968066804066));
#6688=CARTESIAN_POINT('Ctrl Pts',(2.39081206068752,-5.90098197446772,5.72450544998432));
#6689=CARTESIAN_POINT('Ctrl Pts',(-0.621708583835825,-5.96018866382944,
6.17247303705847));
#6690=CARTESIAN_POINT('Ctrl Pts',(-3.4843838439774,-6.01939535319111,5.13273944246718));
#6691=CARTESIAN_POINT('Ctrl Pts',(-5.50724628826072,-6.07860204255283,2.85590323310638));
#6692=CARTESIAN_POINT('Ctrl Pts',(-6.20274176608216,-6.13780873191451,-0.109268200905208));
#6693=CARTESIAN_POINT('Ctrl Pts',(-5.40324063564562,-6.19701542127622,-3.04810360547948));
#6694=CARTESIAN_POINT('Ctrl Pts',(-3.30144017879459,-6.25622211063791,-5.25227928639269));
#6695=CARTESIAN_POINT('Ctrl Pts',(-0.40392033593697,-6.31542879999961,-6.19054063217791));
#6696=CARTESIAN_POINT('Ctrl Pts',(2.59095315390532,-6.37463548936132,-5.636746110186));
#6697=CARTESIAN_POINT('Ctrl Pts',(4.96135019070154,-6.433842178723,-3.72437232854811));
#6698=CARTESIAN_POINT('Ctrl Pts',(6.13595317589989,-6.49304886808471,-0.914343250422482));
#6699=CARTESIAN_POINT('Ctrl Pts',(5.83165706577218,-6.5522555574464,2.11606257555356));
#6700=CARTESIAN_POINT('Ctrl Pts',(4.12180388707096,-6.61146224680811,4.63645097816809));
#6701=CARTESIAN_POINT('Ctrl Pts',(1.41850570236108,-6.6706689361698,6.03935315483356));
#6702=CARTESIAN_POINT('Ctrl Pts',(-1.62668342248441,-6.72987562553149,5.98663895683073));
#6703=CARTESIAN_POINT('Ctrl Pts',(-4.27980621746564,-6.7890823148932,4.49101366034122));
#6704=CARTESIAN_POINT('Ctrl Pts',(-5.90140198449617,-6.8482890042549,1.91295571663688));
#6705=CARTESIAN_POINT('Ctrl Pts',(-6.10063063009788,-6.90749569361659,-1.12616644930513));
#6706=CARTESIAN_POINT('Ctrl Pts',(-4.82947368749033,-6.96670238297829,-3.89385783744958));
#6707=CARTESIAN_POINT('Ctrl Pts',(-2.39430781870924,-7.02590907233999,-5.72304420965772));
#6708=CARTESIAN_POINT('Ctrl Pts',(0.617938670720798,-7.08511576170168,-6.17285159028279));
#6709=CARTESIAN_POINT('Ctrl Pts',(3.48124840739246,-7.14432245106339,-5.13486654962488));
#6710=CARTESIAN_POINT('Ctrl Pts',(5.50550103709021,-7.20352914042507,-2.85926621478791));
#6711=CARTESIAN_POINT('Ctrl Pts',(6.20280734407989,-7.26273582978679,0.10547989693578));
#6712=CARTESIAN_POINT('Ctrl Pts',(5.40510123707798,-7.32194251914847,3.04480304344421));
#6713=CARTESIAN_POINT('Ctrl Pts',(3.30464735796844,-7.38114920851018,5.25026197402579));
#6714=CARTESIAN_POINT('Ctrl Pts',(0.40770109243284,-7.44035589787187,6.19029278593979));
#6715=CARTESIAN_POINT('Ctrl Pts',(-2.58751006520308,-7.49956258723357,5.63832746644798));
#6716=CARTESIAN_POINT('Ctrl Pts',(-4.95907462957524,-7.55876927659527,3.72740174581868));
#6717=CARTESIAN_POINT('Ctrl Pts',(-6.13539360241671,-7.61797596595696,0.918090572793958));
#6718=CARTESIAN_POINT('Ctrl Pts',(-5.83294834939647,-7.67718265531867,-2.11250053484063));
#6719=CARTESIAN_POINT('Ctrl Pts',(-4.12463480016962,-7.73638934468036,-4.6339327489357));
#6720=CARTESIAN_POINT('Ctrl Pts',(-1.42219393287917,-7.79559603404206,-6.038485685477));
#6721=CARTESIAN_POINT('Ctrl Pts',(1.62302681887555,-7.85480272340376,-5.98763132646289));
#6722=CARTESIAN_POINT('Ctrl Pts',(4.2770625623169,-7.91400941276545,-4.49362668614742));
#6723=CARTESIAN_POINT('Ctrl Pts',(5.90023255878556,-7.97321610212716,-1.91655960217149));
#6724=CARTESIAN_POINT('Ctrl Pts',(6.1013172910326,-8.03242279148886,1.12244031938259));
#6725=CARTESIAN_POINT('Ctrl Pts',(4.8318509347469,-8.09162948085055,3.89090754205423));
#6726=CARTESIAN_POINT('Ctrl Pts',(2.3978026836361,-8.15083617021225,5.72158083459253));
#6727=CARTESIAN_POINT('Ctrl Pts',(-0.614168527109992,-8.21004285957395,
6.17322784098695));
#6728=CARTESIAN_POINT('Ctrl Pts',(-3.47811167227563,-8.26924954893564,5.13699174143866));
#6729=CARTESIAN_POINT('Ctrl Pts',(-5.50375373232633,-8.32845623829735,2.8626281299416));
#6730=CARTESIAN_POINT('Ctrl Pts',(-6.20287060838375,-8.38766292765903,-0.101691553621568));
#6731=CARTESIAN_POINT('Ctrl Pts',(-5.40695982236683,-8.44686961702075,-3.0415013456745));
#6732=CARTESIAN_POINT('Ctrl Pts',(-3.30785330448389,-8.50607630638243,-5.24824270327164));
#6733=CARTESIAN_POINT('Ctrl Pts',(-0.411481696853084,-8.56528299574414,
-6.19004263067581));
#6734=CARTESIAN_POINT('Ctrl Pts',(2.58406601134012,-8.62448968510584,-5.63990671957133));
#6735=CARTESIAN_POINT('Ctrl Pts',(4.95679721867677,-8.68369637446752,-3.73042977274029));
#6736=CARTESIAN_POINT('Ctrl Pts',(6.1348317403855,-8.74290306382924,-0.921837552710689));
#6737=CARTESIAN_POINT('Ctrl Pts',(5.83423745728706,-8.80210975319091,2.10893770614915));
#6738=CARTESIAN_POINT('Ctrl Pts',(4.12746417474837,-8.86131644255265,4.63141279121153));
#6739=CARTESIAN_POINT('Ctrl Pts',(1.4258816329081,-8.92052313191431,6.03761596371982));
#6740=CARTESIAN_POINT('Ctrl Pts',(-1.6193696098656,-8.97972982127603,5.98862146266342));
#6741=CARTESIAN_POINT('Ctrl Pts',(-4.27431731179171,-9.03893651063772,4.49623803579689));
#6742=CARTESIAN_POINT('Ctrl Pts',(-5.89906093224382,-9.09814319999943,1.92016277281476));
#6743=CARTESIAN_POINT('Ctrl Pts',(-6.10200167612997,-9.15734988936111,-1.11871377078147));
#6744=CARTESIAN_POINT('Ctrl Pts',(-4.83422637968663,-9.21655657872282,-3.88795579532109));
#6745=CARTESIAN_POINT('Ctrl Pts',(-2.4012966541645,-9.27576326808452,-5.72011532533457));
#6746=CARTESIAN_POINT('Ctrl Pts',(0.610398154409698,-9.3349699574462,-6.17360178903063));
#6747=CARTESIAN_POINT('Ctrl Pts',(3.47497363979695,-9.39417664680792,-5.13911501711582));
#6748=CARTESIAN_POINT('Ctrl Pts',(5.50200437462085,-9.4533833361696,-2.86598897731343));
#6749=CARTESIAN_POINT('Ctrl Pts',(6.20293155897014,-9.51259002553131,0.0979031723756393));
#6750=CARTESIAN_POINT('Ctrl Pts',(5.40881639081895,-9.571796714893,3.03819851340186));
#6751=CARTESIAN_POINT('Ctrl Pts',(3.31105801714513,-9.63100340425471,5.24622147488342));
#6752=CARTESIAN_POINT('Ctrl Pts',(0.415262147787556,-9.6902100936164,6.1897901664793));
#6753=CARTESIAN_POINT('Ctrl Pts',(-2.58062099360107,-9.7494167829781,5.64148386896696));
#6754=CARTESIAN_POINT('Ctrl Pts',(-4.9545179588556,-9.80862347233979,3.7334564081835));
#6755=CARTESIAN_POINT('Ctrl Pts',(-6.13426759001581,-9.8678301617015,0.925584188775051));
#6756=CARTESIAN_POINT('Ctrl Pts',(-5.83552438896317,-9.92703685106319,-2.10537409080797));
#6757=CARTESIAN_POINT('Ctrl Pts',(-4.13029200975179,-9.98624354042489,-4.62889110593556));
#6758=CARTESIAN_POINT('Ctrl Pts',(-1.42956880107269,-10.0454502297866,-6.03674398988623));
#6759=CARTESIAN_POINT('Ctrl Pts',(1.61571179681886,-10.1046569191483,-5.98960936506329));
#6760=CARTESIAN_POINT('Ctrl Pts',(4.27157046691311,-10.16386360851,-4.49884770831529));
#6761=CARTESIAN_POINT('Ctrl Pts',(5.89788710530933,-10.2230702978717,-1.92376522722396));
#6762=CARTESIAN_POINT('Ctrl Pts',(6.10268378513192,-10.2822769872334,1.11498680489357));
#6763=CARTESIAN_POINT('Ctrl Pts',(4.836600021429,-10.3414836765951,3.88500259834736));
#6764=CARTESIAN_POINT('Ctrl Pts',(2.40478972898055,-10.4006903659568,5.71864768243777));
#6765=CARTESIAN_POINT('Ctrl Pts',(-0.606627554005781,-10.4598970553185,
6.17397343426024));
#6766=CARTESIAN_POINT('Ctrl Pts',(-3.47183431116659,-10.5191037446802,5.14123637589158));
#6767=CARTESIAN_POINT('Ctrl Pts',(-5.50025296454957,-10.5783104340419,2.86934875559714));
#6768=CARTESIAN_POINT('Ctrl Pts',(-6.20299019596463,-10.6375171234036,-0.0941147545092978));
#6769=CARTESIAN_POINT('Ctrl Pts',(-5.41067094145503,-10.6967238127653,-3.03489454805512));
#6770=CARTESIAN_POINT('Ctrl Pts',(-3.31426149531127,-10.755930502127,-5.24419828923449));
#6771=CARTESIAN_POINT('Ctrl Pts',(-0.41904244275399,-10.8151371914887,-6.18953539418028));
#6772=CARTESIAN_POINT('Ctrl Pts',(2.5771750111979,-10.8743438808504,-5.64305891262376));
#6773=CARTESIAN_POINT('Ctrl Pts',(4.95223685497031,-10.9335505702121,-3.73648165377052));
#6774=CARTESIAN_POINT('Ctrl Pts',(6.13370114376751,-10.9927572595738,-0.92933047426992));
#6775=CARTESIAN_POINT('Ctrl Pts',(5.83680915893106,-11.0519639489354,2.10180967986049));
#6776=CARTESIAN_POINT('Ctrl Pts',(4.13311827514784,-11.1111706382972,4.62636771393696));
#6777=CARTESIAN_POINT('Ctrl Pts',(1.43325549202732,-11.1703773276588,6.0358697258454));
#6778=CARTESIAN_POINT('Ctrl Pts',(-1.61205348943808,-11.2295840170206,5.99059510765206));
#6779=CARTESIAN_POINT('Ctrl Pts',(-4.26882181922508,-11.2887907063822,4.5014555589517));
#6780=CARTESIAN_POINT('Ctrl Pts',(-5.89671148346799,-11.347997395744,1.92736724206048));
#6781=CARTESIAN_POINT('Ctrl Pts',(-6.10336283459065,-11.4072040851056,-1.11125996065481));
#6782=CARTESIAN_POINT('Ctrl Pts',(-4.83897337345707,-11.4664107744674,-3.88204691284589));
#6783=CARTESIAN_POINT('Ctrl Pts',(-2.408278978624,-11.525617463829,-5.71717991619487));
#6784=CARTESIAN_POINT('Ctrl Pts',(0.602851065449089,-11.5848241531907,-6.17433889050655));
#6785=CARTESIAN_POINT('Ctrl Pts',(3.46870463545712,-11.6440308425524,-5.14336333116893));
#6786=CARTESIAN_POINT('Ctrl Pts',(5.49847833174612,-11.7032375319141,-2.87269293192145));
#6787=CARTESIAN_POINT('Ctrl Pts',(6.20308747820474,-11.7624442212758,0.0902981808748713));
#6788=CARTESIAN_POINT('Ctrl Pts',(5.41244405276571,-11.8216509106375,3.03164404316852));
#6789=CARTESIAN_POINT('Ctrl Pts',(3.31761947974323,-11.8808575999992,5.24206545806637));
#6790=CARTESIAN_POINT('Ctrl Pts',(0.422500281938093,-11.9400642893609,6.18950724921239));
#6791=CARTESIAN_POINT('Ctrl Pts',(-1.5744356346028,-11.9795354156021,5.82583347523435));
#6792=CARTESIAN_POINT('Ctrl Pts',(-2.47013342555514,-11.9992709787226,5.41743083573341));
#6793=CARTESIAN_POINT('',(-3.20606235144888,-0.749999999999999,-4.49635304747018));
#6794=CARTESIAN_POINT('Ctrl Pts',(-3.20606235144887,-0.75,-4.49635304747019));
#6795=CARTESIAN_POINT('Ctrl Pts',(-3.34021299067417,-0.75,-4.4082777440831));
#6796=CARTESIAN_POINT('Ctrl Pts',(-3.47031435623461,-0.75,-4.31449081312784));
#6797=CARTESIAN_POINT('Ctrl Pts',(-3.59596611998082,-0.75,-4.21521883154483));
#6798=CARTESIAN_POINT('Ctrl Pts',(-3.62115717078557,-0.75,-4.19531648034031));
#6799=CARTESIAN_POINT('Ctrl Pts',(-3.64616931232743,-0.75,-4.17519351124278));
#6800=CARTESIAN_POINT('Ctrl Pts',(-3.67099921254109,-0.75,-4.15485152137628));
#6801=CARTESIAN_POINT('Ctrl Pts',(-3.79422395783265,-0.75,-4.05389918171911));
#6802=CARTESIAN_POINT('Ctrl Pts',(-3.91296277586397,-0.749999999999999,
-3.94755602693906));
#6803=CARTESIAN_POINT('Ctrl Pts',(-4.02698495597937,-0.749999999999999,
-3.83621133072188));
#6804=CARTESIAN_POINT('Ctrl Pts',(-4.09547854766854,-0.749999999999999,
-3.76932611460221));
#6805=CARTESIAN_POINT('Ctrl Pts',(-4.16226959136389,-0.749999999999999,
-3.7006352611507));
#6806=CARTESIAN_POINT('Ctrl Pts',(-4.22730214343142,-0.749999999999999,
-3.63021639762487));
#6807=CARTESIAN_POINT('Ctrl Pts',(-4.25009267012492,-0.749999999999999,
-3.60553824894566));
#6808=CARTESIAN_POINT('Ctrl Pts',(-4.27266718622522,-0.75,-3.5806478356677));
#6809=CARTESIAN_POINT('Ctrl Pts',(-4.29502313828782,-0.75,-3.55554837116924));
#6810=CARTESIAN_POINT('Ctrl Pts',(-4.31454041848144,-0.75,-3.53363593908161));
#6811=CARTESIAN_POINT('Ctrl Pts',(-4.33389230455467,-0.75,-3.5115626611736));
#6812=CARTESIAN_POINT('Ctrl Pts',(-4.35306261528132,-0.75,-3.48934776093045));
#6813=CARTESIAN_POINT('Ctrl Pts',(-4.45846869613312,-0.75,-3.36720130203721));
#6814=CARTESIAN_POINT('Ctrl Pts',(-4.55848813496159,-0.75,-3.24066594929469));
#6815=CARTESIAN_POINT('Ctrl Pts',(-4.65289687248672,-0.75,-3.1101517294933));
#6816=CARTESIAN_POINT('Ctrl Pts',(-4.74752427281695,-0.75,-2.97933522193596));
#6817=CARTESIAN_POINT('Ctrl Pts',(-4.8365154386294,-0.749999999999999,-2.8445208047138));
#6818=CARTESIAN_POINT('Ctrl Pts',(-4.91960800777902,-0.749999999999999,
-2.70608392213223));
#6819=CARTESIAN_POINT('Ctrl Pts',(-4.9929180126533,-0.749999999999999,-2.58394534053945));
#6820=CARTESIAN_POINT('Ctrl Pts',(-5.06163624611757,-0.75,-2.4589862323582));
#6821=CARTESIAN_POINT('Ctrl Pts',(-5.1255542530076,-0.75,-2.33144585740654));
#6822=CARTESIAN_POINT('Ctrl Pts',(-5.13927129747625,-0.75,-2.30407521367278));
#6823=CARTESIAN_POINT('Ctrl Pts',(-5.1527692597527,-0.75,-2.27658107944111));
#6824=CARTESIAN_POINT('Ctrl Pts',(-5.1660328940495,-0.75,-2.24899338083619));
#6825=CARTESIAN_POINT('Ctrl Pts',(-5.21457448829943,-0.75,-2.14802928291233));
#6826=CARTESIAN_POINT('Ctrl Pts',(-5.26001009757017,-0.75,-2.04575142393438));
#6827=CARTESIAN_POINT('Ctrl Pts',(-5.30226735386296,-0.75,-1.94229117548727));
#6828=CARTESIAN_POINT('Ctrl Pts',(-5.36294280163189,-0.75,-1.7937368808753));
#6829=CARTESIAN_POINT('Ctrl Pts',(-5.41706773027511,-0.75,-1.64274594511776));
#6830=CARTESIAN_POINT('Ctrl Pts',(-5.46466403239903,-0.75,-1.48977834698116));
#6831=CARTESIAN_POINT('Ctrl Pts',(-5.51281986550665,-0.75,-1.33501249757624));
#6832=CARTESIAN_POINT('Ctrl Pts',(-5.55429288666256,-0.75,-1.17822256419687));
#6833=CARTESIAN_POINT('Ctrl Pts',(-5.58905813135041,-0.75,-1.01986090211702));
#6834=CARTESIAN_POINT('Ctrl Pts',(-5.62224716588937,-0.75,-0.868679148051808));
#6835=CARTESIAN_POINT('Ctrl Pts',(-5.64932266183688,-0.75,-0.716064240253211));
#6836=CARTESIAN_POINT('Ctrl Pts',(-5.67022050000736,-0.75,-0.562398385026504));
#6837=CARTESIAN_POINT('Ctrl Pts',(-5.68589387863522,-0.75,-0.447148993606473));
#6838=CARTESIAN_POINT('Ctrl Pts',(-5.69809148797408,-0.75,-0.33130816370212));
#6839=CARTESIAN_POINT('Ctrl Pts',(-5.70677038567757,-0.75,-0.215036080276221));
#6840=CARTESIAN_POINT('Ctrl Pts',(-5.70893212624702,-0.75,-0.186075019963769));
#6841=CARTESIAN_POINT('Ctrl Pts',(-5.71087574833293,-0.75,-0.157081614018153));
#6842=CARTESIAN_POINT('Ctrl Pts',(-5.71259876314398,-0.75,-0.12809078870334));
#6843=CARTESIAN_POINT('Ctrl Pts',(-5.72238120595083,-0.75,0.0365050631406408));
#6844=CARTESIAN_POINT('Ctrl Pts',(-5.72507179556553,-0.75,0.201183571519485));
#6845=CARTESIAN_POINT('Ctrl Pts',(-5.72067393082543,-0.75,0.365477330777017));
#6846=CARTESIAN_POINT('Ctrl Pts',(-5.71651674648877,-0.75,0.520779843009452));
#6847=CARTESIAN_POINT('Ctrl Pts',(-5.70602542607748,-0.75,0.675739286656855));
#6848=CARTESIAN_POINT('Ctrl Pts',(-5.68916122651851,-0.75,0.829970922376938));
#6849=CARTESIAN_POINT('Ctrl Pts',(-5.67138047978002,-0.749999999999999,
0.992584845688939));
#6850=CARTESIAN_POINT('Ctrl Pts',(-5.64651589193358,-0.75,1.15439038428599));
#6851=CARTESIAN_POINT('Ctrl Pts',(-5.61476365558935,-0.75,1.3149768222519));
#6852=CARTESIAN_POINT('Ctrl Pts',(-5.58289663788306,-0.75,1.47614376515853));
#6853=CARTESIAN_POINT('Ctrl Pts',(-5.5440918928637,-0.75,1.63608349817168));
#6854=CARTESIAN_POINT('Ctrl Pts',(-5.49849630469665,-0.75,1.79437113726563));
#6855=CARTESIAN_POINT('Ctrl Pts',(-5.48453689368663,-0.75,1.8428320147484));
#6856=CARTESIAN_POINT('Ctrl Pts',(-5.46994061045963,-0.75,1.89113792745429));
#6857=CARTESIAN_POINT('Ctrl Pts',(-5.45471075332055,-0.75,1.93927633956969));
#6858=CARTESIAN_POINT('Ctrl Pts',(-5.44564920004314,-0.75,1.96791802557435));
#6859=CARTESIAN_POINT('Ctrl Pts',(-5.43636334820679,-0.75,1.99650041136595));
#6860=CARTESIAN_POINT('Ctrl Pts',(-5.4268538226069,-0.75,2.02502082174391));
#6861=CARTESIAN_POINT('Ctrl Pts',(-5.42089152649571,-0.75,2.0429025898826));
#6862=CARTESIAN_POINT('Ctrl Pts',(-5.41484226330972,-0.75,2.06075702654377));
#6863=CARTESIAN_POINT('Ctrl Pts',(-5.40870904625152,-0.75,2.07857565483514));
#6864=CARTESIAN_POINT('Ctrl Pts',(-5.35474367041519,-0.75,2.23535943788197));
#6865=CARTESIAN_POINT('Ctrl Pts',(-5.29422339182957,-0.75,2.38955051201249));
#6866=CARTESIAN_POINT('Ctrl Pts',(-5.22738820271907,-0.75,2.54074085014283));
#6867=CARTESIAN_POINT('Ctrl Pts',(-5.16015563815199,-0.75,2.69283010590092));
#6868=CARTESIAN_POINT('Ctrl Pts',(-5.08653264220843,-0.75,2.84188356234209));
#6869=CARTESIAN_POINT('Ctrl Pts',(-5.00671140849921,-0.75,2.98747762296371));
#6870=CARTESIAN_POINT('Ctrl Pts',(-4.92720755083158,-0.75,3.13249278916725));
#6871=CARTESIAN_POINT('Ctrl Pts',(-4.84155437252323,-0.75,3.27407672064961));
#6872=CARTESIAN_POINT('Ctrl Pts',(-4.7498939715073,-0.75,3.41179199598958));
#6873=CARTESIAN_POINT('Ctrl Pts',(-4.73044191154611,-0.75,3.44101776593815));
#6874=CARTESIAN_POINT('Ctrl Pts',(-4.7107191417962,-0.75,3.47006921419819));
#6875=CARTESIAN_POINT('Ctrl Pts',(-4.69072675973223,-0.75,3.49894200328379));
#6876=CARTESIAN_POINT('Ctrl Pts',(-4.62133699012224,-0.75,3.59915398283868));
#6877=CARTESIAN_POINT('Ctrl Pts',(-4.54870021680503,-0.75,3.69721449063889));
#6878=CARTESIAN_POINT('Ctrl Pts',(-4.47294844678672,-0.75,3.79300933552882));
#6879=CARTESIAN_POINT('Ctrl Pts',(-4.43980704740371,-0.75,3.83491958016817));
#6880=CARTESIAN_POINT('Ctrl Pts',(-4.4060692683681,-0.75,3.87639603548466));
#6881=CARTESIAN_POINT('Ctrl Pts',(-4.37174550210961,-0.75,3.91742850791608));
#6882=CARTESIAN_POINT('Ctrl Pts',(-4.35277659859375,-0.75,3.94010495328944));
#6883=CARTESIAN_POINT('Ctrl Pts',(-4.33362871726912,-0.749999999999999,
3.96264579118095));
#6884=CARTESIAN_POINT('Ctrl Pts',(-4.31430356389662,-0.749999999999999,
3.98504924624262));
#6885=CARTESIAN_POINT('Ctrl Pts',(-4.30227684181546,-0.749999999999999,
3.9989917036447));
#6886=CARTESIAN_POINT('Ctrl Pts',(-4.29018276057618,-0.75,4.01287940249125));
#6887=CARTESIAN_POINT('Ctrl Pts',(-4.27802777099688,-0.75,4.02670524430209));
#6888=CARTESIAN_POINT('Ctrl Pts',(-4.1686909721132,-0.75,4.15107172570519));
#6889=CARTESIAN_POINT('Ctrl Pts',(-4.05429545727579,-0.75,4.27059118155176));
#6890=CARTESIAN_POINT('Ctrl Pts',(-3.93524780877183,-0.75,4.38503942071183));
#6891=CARTESIAN_POINT('Ctrl Pts',(-3.81423063247055,-0.75,4.5013810949058));
#6892=CARTESIAN_POINT('Ctrl Pts',(-3.68840569408601,-0.75,4.61248292986868));
#6893=CARTESIAN_POINT('Ctrl Pts',(-3.55815438772346,-0.75,4.71808139572834));
#6894=CARTESIAN_POINT('Ctrl Pts',(-3.42784647408203,-0.75,4.82372575473084));
#6895=CARTESIAN_POINT('Ctrl Pts',(-3.29310779399213,-0.75,4.92386247135177));
#6896=CARTESIAN_POINT('Ctrl Pts',(-3.15428241785117,-0.75,5.01819185679274));
#6897=CARTESIAN_POINT('Ctrl Pts',(-3.01718711451811,-0.75,5.11134568838849));
#6898=CARTESIAN_POINT('Ctrl Pts',(-2.87610575370103,-0.75,5.19883644656383));
#6899=CARTESIAN_POINT('Ctrl Pts',(-2.73134137457803,-0.75,5.28033383268108));
#6900=CARTESIAN_POINT('Ctrl Pts',(-2.65626320401614,-0.75,5.32260027068417));
#6901=CARTESIAN_POINT('Ctrl Pts',(-2.58019399869188,-0.75,5.36325394672744));
#6902=CARTESIAN_POINT('Ctrl Pts',(-2.50317375437748,-0.75,5.40224371492029));
#6903=CARTESIAN_POINT('Ctrl Pts',(-3.20606235144888,-0.749999999999999,
-4.49635304747018));
#6904=CARTESIAN_POINT('Ctrl Pts',(-2.61850608625737,-0.765587489361956,
-4.91438104774018));
#6905=CARTESIAN_POINT('Ctrl Pts',(-1.10066378856337,-0.800910541844479,
-5.60135451108042));
#6906=CARTESIAN_POINT('Ctrl Pts',(1.52567310072331,-0.855969157447567,-5.54790130766948));
#6907=CARTESIAN_POINT('Ctrl Pts',(3.98216112795363,-0.915175846809264,-4.15320371512802));
#6908=CARTESIAN_POINT('Ctrl Pts',(5.47885823335245,-0.974382536170964,-1.75751972851948));
#6909=CARTESIAN_POINT('Ctrl Pts',(5.65503200419459,-1.03358922553266,1.06177878982442));
#6910=CARTESIAN_POINT('Ctrl Pts',(4.46821844441066,-1.09279591489436,3.6251582362812));
#6911=CARTESIAN_POINT('Ctrl Pts',(2.20446678192939,-1.15200260425606,5.31479884284526));
#6912=CARTESIAN_POINT('Ctrl Pts',(-0.590609859705745,-1.21120929361776,
5.72345462487444));
#6913=CARTESIAN_POINT('Ctrl Pts',(-3.24333648402862,-1.27041598297945,4.75263348256817));
#6914=CARTESIAN_POINT('Ctrl Pts',(-5.08912847804242,-1.32882461912367,2.66484904764216));
#6915=CARTESIAN_POINT('Ctrl Pts',(-5.52236464854507,-1.36749769214732,0.87585024338358));
#6916=CARTESIAN_POINT('Ctrl Pts',(-5.52269124507013,-1.3864352020504,-3.77624781794633E-5));
#6917=CARTESIAN_POINT('Origin',(-1.26377987262832E-15,-0.75,2.82525377547347E-16));
#6918=CARTESIAN_POINT('',(3.20591563184151,-0.75,-4.4963707614046));
#6919=CARTESIAN_POINT('Ctrl Pts',(2.50333273927794,-0.749999999999999,5.40225413616518));
#6920=CARTESIAN_POINT('Ctrl Pts',(2.65345283888428,-0.749999999999999,5.32645013157174));
#6921=CARTESIAN_POINT('Ctrl Pts',(2.80012381832173,-0.75,5.2444019085003));
#6922=CARTESIAN_POINT('Ctrl Pts',(2.94291609021105,-0.75,5.15624596433494));
#6923=CARTESIAN_POINT('Ctrl Pts',(2.97580746754442,-0.75,5.13593975038262));
#6924=CARTESIAN_POINT('Ctrl Pts',(3.00849294307093,-0.749999999999999,5.1153092782438));
#6925=CARTESIAN_POINT('Ctrl Pts',(3.04096706544922,-0.749999999999999,5.09435587764989));
#6926=CARTESIAN_POINT('Ctrl Pts',(3.18229856016734,-0.749999999999999,5.003164023691));
#6927=CARTESIAN_POINT('Ctrl Pts',(3.31962955102212,-0.749999999999999,4.9058586841555));
#6928=CARTESIAN_POINT('Ctrl Pts',(3.4526446854298,-0.749999999999999,4.80278388979405));
#6929=CARTESIAN_POINT('Ctrl Pts',(3.53212502801472,-0.749999999999999,4.74119375567737));
#6930=CARTESIAN_POINT('Ctrl Pts',(3.61006379873262,-0.749999999999999,4.67754291097996));
#6931=CARTESIAN_POINT('Ctrl Pts',(3.6863872240262,-0.749999999999999,4.61189871161945));
#6932=CARTESIAN_POINT('Ctrl Pts',(3.72354901540144,-0.749999999999999,4.57993662354169));
#6933=CARTESIAN_POINT('Ctrl Pts',(3.76032777733763,-0.749999999999999,4.54750190778232));
#6934=CARTESIAN_POINT('Ctrl Pts',(3.79671452473062,-0.749999999999999,4.51460200994404));
#6935=CARTESIAN_POINT('Ctrl Pts',(3.81604325526182,-0.749999999999999,4.49712550255106));
#6936=CARTESIAN_POINT('Ctrl Pts',(3.83525522045158,-0.749999999999999,4.47952325431432));
#6937=CARTESIAN_POINT('Ctrl Pts',(3.85434578186067,-0.749999999999999,4.46179991131084));
#6938=CARTESIAN_POINT('Ctrl Pts',(3.97707786097535,-0.749999999999999,4.34785759766864));
#6939=CARTESIAN_POINT('Ctrl Pts',(4.09484249569194,-0.75,4.228870576185));
#6940=CARTESIAN_POINT('Ctrl Pts',(4.20734014454821,-0.75,4.10518969031986));
#6941=CARTESIAN_POINT('Ctrl Pts',(4.31941814177458,-0.75,3.9819701730777));
#6942=CARTESIAN_POINT('Ctrl Pts',(4.42626883615235,-0.749999999999999,3.85409115376874));
#6943=CARTESIAN_POINT('Ctrl Pts',(4.52755622610518,-0.75,3.72186695304306));
#6944=CARTESIAN_POINT('Ctrl Pts',(4.61728452574546,-0.75,3.6047324044291));
#6945=CARTESIAN_POINT('Ctrl Pts',(4.70264651833146,-0.75,3.48418713328182));
#6946=CARTESIAN_POINT('Ctrl Pts',(4.78337793561352,-0.75,3.36043366535876));
#6947=CARTESIAN_POINT('Ctrl Pts',(4.80068705451967,-0.75,3.33390045730367));
#6948=CARTESIAN_POINT('Ctrl Pts',(4.81778605762301,-0.75,3.30721502000429));
#6949=CARTESIAN_POINT('Ctrl Pts',(4.83465528184674,-0.75,3.28040656487137));
#6950=CARTESIAN_POINT('Ctrl Pts',(4.89646576324033,-0.75,3.18217777288854));
#6951=CARTESIAN_POINT('Ctrl Pts',(4.95523117342384,-0.75,3.08224028402296));
#6952=CARTESIAN_POINT('Ctrl Pts',(5.01085341941057,-0.75,2.98070865342958));
#6953=CARTESIAN_POINT('Ctrl Pts',(5.09000554081005,-0.75,2.83622610318287));
#6954=CARTESIAN_POINT('Ctrl Pts',(5.16279489916719,-0.75,2.68851625703719));
#6955=CARTESIAN_POINT('Ctrl Pts',(5.22915333344496,-0.75,2.53803359275369));
#6956=CARTESIAN_POINT('Ctrl Pts',(5.29592432052009,-0.75,2.38661537227782));
#6957=CARTESIAN_POINT('Ctrl Pts',(5.35618438105342,-0.75,2.23238902190523));
#6958=CARTESIAN_POINT('Ctrl Pts',(5.40981513623399,-0.75,2.07579814919472));
#6959=CARTESIAN_POINT('Ctrl Pts',(5.46044721734944,-0.75,1.92796279348656));
#6960=CARTESIAN_POINT('Ctrl Pts',(5.50517032607719,-0.75,1.7780192623081));
#6961=CARTESIAN_POINT('Ctrl Pts',(5.54384269976426,-0.75,1.62633393368106));
#6962=CARTESIAN_POINT('Ctrl Pts',(5.57284698002957,-0.75,1.51256993721078));
#6963=CARTESIAN_POINT('Ctrl Pts',(5.59844689579079,-0.749999999999999,1.3978259938099));
#6964=CARTESIAN_POINT('Ctrl Pts',(5.62056682963207,-0.749999999999999,1.28225710566975));
#6965=CARTESIAN_POINT('Ctrl Pts',(5.62437504205042,-0.749999999999999,1.26236053282517));
#6966=CARTESIAN_POINT('Ctrl Pts',(5.62808048826247,-0.75,1.24243721371854));
#6967=CARTESIAN_POINT('Ctrl Pts',(5.63168138912112,-0.75,1.222495467266));
#6968=CARTESIAN_POINT('Ctrl Pts',(5.66125459121384,-0.75,1.05871942313908));
#6969=CARTESIAN_POINT('Ctrl Pts',(5.68372100092324,-0.749999999999999,0.894042359851488));
#6970=CARTESIAN_POINT('Ctrl Pts',(5.69899508733105,-0.749999999999999,0.728917116525769));
#6971=CARTESIAN_POINT('Ctrl Pts',(5.71426917373886,-0.749999999999999,0.563791873200049));
#6972=CARTESIAN_POINT('Ctrl Pts',(5.7223510874969,-0.75,0.398217663922195));
#6973=CARTESIAN_POINT('Ctrl Pts',(5.72310098526136,-0.75,0.232639412400006));
#6974=CARTESIAN_POINT('Ctrl Pts',(5.72384210371935,-0.75,0.0689996414064792));
#6975=CARTESIAN_POINT('Ctrl Pts',(5.71742165951866,-0.75,-0.0946448276523663));
#6976=CARTESIAN_POINT('Ctrl Pts',(5.70394881511047,-0.75,-0.257845319384591));
#6977=CARTESIAN_POINT('Ctrl Pts',(5.69051743866091,-0.75,-0.42054349764582));
#6978=CARTESIAN_POINT('Ctrl Pts',(5.67007678433102,-0.75,-0.582801159445723));
#6979=CARTESIAN_POINT('Ctrl Pts',(5.6426856014614,-0.75,-0.744159058023984));
#6980=CARTESIAN_POINT('Ctrl Pts',(5.63402531923846,-0.75,-0.795175655125306));
#6981=CARTESIAN_POINT('Ctrl Pts',(5.62466987820505,-0.749999999999999,-0.846102153528269));
#6982=CARTESIAN_POINT('Ctrl Pts',(5.61462015699387,-0.749999999999999,-0.896923549931865));
#6983=CARTESIAN_POINT('Ctrl Pts',(5.60967373453539,-0.749999999999999,-0.921937586765272));
#6984=CARTESIAN_POINT('Ctrl Pts',(5.60455911155415,-0.749999999999999,-0.946926157858683));
#6985=CARTESIAN_POINT('Ctrl Pts',(5.59927635217669,-0.749999999999999,-0.971887448691766));
#6986=CARTESIAN_POINT('Ctrl Pts',(5.59536826507748,-0.749999999999999,-0.990353347233415));
#6987=CARTESIAN_POINT('Ctrl Pts',(5.59136886278085,-0.749999999999999,-1.00880086862418));
#6988=CARTESIAN_POINT('Ctrl Pts',(5.58728008455345,-0.749999999999999,-1.02722145703537));
#6989=CARTESIAN_POINT('Ctrl Pts',(5.55206307154762,-0.749999999999999,-1.18587963450904));
#6990=CARTESIAN_POINT('Ctrl Pts',(5.51018336204958,-0.75,-1.34271437813615));
#6991=CARTESIAN_POINT('Ctrl Pts',(5.4617889190051,-0.75,-1.49729901199007));
#6992=CARTESIAN_POINT('Ctrl Pts',(5.41338649432184,-0.75,-1.65190914130651));
#6993=CARTESIAN_POINT('Ctrl Pts',(5.35846695971081,-0.750000000000001,-1.80426914814708));
#6994=CARTESIAN_POINT('Ctrl Pts',(5.29712809731164,-0.75,-1.95393878634339));
#6995=CARTESIAN_POINT('Ctrl Pts',(5.23648595633479,-0.75,-2.10190839230689));
#6996=CARTESIAN_POINT('Ctrl Pts',(5.16956919813139,-0.749999999999999,-2.24724905178458));
#6997=CARTESIAN_POINT('Ctrl Pts',(5.09642718217585,-0.749999999999999,-2.3895120798603));
#6998=CARTESIAN_POINT('Ctrl Pts',(5.08186423508872,-0.749999999999999,-2.41783737173605));
#6999=CARTESIAN_POINT('Ctrl Pts',(5.06705436426379,-0.75,-2.44604056515723));
#7000=CARTESIAN_POINT('Ctrl Pts',(5.05199775754961,-0.75,-2.47411797200214));
#7001=CARTESIAN_POINT('Ctrl Pts',(4.99757856093943,-0.75,-2.57559833556628));
#7002=CARTESIAN_POINT('Ctrl Pts',(4.93993690647049,-0.75,-2.67543625586369));
#7003=CARTESIAN_POINT('Ctrl Pts',(4.87917192796768,-0.75,-2.77350153650821));
#7004=CARTESIAN_POINT('Ctrl Pts',(4.85258724987271,-0.75,-2.81640509679019));
#7005=CARTESIAN_POINT('Ctrl Pts',(4.82540462896988,-0.749999999999999,-2.85896923877617));
#7006=CARTESIAN_POINT('Ctrl Pts',(4.79763184285619,-0.749999999999999,-2.90118244704946));
#7007=CARTESIAN_POINT('Ctrl Pts',(4.78325659305531,-0.749999999999999,-2.92303208832567));
#7008=CARTESIAN_POINT('Ctrl Pts',(4.76872322608395,-0.75,-2.94478770390136));
#7009=CARTESIAN_POINT('Ctrl Pts',(4.75403278991998,-0.75,-2.96644765442342));
#7010=CARTESIAN_POINT('Ctrl Pts',(4.74167649519502,-0.75,-2.98466608778997));
#7011=CARTESIAN_POINT('Ctrl Pts',(4.72920825663475,-0.75,-3.0028179256503));
#7012=CARTESIAN_POINT('Ctrl Pts',(4.71663916901997,-0.75,-3.02088739689261));
#7013=CARTESIAN_POINT('Ctrl Pts',(4.62546550390704,-0.75,-3.15195975236543));
#7014=CARTESIAN_POINT('Ctrl Pts',(4.52886912557259,-0.75,-3.27887940829698));
#7015=CARTESIAN_POINT('Ctrl Pts',(4.42719143295387,-0.75,-3.40136068270673));
#7016=CARTESIAN_POINT('Ctrl Pts',(4.32471506114478,-0.75,-3.524804048629));
#7017=CARTESIAN_POINT('Ctrl Pts',(4.21707673715359,-0.75,-3.64373960160796));
#7018=CARTESIAN_POINT('Ctrl Pts',(4.10458403932729,-0.75,-3.7578432775998));
#7019=CARTESIAN_POINT('Ctrl Pts',(3.99268424397522,-0.75,-3.87134556031792));
#7020=CARTESIAN_POINT('Ctrl Pts',(3.87598055202479,-0.750000000000001,-3.98006725861209));
#7021=CARTESIAN_POINT('Ctrl Pts',(3.75474242030115,-0.750000000000001,-4.08365041017427));
#7022=CARTESIAN_POINT('Ctrl Pts',(3.63577933428779,-0.750000000000001,-4.1852898135009));
#7023=CARTESIAN_POINT('Ctrl Pts',(3.51244983321691,-0.749999999999999,-4.28198207021986));
#7024=CARTESIAN_POINT('Ctrl Pts',(3.38498467868954,-0.749999999999999,-4.37334521918056));
#7025=CARTESIAN_POINT('Ctrl Pts',(3.32616869392243,-0.749999999999999,-4.41550272957995));
#7026=CARTESIAN_POINT('Ctrl Pts',(3.26647187784241,-0.75,-4.45652493809283));
#7027=CARTESIAN_POINT('Ctrl Pts',(3.20591563184154,-0.75,-4.49637076140459));
#7028=CARTESIAN_POINT('Origin',(0.,-0.75,0.));
#7029=CARTESIAN_POINT('Origin',(0.,1.38643520205039,0.));
#7030=CARTESIAN_POINT('Ctrl Pts',(3.20591563184151,-0.749999999999999,-4.49637076140461));
#7031=CARTESIAN_POINT('Ctrl Pts',(3.94932878844853,-0.769735563120565,-3.96631663861279));
#7032=CARTESIAN_POINT('Ctrl Pts',(5.16750608716293,-0.809206689361696,-2.53097685141824));
#7033=CARTESIAN_POINT('Ctrl Pts',(5.74908653523279,-0.868413378723396,0.233828640439858));
#7034=CARTESIAN_POINT('Ctrl Pts',(4.94507827243755,-0.927620068085092,2.94151345612834));
#7035=CARTESIAN_POINT('Ctrl Pts',(2.94916736757209,-0.986826757446791,4.94060730135272));
#7036=CARTESIAN_POINT('Ctrl Pts',(0.242457872018259,-1.04603344680849,5.74871264135696));
#7037=CARTESIAN_POINT('Ctrl Pts',(-2.52269716755601,-1.10524013617019,5.17135248726825));
#7038=CARTESIAN_POINT('Ctrl Pts',(-4.67982286637433,-1.16444682553189,3.34753133920641));
#7039=CARTESIAN_POINT('Ctrl Pts',(-5.4523489904204,-1.20888837945836,1.37294091820396));
#7040=CARTESIAN_POINT('Ctrl Pts',(-5.52241749157856,-1.23359437026426,0.230090160487704));
#7041=CARTESIAN_POINT('Ctrl Pts',(-5.52219026420803,-1.2385647979496,0.000140142501315714));
#7042=CARTESIAN_POINT('Ctrl Pts',(3.45656601421236,-0.500729021277377,-4.8479137151348));
#7043=CARTESIAN_POINT('Ctrl Pts',(4.258101970469,-0.520464584397943,-4.276417993807));
#7044=CARTESIAN_POINT('Ctrl Pts',(5.57152089147866,-0.559935710639076,-2.72885801500193));
#7045=CARTESIAN_POINT('Ctrl Pts',(6.19857145742696,-0.619142400000772,0.252110231369225));
#7046=CARTESIAN_POINT('Ctrl Pts',(5.33170284469072,-0.678349089362473,3.17149189511304));
#7047=CARTESIAN_POINT('Ctrl Pts',(3.17974421775985,-0.737555778724168,5.32688231649309));
#7048=CARTESIAN_POINT('Ctrl Pts',(0.261414128298599,-0.796762468085868,
6.19816833114028));
#7049=CARTESIAN_POINT('Ctrl Pts',(-2.71993099472649,-0.855969157447565,
5.57566801741957));
#7050=CARTESIAN_POINT('Ctrl Pts',(-5.0457087865259,-0.915175846809264,3.60925376316449));
#7051=CARTESIAN_POINT('Ctrl Pts',(-6.15536253005207,-0.974382536170961,
0.772959190858764));
#7052=CARTESIAN_POINT('Ctrl Pts',(-5.78143792338248,-1.03358922553266,-2.24965041534051));
#7053=CARTESIAN_POINT('Ctrl Pts',(-4.01406076931932,-1.09279591489436,-4.73003727443651));
#7054=CARTESIAN_POINT('Ctrl Pts',(-1.27920674570901,-1.15200260425606,-6.07038555861125));
#7055=CARTESIAN_POINT('Ctrl Pts',(1.76396395607158,-1.21120929361775,-5.94763591104631));
#7056=CARTESIAN_POINT('Ctrl Pts',(4.3819807970595,-1.27041598297945,-4.3913768230438));
#7057=CARTESIAN_POINT('Ctrl Pts',(5.9438442552097,-1.32962267234115,-1.7766991942875));
#7058=CARTESIAN_POINT('Ctrl Pts',(6.07311109770807,-1.38882936170285,1.26620156446777));
#7059=CARTESIAN_POINT('Ctrl Pts',(4.7386251503417,-1.44803605106454,4.00392016393318));
#7060=CARTESIAN_POINT('Ctrl Pts',(2.26202676990225,-1.50724274042625,5.77660623976338));
#7061=CARTESIAN_POINT('Ctrl Pts',(-0.759769604531115,-1.56644942978794,
6.15700374135167));
#7062=CARTESIAN_POINT('Ctrl Pts',(-3.59844486338849,-1.62565611914964,5.0534284798249));
#7063=CARTESIAN_POINT('Ctrl Pts',(-5.56981610355987,-1.68486280851134,2.73186629307255));
#7064=CARTESIAN_POINT('Ctrl Pts',(-6.19873968104567,-1.74406949787304,-0.248135504807055));
#7065=CARTESIAN_POINT('Ctrl Pts',(-5.33363124063787,-1.80327618723473,-3.16833120891956));
#7066=CARTESIAN_POINT('Ctrl Pts',(-3.18300086237177,-1.86248287659643,-5.32488970537515));
#7067=CARTESIAN_POINT('Ctrl Pts',(-0.265197567287117,-1.92168956595813,
-6.19803316477019));
#7068=CARTESIAN_POINT('Ctrl Pts',(2.71652414948198,-1.98089625531983,-5.57731489233657));
#7069=CARTESIAN_POINT('Ctrl Pts',(5.04350405319785,-2.04010294468153,-3.61234158512391));
#7070=CARTESIAN_POINT('Ctrl Pts',(6.15488902525864,-2.09930963404322,-0.776714844213911));
#7071=CARTESIAN_POINT('Ctrl Pts',(5.78281094759066,-2.15851632340492,2.24611718458511));
#7072=CARTESIAN_POINT('Ctrl Pts',(4.01694878558348,-2.21772301276662,4.72758578096769));
#7073=CARTESIAN_POINT('Ctrl Pts',(1.28291399339546,-2.27692970212832,6.06960266805088));
#7074=CARTESIAN_POINT('Ctrl Pts',(-1.76033116755189,-2.33613639149002,5.94871238529593));
#7075=CARTESIAN_POINT('Ctrl Pts',(-4.37929796513267,-2.39534308085171,4.39405213840578));
#7076=CARTESIAN_POINT('Ctrl Pts',(-5.94275804466402,-2.45454977021341,1.78032909458302));
#7077=CARTESIAN_POINT('Ctrl Pts',(-6.07388328655125,-2.51375645957511,-1.26249225098306));
#7078=CARTESIAN_POINT('Ctrl Pts',(-4.74106963580185,-2.57296314893681,-4.00102531495579));
#7079=CARTESIAN_POINT('Ctrl Pts',(-2.26555437142148,-2.63216983829851,-5.77522365390048));
#7080=CARTESIAN_POINT('Ctrl Pts',(0.756009113057289,-2.6913765276602,-6.15746661244813));
#7081=CARTESIAN_POINT('Ctrl Pts',(3.5953578443743,-2.7505832170219,-5.05562526630832));
#7082=CARTESIAN_POINT('Ctrl Pts',(5.56814659536052,-2.8097899063836,-2.73526751068594));
#7083=CARTESIAN_POINT('Ctrl Pts',(6.19889007213165,-2.86899659574529,0.244349618511258));
#7084=CARTESIAN_POINT('Ctrl Pts',(5.33556528324061,-2.928203285107,3.16507313828867));
#7085=CARTESIAN_POINT('Ctrl Pts',(3.18625240998315,-2.98740997446869,5.32294471531647));
#7086=CARTESIAN_POINT('Ctrl Pts',(0.268982925662826,-3.04661666383039,6.19787004124327));
#7087=CARTESIAN_POINT('Ctrl Pts',(-2.71311733458052,-3.10582335319209,5.57897295129109));
#7088=CARTESIAN_POINT('Ctrl Pts',(-5.04129689878856,-3.16503004255379,3.61542119824286));
#7089=CARTESIAN_POINT('Ctrl Pts',(-6.15441350388348,-3.22423673191549,0.780473757185687));
#7090=CARTESIAN_POINT('Ctrl Pts',(-5.78418167031945,-3.28344342127718,-2.24258495205411));
#7091=CARTESIAN_POINT('Ctrl Pts',(-4.01983537821695,-3.34265011063888,-4.72513157430292));
#7092=CARTESIAN_POINT('Ctrl Pts',(-1.2866207238925,-3.40185680000058,-6.06881800479214));
#7093=CARTESIAN_POINT('Ctrl Pts',(1.75669770242061,-3.46106348936228,-5.94978638648054));
#7094=CARTESIAN_POINT('Ctrl Pts',(4.37661351003786,-3.52027017872397,-4.39672594622329));
#7095=CARTESIAN_POINT('Ctrl Pts',(5.9416696120744,-3.57947686808568,-1.7839582627939));
#7096=CARTESIAN_POINT('Ctrl Pts',(6.07465321255792,-3.63868355744737,1.25878243139894));
#7097=CARTESIAN_POINT('Ctrl Pts',(4.7435123513756,-3.69789024680907,3.99812899176429));
#7098=CARTESIAN_POINT('Ctrl Pts',(2.26908112861249,-3.75709693617077,5.7738389044217));
#7099=CARTESIAN_POINT('Ctrl Pts',(-0.752248339969481,-3.81630362553247,
6.15792719163292));
#7100=CARTESIAN_POINT('Ctrl Pts',(-3.59226948406637,-3.87551031489416,5.05782016448633));
#7101=CARTESIAN_POINT('Ctrl Pts',(-5.56647501030304,-3.93471700425586,2.73866770932706));
#7102=CARTESIAN_POINT('Ctrl Pts',(-6.1990381509319,-3.99392369361756,-0.240563641745305));
#7103=CARTESIAN_POINT('Ctrl Pts',(-5.33749733566473,-4.05313038297925,-3.16181388671294));
#7104=CARTESIAN_POINT('Ctrl Pts',(-3.18950276908418,-4.11233707234096,-5.32099773993969));
#7105=CARTESIAN_POINT('Ctrl Pts',(-0.272768183713194,-4.17154376170265,
-6.19770460577081));
#7106=CARTESIAN_POINT('Ctrl Pts',(2.70970950766968,-4.23075045106435,-5.58062892929493));
#7107=CARTESIAN_POINT('Ctrl Pts',(5.03908786393559,-4.28995714042605,-3.61849946275746));
#7108=CARTESIAN_POINT('Ctrl Pts',(6.15393568686675,-4.34916382978775,-0.784232379047735));
#7109=CARTESIAN_POINT('Ctrl Pts',(5.78555023550436,-4.40837051914945,2.23905188302875));
#7110=CARTESIAN_POINT('Ctrl Pts',(4.02272047142177,-4.46757720851114,4.72267560512503));
#7111=CARTESIAN_POINT('Ctrl Pts',(1.29032697447018,-4.52678389787284,6.06803107782036));
#7112=CARTESIAN_POINT('Ctrl Pts',(-1.75306358202775,-4.58599058723454,5.95085816834907));
#7113=CARTESIAN_POINT('Ctrl Pts',(-4.37392742243324,-4.64519727659624,4.3993981140294));
#7114=CARTESIAN_POINT('Ctrl Pts',(-5.94057896319721,-4.70440396595794,1.78758676557472));
#7115=CARTESIAN_POINT('Ctrl Pts',(-6.07542087267321,-4.76361065531963,-1.25507214227934));
#7116=CARTESIAN_POINT('Ctrl Pts',(-4.7459532975835,-4.82281734468133,-3.99523117724061));
#7117=CARTESIAN_POINT('Ctrl Pts',(-2.27260703941915,-4.88202403404303,-5.77245200125747));
#7118=CARTESIAN_POINT('Ctrl Pts',(0.748487286287376,-4.94123072340472,-6.15838547386449));
#7119=CARTESIAN_POINT('Ctrl Pts',(3.58917978381485,-5.00043741276643,-5.0600131760593));
#7120=CARTESIAN_POINT('Ctrl Pts',(5.56480134890844,-5.05964410212812,-2.74206688642449));
#7121=CARTESIAN_POINT('Ctrl Pts',(6.19918391744421,-5.11885079148982,0.2367775752473));
#7122=CARTESIAN_POINT('Ctrl Pts',(5.33942739716213,-5.17805748085152,3.15855345575681));
#7123=CARTESIAN_POINT('Ctrl Pts',(3.19275193847665,-5.23726417021322,5.31904877979066));
#7124=CARTESIAN_POINT('Ctrl Pts',(0.276553340018975,-5.29647085957492,6.19753685850785));
#7125=CARTESIAN_POINT('Ctrl Pts',(-2.70630067001678,-5.35567754893662,5.58228282568213));
#7126=CARTESIAN_POINT('Ctrl Pts',(-5.03687694946489,-5.41488423829831,3.62157637754448));
#7127=CARTESIAN_POINT('Ctrl Pts',(-6.15345557438564,-5.47409092766002,0.787990708385187));
#7128=CARTESIAN_POINT('Ctrl Pts',(-5.78691664263541,-5.5332976170217,-2.23551797882016));
#7129=CARTESIAN_POINT('Ctrl Pts',(-4.02560406412159,-5.59250430638342,-4.72021787435355));
#7130=CARTESIAN_POINT('Ctrl Pts',(-1.29403274374616,-5.65171099574509,-6.06724188742724));
#7131=CARTESIAN_POINT('Ctrl Pts',(1.74942880772898,-5.7109176851068,-5.9519277305027));
#7132=CARTESIAN_POINT('Ctrl Pts',(4.37123970332077,-5.7701243744685,-4.40206864082684));
#7133=CARTESIAN_POINT('Ctrl Pts',(5.9394860984393,-5.8293310638302,-1.79121460157217));
#7134=CARTESIAN_POINT('Ctrl Pts',(6.07618626661073,-5.88853775319189,1.25136138500838));
#7135=CARTESIAN_POINT('Ctrl Pts',(4.74839247351506,-5.9477444425536,3.99233187246559));
#7136=CARTESIAN_POINT('Ctrl Pts',(2.27613210252627,-6.00695113191529,5.77106294492516));
#7137=CARTESIAN_POINT('Ctrl Pts',(-0.744725953413878,-6.06615782127699,
6.15884145897187));
#7138=CARTESIAN_POINT('Ctrl Pts',(-3.58608874477223,-6.12536451063869,5.06220430020924));
#7139=CARTESIAN_POINT('Ctrl Pts',(-5.56312561180103,-6.18457120000038,2.7454650407103));
#7140=CARTESIAN_POINT('Ctrl Pts',(-6.19932737161421,-6.24377788936209,-0.232991420429472));
#7141=CARTESIAN_POINT('Ctrl Pts',(-5.34135546701289,-6.30298457872377,-3.15529184663645));
#7142=CARTESIAN_POINT('Ctrl Pts',(-3.19599991694858,-6.36219126808549,-5.31709783559637));
#7143=CARTESIAN_POINT('Ctrl Pts',(-0.280338393168278,-6.42139795744717,
-6.19736679951693));
#7144=CARTESIAN_POINT('Ctrl Pts',(2.70289082289334,-6.48060464680889,-5.58393463983578));
#7145=CARTESIAN_POINT('Ctrl Pts',(5.03466415620115,-6.53981133617056,-3.62465194145623));
#7146=CARTESIAN_POINT('Ctrl Pts',(6.15297316661923,-6.59901802553228,-0.791748743796158));
#7147=CARTESIAN_POINT('Ctrl Pts',(5.78828089120297,-6.65822471489397,2.23198324074655));
#7148=CARTESIAN_POINT('Ctrl Pts',(4.0284861552407,-6.71743140425566,4.71775838290527));
#7149=CARTESIAN_POINT('Ctrl Pts',(1.29773803033815,-6.77663809361737,6.06645043390721));
#7150=CARTESIAN_POINT('Ctrl Pts',(-1.74579338088013,-6.83584478297907,5.9529950725424));
#7151=CARTESIAN_POINT('Ctrl Pts',(-4.36855035370298,-6.89505147234076,4.40473752561948));
#7152=CARTESIAN_POINT('Ctrl Pts',(-5.93839101820835,-6.95425816170247,1.79484176943303));
#7153=CARTESIAN_POINT('Ctrl Pts',(-6.07694939408497,-7.01346485106415,-1.24765016097026));
#7154=CARTESIAN_POINT('Ctrl Pts',(-4.75082987826042,-7.07267154042586,-3.98943107852073));
#7155=CARTESIAN_POINT('Ctrl Pts',(-2.27965631661894,-7.13187822978756,-5.7696717359429));
#7156=CARTESIAN_POINT('Ctrl Pts',(0.74096434275199,-7.19108491914925,-6.15929514678498));
#7157=CARTESIAN_POINT('Ctrl Pts',(3.58299636809148,-7.25029160851095,-5.06439353611883));
#7158=CARTESIAN_POINT('Ctrl Pts',(5.56144779960584,-7.30949829787265,-2.74886217091698));
#7159=CARTESIAN_POINT('Ctrl Pts',(6.19946851338839,-7.36870498723435,0.229205178704095));
#7160=CARTESIAN_POINT('Ctrl Pts',(5.34328154449782,-7.42791167659604,3.15202906056845));
#7161=CARTESIAN_POINT('Ctrl Pts',(3.19924670328847,-7.48711836595774,5.31514490808452));
#7162=CARTESIAN_POINT('Ctrl Pts',(0.28412334174925,-7.54632505531944,6.19719442886151));
#7163=CARTESIAN_POINT('Ctrl Pts',(-2.69947996757126,-7.60553174468113,5.58558437113973));
#7164=CARTESIAN_POINT('Ctrl Pts',(-5.03244948496971,-7.66473843404284,3.62772615334552));
#7165=CARTESIAN_POINT('Ctrl Pts',(-6.15248846374745,-7.72394512340454,0.795506483878969));
#7166=CARTESIAN_POINT('Ctrl Pts',(-5.7896429806982,-7.78315181276622,-2.22844767012625));
#7167=CARTESIAN_POINT('Ctrl Pts',(-4.03136674370423,-7.84235850212794,-4.71529713169748));
#7168=CARTESIAN_POINT('Ctrl Pts',(-1.3014428328642,-7.90156519148962,-6.06565671755543));
#7169=CARTESIAN_POINT('Ctrl Pts',(1.74215730283706,-7.96077188085133,-5.95406019407014));
#7170=CARTESIAN_POINT('Ctrl Pts',(4.36585937458291,-8.01997857021303,-4.40740476741194));
#7171=CARTESIAN_POINT('Ctrl Pts',(5.93729372291275,-8.07918525957472,-1.79846826780451));
#7172=CARTESIAN_POINT('Ctrl Pts',(6.07771025481135,-8.13839194893643,1.24393847154913));
#7173=CARTESIAN_POINT('Ctrl Pts',(4.75326551091048,-8.19759863829811,3.98652879648799));
#7174=CARTESIAN_POINT('Ctrl Pts',(2.28317968038265,-8.25680532765982,5.76827837482958));
#7175=CARTESIAN_POINT('Ctrl Pts',(-0.737202455704812,-8.31601201702152,
6.15974653713461));
#7176=CARTESIAN_POINT('Ctrl Pts',(-3.57990265492611,-8.37521870638321,5.06658088297146));
#7177=CARTESIAN_POINT('Ctrl Pts',(-5.55976791294871,-8.43442539574491,2.75225827577735));
#7178=CARTESIAN_POINT('Ctrl Pts',(-6.19960734271412,-8.49363208510661,-0.225418851483458));
#7179=CARTESIAN_POINT('Ctrl Pts',(-5.34520562889846,-8.5528387744683,-3.14876509876987));
#7180=CARTESIAN_POINT('Ctrl Pts',(-3.20249229628523,-8.61204546383001,-5.31318999798357));
#7181=CARTESIAN_POINT('Ctrl Pts',(-0.287908184350072,-8.6712521531917,-6.19701974660588));
#7182=CARTESIAN_POINT('Ctrl Pts',(2.69606810532281,-8.7304588425534,-5.58723201897863));
#7183=CARTESIAN_POINT('Ctrl Pts',(5.03023293659671,-8.78966553191511,-3.6307990120656));
#7184=CARTESIAN_POINT('Ctrl Pts',(6.15200146595114,-8.84887222127678,-0.799263927231812));
#7185=CARTESIAN_POINT('Ctrl Pts',(5.79100291061292,-8.9080789106385,2.22491126827826));
#7186=CARTESIAN_POINT('Ctrl Pts',(4.03424582843754,-8.96728560000018,4.71283412164839));
#7187=CARTESIAN_POINT('Ctrl Pts',(1.30514714994217,-9.0264922893619,6.06486073866801));
#7188=CARTESIAN_POINT('Ctrl Pts',(-1.73852057495628,-9.08569897872358,5.95512309468853));
#7189=CARTESIAN_POINT('Ctrl Pts',(-4.36316676696448,-9.14490566808529,4.41007036520912));
#7190=CARTESIAN_POINT('Ctrl Pts',(-5.93619421296193,-9.20411235744698,1.80209409533365));
#7191=CARTESIAN_POINT('Ctrl Pts',(-6.07846884850596,-9.26331904680868,-1.24022631812969));
#7192=CARTESIAN_POINT('Ctrl Pts',(-4.75569937055665,-9.32252573617038,-3.98362502745));
#7193=CARTESIAN_POINT('Ctrl Pts',(-2.28670219250312,-9.38173242553208,-5.766882862105));
#7194=CARTESIAN_POINT('Ctrl Pts',(0.733440293675573,-9.44093911489378,-6.16019562985236));
#7195=CARTESIAN_POINT('Ctrl Pts',(3.57680760643005,-9.50014580425547,-5.06876633995127));
#7196=CARTESIAN_POINT('Ctrl Pts',(5.55808595245629,-9.55935249361718,-2.75565335402466));
#7197=CARTESIAN_POINT('Ctrl Pts',(6.19974385953955,-9.61855918297886,0.221632440179902));
#7198=CARTESIAN_POINT('Ctrl Pts',(5.34712771949719,-9.67776587234058,3.14549996245815));
#7199=CARTESIAN_POINT('Ctrl Pts',(3.20573669472813,-9.73697256170226,5.31123310602277));
#7200=CARTESIAN_POINT('Ctrl Pts',(0.291692919559198,-9.79617925106398,6.19684275281509));
#7201=CARTESIAN_POINT('Ctrl Pts',(-2.69265523742109,-9.85538594042565,5.58887758273808));
#7202=CARTESIAN_POINT('Ctrl Pts',(-5.02801451190807,-9.91459262978737,3.63387051646993));
#7203=CARTESIAN_POINT('Ctrl Pts',(-6.15151217341357,-9.97379931914905,0.803021072453914));
#7204=CARTESIAN_POINT('Ctrl Pts',(-5.79236068043676,-10.0330060085108,-2.22137403652302));
#7205=CARTESIAN_POINT('Ctrl Pts',(-4.03712340837287,-10.0922126978725,-4.71036935367394));
#7206=CARTESIAN_POINT('Ctrl Pts',(-1.30885098017858,-10.1514193872342,-6.0640624975471));
#7207=CARTESIAN_POINT('Ctrl Pts',(1.73488319857132,-10.2106260765959,-5.956183773991));
#7208=CARTESIAN_POINT('Ctrl Pts',(4.3604725318962,-10.2698327659575,-4.41273431803647));
#7209=CARTESIAN_POINT('Ctrl Pts',(5.93509248868029,-10.3290394553192,-1.80571925063033));
#7210=CARTESIAN_POINT('Ctrl Pts',(6.0792251750514,-10.3882461446809,1.23651370202315));
#7211=CARTESIAN_POINT('Ctrl Pts',(4.75813145597131,-10.4474528340426,3.98071977263137));
#7212=CARTESIAN_POINT('Ctrl Pts',(2.29022385228479,-10.5066595234043,5.76548519801602));
#7213=CARTESIAN_POINT('Ctrl Pts',(-0.729677859262901,-10.565866212766,6.16064242529968));
#7214=CARTESIAN_POINT('Ctrl Pts',(-3.57371122144708,-10.6250729021277,5.07094990522048));
#7215=CARTESIAN_POINT('Ctrl Pts',(-5.55640192322289,-10.6842795914894,2.75904740636923));
#7216=CARTESIAN_POINT('Ctrl Pts',(-6.19987805517853,-10.7434862808511,-0.217845950027091));
#7217=CARTESIAN_POINT('Ctrl Pts',(-5.34904783227025,-10.8026929702128,-3.1422336454641));
#7218=CARTESIAN_POINT('Ctrl Pts',(-3.20897986513665,-10.8618996595745,-5.30927424721243));
#7219=CARTESIAN_POINT('Ctrl Pts',(-0.295477608348017,-10.9211063489362,
-6.19666341994917));
#7220=CARTESIAN_POINT('Ctrl Pts',(2.68924148573459,-10.9803130382979,-5.59052111517061));
#7221=CARTESIAN_POINT('Ctrl Pts',(5.02579397860299,-11.0395197276596,-3.63694056224806));
#7222=CARTESIAN_POINT('Ctrl Pts',(6.15102103698759,-11.0987264170213,-0.80677811757599));
#7223=CARTESIAN_POINT('Ctrl Pts',(5.79371541845305,-11.157933106383,2.2178363617108));
#7224=CARTESIAN_POINT('Ctrl Pts',(4.04000116661103,-11.2171397957447,4.70790208340705));
#7225=CARTESIAN_POINT('Ctrl Pts',(1.31255106643962,-11.2763464851064,6.06326343523769));
#7226=CARTESIAN_POINT('Ctrl Pts',(-1.73123888117532,-11.3355531744681,5.95723944639197));
#7227=CARTESIAN_POINT('Ctrl Pts',(-4.35778883760603,-11.3947598638298,4.41540200926095));
#7228=CARTESIAN_POINT('Ctrl Pts',(-5.93396502672727,-11.4539665531915,1.80933332175193));
#7229=CARTESIAN_POINT('Ctrl Pts',(-6.0800247358588,-11.5131732425532,-1.23278048146834));
#7230=CARTESIAN_POINT('Ctrl Pts',(-4.76047354346708,-11.5723799319149,-3.9778521474284));
#7231=CARTESIAN_POINT('Ctrl Pts',(-2.29391774587391,-11.6315866212766,-5.76400807223186));
#7232=CARTESIAN_POINT('Ctrl Pts',(0.726274415392474,-11.6907933106383,-6.16125284205816));
#7233=CARTESIAN_POINT('Ctrl Pts',(2.62188205909889,-11.7302644368794,-5.43552368377175));
#7234=CARTESIAN_POINT('Ctrl Pts',(3.42689341736674,-11.75,-4.86893391883773));
#7235=CARTESIAN_POINT('Ctrl Pts',(3.37301588675541,-0.583819347518251,-4.73073273055807));
#7236=CARTESIAN_POINT('Ctrl Pts',(4.15517757646218,-0.603554910638817,-4.17305087540893));
#7237=CARTESIAN_POINT('Ctrl Pts',(5.43684929004008,-0.643026036879949,-2.6628976271407));
#7238=CARTESIAN_POINT('Ctrl Pts',(6.0487431500289,-0.702232726241648,0.246016367726101));
#7239=CARTESIAN_POINT('Ctrl Pts',(5.202827987273,-0.761439415603345,3.09483241545148));
#7240=CARTESIAN_POINT('Ctrl Pts',(3.10288526769726,-0.820646104965043,5.19812397811296));
#7241=CARTESIAN_POINT('Ctrl Pts',(0.255095376205152,-0.879852794326741,
6.04834976787918));
#7242=CARTESIAN_POINT('Ctrl Pts',(-2.65418638566966,-0.93905948368844,5.44089617403579));
#7243=CARTESIAN_POINT('Ctrl Pts',(-4.92374681314205,-0.998266173050137,
3.52201295517847));
#7244=CARTESIAN_POINT('Ctrl Pts',(-6.00657864401747,-1.05747286241184,0.754275665461076));
#7245=CARTESIAN_POINT('Ctrl Pts',(-5.64169232807286,-1.11667955177353,-2.19527315821236));
#7246=CARTESIAN_POINT('Ctrl Pts',(-3.91703519899383,-1.17588624113523,-4.61570553144929));
#7247=CARTESIAN_POINT('Ctrl Pts',(-1.24828649531936,-1.23509293049693,-5.9236556871002));
#7248=CARTESIAN_POINT('Ctrl Pts',(1.72132643294798,-1.29429961985863,-5.80387307348084));
#7249=CARTESIAN_POINT('Ctrl Pts',(4.27606207524053,-1.35350630922033,-4.28523098588395));
#7250=CARTESIAN_POINT('Ctrl Pts',(5.80017306737034,-1.41271299858202,-1.73375384230374));
#7251=CARTESIAN_POINT('Ctrl Pts',(5.92631534603214,-1.47191968794372,1.23559566784596));
#7252=CARTESIAN_POINT('Ctrl Pts',(4.62408582615291,-1.53112637730542,3.90713970649403));
#7253=CARTESIAN_POINT('Ctrl Pts',(2.20735035864341,-1.59033306666712,5.63697743313378));
#7254=CARTESIAN_POINT('Ctrl Pts',(-0.741404890235063,-1.64953975602882,
6.00818018490063));
#7255=CARTESIAN_POINT('Ctrl Pts',(-3.51146532191677,-1.70874644539051,4.93127991045055));
#7256=CARTESIAN_POINT('Ctrl Pts',(-5.43518570927526,-1.76795313475221,2.66583319084244));
#7257=CARTESIAN_POINT('Ctrl Pts',(-6.04890730744296,-1.82715982411391,-0.242137715970406));
#7258=CARTESIAN_POINT('Ctrl Pts',(-5.20470977114143,-1.8863665134756,-3.09174812754845));
#7259=CARTESIAN_POINT('Ctrl Pts',(-3.10606319456697,-1.94557320283731,-5.19617953124595));
#7260=CARTESIAN_POINT('Ctrl Pts',(-0.258787364080516,-2.004779892199,-6.04821786867292));
#7261=CARTESIAN_POINT('Ctrl Pts',(2.65086188873075,-2.0639865815607,-5.44250324163864));
#7262=CARTESIAN_POINT('Ctrl Pts',(4.92159537136109,-2.1231932709224,-3.52502614007983));
#7263=CARTESIAN_POINT('Ctrl Pts',(6.00611658450983,-2.1823999602841,-0.757940539321424));
#7264=CARTESIAN_POINT('Ctrl Pts',(5.64303216432885,-2.24160664964579,2.19182533068049));
#7265=CARTESIAN_POINT('Ctrl Pts',(3.91985340778839,-2.30081333900749,4.61331329407189));
#7266=CARTESIAN_POINT('Ctrl Pts',(1.25190413354502,-2.36002002836919,5.92289172012059));
#7267=CARTESIAN_POINT('Ctrl Pts',(-1.71778145410489,-2.41922671773089,5.80492352781347));
#7268=CARTESIAN_POINT('Ctrl Pts',(-4.2734440911854,-2.47843340709259,4.28784163506031));
#7269=CARTESIAN_POINT('Ctrl Pts',(-5.79911311208181,-2.53764009645428,1.73729600273516));
#7270=CARTESIAN_POINT('Ctrl Pts',(-5.92706886997031,-2.59684678581598,-1.23197601375533));
#7271=CARTESIAN_POINT('Ctrl Pts',(-4.62647122491519,-2.65605347517768,-3.90431483014267));
#7272=CARTESIAN_POINT('Ctrl Pts',(-2.21079269300577,-2.71526016453938,-5.6356282663419));
#7273=CARTESIAN_POINT('Ctrl Pts',(0.737735295200254,-2.77446685390108,-6.00863186774292));
#7274=CARTESIAN_POINT('Ctrl Pts',(3.50845292055231,-2.83367354326277,-4.93342359747343));
#7275=CARTESIAN_POINT('Ctrl Pts',(5.43355655546874,-2.89288023262447,-2.66915219617811));
#7276=CARTESIAN_POINT('Ctrl Pts',(6.04905406336204,-2.95208692198617,0.238443339942674));
#7277=CARTESIAN_POINT('Ctrl Pts',(5.20659706517772,-3.01129361134787,3.08856880912867));
#7278=CARTESIAN_POINT('Ctrl Pts',(3.10923614763793,-3.07050030070957,5.19428155436933));
#7279=CARTESIAN_POINT('Ctrl Pts',(0.262481224948729,-3.12970699007126,6.04805868807415));
#7280=CARTESIAN_POINT('Ctrl Pts',(-2.64753742140142,-3.18891367943296,5.44412122294488));
#7281=CARTESIAN_POINT('Ctrl Pts',(-4.91944156701989,-3.24812036879466,3.5280313145601));
#7282=CARTESIAN_POINT('Ctrl Pts',(-6.0056525571641,-3.30732705815636,0.761608594008823));
#7283=CARTESIAN_POINT('Ctrl Pts',(-5.6443697547355,-3.36653374751806,-2.1883784772445));
#7284=CARTESIAN_POINT('Ctrl Pts',(-3.92267022736344,-3.42574043687975,-4.61091840908038));
#7285=CARTESIAN_POINT('Ctrl Pts',(-1.25552126708247,-3.48494712624146,-5.92212602329125));
#7286=CARTESIAN_POINT('Ctrl Pts',(1.71423581500487,-3.54415381560315,-5.8059715688586));
#7287=CARTESIAN_POINT('Ctrl Pts',(4.27082452319659,-3.60336050496485,-4.2904508131317));
#7288=CARTESIAN_POINT('Ctrl Pts',(5.7980509884593,-3.66256719432655,-1.74083744877747));
#7289=CARTESIAN_POINT('Ctrl Pts',(5.92782018576798,-3.72177388368824,1.22835586579843));
#7290=CARTESIAN_POINT('Ctrl Pts',(4.62885489657174,-3.78098057304995,3.90148851521104));
#7291=CARTESIAN_POINT('Ctrl Pts',(2.21423420344853,-3.84018726241164,5.63427698823181));
#7292=CARTESIAN_POINT('Ctrl Pts',(-0.73406542535848,-3.89939395177334,6.00908131407231));
#7293=CARTESIAN_POINT('Ctrl Pts',(-3.50543921031509,-3.95860064113503,4.93556544183394));
#7294=CARTESIAN_POINT('Ctrl Pts',(-5.43192537500473,-4.01780733049674,2.67247020717152));
#7295=CARTESIAN_POINT('Ctrl Pts',(-6.04919856288662,-4.07701401985843,-0.23474887563158));
#7296=CARTESIAN_POINT('Ctrl Pts',(-5.20848241714086,-4.13622070922013,-3.08538833830917));
#7297=CARTESIAN_POINT('Ctrl Pts',(-3.11240794092651,-4.19542739858183,-5.19238164016257));
#7298=CARTESIAN_POINT('Ctrl Pts',(-0.266174987916622,-4.25463408794353,
-6.04789725141287));
#7299=CARTESIAN_POINT('Ctrl Pts',(2.64421196652444,-4.31384077730523,-5.44573717359998));
#7300=CARTESIAN_POINT('Ctrl Pts',(4.91728592768802,-4.37304746666693,-3.5310351730337));
#7301=CARTESIAN_POINT('Ctrl Pts',(6.00518628966572,-4.43225415602862,-0.765276364623031));
#7302=CARTESIAN_POINT('Ctrl Pts',(5.64570523974917,-4.49146084539032,2.18493080753343));
#7303=CARTESIAN_POINT('Ctrl Pts',(3.92548558375318,-4.55066753475202,4.60852180417818));
#7304=CARTESIAN_POINT('Ctrl Pts',(1.25913793230089,-4.60987422411372,5.92135811746603));
#7305=CARTESIAN_POINT('Ctrl Pts',(-1.71068953648188,-4.66908091347541,5.8070174442317));
#7306=CARTESIAN_POINT('Ctrl Pts',(-4.26820336215806,-4.72828760283711,4.29305839083309));
#7307=CARTESIAN_POINT('Ctrl Pts',(-5.79698670212002,-4.78749429219881,1.74437824547411));
#7308=CARTESIAN_POINT('Ctrl Pts',(-5.92856929044409,-4.84670098156051,-1.22473525965539));
#7309=CARTESIAN_POINT('Ctrl Pts',(-4.63123684163053,-4.90590767092221,-3.89866074499486));
#7310=CARTESIAN_POINT('Ctrl Pts',(-2.21767488796527,-4.9651143602839,-5.63292360849391));
#7311=CARTESIAN_POINT('Ctrl Pts',(0.730395281704786,-5.02432104964561,-6.00952851896912));
#7312=CARTESIAN_POINT('Ctrl Pts',(3.50242419252261,-5.0835277390073,-4.93770544519133));
#7313=CARTESIAN_POINT('Ctrl Pts',(5.43029216839165,-5.142734428369,-2.67578722131342));
#7314=CARTESIAN_POINT('Ctrl Pts',(6.04934080601455,-5.20194111773069,0.231054323757389));
#7315=CARTESIAN_POINT('Ctrl Pts',(5.21036582630082,-5.26114780709239,3.08220671661658));
#7316=CARTESIAN_POINT('Ctrl Pts',(3.11557857326348,-5.3203544964541,5.19047978915835));
#7317=CARTESIAN_POINT('Ctrl Pts',(0.269868651599237,-5.37956118581578,6.04773355884035));
#7318=CARTESIAN_POINT('Ctrl Pts',(-2.64088552533648,-5.4387678751775,5.44735109295409));
#7319=CARTESIAN_POINT('Ctrl Pts',(-4.91512845417146,-5.49797456453918,3.53403771440458));
#7320=CARTESIAN_POINT('Ctrl Pts',(-6.00471778218762,-5.55718125390089,0.768943849783378));
#7321=CARTESIAN_POINT('Ctrl Pts',(-5.64703861887224,-5.61638794326258,-2.18148232282668));
#7322=CARTESIAN_POINT('Ctrl Pts',(-3.92829947590724,-5.67559463262427,-4.60612348026263));
#7323=CARTESIAN_POINT('Ctrl Pts',(-1.26275412785137,-5.73480132198598,-5.92058800292962));
#7324=CARTESIAN_POINT('Ctrl Pts',(1.70714261985881,-5.79400801134767,-5.80806115354352));
#7325=CARTESIAN_POINT('Ctrl Pts',(4.26558060904754,-5.85321470070938,-4.29566436719136));
#7326=CARTESIAN_POINT('Ctrl Pts',(5.79592025346106,-5.91242139007107,-1.74791839150448));
#7327=CARTESIAN_POINT('Ctrl Pts',(5.92931618371916,-5.97162807943277,1.22111419667689));
#7328=CARTESIAN_POINT('Ctrl Pts',(4.63361705920309,-6.03083476879447,3.89583152054884));
#7329=CARTESIAN_POINT('Ctrl Pts',(2.22111474527255,-6.09004145815617,5.63156812763307));
#7330=CARTESIAN_POINT('Ctrl Pts',(-0.726724865608132,-6.14924814751786,
6.00997348226652));
#7331=CARTESIAN_POINT('Ctrl Pts',(-3.49940786829954,-6.20845483687957,4.93984360674739));
#7332=CARTESIAN_POINT('Ctrl Pts',(-5.42865693623866,-6.26766152624126,2.67910323736651));
#7333=CARTESIAN_POINT('Ctrl Pts',(-6.04948079269279,-6.32686821560296,-0.227359685698188));
#7334=CARTESIAN_POINT('Ctrl Pts',(-5.21224729195506,-6.38607490496466,-3.07902394523766));
#7335=CARTESIAN_POINT('Ctrl Pts',(-3.11874804346618,-6.44528159432635,-5.18857600206604));
#7336=CARTESIAN_POINT('Ctrl Pts',(-0.273562214618807,-6.50448828368805,
-6.04756761041765));
#7337=CARTESIAN_POINT('Ctrl Pts',(2.63755809907831,-6.56369497304975,-5.44896298040518));
#7338=CARTESIAN_POINT('Ctrl Pts',(4.91296914727496,-6.62290166241144,-3.53703893755276));
#7339=CARTESIAN_POINT('Ctrl Pts',(6.00424703490452,-6.68210835177315,-0.772611048121864));
#7340=CARTESIAN_POINT('Ctrl Pts',(5.64836989160736,-6.74131504113484,2.17803302441063));
#7341=CARTESIAN_POINT('Ctrl Pts',(3.93111190277595,-6.80052173049655,4.60372343822835));
#7342=CARTESIAN_POINT('Ctrl Pts',(1.26636985238503,-6.85972841985824,5.91981567996928));
#7343=CARTESIAN_POINT('Ctrl Pts',(-1.70359506645874,-6.91893510921994,5.80910269640478));
#7344=CARTESIAN_POINT('Ctrl Pts',(-4.26295626484333,-6.97814179858164,4.2982687412344));
#7345=CARTESIAN_POINT('Ctrl Pts',(-5.79485164288019,-7.03734848794334,1.75145788554808));
#7346=CARTESIAN_POINT('Ctrl Pts',(-5.93006086531462,-7.09655517730503,-1.21749267821364));
#7347=CARTESIAN_POINT('Ctrl Pts',(-4.63599554840154,-7.15576186666673,-3.89300084292835));
#7348=CARTESIAN_POINT('Ctrl Pts',(-2.22455377408729,-7.21496855602842,-5.63021054615489));
#7349=CARTESIAN_POINT('Ctrl Pts',(0.723054178437636,-7.27417524539013,-6.01041620379851));
#7350=CARTESIAN_POINT('Ctrl Pts',(3.49639023877096,-7.33338193475182,-4.94197992570457));
#7351=CARTESIAN_POINT('Ctrl Pts',(5.42701967915573,-7.39258862411352,-2.68241825409392));
#7352=CARTESIAN_POINT('Ctrl Pts',(6.04961852286912,-7.45179531347522,0.223664962832118));
#7353=CARTESIAN_POINT('Ctrl Pts',(5.21412681340179,-7.51100200283691,3.07584002535961));
#7354=CARTESIAN_POINT('Ctrl Pts',(3.12191635035236,-7.57020869219863,5.18667027959581));
#7355=CARTESIAN_POINT('Ctrl Pts',(0.277255675597611,-7.62941538156031,6.04739940620666));
#7356=CARTESIAN_POINT('Ctrl Pts',(-2.6342296889911,-7.68862207092201,5.45057283535205));
#7357=CARTESIAN_POINT('Ctrl Pts',(-4.91080800780391,-7.7478287602837,3.54003884135878));
#7358=CARTESIAN_POINT('Ctrl Pts',(-6.00377404799205,-7.80703544964541,0.776277958270701));
#7359=CARTESIAN_POINT('Ctrl Pts',(-5.64969905745799,-7.8662421390071,-2.17458291357173));
#7360=CARTESIAN_POINT('Ctrl Pts',(-3.93392286331042,-7.92544882836881,-4.60132167897044));
#7361=CARTESIAN_POINT('Ctrl Pts',(-1.26998510455329,-7.9846555177305,-5.91904114887307));
#7362=CARTESIAN_POINT('Ctrl Pts',(1.70004687760474,-8.0438622070922,-5.81014207242699));
#7363=CARTESIAN_POINT('Ctrl Pts',(4.26033033052424,-8.10306889645389,-4.30087151199092));
#7364=CARTESIAN_POINT('Ctrl Pts',(5.79378087077595,-8.1622755858156,-1.75499672628482));
#7365=CARTESIAN_POINT('Ctrl Pts',(5.93080333495273,-8.22148227517729,1.21387070561636));
#7366=CARTESIAN_POINT('Ctrl Pts',(4.63837230833878,-8.28068896453899,3.89016871318917));
#7367=CARTESIAN_POINT('Ctrl Pts',(2.22799197312672,-8.33989565390069,5.62885086456575));
#7368=CARTESIAN_POINT('Ctrl Pts',(-0.71938322156248,-8.39910234326238,6.01085668339999));
#7369=CARTESIAN_POINT('Ctrl Pts',(-3.49337130506247,-8.4583090326241,4.944114401266));
#7370=CARTESIAN_POINT('Ctrl Pts',(-5.42538039775357,-8.51751572198577,2.6857322702591));
#7371=CARTESIAN_POINT('Ctrl Pts',(-6.04975399649214,-8.57672241134749,-0.219970156537325));
#7372=CARTESIAN_POINT('Ctrl Pts',(-5.21600438993994,-8.63592910070918,-3.07265495817006));
#7373=CARTESIAN_POINT('Ctrl Pts',(-3.1250834927402,-8.69513579007088,-5.18476262245847));
#7374=CARTESIAN_POINT('Ctrl Pts',(-0.280949033157967,-8.75434247943257,
-6.04722894627014));
#7375=CARTESIAN_POINT('Ctrl Pts',(2.63090029631637,-8.81354916879429,-5.45218065719417));
#7376=CARTESIAN_POINT('Ctrl Pts',(4.90864503656449,-8.87275585815595,-3.54303742470364));
#7377=CARTESIAN_POINT('Ctrl Pts',(6.00329882162663,-8.93196254751768,-0.779944578861947));
#7378=CARTESIAN_POINT('Ctrl Pts',(5.65102611592827,-8.99116923687936,2.1711319915971));
#7379=CARTESIAN_POINT('Ctrl Pts',(3.93673235646194,-9.05037592624107,4.59891820338494));
#7380=CARTESIAN_POINT('Ctrl Pts',(1.27359988300746,-9.10958261560276,5.91826440992993));
#7381=CARTESIAN_POINT('Ctrl Pts',(-1.69649805462053,-9.16878930496446,5.8111792812224));
#7382=CARTESIAN_POINT('Ctrl Pts',(-4.25770280706992,-9.22799599432617,4.30347267848988));
#7383=CARTESIAN_POINT('Ctrl Pts',(-5.79270793754784,-9.28720268368785,1.75853491239441));
#7384=CARTESIAN_POINT('Ctrl Pts',(-5.93154359235646,-9.34640937304956,-1.21024828023626));
#7385=CARTESIAN_POINT('Ctrl Pts',(-4.64074733812814,-9.40561606241125,-3.88733513238778));
#7386=CARTESIAN_POINT('Ctrl Pts',(-2.23142934110836,-9.46482275177296,-5.62748908337285));
#7387=CARTESIAN_POINT('Ctrl Pts',(0.715711996351971,-9.52402944113465,-6.01129492090661));
#7388=CARTESIAN_POINT('Ctrl Pts',(3.49035106830016,-9.58323613049635,-4.94624703263551));
#7389=CARTESIAN_POINT('Ctrl Pts',(5.42373909264367,-9.64244281985805,-2.68904528462591));
#7390=CARTESIAN_POINT('Ctrl Pts',(6.04988721351133,-9.70164950921973,0.216275268192017));
#7391=CARTESIAN_POINT('Ctrl Pts',(5.21788002086921,-9.76085619858145,3.06946874485704));
#7392=CARTESIAN_POINT('Ctrl Pts',(3.12824946944826,-9.82006288794314,5.18285303136566));
#7393=CARTESIAN_POINT('Ctrl Pts',(0.284642285922431,-9.87926957730483,6.04705623067156));
#7394=CARTESIAN_POINT('Ctrl Pts',(-2.62756992229644,-9.93847626666654,5.45378644533201));
#7395=CARTESIAN_POINT('Ctrl Pts',(-4.90648023436267,-9.99768295602823,3.54603468646847));
#7396=CARTESIAN_POINT('Ctrl Pts',(-6.00282135598711,-10.0568896453899,0.783610908528699));
#7397=CARTESIAN_POINT('Ctrl Pts',(-5.65235106652015,-10.1160963347516,-2.16768025977525));
#7398=CARTESIAN_POINT('Ctrl Pts',(-3.93954038118862,-10.1753030241133,-4.59651301236566));
#7399=CARTESIAN_POINT('Ctrl Pts',(-1.27721418638773,-10.234509713475,-5.91748546343468));
#7400=CARTESIAN_POINT('Ctrl Pts',(1.69294859880741,-10.2937164028367,-5.81221432239428));
#7401=CARTESIAN_POINT('Ctrl Pts',(4.25507369550352,-10.3529230921984,-4.30607223978026));
#7402=CARTESIAN_POINT('Ctrl Pts',(5.79163284351247,-10.4121297815601,-1.76207244252039));
#7403=CARTESIAN_POINT('Ctrl Pts',(5.93228163741124,-10.4713364709218,1.20662540335288));
#7404=CARTESIAN_POINT('Ctrl Pts',(4.6431206365717,-10.5305431602835,3.8845001017192));
#7405=CARTESIAN_POINT('Ctrl Pts',(2.23486587735342,-10.5897498496452,5.62612520281708));
#7406=CARTESIAN_POINT('Ctrl Pts',(-0.712040505341917,-10.6489565390069,
6.01173091667114));
#7407=CARTESIAN_POINT('Ctrl Pts',(-3.48732952735574,-10.7081632283686,4.94837781801977));
#7408=CARTESIAN_POINT('Ctrl Pts',(-5.42209576879721,-10.7673699177303,2.69235729788754));
#7409=CARTESIAN_POINT('Ctrl Pts',(-6.05001816545043,-10.826576607092,-0.212580302903366));
#7410=CARTESIAN_POINT('Ctrl Pts',(-5.21975372177966,-10.8857832964537,-3.06628137940044));
#7411=CARTESIAN_POINT('Ctrl Pts',(-3.13141424780528,-10.9449899858154,-5.18094152096487));
#7412=CARTESIAN_POINT('Ctrl Pts',(-0.288335493388636,-11.0041966751771,
-6.04688123253662));
#7413=CARTESIAN_POINT('Ctrl Pts',(2.62423868585408,-11.0634033645388,-5.455390251243));
#7414=CARTESIAN_POINT('Ctrl Pts',(4.90431337451265,-11.1226100539005,-3.54903052486419));
#7415=CARTESIAN_POINT('Ctrl Pts',(6.00234209102861,-11.1818167432622,-0.787277140514987));
#7416=CARTESIAN_POINT('Ctrl Pts',(5.65367305858757,-11.2410234326239,2.16422809560574));
#7417=CARTESIAN_POINT('Ctrl Pts',(3.94234857990828,-11.3002301219856,4.5941053795379));
#7418=CARTESIAN_POINT('Ctrl Pts',(1.28082483628983,-11.3594368113473,5.91670571560024));
#7419=CARTESIAN_POINT('Ctrl Pts',(-1.68939236975738,-11.418643500709,5.8132444776886));
#7420=CARTESIAN_POINT('Ctrl Pts',(-4.25245486992961,-11.4778501900707,4.30867544910539));
#7421=CARTESIAN_POINT('Ctrl Pts',(-5.7905326339219,-11.5370568794324,1.76559915639158));
#7422=CARTESIAN_POINT('Ctrl Pts',(-5.93306187169426,-11.5962635687941,-1.20298242006011));
#7423=CARTESIAN_POINT('Ctrl Pts',(-4.64540611247435,-11.6554702581558,-3.88170179110481));
#7424=CARTESIAN_POINT('Ctrl Pts',(-2.23847048426931,-11.7146769475174,-5.62468378126858));
#7425=CARTESIAN_POINT('Ctrl Pts',(0.708719327561014,-11.7738836368792,-6.01232657878648));
#7426=CARTESIAN_POINT('Ctrl Pts',(2.55850743257243,-11.8133547631203,-5.30413932869009));
#7427=CARTESIAN_POINT('Ctrl Pts',(3.34406051887005,-11.8330903262409,-4.75124484597588));
#7428=CARTESIAN_POINT('Ctrl Pts',(3.28946575929846,-0.666909673759125,-4.61355174598134));
#7429=CARTESIAN_POINT('Ctrl Pts',(4.05225318245536,-0.686645236879691,-4.06968375701086));
#7430=CARTESIAN_POINT('Ctrl Pts',(5.30217768860151,-0.726116363120823,-2.59693723927947));
#7431=CARTESIAN_POINT('Ctrl Pts',(5.89891484263085,-0.78532305248252,0.239922504082981));
#7432=CARTESIAN_POINT('Ctrl Pts',(5.07395312985527,-0.84452974184422,3.01817293578991));
#7433=CARTESIAN_POINT('Ctrl Pts',(3.02602631763468,-0.903736431205916,5.06936563973284));
#7434=CARTESIAN_POINT('Ctrl Pts',(0.248776624111705,-0.962943120567616,
5.89853120461807));
#7435=CARTESIAN_POINT('Ctrl Pts',(-2.58844177661284,-1.02214980992931,5.30612433065202));
#7436=CARTESIAN_POINT('Ctrl Pts',(-4.80178483975819,-1.08135649929101,3.43477214719244));
#7437=CARTESIAN_POINT('Ctrl Pts',(-5.85779475798288,-1.14056318865271,0.735592140063393));
#7438=CARTESIAN_POINT('Ctrl Pts',(-5.50194673276323,-1.19976987801441,-2.14089590108421));
#7439=CARTESIAN_POINT('Ctrl Pts',(-3.82000962866835,-1.2589765673761,-4.50137378846206));
#7440=CARTESIAN_POINT('Ctrl Pts',(-1.21736624492969,-1.3181832567378,-5.77692581558915));
#7441=CARTESIAN_POINT('Ctrl Pts',(1.67868890982438,-1.3773899460995,-5.66011023591538));
#7442=CARTESIAN_POINT('Ctrl Pts',(4.17014335342157,-1.4365966354612,-4.1790851487241));
#7443=CARTESIAN_POINT('Ctrl Pts',(5.65650187953097,-1.4958033248229,-1.69080849031999));
#7444=CARTESIAN_POINT('Ctrl Pts',(5.77951959435621,-1.5550100141846,1.20498977122415));
#7445=CARTESIAN_POINT('Ctrl Pts',(4.50954650196412,-1.61421670354629,3.81035924905489));
#7446=CARTESIAN_POINT('Ctrl Pts',(2.15267394738456,-1.67342339290799,5.49734862650419));
#7447=CARTESIAN_POINT('Ctrl Pts',(-0.723040175939009,-1.73263008226969,
5.85935662844958));
#7448=CARTESIAN_POINT('Ctrl Pts',(-3.42448578044505,-1.79183677163139,4.80913134107621));
#7449=CARTESIAN_POINT('Ctrl Pts',(-5.30055531499064,-1.85104346099309,2.59980008861233));
#7450=CARTESIAN_POINT('Ctrl Pts',(-5.89907493384026,-1.91025015035478,-0.236139927133758));
#7451=CARTESIAN_POINT('Ctrl Pts',(-5.07578830164498,-1.96945683971648,-3.01516504617733));
#7452=CARTESIAN_POINT('Ctrl Pts',(-3.02912552676218,-2.02866352907818,-5.06746935711677));
#7453=CARTESIAN_POINT('Ctrl Pts',(-0.252377160873906,-2.08787021843988,
-5.89840257257564));
#7454=CARTESIAN_POINT('Ctrl Pts',(2.5851996279795,-2.14707690780158,-5.30769159094071));
#7455=CARTESIAN_POINT('Ctrl Pts',(4.79968668952435,-2.20628359716327,-3.43771069503575));
#7456=CARTESIAN_POINT('Ctrl Pts',(5.85734414376101,-2.26549028652498,-0.739166234428941));
#7457=CARTESIAN_POINT('Ctrl Pts',(5.50325338106705,-2.32469697588667,2.13753347677586));
#7458=CARTESIAN_POINT('Ctrl Pts',(3.82275802999331,-2.38390366524837,4.4990408071761));
#7459=CARTESIAN_POINT('Ctrl Pts',(1.22089427369457,-2.44311035461006,5.77618077219029));
#7460=CARTESIAN_POINT('Ctrl Pts',(-1.67523174065789,-2.50231704397177,5.66113467033102));
#7461=CARTESIAN_POINT('Ctrl Pts',(-4.16759021723815,-2.56152373333346,4.18163113171483));
#7462=CARTESIAN_POINT('Ctrl Pts',(-5.65546817949959,-2.62073042269516,1.69426291088731));
#7463=CARTESIAN_POINT('Ctrl Pts',(-5.78025445338938,-2.67993711205686,-1.2014597765276));
#7464=CARTESIAN_POINT('Ctrl Pts',(-4.51187281402853,-2.73914380141856,-3.80760434532955));
#7465=CARTESIAN_POINT('Ctrl Pts',(-2.15603101459006,-2.79835049078025,-5.4960328787833));
#7466=CARTESIAN_POINT('Ctrl Pts',(0.719461477343224,-2.85755718014195,-5.85979712303771));
#7467=CARTESIAN_POINT('Ctrl Pts',(3.42154799673032,-2.91676386950365,-4.81122192863854));
#7468=CARTESIAN_POINT('Ctrl Pts',(5.29896651557697,-2.97597055886535,-2.60303688167029));
#7469=CARTESIAN_POINT('Ctrl Pts',(5.89921805459243,-3.03517724822705,0.232537061374091));
#7470=CARTESIAN_POINT('Ctrl Pts',(5.07762884711484,-3.09438393758874,3.01206447996867));
#7471=CARTESIAN_POINT('Ctrl Pts',(3.0322198852927,-3.15359062695044,5.06561839342219));
#7472=CARTESIAN_POINT('Ctrl Pts',(0.255979524234641,-3.21279731631214,5.89824733490503));
#7473=CARTESIAN_POINT('Ctrl Pts',(-2.58195750822234,-3.27200400567384,5.30926949459867));
#7474=CARTESIAN_POINT('Ctrl Pts',(-4.79758623525123,-3.33121069503553,3.44064143087733));
#7475=CARTESIAN_POINT('Ctrl Pts',(-5.85689161044472,-3.39041738439724,0.742743430831962));
#7476=CARTESIAN_POINT('Ctrl Pts',(-5.50455783915154,-3.44962407375893,-2.1341720024349));
#7477=CARTESIAN_POINT('Ctrl Pts',(-3.82550507650994,-3.50883076312063,-4.49670524385783));
#7478=CARTESIAN_POINT('Ctrl Pts',(-1.22442181027244,-3.56803745248233,-5.77543404179035));
#7479=CARTESIAN_POINT('Ctrl Pts',(1.67177392758913,-3.62724414184403,-5.66215675123667));
#7480=CARTESIAN_POINT('Ctrl Pts',(4.16503553635532,-3.68645083120572,-4.1841756800401));
#7481=CARTESIAN_POINT('Ctrl Pts',(5.65443236484418,-3.74565752056742,-1.69771663476104));
#7482=CARTESIAN_POINT('Ctrl Pts',(5.78098715897804,-3.80486420992912,1.19792930019792));
#7483=CARTESIAN_POINT('Ctrl Pts',(4.51419744176788,-3.86407089929082,3.8048480386578));
#7484=CARTESIAN_POINT('Ctrl Pts',(2.15938727828458,-3.92327758865251,5.4947150720419));
#7485=CARTESIAN_POINT('Ctrl Pts',(-0.71588251074749,-3.98248427801421,5.86023543651172));
#7486=CARTESIAN_POINT('Ctrl Pts',(-3.41860893656379,-4.04169096737592,4.81331071918153));
#7487=CARTESIAN_POINT('Ctrl Pts',(-5.29737573970644,-4.1008976567376,2.60627270501599));
#7488=CARTESIAN_POINT('Ctrl Pts',(-5.89935897484133,-4.16010434609931,-0.228934109517859));
#7489=CARTESIAN_POINT('Ctrl Pts',(-5.079467498617,-4.219311035461,-3.0089627899054));
#7490=CARTESIAN_POINT('Ctrl Pts',(-3.03531311276884,-4.2785177248227,-5.06376554038546));
#7491=CARTESIAN_POINT('Ctrl Pts',(-0.25958179212005,-4.3377244141844,-5.89808989705493));
#7492=CARTESIAN_POINT('Ctrl Pts',(2.57871442537921,-4.3969311035461,-5.31084541790503));
#7493=CARTESIAN_POINT('Ctrl Pts',(4.79548399144046,-4.4561377929078,-3.44357088330995));
#7494=CARTESIAN_POINT('Ctrl Pts',(5.85643689246469,-4.51534448226949,-0.746320350198323));
#7495=CARTESIAN_POINT('Ctrl Pts',(5.50586024399399,-4.5745511716312,2.1308097320381));
#7496=CARTESIAN_POINT('Ctrl Pts',(3.82825069608458,-4.63375786099289,4.49436800323134));
#7497=CARTESIAN_POINT('Ctrl Pts',(1.22794889013162,-4.69296455035459,5.7746851571117));
#7498=CARTESIAN_POINT('Ctrl Pts',(-1.66831549093602,-4.75217123971629,5.66317672011431));
#7499=CARTESIAN_POINT('Ctrl Pts',(-4.16247930188286,-4.81137792907798,4.18671866763679));
#7500=CARTESIAN_POINT('Ctrl Pts',(-5.65339444104286,-4.87058461843969,1.7011697253735));
#7501=CARTESIAN_POINT('Ctrl Pts',(-5.78171770821496,-4.92979130780138,-1.19439837703144));
#7502=CARTESIAN_POINT('Ctrl Pts',(-4.51652038567757,-4.98899799716308,-3.80209031274912));
#7503=CARTESIAN_POINT('Ctrl Pts',(-2.16274273651137,-5.04820468652477,-5.49339521573034));
#7504=CARTESIAN_POINT('Ctrl Pts',(0.712303277122182,-5.10741137588648,-5.86067156407376));
#7505=CARTESIAN_POINT('Ctrl Pts',(3.41566860123038,-5.16661806524817,-4.81539771432336));
#7506=CARTESIAN_POINT('Ctrl Pts',(5.29578298787484,-5.22582475460987,-2.60950755620234));
#7507=CARTESIAN_POINT('Ctrl Pts',(5.8994976945849,-5.28503144397157,0.225331072267473));
#7508=CARTESIAN_POINT('Ctrl Pts',(5.0813042554395,-5.34423813333327,3.00585997747635));
#7509=CARTESIAN_POINT('Ctrl Pts',(3.03840520805033,-5.40344482269496,5.06191079852602));
#7510=CARTESIAN_POINT('Ctrl Pts',(0.263183963179495,-5.46265151205667,5.89793025917286));
#7511=CARTESIAN_POINT('Ctrl Pts',(-2.57547038065618,-5.52185820141836,5.31241936022604));
#7512=CARTESIAN_POINT('Ctrl Pts',(-4.79337995887802,-5.58106489078006,3.44649905126467));
#7513=CARTESIAN_POINT('Ctrl Pts',(-5.85597998998961,-5.64027158014175,0.74989699118157));
#7514=CARTESIAN_POINT('Ctrl Pts',(-5.50716059510905,-5.69947826950346,-2.12744666683321));
#7515=CARTESIAN_POINT('Ctrl Pts',(-3.8309948876929,-5.75868495886516,-4.49202908617171));
#7516=CARTESIAN_POINT('Ctrl Pts',(-1.2314755119566,-5.81789164822685,-5.77393411843198));
#7517=CARTESIAN_POINT('Ctrl Pts',(1.66485643198866,-5.87709833758856,-5.66419457658436));
#7518=CARTESIAN_POINT('Ctrl Pts',(4.15992151477429,-5.93630502695025,-4.18926009355586));
#7519=CARTESIAN_POINT('Ctrl Pts',(5.65235440848283,-5.99551171631194,-1.7046221814368));
#7520=CARTESIAN_POINT('Ctrl Pts',(5.78244610082759,-6.05471840567365,1.19086700834539));
#7521=CARTESIAN_POINT('Ctrl Pts',(4.51884164489113,-6.11392509503533,3.7993311686321));
#7522=CARTESIAN_POINT('Ctrl Pts',(2.16609738801884,-6.17313178439705,5.49207331034098));
#7523=CARTESIAN_POINT('Ctrl Pts',(-0.708723777802386,-6.23233847375873,
5.86110550556115));
#7524=CARTESIAN_POINT('Ctrl Pts',(-3.41272699182684,-6.29154516312044,4.81748291328555));
#7525=CARTESIAN_POINT('Ctrl Pts',(-5.29418826067629,-6.35075185248213,2.61274143402272));
#7526=CARTESIAN_POINT('Ctrl Pts',(-5.89963421377137,-6.40995854184383,-0.221727950966902));
#7527=CARTESIAN_POINT('Ctrl Pts',(-5.08313911689723,-6.46916523120553,-3.00275604383888));
#7528=CARTESIAN_POINT('Ctrl Pts',(-3.04149616998377,-6.52837192056723,-5.06005416853572));
#7529=CARTESIAN_POINT('Ctrl Pts',(-0.266786036069341,-6.58757860992892,
-5.89776842131837));
#7530=CARTESIAN_POINT('Ctrl Pts',(2.57222537526329,-6.64678529929063,-5.3139913209746));
#7531=CARTESIAN_POINT('Ctrl Pts',(4.79127413834876,-6.70599198865231,-3.44942593364928));
#7532=CARTESIAN_POINT('Ctrl Pts',(5.85552090318984,-6.76519867801403,-0.753473352447576));
#7533=CARTESIAN_POINT('Ctrl Pts',(5.50845889201173,-6.82440536737571,2.12408280807472));
#7534=CARTESIAN_POINT('Ctrl Pts',(3.83373765031121,-6.88361205673742,4.48968849355142));
#7535=CARTESIAN_POINT('Ctrl Pts',(1.2350016744319,-6.94281874609911,5.77318092603134));
#7536=CARTESIAN_POINT('Ctrl Pts',(-1.66139675203735,-7.00202543546081,5.66521032026716));
#7537=CARTESIAN_POINT('Ctrl Pts',(-4.15736217598369,-7.06123212482252,4.19179995684931));
#7538=CARTESIAN_POINT('Ctrl Pts',(-5.65131226755203,-7.1204388141842,1.70807400166314));
#7539=CARTESIAN_POINT('Ctrl Pts',(-5.78317233654426,-7.17964550354591,-1.18733519545703));
#7540=CARTESIAN_POINT('Ctrl Pts',(-4.52116121854268,-7.23885219290761,-3.79657060733595));
#7541=CARTESIAN_POINT('Ctrl Pts',(-2.16945123155564,-7.2980588822693,-5.4907493563669));
#7542=CARTESIAN_POINT('Ctrl Pts',(0.705144014123283,-7.357265571631,-5.86153726081202));
#7543=CARTESIAN_POINT('Ctrl Pts',(3.40978410945042,-7.4164722609927,-4.81956631529032));
#7544=CARTESIAN_POINT('Ctrl Pts',(5.29259155870563,-7.4756789503544,-2.61597433727084));
#7545=CARTESIAN_POINT('Ctrl Pts',(5.89976853234983,-7.53488563971609,0.218124746960133));
#7546=CARTESIAN_POINT('Ctrl Pts',(5.08497208230578,-7.5940923290778,2.99965099015078));
#7547=CARTESIAN_POINT('Ctrl Pts',(3.04458599741623,-7.65329901843948,5.05819565110709));
#7548=CARTESIAN_POINT('Ctrl Pts',(0.270388009445986,-7.7125057078012,5.89760438355181));
#7549=CARTESIAN_POINT('Ctrl Pts',(-2.56897941041095,-7.77171239716288,5.31556129956436));
#7550=CARTESIAN_POINT('Ctrl Pts',(-4.7891665306381,-7.83091908652459,3.45235152937204));
#7551=CARTESIAN_POINT('Ctrl Pts',(-5.85505963223666,-7.89012577588628,0.757049432662431));
#7552=CARTESIAN_POINT('Ctrl Pts',(-5.50975513421778,-7.94933246524798,-2.12071815701721));
#7553=CARTESIAN_POINT('Ctrl Pts',(-3.8364789829166,-8.00853915460967,-4.48734622624341));
#7554=CARTESIAN_POINT('Ctrl Pts',(-1.23852737624239,-8.06774584397138,-5.77242558019069));
#7555=CARTESIAN_POINT('Ctrl Pts',(1.65793645237242,-8.12695253333307,-5.66622395078385));
#7556=CARTESIAN_POINT('Ctrl Pts',(4.15480128646556,-8.18615922269478,-4.19433825656989));
#7557=CARTESIAN_POINT('Ctrl Pts',(5.65026801863915,-8.24536591205645,-1.71152518476513));
#7558=CARTESIAN_POINT('Ctrl Pts',(5.7838964150941,-8.30457260141818,1.18380293968359));
#7559=CARTESIAN_POINT('Ctrl Pts',(4.52347910576707,-8.36377929077986,3.79380862989035));
#7560=CARTESIAN_POINT('Ctrl Pts',(2.17280426587079,-8.42298598014156,5.48942335430192));
#7561=CARTESIAN_POINT('Ctrl Pts',(-0.70156398742015,-8.48219266950327,5.86196682966535));
#7562=CARTESIAN_POINT('Ctrl Pts',(-3.40683995519884,-8.54139935886495,4.82164791956053));
#7563=CARTESIAN_POINT('Ctrl Pts',(-5.29099288255844,-8.60060604822665,2.61920626474084));
#7564=CARTESIAN_POINT('Ctrl Pts',(-5.89990065027018,-8.65981273758836,-0.214521461591195));
#7565=CARTESIAN_POINT('Ctrl Pts',(-5.08680315098142,-8.71901942695005,-2.99654481757026));
#7566=CARTESIAN_POINT('Ctrl Pts',(-3.04767468919518,-8.77822611631176,-5.05633524693337));
#7567=CARTESIAN_POINT('Ctrl Pts',(-0.273989881965863,-8.83743280567344,
-5.89743814593438));
#7568=CARTESIAN_POINT('Ctrl Pts',(2.56573248730994,-8.89663949503515,-5.31712929540971));
#7569=CARTESIAN_POINT('Ctrl Pts',(4.78705713653227,-8.95584618439685,-3.45527583734166));
#7570=CARTESIAN_POINT('Ctrl Pts',(5.85459617730212,-9.01505287375854,-0.760625230492086));
#7571=CARTESIAN_POINT('Ctrl Pts',(5.51104932124362,-9.07425956312025,2.11735271491594));
#7572=CARTESIAN_POINT('Ctrl Pts',(3.83921888448635,-9.13346625248194,4.4850022851215));
#7573=CARTESIAN_POINT('Ctrl Pts',(1.24205261607276,-9.19267294184364,5.77166808119183));
#7574=CARTESIAN_POINT('Ctrl Pts',(-1.65447553428478,-9.25187963120534,5.66723546775628));
#7575=CARTESIAN_POINT('Ctrl Pts',(-4.15223884717534,-9.31108632056704,4.19687499177064));
#7576=CARTESIAN_POINT('Ctrl Pts',(-5.64922166213377,-9.37029300992873,1.71497572945519));
#7577=CARTESIAN_POINT('Ctrl Pts',(-5.78461833620695,-9.42949969929043,-1.18027024234284));
#7578=CARTESIAN_POINT('Ctrl Pts',(-4.52579530569964,-9.48870638865213,-3.79104523732556));
#7579=CARTESIAN_POINT('Ctrl Pts',(-2.17615648971358,-9.54791307801383,-5.48809530464069));
#7580=CARTESIAN_POINT('Ctrl Pts',(0.697983699028363,-9.60711976737552,-5.86239421196088));
#7581=CARTESIAN_POINT('Ctrl Pts',(3.40389453017028,-9.66632645673723,-4.82372772531975));
#7582=CARTESIAN_POINT('Ctrl Pts',(5.28939223283106,-9.72553314609892,-2.62243721522717));
#7583=CARTESIAN_POINT('Ctrl Pts',(5.9000305674831,-9.78473983546061,0.210918096204146));
#7584=CARTESIAN_POINT('Ctrl Pts',(5.08863232224122,-9.84394652482233,2.99343752725591));
#7585=CARTESIAN_POINT('Ctrl Pts',(3.05076224416839,-9.903153214184,5.05447295670857));
#7586=CARTESIAN_POINT('Ctrl Pts',(0.277591652285665,-9.96235990354573,5.897269708528));
#7587=CARTESIAN_POINT('Ctrl Pts',(-2.56248460717179,-10.0215665929074,5.31869530792595));
#7588=CARTESIAN_POINT('Ctrl Pts',(-4.78494595681726,-10.0807732822691,3.45819885646701));
#7589=CARTESIAN_POINT('Ctrl Pts',(-5.85413053856065,-10.1399799716308,0.764200744603484));
#7590=CARTESIAN_POINT('Ctrl Pts',(-5.51234145260353,-10.1991866609925,-2.11398648302748));
#7591=CARTESIAN_POINT('Ctrl Pts',(-3.84195735400436,-10.2583933503542,-4.48265667105737));
#7592=CARTESIAN_POINT('Ctrl Pts',(-1.24557739259687,-10.3176000397159,-5.77090842932227));
#7593=CARTESIAN_POINT('Ctrl Pts',(1.6510139990435,-10.3768067290776,-5.66824487079756));
#7594=CARTESIAN_POINT('Ctrl Pts',(4.14967485911084,-10.4360134184393,-4.19941016152405));
#7595=CARTESIAN_POINT('Ctrl Pts',(5.64817319834464,-10.495220107801,-1.71842563441044));
#7596=CARTESIAN_POINT('Ctrl Pts',(5.78533809977109,-10.5544267971627,1.17673710468262));
#7597=CARTESIAN_POINT('Ctrl Pts',(4.5281098171721,-10.6136334865244,3.78828043080701));
#7598=CARTESIAN_POINT('Ctrl Pts',(2.17950790242205,-10.6728401758861,5.48676520761815));
#7599=CARTESIAN_POINT('Ctrl Pts',(-0.694403151420936,-10.7320468652478,
5.86281940804259));
#7600=CARTESIAN_POINT('Ctrl Pts',(-3.40094783326439,-10.7912535546095,4.82580573081906));
#7601=CARTESIAN_POINT('Ctrl Pts',(-5.28778961437154,-10.8504602439712,2.62566718940584));
#7602=CARTESIAN_POINT('Ctrl Pts',(-5.90015827572233,-10.9096669333329,-0.207314655779644));
#7603=CARTESIAN_POINT('Ctrl Pts',(-5.09045961128909,-10.9688736226946,-2.99032911333679));
#7604=CARTESIAN_POINT('Ctrl Pts',(-3.0538486304739,-11.0280803120563,-5.05260879471732));
#7605=CARTESIAN_POINT('Ctrl Pts',(-0.281193378429258,-11.087287001418,-5.89709904512406));
#7606=CARTESIAN_POINT('Ctrl Pts',(2.55923588597357,-11.1464936907797,-5.32025938731539));
#7607=CARTESIAN_POINT('Ctrl Pts',(4.7828327704223,-11.2057003801414,-3.46112048748032));
#7608=CARTESIAN_POINT('Ctrl Pts',(5.85366314506963,-11.2649070695031,-0.767776163453983));
#7609=CARTESIAN_POINT('Ctrl Pts',(5.51363069872209,-11.3241137588648,2.11061982950069));
#7610=CARTESIAN_POINT('Ctrl Pts',(3.84469599320553,-11.3833204482265,4.48030867566874));
#7611=CARTESIAN_POINT('Ctrl Pts',(1.24909860614004,-11.4425271375882,5.77014799596281));
#7612=CARTESIAN_POINT('Ctrl Pts',(-1.64754585833944,-11.5017338269499,5.66924950898522));
#7613=CARTESIAN_POINT('Ctrl Pts',(-4.14712090225318,-11.5609405163116,4.20194888894983));
#7614=CARTESIAN_POINT('Ctrl Pts',(-5.64710024111655,-11.6201472056733,1.72186499103123));
#7615=CARTESIAN_POINT('Ctrl Pts',(-5.78609900752971,-11.679353895035,-1.17318435865189));
#7616=CARTESIAN_POINT('Ctrl Pts',(-4.53033868148163,-11.7385605843967,-3.78555143478121));
#7617=CARTESIAN_POINT('Ctrl Pts',(-2.18302322266472,-11.7977672737583,-5.48535949030531));
#7618=CARTESIAN_POINT('Ctrl Pts',(0.691164239729556,-11.8569739631201,-5.86340031551481));
#7619=CARTESIAN_POINT('Ctrl Pts',(2.49513280604596,-11.8964450893612,-5.17275497360843));
#7620=CARTESIAN_POINT('Ctrl Pts',(3.26122762037336,-11.9161806524817,-4.63355577311403));
#7621=CARTESIAN_POINT('Ctrl Pts',(3.20591563184151,-0.749999999999999,-4.49637076140461));
#7622=CARTESIAN_POINT('Ctrl Pts',(3.94932878844853,-0.769735563120565,-3.96631663861279));
#7623=CARTESIAN_POINT('Ctrl Pts',(5.16750608716293,-0.809206689361696,-2.53097685141824));
#7624=CARTESIAN_POINT('Ctrl Pts',(5.74908653523279,-0.868413378723396,0.233828640439858));
#7625=CARTESIAN_POINT('Ctrl Pts',(4.94507827243755,-0.927620068085092,2.94151345612834));
#7626=CARTESIAN_POINT('Ctrl Pts',(2.94916736757209,-0.986826757446791,4.94060730135272));
#7627=CARTESIAN_POINT('Ctrl Pts',(0.242457872018259,-1.04603344680849,5.74871264135696));
#7628=CARTESIAN_POINT('Ctrl Pts',(-2.52269716755601,-1.10524013617019,5.17135248726825));
#7629=CARTESIAN_POINT('Ctrl Pts',(-4.67982286637433,-1.16444682553189,3.34753133920641));
#7630=CARTESIAN_POINT('Ctrl Pts',(-5.70901087194828,-1.22365351489358,0.716908614665706));
#7631=CARTESIAN_POINT('Ctrl Pts',(-5.36220113745362,-1.28286020425528,-2.08651864395605));
#7632=CARTESIAN_POINT('Ctrl Pts',(-3.72298405834286,-1.34206689361698,-4.38704204547483));
#7633=CARTESIAN_POINT('Ctrl Pts',(-1.18644599454004,-1.40127358297868,-5.63019594407811));
#7634=CARTESIAN_POINT('Ctrl Pts',(1.63605138670078,-1.46048027234037,-5.51634739834991));
#7635=CARTESIAN_POINT('Ctrl Pts',(4.06422463160261,-1.51968696170207,-4.07293931156425));
#7636=CARTESIAN_POINT('Ctrl Pts',(5.51283069169161,-1.57889365106377,-1.64786313833623));
#7637=CARTESIAN_POINT('Ctrl Pts',(5.63272384268027,-1.63810034042547,1.17438387460234));
#7638=CARTESIAN_POINT('Ctrl Pts',(4.39500717777533,-1.69730702978717,3.71357879161575));
#7639=CARTESIAN_POINT('Ctrl Pts',(2.09799753612572,-1.75651371914886,5.3577198198746));
#7640=CARTESIAN_POINT('Ctrl Pts',(-0.704675461642955,-1.81572040851056,
5.71053307199852));
#7641=CARTESIAN_POINT('Ctrl Pts',(-3.33750623897333,-1.87492709787226,4.68698277170187));
#7642=CARTESIAN_POINT('Ctrl Pts',(-5.16592492070601,-1.93413378723396,2.53376698638221));
#7643=CARTESIAN_POINT('Ctrl Pts',(-5.74924256023756,-1.99334047659566,-0.230142138297109));
#7644=CARTESIAN_POINT('Ctrl Pts',(-4.94686683214853,-2.05254716595735,-2.93858196480621));
#7645=CARTESIAN_POINT('Ctrl Pts',(-2.95218785895739,-2.11175385531906,-4.93875918298758));
#7646=CARTESIAN_POINT('Ctrl Pts',(-0.245966957667297,-2.17096054468075,
-5.74858727647836));
#7647=CARTESIAN_POINT('Ctrl Pts',(2.51953736722826,-2.23016723404245,-5.17287994024278));
#7648=CARTESIAN_POINT('Ctrl Pts',(4.6777780076876,-2.28937392340415,-3.35039524999167));
#7649=CARTESIAN_POINT('Ctrl Pts',(5.70857170301219,-2.34858061276585,-0.720391929536454));
#7650=CARTESIAN_POINT('Ctrl Pts',(5.36347459780524,-2.40778730212754,2.08324162287123));
#7651=CARTESIAN_POINT('Ctrl Pts',(3.72566265219822,-2.46699399148924,4.38476832028031));
#7652=CARTESIAN_POINT('Ctrl Pts',(1.18988441384412,-2.52620068085094,5.62946982425999));
#7653=CARTESIAN_POINT('Ctrl Pts',(-1.63268202721089,-2.58540737021264,5.51734581284857));
#7654=CARTESIAN_POINT('Ctrl Pts',(-4.06173634329089,-2.64461405957433,4.07542062836936));
#7655=CARTESIAN_POINT('Ctrl Pts',(-5.51182324691737,-2.70382074893603,1.65122981903945));
#7656=CARTESIAN_POINT('Ctrl Pts',(-5.63344003680845,-2.76302743829773,-1.17094353929986));
#7657=CARTESIAN_POINT('Ctrl Pts',(-4.39727440314187,-2.82223412765943,-3.71089386051642));
#7658=CARTESIAN_POINT('Ctrl Pts',(-2.10126933617435,-2.88144081702112,-5.35643749122472));
#7659=CARTESIAN_POINT('Ctrl Pts',(0.701187659486195,-2.94064750638283,-5.71096237833249));
#7660=CARTESIAN_POINT('Ctrl Pts',(3.33464307290832,-2.99985419574452,-4.68902025980366));
#7661=CARTESIAN_POINT('Ctrl Pts',(5.1643764756852,-3.05906088510622,-2.53692156716246));
#7662=CARTESIAN_POINT('Ctrl Pts',(5.74938204582281,-3.11826757446792,0.22663078280551));
#7663=CARTESIAN_POINT('Ctrl Pts',(4.94866062905196,-3.17747426382962,2.93556015080866));
#7664=CARTESIAN_POINT('Ctrl Pts',(2.95520362294747,-3.23668095319132,4.93695523247505));
#7665=CARTESIAN_POINT('Ctrl Pts',(0.249477823520549,-3.29588764255301,5.74843598173591));
#7666=CARTESIAN_POINT('Ctrl Pts',(-2.51637759504324,-3.35509433191471,5.17441776625246));
#7667=CARTESIAN_POINT('Ctrl Pts',(-4.67573090348257,-3.41430102127641,3.35325154719457));
#7668=CARTESIAN_POINT('Ctrl Pts',(-5.70813066372533,-3.47350771063811,0.723878267655097));
#7669=CARTESIAN_POINT('Ctrl Pts',(-5.36474592356759,-3.5327143999998,-2.07996552762529));
#7670=CARTESIAN_POINT('Ctrl Pts',(-3.72833992565644,-3.59192108936151,-4.38249207863528));
#7671=CARTESIAN_POINT('Ctrl Pts',(-1.1933223534624,-3.6511277787232,-5.62874206028946));
#7672=CARTESIAN_POINT('Ctrl Pts',(1.6293120401734,-3.71033446808491,-5.51834193361473));
#7673=CARTESIAN_POINT('Ctrl Pts',(4.05924654951406,-3.76954115744659,-4.07790054694851));
#7674=CARTESIAN_POINT('Ctrl Pts',(5.51081374122907,-3.8287478468083,-1.65459582074461));
#7675=CARTESIAN_POINT('Ctrl Pts',(5.6341541321881,-3.88795453616998,1.16750273459741));
#7676=CARTESIAN_POINT('Ctrl Pts',(4.39953998696402,-3.9471612255317,3.70820756210455));
#7677=CARTESIAN_POINT('Ctrl Pts',(2.10454035312062,-4.00636791489339,5.355153155852));
#7678=CARTESIAN_POINT('Ctrl Pts',(-0.697699596136491,-4.06557460425509,
5.7113895589511));
#7679=CARTESIAN_POINT('Ctrl Pts',(-3.33177866281251,-4.12478129361678,4.69105599652914));
#7680=CARTESIAN_POINT('Ctrl Pts',(-5.16282610440814,-4.18398798297849,2.54007520286046));
#7681=CARTESIAN_POINT('Ctrl Pts',(-5.74951938679605,-4.24319467234018,-0.223119343404133));
#7682=CARTESIAN_POINT('Ctrl Pts',(-4.95045258009313,-4.30240136170188,-2.93253724150163));
#7683=CARTESIAN_POINT('Ctrl Pts',(-2.95821828461117,-4.36160805106358,-4.93514944060834));
#7684=CARTESIAN_POINT('Ctrl Pts',(-0.25298859632348,-4.42081474042528,-5.74828254269699));
#7685=CARTESIAN_POINT('Ctrl Pts',(2.51321688423397,-4.48002142978697,-5.17595366221009));
#7686=CARTESIAN_POINT('Ctrl Pts',(4.67368205519288,-4.53922811914868,-3.35610659358619));
#7687=CARTESIAN_POINT('Ctrl Pts',(5.70768749526368,-4.59843480851036,-0.727364335773621));
#7688=CARTESIAN_POINT('Ctrl Pts',(5.3660152482388,-4.65764149787207,2.07668865654278));
#7689=CARTESIAN_POINT('Ctrl Pts',(3.73101580841598,-4.71684818723376,4.38021420228448));
#7690=CARTESIAN_POINT('Ctrl Pts',(1.19675984796233,-4.77605487659546,5.62801219675738));
#7691=CARTESIAN_POINT('Ctrl Pts',(-1.62594144539015,-4.83526156595716,5.51933599599692));
#7692=CARTESIAN_POINT('Ctrl Pts',(-4.05675524160768,-4.89446825531886,4.08037894444049));
#7693=CARTESIAN_POINT('Ctrl Pts',(-5.5098021799657,-4.95367494468056,1.65796120527289));
#7694=CARTESIAN_POINT('Ctrl Pts',(-5.63486612598582,-5.01288163404225,-1.1640614944075));
#7695=CARTESIAN_POINT('Ctrl Pts',(-4.40180392972461,-5.07208832340395,-3.70551988050337));
#7696=CARTESIAN_POINT('Ctrl Pts',(-2.10781058505748,-5.13129501276565,-5.35386682296678));
#7697=CARTESIAN_POINT('Ctrl Pts',(0.694211272539582,-5.19050170212735,-5.71181460917839));
#7698=CARTESIAN_POINT('Ctrl Pts',(3.32891300993815,-5.24970839148905,-4.69308998345539));
#7699=CARTESIAN_POINT('Ctrl Pts',(5.16127380735803,-5.30891508085074,-2.54322789109127));
#7700=CARTESIAN_POINT('Ctrl Pts',(5.74965458315524,-5.36812177021244,0.219607820777559));
#7701=CARTESIAN_POINT('Ctrl Pts',(4.95224268457819,-5.42732845957414,2.92951323833612));
#7702=CARTESIAN_POINT('Ctrl Pts',(2.96123184283716,-5.48653514893584,4.9333418078937));
#7703=CARTESIAN_POINT('Ctrl Pts',(0.256499274759758,-5.54574183829753,5.74812695950537));
#7704=CARTESIAN_POINT('Ctrl Pts',(-2.51005523597587,-5.60494852765924,5.17748762749799));
#7705=CARTESIAN_POINT('Ctrl Pts',(-4.67163146358459,-5.66415521702093,3.35896038812476));
#7706=CARTESIAN_POINT('Ctrl Pts',(-5.70724219779158,-5.72336190638263,0.730850132579763));
#7707=CARTESIAN_POINT('Ctrl Pts',(-5.36728257134588,-5.78256859574433,-2.07341101083974));
#7708=CARTESIAN_POINT('Ctrl Pts',(-3.73369029947855,-5.84177528510603,-4.37793469208079));
#7709=CARTESIAN_POINT('Ctrl Pts',(-1.20019689606181,-5.90098197446772,-5.62728023393436));
#7710=CARTESIAN_POINT('Ctrl Pts',(1.6225702441185,-5.96018866382942,-5.52032799962519));
#7711=CARTESIAN_POINT('Ctrl Pts',(4.05426242050106,-6.01939535319112,-4.08285581992038));
#7712=CARTESIAN_POINT('Ctrl Pts',(5.5087885635046,-6.07860204255282,-1.66132597136911));
#7713=CARTESIAN_POINT('Ctrl Pts',(5.63557601793602,-6.13780873191452,1.16061982001389));
#7714=CARTESIAN_POINT('Ctrl Pts',(4.40406623057917,-6.19701542127621,3.70283081671536));
#7715=CARTESIAN_POINT('Ctrl Pts',(2.11108003076512,-6.25622211063791,5.35257849304888));
#7716=CARTESIAN_POINT('Ctrl Pts',(-0.690722689996641,-6.31542879999961,
5.7122375288558));
#7717=CARTESIAN_POINT('Ctrl Pts',(-3.32604611535415,-6.37463548936131,4.6951222198237));
#7718=CARTESIAN_POINT('Ctrl Pts',(-5.15971958511392,-6.43384217872301,2.54637963067892));
#7719=CARTESIAN_POINT('Ctrl Pts',(-5.74978763484994,-6.4930488680847,-0.216096216235614));
#7720=CARTESIAN_POINT('Ctrl Pts',(-4.95403094183941,-6.5522555574464,-2.9264881424401));
#7721=CARTESIAN_POINT('Ctrl Pts',(-2.96424429650137,-6.6114622468081,-4.9315323350054));
#7722=CARTESIAN_POINT('Ctrl Pts',(-0.260009857519871,-6.6706689361698,-5.74796923221908));
#7723=CARTESIAN_POINT('Ctrl Pts',(2.50689265144826,-6.72987562553149,-5.17901966154401));
#7724=CARTESIAN_POINT('Ctrl Pts',(4.66957912942256,-6.7890823148932,-3.3618129297458));
#7725=CARTESIAN_POINT('Ctrl Pts',(5.70679477147515,-6.84828900425489,-0.734335656773286));
#7726=CARTESIAN_POINT('Ctrl Pts',(5.36854789241611,-6.90749569361659,2.0701325917388));
#7727=CARTESIAN_POINT('Ctrl Pts',(3.73636339784646,-6.9667023829783,4.37565354887449));
#7728=CARTESIAN_POINT('Ctrl Pts',(1.20363349647877,-7.02590907233999,5.62654617209341));
#7729=CARTESIAN_POINT('Ctrl Pts',(-1.61919843761597,-7.08511576170168,5.52131794412952));
#7730=CARTESIAN_POINT('Ctrl Pts',(-4.05176808712402,-7.14432245106339,4.08533117246424));
#7731=CARTESIAN_POINT('Ctrl Pts',(-5.50777289222389,-7.20352914042507,1.66469011777819));
#7732=CARTESIAN_POINT('Ctrl Pts',(-5.63628380777389,-7.26273582978679,-1.1571777127004));
#7733=CARTESIAN_POINT('Ctrl Pts',(-4.40632688868382,-7.32194251914847,-3.70014037174358));
#7734=CARTESIAN_POINT('Ctrl Pts',(-2.11434868902398,-7.38114920851018,-5.35128816657889));
#7735=CARTESIAN_POINT('Ctrl Pts',(0.687233849808929,-7.44035589787187,-5.71265831782556));
#7736=CARTESIAN_POINT('Ctrl Pts',(3.32317798012989,-7.49956258723357,-4.69715270487606));
#7737=CARTESIAN_POINT('Ctrl Pts',(5.15816343825553,-7.55876927659527,-2.54953042044778));
#7738=CARTESIAN_POINT('Ctrl Pts',(5.74991854183054,-7.61797596595696,0.212584531088158));
#7739=CARTESIAN_POINT('Ctrl Pts',(4.95581735120977,-7.67718265531867,2.92346195494194));
#7740=CARTESIAN_POINT('Ctrl Pts',(2.96725564448011,-7.73638934468036,4.92972102261838));
#7741=CARTESIAN_POINT('Ctrl Pts',(0.263520343294354,-7.79559603404207,5.74780936089696));
#7742=CARTESIAN_POINT('Ctrl Pts',(-2.50372913183079,-7.85480272340376,5.18054976377667));
#7743=CARTESIAN_POINT('Ctrl Pts',(-4.6675250534723,-7.91400941276545,3.36466421738531));
#7744=CARTESIAN_POINT('Ctrl Pts',(-5.70634521648126,-7.97321610212716,0.737820907054158));
#7745=CARTESIAN_POINT('Ctrl Pts',(-5.36981121097758,-8.03242279148885,-2.06685340046269));
#7746=CARTESIAN_POINT('Ctrl Pts',(-3.73903510252277,-8.09162948085055,-4.37337077351638));
#7747=CARTESIAN_POINT('Ctrl Pts',(-1.20706964793149,-8.15083617021225,-5.62581001150832));
#7748=CARTESIAN_POINT('Ctrl Pts',(1.6158260271401,-8.21004285957394,-5.5223058291407));
#7749=CARTESIAN_POINT('Ctrl Pts',(4.04927224240689,-8.26924954893565,-4.08780500114888));
#7750=CARTESIAN_POINT('Ctrl Pts',(5.50675516650235,-8.32845623829733,-1.66805364324543));
#7751=CARTESIAN_POINT('Ctrl Pts',(5.63698949523547,-8.38766292765905,1.15373517375082));
#7752=CARTESIAN_POINT('Ctrl Pts',(4.40858590319537,-8.44686961702073,3.69744854659153));
#7753=CARTESIAN_POINT('Ctrl Pts',(2.11761655861486,-8.50607630638244,5.3499958440381));
#7754=CARTESIAN_POINT('Ctrl Pts',(-0.683744753277817,-8.56528299574414,
5.71307697593072));
#7755=CARTESIAN_POINT('Ctrl Pts',(-3.32030860533521,-8.62448968510583,4.69918143785507));
#7756=CARTESIAN_POINT('Ctrl Pts',(-5.1566053673633,-8.68369637446753,2.55268025922259));
#7757=CARTESIAN_POINT('Ctrl Pts',(-5.7500473040482,-8.74290306382923,-0.209072766645067));
#7758=CARTESIAN_POINT('Ctrl Pts',(-4.95760191202291,-8.80210975319093,-2.92043467697045));
#7759=CARTESIAN_POINT('Ctrl Pts',(-2.97026588565015,-8.86131644255263,-4.92790787140828));
#7760=CARTESIAN_POINT('Ctrl Pts',(-0.26703073077376,-8.92052313191432,-5.74764734559864));
#7761=CARTESIAN_POINT('Ctrl Pts',(2.5005646783035,-8.97972982127603,-5.18207793362524));
#7762=CARTESIAN_POINT('Ctrl Pts',(4.66546923650005,-9.03893651063771,-3.3675142499797));
#7763=CARTESIAN_POINT('Ctrl Pts',(5.70589353297761,-9.09814319999942,-0.74130588212222));
#7764=CARTESIAN_POINT('Ctrl Pts',(5.37107252655897,-9.15734988936112,2.06357343823478));
#7765=CARTESIAN_POINT('Ctrl Pts',(3.74170541251076,-9.21655657872281,4.37108636685806));
#7766=CARTESIAN_POINT('Ctrl Pts',(1.21050534913805,-9.27576326808452,5.62507175245373));
#7767=CARTESIAN_POINT('Ctrl Pts',(-1.61245301394902,-9.3349699574462,5.52329165429016));
#7768=CARTESIAN_POINT('Ctrl Pts',(-4.04677488728078,-9.39417664680792,4.09027730505139));
#7769=CARTESIAN_POINT('Ctrl Pts',(-5.50573538671968,-9.4533833361696,1.67141654651596));
#7770=CARTESIAN_POINT('Ctrl Pts',(-5.63769308005745,-9.51259002553131,-1.15029220444942));
#7771=CARTESIAN_POINT('Ctrl Pts',(-4.41084327327113,-9.571796714893,-3.69475534226334));
#7772=CARTESIAN_POINT('Ctrl Pts',(-2.12088363831881,-9.6310034042547,-5.34870152590853));
#7773=CARTESIAN_POINT('Ctrl Pts',(0.68025540170476,-9.69021009361639,-5.71349350301514));
#7774=CARTESIAN_POINT('Ctrl Pts',(3.31743799204039,-9.74941678297811,-4.70120841800399));
#7775=CARTESIAN_POINT('Ctrl Pts',(5.15504537301844,-9.80862347233979,-2.55582914582843));
#7776=CARTESIAN_POINT('Ctrl Pts',(5.75017392145487,-9.86783016170149,0.205560924216269));
#7777=CARTESIAN_POINT('Ctrl Pts',(4.95938462361325,-9.92703685106319,2.9174063096548));
#7778=CARTESIAN_POINT('Ctrl Pts',(2.97327501888851,-9.98624354042489,4.92609288205146));
#7779=CARTESIAN_POINT('Ctrl Pts',(0.270541018648902,-10.0454502297866,5.74748318638447));
#7780=CARTESIAN_POINT('Ctrl Pts',(-2.49739929204715,-10.1046569191483,5.18360417051987));
#7781=CARTESIAN_POINT('Ctrl Pts',(-4.66341167927184,-10.16386360851,3.37036302646555));
#7782=CARTESIAN_POINT('Ctrl Pts',(-5.70543972113421,-10.2230702978717,0.744790580678272));
#7783=CARTESIAN_POINT('Ctrl Pts',(-5.37233183868692,-10.2822769872334,-2.06029270627971));
#7784=CARTESIAN_POINT('Ctrl Pts',(-3.74437432682011,-10.3414836765951,-4.36880032974909));
#7785=CARTESIAN_POINT('Ctrl Pts',(-1.21394059880601,-10.4006903659568,-5.62433139520986));
#7786=CARTESIAN_POINT('Ctrl Pts',(1.60907939927959,-10.4598970553185,-5.52427541920083));
#7787=CARTESIAN_POINT('Ctrl Pts',(4.04427602271816,-10.5191037446802,-4.09274808326785));
#7788=CARTESIAN_POINT('Ctrl Pts',(5.50471355317681,-10.5783104340419,-1.6747788263005));
#7789=CARTESIAN_POINT('Ctrl Pts',(5.63839456213093,-10.6375171234036,1.14684880601235));
#7790=CARTESIAN_POINT('Ctrl Pts',(4.41309899777249,-10.6967238127653,3.69206075989483));
#7791=CARTESIAN_POINT('Ctrl Pts',(2.12414992749068,-10.755930502127,5.34740521241922));
#7792=CARTESIAN_POINT('Ctrl Pts',(-0.676765797499955,-10.8151371914887,
5.71390789941404));
#7793=CARTESIAN_POINT('Ctrl Pts',(-3.31456613917305,-10.8743438808504,4.70323364361835));
#7794=CARTESIAN_POINT('Ctrl Pts',(-5.15348345994586,-10.9335505702121,2.55897708092414));
#7795=CARTESIAN_POINT('Ctrl Pts',(-5.75029838599423,-10.9927572595738,-0.202049008655915));
#7796=CARTESIAN_POINT('Ctrl Pts',(-4.9611655007985,-11.0519639489355,-2.91437684727314));
#7797=CARTESIAN_POINT('Ctrl Pts',(-2.97628301314254,-11.1111706382971,-4.92427606846976));
#7798=CARTESIAN_POINT('Ctrl Pts',(-0.274051263469878,-11.1703773276589,
-5.74731685771151));
#7799=CARTESIAN_POINT('Ctrl Pts',(2.49423308609305,-11.2295840170205,-5.18512852338778));
#7800=CARTESIAN_POINT('Ctrl Pts',(4.66135216633196,-11.2887907063823,-3.37321045009644));
#7801=CARTESIAN_POINT('Ctrl Pts',(5.70498419911065,-11.3479973957439,-0.748275186392978));
#7802=CARTESIAN_POINT('Ctrl Pts',(5.37358833885661,-11.4072040851056,2.05701156339564));
#7803=CARTESIAN_POINT('Ctrl Pts',(3.74704340650279,-11.4664107744673,4.36651197179958));
#7804=CARTESIAN_POINT('Ctrl Pts',(1.21737237599025,-11.525617463829,5.62359027632538));
#7805=CARTESIAN_POINT('Ctrl Pts',(-1.6056993469215,-11.5848241531907,5.52525454028183));
#7806=CARTESIAN_POINT('Ctrl Pts',(-4.04178693457676,-11.6440308425524,4.09522232879428));
#7807=CARTESIAN_POINT('Ctrl Pts',(-5.50366784831118,-11.7032375319141,1.67813082567088));
#7808=CARTESIAN_POINT('Ctrl Pts',(-5.63913614336517,-11.7624442212758,-1.14338629724365));
#7809=CARTESIAN_POINT('Ctrl Pts',(-4.4152712504889,-11.8216509106375,-3.68940107845762));
#7810=CARTESIAN_POINT('Ctrl Pts',(-2.12757596106013,-11.8808575999992,-5.34603519934202));
#7811=CARTESIAN_POINT('Ctrl Pts',(0.673609151898099,-11.9400642893609,-5.71447405224314));
#7812=CARTESIAN_POINT('Ctrl Pts',(2.43175817951949,-11.9795354156021,-5.04137061852678));
#7813=CARTESIAN_POINT('Ctrl Pts',(3.17839472187666,-11.9992709787226,-4.51586670025219));
#7814=CARTESIAN_POINT('Origin',(0.,0.,0.));
#7815=CARTESIAN_POINT('',(-4.3,0.,5.26598123633362E-16));
#7816=CARTESIAN_POINT('Origin',(0.,0.,0.));
#7817=CARTESIAN_POINT('',(-4.2,0.,5.14351655641888E-16));
#7818=CARTESIAN_POINT('Origin',(0.,0.,0.));
#7819=CARTESIAN_POINT('Origin',(0.,-16.75,0.));
#7820=CARTESIAN_POINT('Origin',(0.,1.175,0.));
#7821=CARTESIAN_POINT('',(-5.15,1.5,-6.30693101560887E-16));
#7822=CARTESIAN_POINT('Origin',(0.,1.5,0.));
#7823=CARTESIAN_POINT('',(-6.9,0.85,8.45006291411674E-16));
#7824=CARTESIAN_POINT('',(-6.025,1.175,7.3784969648628E-16));
#7825=CARTESIAN_POINT('Origin',(0.,0.85,0.));
#7826=CARTESIAN_POINT('Origin',(0.,0.,0.));
#7827=CARTESIAN_POINT('',(-6.9,0.,8.45006291411674E-16));
#7828=CARTESIAN_POINT('',(-6.9,0.,8.45006291411674E-16));
#7829=CARTESIAN_POINT('Origin',(0.,0.,0.));
#7830=CARTESIAN_POINT('Origin',(0.,1.5,0.));
#7831=CARTESIAN_POINT('',(-4.3,1.5,5.26598123633362E-16));
#7832=CARTESIAN_POINT('Origin',(0.,1.5,0.));
#7833=CARTESIAN_POINT('Origin',(0.,0.,0.));
#7834=CARTESIAN_POINT('',(-4.3,0.,5.26598123633362E-16));
#7835=CARTESIAN_POINT('Origin',(0.,0.,0.));
#7836=CARTESIAN_POINT('Origin',(-2.25008827708119,0.,-1.58101320214027));
#7837=CARTESIAN_POINT('',(0.,1.5,0.));
#7838=CARTESIAN_POINT('Origin',(-0.260486668519139,0.,-3.74997778369192));
#7839=CARTESIAN_POINT('',(0.239513331480862,1.5,-3.74997778369192));
#7840=CARTESIAN_POINT('Origin',(0.,0.,0.));
#7841=CARTESIAN_POINT('',(-4.2,1.5,5.55111512312578E-16));
#7842=CARTESIAN_POINT('Origin',(0.,1.5,0.));
#7843=CARTESIAN_POINT('',(-4.2,0.,5.14351655641888E-16));
#7844=CARTESIAN_POINT('Origin',(0.,1.5,0.));
#7845=CARTESIAN_POINT('Origin',(0.,-16.75,0.));
#7846=CARTESIAN_POINT('',(-2.875,-16.75,3.59087384907908));
#7847=CARTESIAN_POINT('',(-2.875,-16.75,-3.59087384907908));
#7848=CARTESIAN_POINT('Origin',(0.,-16.75,0.));
#7849=CARTESIAN_POINT('',(-2.875,-18.25,-3.59087384907908));
#7850=CARTESIAN_POINT('',(-2.875,-16.75,-3.59087384907908));
#7851=CARTESIAN_POINT('',(-2.875,-18.25,3.59087384907908));
#7852=CARTESIAN_POINT('Origin',(0.,-18.25,0.));
#7853=CARTESIAN_POINT('',(-2.875,-16.75,3.59087384907908));
#7854=CARTESIAN_POINT('Origin',(-3.7375,-18.25,0.));
#7855=CARTESIAN_POINT('',(-2.875,-18.25,2.15145299739502));
#7856=CARTESIAN_POINT('Origin',(-2.875,-16.75,4.30290599479003));
#7857=CARTESIAN_POINT('',(-2.875,-16.75,-4.30290599479003));
#7858=CARTESIAN_POINT('',(-2.875,-16.75,5.175));
#7859=CARTESIAN_POINT('',(-2.875,-20.6,-4.30290599479003));
#7860=CARTESIAN_POINT('',(-2.875,-16.75,-4.30290599479003));
#7861=CARTESIAN_POINT('',(-2.875,-20.6,4.30290599479003));
#7862=CARTESIAN_POINT('',(-2.875,-20.6,5.175));
#7863=CARTESIAN_POINT('',(-2.875,-16.75,4.30290599479003));
#7864=CARTESIAN_POINT('',(-2.875,-16.75,4.30290599479003));
#7865=CARTESIAN_POINT('',(-2.875,-16.75,5.175));
#7866=CARTESIAN_POINT('Origin',(0.,-16.75,0.));
#7867=CARTESIAN_POINT('',(2.875,-16.75,-3.59087384907908));
#7868=CARTESIAN_POINT('',(2.875,-16.75,3.59087384907908));
#7869=CARTESIAN_POINT('Origin',(0.,-16.75,0.));
#7870=CARTESIAN_POINT('',(2.875,-18.25,3.59087384907908));
#7871=CARTESIAN_POINT('',(2.875,-16.75,3.59087384907908));
#7872=CARTESIAN_POINT('',(2.875,-18.25,-3.59087384907908));
#7873=CARTESIAN_POINT('Origin',(0.,-18.25,0.));
#7874=CARTESIAN_POINT('',(2.875,-16.75,-3.59087384907908));
#7875=CARTESIAN_POINT('Origin',(3.7375,-18.25,5.55111512312578E-16));
#7876=CARTESIAN_POINT('',(2.875,-18.25,-2.15145299739502));
#7877=CARTESIAN_POINT('Origin',(2.875,-16.75,-4.30290599479003));
#7878=CARTESIAN_POINT('',(2.875,-16.75,4.30290599479003));
#7879=CARTESIAN_POINT('',(2.875,-16.75,-5.175));
#7880=CARTESIAN_POINT('',(2.875,-20.6,4.30290599479003));
#7881=CARTESIAN_POINT('',(2.875,-16.75,4.30290599479003));
#7882=CARTESIAN_POINT('',(2.875,-20.6,-4.30290599479003));
#7883=CARTESIAN_POINT('',(2.875,-20.6,-5.175));
#7884=CARTESIAN_POINT('',(2.875,-16.75,-4.30290599479003));
#7885=CARTESIAN_POINT('',(2.875,-16.75,-4.30290599479003));
#7886=CARTESIAN_POINT('',(2.875,-16.75,-5.175));
#7887=CARTESIAN_POINT('Origin',(0.,-16.75,0.));
#7888=CARTESIAN_POINT('Origin',(0.,-16.75,0.));
#7889=CARTESIAN_POINT('Origin',(0.,-20.6,0.));
#7890=CARTESIAN_POINT('Origin',(0.,-16.75,0.));
#7891=CARTESIAN_POINT('Origin',(0.,-16.75,0.));
#7892=CARTESIAN_POINT('Origin',(0.,-20.6,0.));
#7893=CARTESIAN_POINT('Origin',(0.,-20.6,0.));
#7894=CARTESIAN_POINT('Origin',(0.,-16.75,0.));
#7895=CARTESIAN_POINT('Origin',(-0.399999999999999,-22.075,-4.175));
#7896=CARTESIAN_POINT('',(-0.399999999999999,-22.075,3.675));
#7897=CARTESIAN_POINT('',(-0.399999999999997,-23.125,3.675));
#7898=CARTESIAN_POINT('',(-0.400000000000001,-21.3375,3.675));
#7899=CARTESIAN_POINT('',(-0.399999999999999,-22.075,4.175));
#7900=CARTESIAN_POINT('',(-0.399999999999999,-22.075,-4.175));
#7901=CARTESIAN_POINT('',(-0.399999999999997,-23.125,4.175));
#7902=CARTESIAN_POINT('',(-0.400000000000001,-21.3375,4.175));
#7903=CARTESIAN_POINT('',(-0.399999999999997,-23.125,-4.175));
#7904=CARTESIAN_POINT('Origin',(-0.100000000000004,-23.125,-4.175));
#7905=CARTESIAN_POINT('',(-0.1,-23.425,3.675));
#7906=CARTESIAN_POINT('Origin',(-0.100000000000004,-23.125,3.675));
#7907=CARTESIAN_POINT('',(-0.1,-23.425,4.175));
#7908=CARTESIAN_POINT('Origin',(-0.100000000000004,-23.125,4.175));
#7909=CARTESIAN_POINT('',(-0.1,-23.425,-4.175));
#7910=CARTESIAN_POINT('Origin',(-0.1,-23.425,-4.175));
#7911=CARTESIAN_POINT('',(0.1,-23.425,3.675));
#7912=CARTESIAN_POINT('',(-0.55,-23.425,3.675));
#7913=CARTESIAN_POINT('',(0.1,-23.425,4.175));
#7914=CARTESIAN_POINT('',(0.45,-23.425,4.175));
#7915=CARTESIAN_POINT('',(0.1,-23.425,-4.175));
#7916=CARTESIAN_POINT('Origin',(0.100000000000004,-23.125,-4.175));
#7917=CARTESIAN_POINT('',(0.399999999999997,-23.125,3.675));
#7918=CARTESIAN_POINT('Origin',(0.100000000000004,-23.125,3.675));
#7919=CARTESIAN_POINT('',(0.399999999999997,-23.125,4.175));
#7920=CARTESIAN_POINT('Origin',(0.100000000000004,-23.125,4.175));
#7921=CARTESIAN_POINT('',(0.399999999999997,-23.125,-4.175));
#7922=CARTESIAN_POINT('Origin',(0.399999999999997,-23.125,-4.175));
#7923=CARTESIAN_POINT('',(0.399999999999999,-22.075,3.675));
#7924=CARTESIAN_POINT('',(0.4,-21.8625,3.675));
#7925=CARTESIAN_POINT('',(0.399999999999999,-22.075,4.175));
#7926=CARTESIAN_POINT('',(0.4,-21.8625,4.175));
#7927=CARTESIAN_POINT('',(0.399999999999999,-22.075,-4.175));
#7928=CARTESIAN_POINT('Origin',(-0.100000000000003,-22.075,-4.175));
#7929=CARTESIAN_POINT('',(-0.0999999999999995,-21.775,3.675));
#7930=CARTESIAN_POINT('Origin',(-0.100000000000003,-22.075,3.675));
#7931=CARTESIAN_POINT('',(-0.0999999999999995,-21.775,4.175));
#7932=CARTESIAN_POINT('',(-0.0999999999999995,-21.775,-4.175));
#7933=CARTESIAN_POINT('Origin',(-0.100000000000003,-22.075,4.175));
#7934=CARTESIAN_POINT('Origin',(0.100000000000002,-21.775,-4.175));
#7935=CARTESIAN_POINT('',(0.100000000000002,-21.775,3.675));
#7936=CARTESIAN_POINT('',(-0.449999999999999,-21.775,3.675));
#7937=CARTESIAN_POINT('',(0.100000000000002,-21.775,4.175));
#7938=CARTESIAN_POINT('',(0.100000000000002,-21.775,-4.175));
#7939=CARTESIAN_POINT('',(0.550000000000001,-21.775,4.175));
#7940=CARTESIAN_POINT('Origin',(0.0999999999999968,-22.075,-4.175));
#7941=CARTESIAN_POINT('Origin',(0.0999999999999968,-22.075,3.675));
#7942=CARTESIAN_POINT('Origin',(0.0999999999999968,-22.075,4.175));
#7943=CARTESIAN_POINT('Origin',(-0.8,-23.6,4.05));
#7944=CARTESIAN_POINT('',(-1.,-23.1,3.675));
#7945=CARTESIAN_POINT('',(-0.6,-24.1,3.675));
#7946=CARTESIAN_POINT('',(-1.33103448275862,-22.2724137931034,3.675));
#7947=CARTESIAN_POINT('',(-0.6,-24.1,4.175));
#7948=CARTESIAN_POINT('',(-0.6,-24.1,4.05));
#7949=CARTESIAN_POINT('',(-1.,-23.1,4.175));
#7950=CARTESIAN_POINT('',(-1.19310344827586,-22.6172413793103,4.175));
#7951=CARTESIAN_POINT('',(-1.,-23.1,4.05));
#7952=CARTESIAN_POINT('Origin',(0.,-24.1,3.925));
#7953=CARTESIAN_POINT('',(0.6,-24.1,3.675));
#7954=CARTESIAN_POINT('',(1.,-24.1,3.675));
#7955=CARTESIAN_POINT('',(0.6,-24.1,4.175));
#7956=CARTESIAN_POINT('',(0.6,-24.1,3.8));
#7957=CARTESIAN_POINT('',(-1.,-24.1,4.175));
#7958=CARTESIAN_POINT('Origin',(-1.,-20.6,3.675));
#7959=CARTESIAN_POINT('',(-1.,-20.6,3.675));
#7960=CARTESIAN_POINT('',(-1.,-20.6,3.675));
#7961=CARTESIAN_POINT('',(1.,-20.6,3.675));
#7962=CARTESIAN_POINT('',(1.,-20.6,3.675));
#7963=CARTESIAN_POINT('',(1.,-23.1,3.675));
#7964=CARTESIAN_POINT('',(1.,-20.6,3.675));
#7965=CARTESIAN_POINT('',(1.19310344827586,-22.6172413793103,3.675));
#7966=CARTESIAN_POINT('Origin',(0.8,-23.6,3.8));
#7967=CARTESIAN_POINT('',(1.,-23.1,4.175));
#7968=CARTESIAN_POINT('',(1.33103448275862,-22.2724137931034,4.175));
#7969=CARTESIAN_POINT('',(1.,-23.1,3.8));
#7970=CARTESIAN_POINT('Origin',(1.,-20.6,4.175));
#7971=CARTESIAN_POINT('',(1.,-20.6,4.175));
#7972=CARTESIAN_POINT('',(1.,-20.6,4.175));
#7973=CARTESIAN_POINT('',(-1.,-20.6,4.175));
#7974=CARTESIAN_POINT('',(-1.,-20.6,4.175));
#7975=CARTESIAN_POINT('',(-1.,-20.6,4.175));
#7976=CARTESIAN_POINT('Origin',(1.,-20.6,3.675));
#7977=CARTESIAN_POINT('',(1.,-20.6,4.175));
#7978=CARTESIAN_POINT('Origin',(-1.,-20.6,4.175));
#7979=CARTESIAN_POINT('',(-1.,-20.6,3.675));
#7980=CARTESIAN_POINT('Origin',(0.,-20.6,3.925));
#7981=CARTESIAN_POINT('Origin',(-0.399999999999999,-22.075,-4.175));
#7982=CARTESIAN_POINT('',(-0.399999999999997,-23.125,-3.675));
#7983=CARTESIAN_POINT('',(-0.399999999999999,-22.075,-3.675));
#7984=CARTESIAN_POINT('',(-0.400000000000001,-21.3375,-3.675));
#7985=CARTESIAN_POINT('',(-0.399999999999997,-23.125,-4.175));
#7986=CARTESIAN_POINT('',(-0.399999999999997,-23.125,-4.175));
#7987=CARTESIAN_POINT('',(-0.399999999999999,-22.075,-4.175));
#7988=CARTESIAN_POINT('',(-0.400000000000001,-21.3375,-4.175));
#7989=CARTESIAN_POINT('',(-0.399999999999999,-22.075,-4.175));
#7990=CARTESIAN_POINT('Origin',(-0.100000000000003,-22.075,-4.175));
#7991=CARTESIAN_POINT('',(-0.0999999999999995,-21.775,-3.675));
#7992=CARTESIAN_POINT('Origin',(-0.100000000000003,-22.075,-3.675));
#7993=CARTESIAN_POINT('',(-0.0999999999999995,-21.775,-4.175));
#7994=CARTESIAN_POINT('Origin',(-0.100000000000003,-22.075,-4.175));
#7995=CARTESIAN_POINT('',(-0.0999999999999995,-21.775,-4.175));
#7996=CARTESIAN_POINT('Origin',(0.100000000000002,-21.775,-4.175));
#7997=CARTESIAN_POINT('',(0.100000000000002,-21.775,-3.675));
#7998=CARTESIAN_POINT('',(0.550000000000001,-21.775,-3.675));
#7999=CARTESIAN_POINT('',(0.100000000000002,-21.775,-4.175));
#8000=CARTESIAN_POINT('',(-0.449999999999999,-21.775,-4.175));
#8001=CARTESIAN_POINT('',(0.100000000000002,-21.775,-4.175));
#8002=CARTESIAN_POINT('Origin',(0.0999999999999968,-22.075,-4.175));
#8003=CARTESIAN_POINT('',(0.399999999999999,-22.075,-3.675));
#8004=CARTESIAN_POINT('Origin',(0.0999999999999968,-22.075,-3.675));
#8005=CARTESIAN_POINT('',(0.399999999999999,-22.075,-4.175));
#8006=CARTESIAN_POINT('Origin',(0.0999999999999968,-22.075,-4.175));
#8007=CARTESIAN_POINT('',(0.399999999999999,-22.075,-4.175));
#8008=CARTESIAN_POINT('Origin',(0.399999999999997,-23.125,-4.175));
#8009=CARTESIAN_POINT('',(0.399999999999997,-23.125,-3.675));
#8010=CARTESIAN_POINT('',(0.4,-21.8625,-3.675));
#8011=CARTESIAN_POINT('',(0.399999999999997,-23.125,-4.175));
#8012=CARTESIAN_POINT('',(0.4,-21.8625,-4.175));
#8013=CARTESIAN_POINT('',(0.399999999999997,-23.125,-4.175));
#8014=CARTESIAN_POINT('Origin',(0.100000000000004,-23.125,-4.175));
#8015=CARTESIAN_POINT('',(0.1,-23.425,-3.675));
#8016=CARTESIAN_POINT('Origin',(0.100000000000004,-23.125,-3.675));
#8017=CARTESIAN_POINT('',(0.1,-23.425,-4.175));
#8018=CARTESIAN_POINT('Origin',(0.100000000000004,-23.125,-4.175));
#8019=CARTESIAN_POINT('',(0.1,-23.425,-4.175));
#8020=CARTESIAN_POINT('Origin',(-0.1,-23.425,-4.175));
#8021=CARTESIAN_POINT('',(-0.1,-23.425,-3.675));
#8022=CARTESIAN_POINT('',(0.45,-23.425,-3.675));
#8023=CARTESIAN_POINT('',(-0.1,-23.425,-4.175));
#8024=CARTESIAN_POINT('',(-0.55,-23.425,-4.175));
#8025=CARTESIAN_POINT('',(-0.1,-23.425,-4.175));
#8026=CARTESIAN_POINT('Origin',(-0.100000000000004,-23.125,-4.175));
#8027=CARTESIAN_POINT('Origin',(-0.100000000000004,-23.125,-3.675));
#8028=CARTESIAN_POINT('Origin',(-0.100000000000004,-23.125,-4.175));
#8029=CARTESIAN_POINT('Origin',(-0.8,-23.6,-3.8));
#8030=CARTESIAN_POINT('',(-1.,-23.1,-4.175));
#8031=CARTESIAN_POINT('',(-0.6,-24.1,-4.175));
#8032=CARTESIAN_POINT('',(-1.33103448275862,-22.2724137931034,-4.175));
#8033=CARTESIAN_POINT('',(-0.6,-24.1,-3.675));
#8034=CARTESIAN_POINT('',(-0.6,-24.1,-3.8));
#8035=CARTESIAN_POINT('',(-1.,-23.1,-3.675));
#8036=CARTESIAN_POINT('',(-1.19310344827586,-22.6172413793103,-3.675));
#8037=CARTESIAN_POINT('',(-1.,-23.1,-3.8));
#8038=CARTESIAN_POINT('Origin',(1.,-20.6,-3.675));
#8039=CARTESIAN_POINT('',(0.6,-24.1,-3.675));
#8040=CARTESIAN_POINT('',(1.,-24.1,-3.675));
#8041=CARTESIAN_POINT('',(1.,-23.1,-3.675));
#8042=CARTESIAN_POINT('',(1.33103448275862,-22.2724137931034,-3.675));
#8043=CARTESIAN_POINT('',(1.,-20.6,-3.675));
#8044=CARTESIAN_POINT('',(1.,-20.6,-3.675));
#8045=CARTESIAN_POINT('',(-1.,-20.6,-3.675));
#8046=CARTESIAN_POINT('',(1.,-20.6,-3.675));
#8047=CARTESIAN_POINT('',(-1.,-20.6,-3.675));
#8048=CARTESIAN_POINT('Origin',(0.,-24.1,-3.925));
#8049=CARTESIAN_POINT('',(0.6,-24.1,-4.175));
#8050=CARTESIAN_POINT('',(-1.,-24.1,-4.175));
#8051=CARTESIAN_POINT('',(0.6,-24.1,-4.05));
#8052=CARTESIAN_POINT('Origin',(0.8,-23.6,-4.05));
#8053=CARTESIAN_POINT('',(1.,-23.1,-4.175));
#8054=CARTESIAN_POINT('',(1.19310344827586,-22.6172413793103,-4.175));
#8055=CARTESIAN_POINT('',(1.,-23.1,-4.05));
#8056=CARTESIAN_POINT('Origin',(-1.,-20.6,-4.175));
#8057=CARTESIAN_POINT('',(-1.,-20.6,-4.175));
#8058=CARTESIAN_POINT('',(-1.,-20.6,-4.175));
#8059=CARTESIAN_POINT('',(1.,-20.6,-4.175));
#8060=CARTESIAN_POINT('',(-1.,-20.6,-4.175));
#8061=CARTESIAN_POINT('',(1.,-20.6,-4.175));
#8062=CARTESIAN_POINT('Origin',(-1.,-20.6,-3.675));
#8063=CARTESIAN_POINT('',(-1.,-20.6,-3.675));
#8064=CARTESIAN_POINT('Origin',(1.,-20.6,-4.175));
#8065=CARTESIAN_POINT('',(1.,-20.6,-4.175));
#8066=CARTESIAN_POINT('Origin',(0.,-20.6,-3.925));
#8067=CARTESIAN_POINT('Origin',(3.6,-21.825,-0.1));
#8068=CARTESIAN_POINT('',(3.1,-21.825,0.1));
#8069=CARTESIAN_POINT('',(3.1,-21.825,-0.1));
#8070=CARTESIAN_POINT('',(3.1,-21.825,0.45));
#8071=CARTESIAN_POINT('',(3.6,-21.825,0.1));
#8072=CARTESIAN_POINT('',(3.6,-21.825,0.1));
#8073=CARTESIAN_POINT('',(3.6,-21.825,-0.1));
#8074=CARTESIAN_POINT('',(3.6,-21.825,-0.55));
#8075=CARTESIAN_POINT('',(3.6,-21.825,-0.1));
#8076=CARTESIAN_POINT('Origin',(3.6,-21.525,-0.100000000000001));
#8077=CARTESIAN_POINT('',(3.1,-21.525,-0.400000000000004));
#8078=CARTESIAN_POINT('Origin',(3.1,-21.525,-0.100000000000001));
#8079=CARTESIAN_POINT('',(3.6,-21.525,-0.400000000000004));
#8080=CARTESIAN_POINT('Origin',(3.6,-21.525,-0.100000000000001));
#8081=CARTESIAN_POINT('',(3.6,-21.525,-0.400000000000004));
#8082=CARTESIAN_POINT('Origin',(3.6,-20.475,-0.400000000000001));
#8083=CARTESIAN_POINT('',(3.1,-20.475,-0.400000000000001));
#8084=CARTESIAN_POINT('',(3.1,-19.3625,-0.399999999999998));
#8085=CARTESIAN_POINT('',(3.6,-20.475,-0.400000000000001));
#8086=CARTESIAN_POINT('',(3.6,-19.3625,-0.399999999999998));
#8087=CARTESIAN_POINT('',(3.6,-20.475,-0.400000000000001));
#8088=CARTESIAN_POINT('Origin',(3.6,-20.475,-0.10000000000001));
#8089=CARTESIAN_POINT('',(3.1,-20.175,-0.0999999999999983));
#8090=CARTESIAN_POINT('Origin',(3.1,-20.475,-0.10000000000001));
#8091=CARTESIAN_POINT('',(3.6,-20.175,-0.0999999999999983));
#8092=CARTESIAN_POINT('Origin',(3.6,-20.475,-0.10000000000001));
#8093=CARTESIAN_POINT('',(3.6,-20.175,-0.0999999999999983));
#8094=CARTESIAN_POINT('Origin',(3.6,-20.175,0.100000000000001));
#8095=CARTESIAN_POINT('',(3.1,-20.175,0.100000000000001));
#8096=CARTESIAN_POINT('',(3.1,-20.175,0.550000000000022));
#8097=CARTESIAN_POINT('',(3.6,-20.175,0.100000000000001));
#8098=CARTESIAN_POINT('',(3.6,-20.175,-0.449999999999978));
#8099=CARTESIAN_POINT('',(3.6,-20.175,0.100000000000001));
#8100=CARTESIAN_POINT('Origin',(3.6,-20.475,0.100000000000002));
#8101=CARTESIAN_POINT('',(3.1,-20.475,0.4));
#8102=CARTESIAN_POINT('Origin',(3.1,-20.475,0.100000000000002));
#8103=CARTESIAN_POINT('',(3.6,-20.475,0.4));
#8104=CARTESIAN_POINT('Origin',(3.6,-20.475,0.100000000000002));
#8105=CARTESIAN_POINT('',(3.6,-20.475,0.4));
#8106=CARTESIAN_POINT('Origin',(3.6,-21.525,0.400000000000004));
#8107=CARTESIAN_POINT('',(3.1,-21.525,0.400000000000004));
#8108=CARTESIAN_POINT('',(3.1,-19.8875,0.399999999999999));
#8109=CARTESIAN_POINT('',(3.6,-21.525,0.400000000000004));
#8110=CARTESIAN_POINT('',(3.6,-19.8875,0.399999999999999));
#8111=CARTESIAN_POINT('',(3.6,-21.525,0.400000000000004));
#8112=CARTESIAN_POINT('Origin',(3.6,-21.525,0.100000000000001));
#8113=CARTESIAN_POINT('Origin',(3.1,-21.525,0.100000000000001));
#8114=CARTESIAN_POINT('Origin',(3.6,-21.525,0.100000000000001));
#8115=CARTESIAN_POINT('Origin',(3.475,-22.,0.8));
#8116=CARTESIAN_POINT('',(3.1,-21.5,1.));
#8117=CARTESIAN_POINT('',(3.1,-22.5,0.6));
#8118=CARTESIAN_POINT('',(3.1,-20.3491379310345,1.46034482758621));
#8119=CARTESIAN_POINT('',(3.6,-22.5,0.6));
#8120=CARTESIAN_POINT('',(3.475,-22.5,0.6));
#8121=CARTESIAN_POINT('',(3.6,-21.5,1.));
#8122=CARTESIAN_POINT('',(3.6,-20.6939655172414,1.32241379310345));
#8123=CARTESIAN_POINT('',(3.475,-21.5,1.));
#8124=CARTESIAN_POINT('Origin',(3.35,-22.5,0.));
#8125=CARTESIAN_POINT('',(3.1,-22.5,-0.6));
#8126=CARTESIAN_POINT('',(3.1,-22.5,1.));
#8127=CARTESIAN_POINT('',(3.6,-22.5,-0.6));
#8128=CARTESIAN_POINT('',(3.225,-22.5,-0.6));
#8129=CARTESIAN_POINT('',(3.6,-22.5,-1.));
#8130=CARTESIAN_POINT('Origin',(3.1,-18.25,1.));
#8131=CARTESIAN_POINT('',(3.1,-18.25,1.));
#8132=CARTESIAN_POINT('',(3.1,-18.25,1.));
#8133=CARTESIAN_POINT('',(3.1,-18.25,-1.));
#8134=CARTESIAN_POINT('',(3.1,-18.25,1.));
#8135=CARTESIAN_POINT('',(3.1,-21.5,-1.));
#8136=CARTESIAN_POINT('',(3.1,-18.25,-1.));
#8137=CARTESIAN_POINT('',(3.1,-20.6939655172414,-1.32241379310345));
#8138=CARTESIAN_POINT('Origin',(3.225,-22.,-0.8));
#8139=CARTESIAN_POINT('',(3.6,-21.5,-1.));
#8140=CARTESIAN_POINT('',(3.6,-20.3491379310345,-1.46034482758621));
#8141=CARTESIAN_POINT('',(3.225,-21.5,-1.));
#8142=CARTESIAN_POINT('Origin',(3.6,-18.25,-1.));
#8143=CARTESIAN_POINT('',(3.6,-18.25,-1.));
#8144=CARTESIAN_POINT('',(3.6,-18.25,-1.));
#8145=CARTESIAN_POINT('',(3.6,-18.25,1.));
#8146=CARTESIAN_POINT('',(3.6,-18.25,-1.));
#8147=CARTESIAN_POINT('',(3.6,-18.25,1.));
#8148=CARTESIAN_POINT('Origin',(3.1,-18.25,-1.));
#8149=CARTESIAN_POINT('',(3.1,-18.25,-1.));
#8150=CARTESIAN_POINT('Origin',(3.6,-18.25,1.));
#8151=CARTESIAN_POINT('',(3.6,-18.25,1.));
#8152=CARTESIAN_POINT('Origin',(3.35,-18.25,0.));
#8153=CARTESIAN_POINT('Origin',(3.6,-21.825,-0.1));
#8154=CARTESIAN_POINT('',(-3.1,-21.825,-0.1));
#8155=CARTESIAN_POINT('',(-3.1,-21.825,0.1));
#8156=CARTESIAN_POINT('',(-3.1,-21.825,-0.55));
#8157=CARTESIAN_POINT('',(-3.6,-21.825,-0.1));
#8158=CARTESIAN_POINT('',(3.6,-21.825,-0.1));
#8159=CARTESIAN_POINT('',(-3.6,-21.825,0.1));
#8160=CARTESIAN_POINT('',(-3.6,-21.825,0.45));
#8161=CARTESIAN_POINT('',(3.6,-21.825,0.1));
#8162=CARTESIAN_POINT('Origin',(3.6,-21.525,0.100000000000001));
#8163=CARTESIAN_POINT('',(-3.1,-21.525,0.400000000000004));
#8164=CARTESIAN_POINT('Origin',(-3.1,-21.525,0.100000000000001));
#8165=CARTESIAN_POINT('',(-3.6,-21.525,0.400000000000004));
#8166=CARTESIAN_POINT('Origin',(-3.6,-21.525,0.100000000000001));
#8167=CARTESIAN_POINT('',(3.6,-21.525,0.400000000000004));
#8168=CARTESIAN_POINT('Origin',(3.6,-21.525,0.400000000000004));
#8169=CARTESIAN_POINT('',(-3.1,-20.475,0.4));
#8170=CARTESIAN_POINT('',(-3.1,-19.8875,0.399999999999999));
#8171=CARTESIAN_POINT('',(-3.6,-20.475,0.4));
#8172=CARTESIAN_POINT('',(-3.6,-19.8875,0.399999999999999));
#8173=CARTESIAN_POINT('',(3.6,-20.475,0.4));
#8174=CARTESIAN_POINT('Origin',(3.6,-20.475,0.100000000000002));
#8175=CARTESIAN_POINT('',(-3.1,-20.175,0.100000000000001));
#8176=CARTESIAN_POINT('Origin',(-3.1,-20.475,0.100000000000002));
#8177=CARTESIAN_POINT('',(-3.6,-20.175,0.100000000000001));
#8178=CARTESIAN_POINT('Origin',(-3.6,-20.475,0.100000000000002));
#8179=CARTESIAN_POINT('',(3.6,-20.175,0.100000000000001));
#8180=CARTESIAN_POINT('Origin',(3.6,-20.175,0.100000000000001));
#8181=CARTESIAN_POINT('',(-3.1,-20.175,-0.0999999999999983));
#8182=CARTESIAN_POINT('',(-3.1,-20.175,-0.449999999999978));
#8183=CARTESIAN_POINT('',(-3.6,-20.175,-0.0999999999999984));
#8184=CARTESIAN_POINT('',(-3.6,-20.175,0.550000000000022));
#8185=CARTESIAN_POINT('',(3.6,-20.175,-0.0999999999999983));
#8186=CARTESIAN_POINT('Origin',(3.6,-21.525,-0.100000000000001));
#8187=CARTESIAN_POINT('',(-3.1,-21.525,-0.400000000000004));
#8188=CARTESIAN_POINT('Origin',(-3.1,-21.525,-0.100000000000001));
#8189=CARTESIAN_POINT('',(-3.6,-21.525,-0.400000000000004));
#8190=CARTESIAN_POINT('',(3.6,-21.525,-0.400000000000004));
#8191=CARTESIAN_POINT('Origin',(-3.6,-21.525,-0.100000000000001));
#8192=CARTESIAN_POINT('Origin',(3.6,-20.475,-0.400000000000001));
#8193=CARTESIAN_POINT('',(-3.1,-20.475,-0.400000000000001));
#8194=CARTESIAN_POINT('',(-3.1,-19.3625,-0.399999999999998));
#8195=CARTESIAN_POINT('',(-3.6,-20.475,-0.400000000000001));
#8196=CARTESIAN_POINT('',(3.6,-20.475,-0.400000000000001));
#8197=CARTESIAN_POINT('',(-3.6,-19.3625,-0.399999999999998));
#8198=CARTESIAN_POINT('Origin',(3.6,-20.475,-0.10000000000001));
#8199=CARTESIAN_POINT('Origin',(-3.1,-20.475,-0.10000000000001));
#8200=CARTESIAN_POINT('Origin',(-3.6,-20.475,-0.10000000000001));
#8201=CARTESIAN_POINT('Origin',(-3.225,-22.,0.8));
#8202=CARTESIAN_POINT('',(-3.6,-21.5,1.));
#8203=CARTESIAN_POINT('',(-3.6,-22.5,0.6));
#8204=CARTESIAN_POINT('',(-3.6,-20.3491379310345,1.46034482758621));
#8205=CARTESIAN_POINT('',(-3.1,-22.5,0.6));
#8206=CARTESIAN_POINT('',(-3.225,-22.5,0.6));
#8207=CARTESIAN_POINT('',(-3.1,-21.5,1.));
#8208=CARTESIAN_POINT('',(-3.1,-20.6939655172414,1.32241379310345));
#8209=CARTESIAN_POINT('',(-3.225,-21.5,1.));
#8210=CARTESIAN_POINT('Origin',(-3.35,-22.5,0.));
#8211=CARTESIAN_POINT('',(-3.6,-22.5,-0.6));
#8212=CARTESIAN_POINT('',(-3.6,-22.5,1.));
#8213=CARTESIAN_POINT('',(-3.1,-22.5,-0.6));
#8214=CARTESIAN_POINT('',(-3.475,-22.5,-0.6));
#8215=CARTESIAN_POINT('',(-3.1,-22.5,-1.));
#8216=CARTESIAN_POINT('Origin',(-3.6,-18.25,1.));
#8217=CARTESIAN_POINT('',(-3.6,-18.25,1.));
#8218=CARTESIAN_POINT('',(-3.6,-18.25,1.));
#8219=CARTESIAN_POINT('',(-3.6,-18.25,-1.));
#8220=CARTESIAN_POINT('',(-3.6,-18.25,1.));
#8221=CARTESIAN_POINT('',(-3.6,-21.5,-1.));
#8222=CARTESIAN_POINT('',(-3.6,-18.25,-1.));
#8223=CARTESIAN_POINT('',(-3.6,-20.6939655172414,-1.32241379310345));
#8224=CARTESIAN_POINT('Origin',(-3.475,-22.,-0.8));
#8225=CARTESIAN_POINT('',(-3.1,-21.5,-1.));
#8226=CARTESIAN_POINT('',(-3.1,-20.3491379310345,-1.46034482758621));
#8227=CARTESIAN_POINT('',(-3.475,-21.5,-1.));
#8228=CARTESIAN_POINT('Origin',(-3.1,-18.25,-1.));
#8229=CARTESIAN_POINT('',(-3.1,-18.25,-1.));
#8230=CARTESIAN_POINT('',(-3.1,-18.25,-1.));
#8231=CARTESIAN_POINT('',(-3.1,-18.25,1.));
#8232=CARTESIAN_POINT('',(-3.1,-18.25,-1.));
#8233=CARTESIAN_POINT('',(-3.1,-18.25,1.));
#8234=CARTESIAN_POINT('Origin',(-3.6,-18.25,-1.));
#8235=CARTESIAN_POINT('',(-3.6,-18.25,-1.));
#8236=CARTESIAN_POINT('Origin',(-3.1,-18.25,1.));
#8237=CARTESIAN_POINT('',(-3.1,-18.25,1.));
#8238=CARTESIAN_POINT('Origin',(-3.35,-18.25,0.));
#8239=CARTESIAN_POINT('Origin',(0.,0.,0.));
#8240=CARTESIAN_POINT('',(-6.054,-0.5,-7.41401172203808E-16));
#8241=CARTESIAN_POINT('Origin',(0.,-0.5,0.));
#8242=CARTESIAN_POINT('',(-6.054,0.,-7.41401172203808E-16));
#8243=CARTESIAN_POINT('',(-6.054,0.,-7.41401172203808E-16));
#8244=CARTESIAN_POINT('Origin',(0.,0.,0.));
#8245=CARTESIAN_POINT('Origin',(0.,0.,0.));
#8246=CARTESIAN_POINT('',(-6.8,-0.5,-8.327598234202E-16));
#8247=CARTESIAN_POINT('Origin',(0.,-0.5,0.));
#8248=CARTESIAN_POINT('',(-6.8,0.,-8.327598234202E-16));
#8249=CARTESIAN_POINT('',(-6.8,0.,-8.327598234202E-16));
#8250=CARTESIAN_POINT('Origin',(0.,0.,0.));
#8251=CARTESIAN_POINT('Origin',(0.,-0.5,0.));
#8252=CARTESIAN_POINT('Origin',(0.,0.,0.));
#8253=CARTESIAN_POINT('Origin',(0.,-3.5,0.));
#8254=CARTESIAN_POINT('',(5.64133693949128,-4.16348406216194,0.000111924343033476));
#8255=CARTESIAN_POINT('',(5.64197695495074,-3.96151593783807,1.14667320971762E-5));
#8256=CARTESIAN_POINT('',(5.64155,-3.5,6.90890614972975E-16));
#8257=CARTESIAN_POINT('',(-4.22346664831218,-3.5,3.74024275590431));
#8258=CARTESIAN_POINT('Ctrl Pts',(5.64197695495074,-3.96151593783807,1.14667320971762E-5));
#8259=CARTESIAN_POINT('Ctrl Pts',(5.64186040748789,-3.9425214624781,-0.897502854403329));
#8260=CARTESIAN_POINT('Ctrl Pts',(5.42357563006913,-3.92352698711814,-1.79507045285789));
#8261=CARTESIAN_POINT('Ctrl Pts',(5.01120731496758,-3.90453251175817,-2.59224332116752));
#8262=CARTESIAN_POINT('Ctrl Pts',(4.5929995212948,-3.88526905881731,-3.40070482080889));
#8263=CARTESIAN_POINT('Ctrl Pts',(3.97517250165504,-3.86600560587644,-4.10590811235096));
#8264=CARTESIAN_POINT('Ctrl Pts',(3.22872881871601,-3.84674215293558,-4.62679837539214));
#8265=CARTESIAN_POINT('Ctrl Pts',(2.48228513577698,-3.82747869999471,-5.14768863843333));
#8266=CARTESIAN_POINT('Ctrl Pts',(1.60722478953867,-3.80821524705385,-5.48426587297362));
#8267=CARTESIAN_POINT('Ctrl Pts',(0.704118643227403,-3.78895179411298,-5.59786585262281));
#8268=CARTESIAN_POINT('Ctrl Pts',(-0.198987503083857,-3.76968834117212,
-5.71146583227201));
#8269=CARTESIAN_POINT('Ctrl Pts',(-1.13013944946807,-3.75042488823125,-5.60208855703012));
#8270=CARTESIAN_POINT('Ctrl Pts',(-1.98233096821478,-3.73116143529038,-5.28226977245834));
#8271=CARTESIAN_POINT('Ctrl Pts',(-2.8345224869615,-3.71189798234952,-4.96245098788656));
#8272=CARTESIAN_POINT('Ctrl Pts',(-3.60775357807073,-3.69263452940865,-4.43219069398489));
#8273=CARTESIAN_POINT('Ctrl Pts',(-4.21314503171754,-3.67337107646779,-3.75249896801517));
#8274=CARTESIAN_POINT('Ctrl Pts',(-4.81853648536436,-3.65410762352692,-3.07280724204545));
#8275=CARTESIAN_POINT('Ctrl Pts',(-5.25608830154878,-3.63484417058606,-2.24368408400767));
#8276=CARTESIAN_POINT('Ctrl Pts',(-5.47554559887689,-3.61558071764519,-1.36027568830692));
#8277=CARTESIAN_POINT('Ctrl Pts',(-5.695002896205,-3.59631726470433,-0.476867292606161));
#8278=CARTESIAN_POINT('Ctrl Pts',(-5.6963656746768,-3.57705381176346,0.460826340757569));
#8279=CARTESIAN_POINT('Ctrl Pts',(-5.47938275954843,-3.5577903588226,1.34470690207628));
#8280=CARTESIAN_POINT('Ctrl Pts',(-5.26239984442007,-3.53852690588173,2.22858746339498));
#8281=CARTESIAN_POINT('Ctrl Pts',(-4.82707123569152,-3.51926345294086,3.05865495266866));
#8282=CARTESIAN_POINT('Ctrl Pts',(-4.22346664831218,-3.5,3.74024275590432));
#8283=CARTESIAN_POINT('',(4.22361055485032,-3.5,3.74021332308322));
#8284=CARTESIAN_POINT('Origin',(0.,-3.5,0.));
#8285=CARTESIAN_POINT('Ctrl Pts',(4.22361055485032,-3.5,3.74021332308322));
#8286=CARTESIAN_POINT('Ctrl Pts',(3.74083040511993,-3.51539200197291,4.28433483186856));
#8287=CARTESIAN_POINT('Ctrl Pts',(3.15245597555026,-3.53078400394583,4.73528226018651));
#8288=CARTESIAN_POINT('Ctrl Pts',(2.50049149507053,-3.54617600591874,5.05761091105669));
#8289=CARTESIAN_POINT('Ctrl Pts',(1.68454259440527,-3.56543945885961,5.46101280825348));
#8290=CARTESIAN_POINT('Ctrl Pts',(0.768991885134569,-3.58470291180047,5.66295767449841));
#8291=CARTESIAN_POINT('Ctrl Pts',(-0.140946501510544,-3.60396636474134,
5.64022049665475));
#8292=CARTESIAN_POINT('Ctrl Pts',(-1.05088488815568,-3.6232298176822,5.61748331881108));
#8293=CARTESIAN_POINT('Ctrl Pts',(-1.95521095217522,-3.64249327062307,5.3700640968788));
#8294=CARTESIAN_POINT('Ctrl Pts',(-2.74999088128655,-3.66175672356394,4.92640586966456));
#8295=CARTESIAN_POINT('Ctrl Pts',(-3.54477081039788,-3.6810201765048,4.48274764245033));
#8296=CARTESIAN_POINT('Ctrl Pts',(-4.230004604601,-3.70028362944567,3.84285040995415));
#8297=CARTESIAN_POINT('Ctrl Pts',(-4.7269426872456,-3.71954708238653,3.08025094760554));
#8298=CARTESIAN_POINT('Ctrl Pts',(-5.2238807698902,-3.7388105353274,2.31765148525694));
#8299=CARTESIAN_POINT('Ctrl Pts',(-5.53252314097627,-3.75807398826826,1.43234979305591));
#8300=CARTESIAN_POINT('Ctrl Pts',(-5.61739796012605,-3.77733744120913,0.526092090604418));
#8301=CARTESIAN_POINT('Ctrl Pts',(-5.70227277927582,-3.79660089414999,-0.380165611847086));
#8302=CARTESIAN_POINT('Ctrl Pts',(-5.56338004648929,-3.81586434709086,-1.30737932454906));
#8303=CARTESIAN_POINT('Ctrl Pts',(-5.21668255081221,-3.83512780003172,-2.14898908619197));
#8304=CARTESIAN_POINT('Ctrl Pts',(-4.86998505513512,-3.85439125297259,-2.99059884783487));
#8305=CARTESIAN_POINT('Ctrl Pts',(-4.31548279656747,-3.87365470591346,-3.74660465841871));
#8306=CARTESIAN_POINT('Ctrl Pts',(-3.61690230752633,-3.89291815885432,-4.33012128039443));
#8307=CARTESIAN_POINT('Ctrl Pts',(-2.91832181848519,-3.91218161179519,-4.91363790237016));
#8308=CARTESIAN_POINT('Ctrl Pts',(-2.07566309897055,-3.93144506473605,-5.32466533573777));
#8309=CARTESIAN_POINT('Ctrl Pts',(-1.1857696544035,-3.95070851767692,-5.515966089382));
#8310=CARTESIAN_POINT('Ctrl Pts',(-0.295876209836438,-3.96997197061778,
-5.70726684302623));
#8311=CARTESIAN_POINT('Ctrl Pts',(0.641251959783044,-3.98923542355865,-5.67884091694708));
#8312=CARTESIAN_POINT('Ctrl Pts',(1.51791450190781,-4.00849887649951,-5.43395506349427));
#8313=CARTESIAN_POINT('Ctrl Pts',(2.39457704403258,-4.02776232944038,-5.18906921004146));
#8314=CARTESIAN_POINT('Ctrl Pts',(3.21077395866263,-4.04702578238125,-4.72772342921499));
#8315=CARTESIAN_POINT('Ctrl Pts',(3.87270296514945,-4.06628923532211,-4.10293841424904));
#8316=CARTESIAN_POINT('Ctrl Pts',(4.53463197163627,-4.08555268826298,-3.47815339928309));
#8317=CARTESIAN_POINT('Ctrl Pts',(5.04229306997985,-4.10481614120384,-2.68992915017765));
#8318=CARTESIAN_POINT('Ctrl Pts',(5.33734280757198,-4.12407959414471,-1.82885310439153));
#8319=CARTESIAN_POINT('Ctrl Pts',(5.53852304222204,-4.13721441681711,-1.24172673594764));
#8320=CARTESIAN_POINT('Ctrl Pts',(5.64085556463456,-4.15034923948953,-0.620729959973181));
#8321=CARTESIAN_POINT('Ctrl Pts',(5.64133693949128,-4.16348406216194,0.000111924343033476));
#8322=CARTESIAN_POINT('Origin',(0.,-3.5,0.));
#8323=CARTESIAN_POINT('',(5.64129113316132,-4.91348406216193,0.000103178314676108));
#8324=CARTESIAN_POINT('',(5.641963167106,-4.71151593783807,3.05039497283666E-5));
#8325=CARTESIAN_POINT('',(5.64155,-3.5,6.90890614972975E-16));
#8326=CARTESIAN_POINT('Ctrl Pts',(5.641963167106,-4.71151593783807,3.05039497283666E-5));
#8327=CARTESIAN_POINT('Ctrl Pts',(5.64168872610477,-4.69294635070935,-0.877414018362954));
#8328=CARTESIAN_POINT('Ctrl Pts',(5.43340198744423,-4.67437676358064,-1.75498443366515));
#8329=CARTESIAN_POINT('Ctrl Pts',(5.03860284099106,-4.65580717645193,-2.53858483651391));
#8330=CARTESIAN_POINT('Ctrl Pts',(4.62905174402374,-4.63654372351106,-3.35146502496893));
#8331=CARTESIAN_POINT('Ctrl Pts',(4.01878949415365,-4.6172802705702,-4.06322148787113));
#8332=CARTESIAN_POINT('Ctrl Pts',(3.27795109771783,-4.59801681762933,-4.59205489504001));
#8333=CARTESIAN_POINT('Ctrl Pts',(2.53711270128201,-4.57875336468847,-5.1208883022089));
#8334=CARTESIAN_POINT('Ctrl Pts',(1.66569815828046,-4.5594899117476,-5.46679865364446));
#8335=CARTESIAN_POINT('Ctrl Pts',(0.76385566577598,-4.54022645880673,-5.59003185036392));
#8336=CARTESIAN_POINT('Ctrl Pts',(-0.137986826728492,-4.52096300586587,
-5.71326504708338));
#8337=CARTESIAN_POINT('Ctrl Pts',(-1.07025726873589,-4.501699552925,-5.61382108908673));
#8338=CARTESIAN_POINT('Ctrl Pts',(-1.92581353614251,-4.48243609998414,-5.30312867796768));
#8339=CARTESIAN_POINT('Ctrl Pts',(-2.78136980354913,-4.46317264704328,-4.99243626684864));
#8340=CARTESIAN_POINT('Ctrl Pts',(-3.56021189635497,-4.44390919410241,-4.47049540260719));
#8341=CARTESIAN_POINT('Ctrl Pts',(-4.17283060128277,-4.42464574116154,-3.79729065848268));
#8342=CARTESIAN_POINT('Ctrl Pts',(-4.78544930621057,-4.40538228822067,-3.12408591435817));
#8343=CARTESIAN_POINT('Ctrl Pts',(-5.23184462326033,-4.38611883527981,-2.29961729035058));
#8344=CARTESIAN_POINT('Ctrl Pts',(-5.46071411569051,-4.36685538233894,-1.41863769346007));
#8345=CARTESIAN_POINT('Ctrl Pts',(-5.6895836081207,-4.34759192939808,-0.537658096569547));
#8346=CARTESIAN_POINT('Ctrl Pts',(-5.70092727593132,-4.32832847645721,0.399832473203907));
#8347=CARTESIAN_POINT('Ctrl Pts',(-5.49344144374141,-4.30906502351635,1.28609199763614));
#8348=CARTESIAN_POINT('Ctrl Pts',(-5.2859556115515,-4.28980157057548,2.17235152206837));
#8349=CARTESIAN_POINT('Ctrl Pts',(-4.85964027936106,-4.27053811763462,3.00738000115939));
#8350=CARTESIAN_POINT('Ctrl Pts',(-4.26349015355826,-4.25127466469375,3.69521087562889));
#8351=CARTESIAN_POINT('Ctrl Pts',(-3.66734002775546,-4.23201121175289,4.38304175009839));
#8352=CARTESIAN_POINT('Ctrl Pts',(-2.90135510834029,-4.21274775881202,4.92367501994638));
#8353=CARTESIAN_POINT('Ctrl Pts',(-2.05356701520642,-4.19348430587116,5.25497799401872));
#8354=CARTESIAN_POINT('Ctrl Pts',(-1.20577892207254,-4.17422085293029,5.58628096809107));
#8355=CARTESIAN_POINT('Ctrl Pts',(-0.276187655219958,-4.15495739998943,
5.70825364638778));
#8356=CARTESIAN_POINT('Ctrl Pts',(0.628372626079473,-4.13569394704856,5.60687792721486));
#8357=CARTESIAN_POINT('Ctrl Pts',(1.53293290737891,-4.11643049410769,5.50550220804194));
#8358=CARTESIAN_POINT('Ctrl Pts',(2.41246220312519,-4.09716704116683,5.18077809139939));
#8359=CARTESIAN_POINT('Ctrl Pts',(3.1658796054978,-4.07790358822596,4.67002536176757));
#8360=CARTESIAN_POINT('Ctrl Pts',(3.91929700787041,-4.0586401352851,4.15927263213574));
#8361=CARTESIAN_POINT('Ctrl Pts',(4.54660251686936,-4.03937668234423,3.46249128951462));
#8362=CARTESIAN_POINT('Ctrl Pts',(4.97570264106611,-4.02011322940337,2.659758559381));
#8363=CARTESIAN_POINT('Ctrl Pts',(5.40480276526286,-4.0008497764625,1.85702582924739));
#8364=CARTESIAN_POINT('Ctrl Pts',(5.63569750465742,-3.98158632352164,0.948341711601262));
#8365=CARTESIAN_POINT('Ctrl Pts',(5.6418505905018,-3.96232287058077,0.0381397989078788));
#8366=CARTESIAN_POINT('Ctrl Pts',(5.64193650667428,-3.96205389299987,0.0254305556917339));
#8367=CARTESIAN_POINT('Ctrl Pts',(5.64197860535982,-3.96178491541897,0.0127210165537437));
#8368=CARTESIAN_POINT('Ctrl Pts',(5.64197695495074,-3.96151593783807,1.14667320971762E-5));
#8369=CARTESIAN_POINT('Ctrl Pts',(5.64133693949128,-4.16348406216194,0.000111924343033476));
#8370=CARTESIAN_POINT('Ctrl Pts',(5.64156154614117,-4.16961269243039,0.289793061199051));
#8371=CARTESIAN_POINT('Ctrl Pts',(5.61961213752314,-4.17574132269885,0.579440476589213));
#8372=CARTESIAN_POINT('Ctrl Pts',(5.57518361806352,-4.1818699529673,0.865597805692643));
#8373=CARTESIAN_POINT('Ctrl Pts',(5.43553631412223,-4.20113340590817,1.76504482752388));
#8374=CARTESIAN_POINT('Ctrl Pts',(5.07380332939896,-4.22039685884903,2.63001102871954));
#8375=CARTESIAN_POINT('Ctrl Pts',(4.53155719603583,-4.2396603117899,3.36108930180795));
#8376=CARTESIAN_POINT('Ctrl Pts',(3.98931106267271,-4.25892376473076,4.09216757489636));
#8377=CARTESIAN_POINT('Ctrl Pts',(3.26655178066972,-4.27818721767163,4.68935791987753));
#8378=CARTESIAN_POINT('Ctrl Pts',(2.44634318978621,-4.2974506706125,5.08402762860113));
#8379=CARTESIAN_POINT('Ctrl Pts',(1.6261345989027,-4.31671412355336,5.47869733732473));
#8380=CARTESIAN_POINT('Ctrl Pts',(0.708476699138658,-4.33597757649423,5.67084640979077));
#8381=CARTESIAN_POINT('Ctrl Pts',(-0.201167746699792,-4.35524102943509,
5.63839192148684));
#8382=CARTESIAN_POINT('Ctrl Pts',(-1.11081219253825,-4.37450448237596,5.6059374331829));
#8383=CARTESIAN_POINT('Ctrl Pts',(-2.01244318445112,-4.39376793531682,5.348879384109));
#8384=CARTESIAN_POINT('Ctrl Pts',(-2.80243986939221,-4.41303138825769,4.89676042954));
#8385=CARTESIAN_POINT('Ctrl Pts',(-3.5924365543333,-4.43229484119855,4.44464147497099));
#8386=CARTESIAN_POINT('Ctrl Pts',(-4.27079893230261,-4.45155829413942,3.79746161490689));
#8387=CARTESIAN_POINT('Ctrl Pts',(-4.75956552087256,-4.47082174708029,3.02959864959056));
#8388=CARTESIAN_POINT('Ctrl Pts',(-5.24833210944252,-4.49008520002115,2.26173568427422));
#8389=CARTESIAN_POINT('Ctrl Pts',(-5.54750290861311,-4.50934865296202,1.37318961370566));
#8390=CARTESIAN_POINT('Ctrl Pts',(-5.62269541190366,-4.52861210590288,0.466077493392151));
#8391=CARTESIAN_POINT('Ctrl Pts',(-5.69788791519422,-4.54787555884375,-0.44103462692135));
#8392=CARTESIAN_POINT('Ctrl Pts',(-5.54910212260474,-4.56713901178461,-1.36671279697979));
#8393=CARTESIAN_POINT('Ctrl Pts',(-5.19343739169189,-4.58640246472548,-2.20457251721426));
#8394=CARTESIAN_POINT('Ctrl Pts',(-4.83777266077904,-4.60566591766634,-3.04243223744873));
#8395=CARTESIAN_POINT('Ctrl Pts',(-4.27522899154282,-4.62492937060721,-3.79247350785924));
#8396=CARTESIAN_POINT('Ctrl Pts',(-3.57045728412602,-4.64419282354808,-4.36849707658128));
#8397=CARTESIAN_POINT('Ctrl Pts',(-2.86568557670922,-4.66345627648894,-4.94452064530332));
#8398=CARTESIAN_POINT('Ctrl Pts',(-2.01868583111183,-4.68271972942981,-5.3465265123369));
#8399=CARTESIAN_POINT('Ctrl Pts',(-1.12680034931673,-4.70198318237067,-5.52831374791446));
#8400=CARTESIAN_POINT('Ctrl Pts',(-0.234914867521623,-4.72124663531153,
-5.71010098349202));
#8401=CARTESIAN_POINT('Ctrl Pts',(0.701856350471201,-4.7405100882524,-5.67166958761357));
#8402=CARTESIAN_POINT('Ctrl Pts',(1.57585392476063,-4.75977354119327,-5.41743632527503));
#8403=CARTESIAN_POINT('Ctrl Pts',(2.44985149905006,-4.77903699413413,-5.16320306293649));
#8404=CARTESIAN_POINT('Ctrl Pts',(3.2610754296361,-4.798300447075,-4.69316793413785));
#8405=CARTESIAN_POINT('Ctrl Pts',(3.91629498690605,-4.81756390001586,-4.06135020543741));
#8406=CARTESIAN_POINT('Ctrl Pts',(4.571514544176,-4.83682735295673,-3.42953247673698));
#8407=CARTESIAN_POINT('Ctrl Pts',(5.07072972812986,-4.85609080589759,-2.63593214813476));
#8408=CARTESIAN_POINT('Ctrl Pts',(5.35656772719237,-4.87535425883846,-1.77175453162813));
#8409=CARTESIAN_POINT('Ctrl Pts',(5.54516227667573,-4.88806419327962,-1.20157425891002));
#8410=CARTESIAN_POINT('Ctrl Pts',(5.64086738942626,-4.90077412772078,-0.600669593033798));
#8411=CARTESIAN_POINT('Ctrl Pts',(5.64129113316132,-4.91348406216193,0.000103178314676108));
#8412=CARTESIAN_POINT('Origin',(0.,-3.5,0.));
#8413=CARTESIAN_POINT('',(5.64125768381493,-5.66348406216193,5.6470068577415E-5));
#8414=CARTESIAN_POINT('',(5.64193894100108,-5.46151593783807,4.83670745343723E-5));
#8415=CARTESIAN_POINT('',(5.64155,-3.5,6.90890614972975E-16));
#8416=CARTESIAN_POINT('',(2.33703498924548,-5.8,5.13472042681414));
#8417=CARTESIAN_POINT('Ctrl Pts',(5.64125768381493,-5.66348406216193,5.6470068577415E-5));
#8418=CARTESIAN_POINT('Ctrl Pts',(5.64146566675368,-5.67046246889289,0.329912029233831));
#8419=CARTESIAN_POINT('Ctrl Pts',(5.61297199340481,-5.67744087562385,0.659738386716428));
#8420=CARTESIAN_POINT('Ctrl Pts',(5.55543384965893,-5.68441928235481,0.984431485823149));
#8421=CARTESIAN_POINT('Ctrl Pts',(5.39660342215798,-5.70368273529568,1.88072636744969));
#8422=CARTESIAN_POINT('Ctrl Pts',(5.01645375080574,-5.72294618823654,2.7379057531931));
#8423=CARTESIAN_POINT('Ctrl Pts',(4.45872338359314,-5.74220964117741,3.45711593353054));
#8424=CARTESIAN_POINT('Ctrl Pts',(3.90099301638055,-5.76147309411827,4.17632611386797));
#8425=CARTESIAN_POINT('Ctrl Pts',(3.1656819533076,-5.78073654705913,4.75756708879944));
#8426=CARTESIAN_POINT('Ctrl Pts',(2.33703498924548,-5.8,5.13472042681414));
#8427=CARTESIAN_POINT('',(-5.37962255489571,-5.8,1.69904313345995));
#8428=CARTESIAN_POINT('Origin',(0.,-5.8,0.));
#8429=CARTESIAN_POINT('Ctrl Pts',(-5.37974204015487,-5.8,1.69895776396854));
#8430=CARTESIAN_POINT('Ctrl Pts',(-5.1600145798509,-5.78460799802708,2.39240186520588));
#8431=CARTESIAN_POINT('Ctrl Pts',(-4.80592461266634,-5.76921599605417,3.04367621102116));
#8432=CARTESIAN_POINT('Ctrl Pts',(-4.34142829337193,-5.75382399408126,3.6033159091607));
#8433=CARTESIAN_POINT('Ctrl Pts',(-3.76010021118492,-5.73456054114039,4.30371817053786));
#8434=CARTESIAN_POINT('Ctrl Pts',(-3.0058414237336,-5.71529708819952,4.86059205744753));
#8435=CARTESIAN_POINT('Ctrl Pts',(-2.16532330994825,-5.69603363525866,5.2099259068372));
#8436=CARTESIAN_POINT('Ctrl Pts',(-1.32480519616288,-5.67677018231779,5.55925975622688));
#8437=CARTESIAN_POINT('Ctrl Pts',(-0.398027756043484,-5.65750672937693,
5.70105356809652));
#8438=CARTESIAN_POINT('Ctrl Pts',(0.508491893710922,-5.63824327643607,5.61901772410023));
#8439=CARTESIAN_POINT('Ctrl Pts',(1.41501154346532,-5.6189798234952,5.53698188010394));
#8440=CARTESIAN_POINT('Ctrl Pts',(2.30127340285475,-5.59971637055433,5.23111638024173));
#8441=CARTESIAN_POINT('Ctrl Pts',(3.06542607022984,-5.58045291761347,4.73657003935986));
#8442=CARTESIAN_POINT('Ctrl Pts',(3.82957873760493,-5.5611894646726,4.242023698478));
#8443=CARTESIAN_POINT('Ctrl Pts',(4.47162221296567,-5.54192601173174,3.55879651657649));
#8444=CARTESIAN_POINT('Ctrl Pts',(4.91776743256028,-5.52266255879087,2.7654106106982));
#8445=CARTESIAN_POINT('Ctrl Pts',(5.36391265215489,-5.50339910585001,1.97202470481991));
#8446=CARTESIAN_POINT('Ctrl Pts',(5.61415961598336,-5.48413565290915,1.06848007496485));
#8447=CARTESIAN_POINT('Ctrl Pts',(5.63974922215288,-5.46487219996828,0.158616730785982));
#8448=CARTESIAN_POINT('Ctrl Pts',(5.64123537707324,-5.46375344592488,0.105775046672077));
#8449=CARTESIAN_POINT('Ctrl Pts',(5.64196378955752,-5.46263469188147,0.0529120502894155));
#8450=CARTESIAN_POINT('Ctrl Pts',(5.64193894100108,-5.46151593783807,4.83670745343723E-5));
#8451=CARTESIAN_POINT('Origin',(0.,-1.84374014964383,0.));
#8452=CARTESIAN_POINT('',(6.06177183819705,-5.15625985035617,0.000110868839720002));
#8453=CARTESIAN_POINT('',(6.06246793120607,-5.21874014964383,5.19721750547691E-5));
#8454=CARTESIAN_POINT('',(6.06205,-1.84374014964383,2.45062760080811E-14));
#8455=CARTESIAN_POINT('',(0.948807640022909,-5.8,-5.98733782784421));
#8456=CARTESIAN_POINT('Ctrl Pts',(6.06246793120607,-5.21874014964383,5.19721750549991E-5));
#8457=CARTESIAN_POINT('Ctrl Pts',(6.06249463188081,-5.21985890368723,0.0568559162742423));
#8458=CARTESIAN_POINT('Ctrl Pts',(6.04823477907023,-5.2402411106715,1.09173459258241));
#8459=CARTESIAN_POINT('Ctrl Pts',(5.49481916954015,-5.27988677059663,3.08990349908561));
#8460=CARTESIAN_POINT('Ctrl Pts',(3.42512219806387,-5.33767712941923,5.29236062773612));
#8461=CARTESIAN_POINT('Ctrl Pts',(0.568160704478756,-5.39546748824182,6.27835133247491));
#8462=CARTESIAN_POINT('Ctrl Pts',(-2.41940717006402,-5.45325784706443,5.8212635584176));
#8463=CARTESIAN_POINT('Ctrl Pts',(-4.85084240460213,-5.51104820588701,4.02612001835808));
#8464=CARTESIAN_POINT('Ctrl Pts',(-6.16735576641266,-5.56883856470961,1.30561782781363));
#8465=CARTESIAN_POINT('Ctrl Pts',(-6.06618166833995,-5.62662892353222,-1.71508979935002));
#8466=CARTESIAN_POINT('Ctrl Pts',(-4.57090086755561,-5.6844192823548,-4.34136592942418));
#8467=CARTESIAN_POINT('Ctrl Pts',(-2.02454495741933,-5.74220964117741,-5.97021621166023));
#8468=CARTESIAN_POINT('Ctrl Pts',(-0.017435680245992,-5.78073654705913,
-6.14045747312775));
#8469=CARTESIAN_POINT('Ctrl Pts',(0.948807640022909,-5.8,-5.9873378278442));
#8470=CARTESIAN_POINT('',(3.81458289366103,-5.8,-4.71141247927717));
#8471=CARTESIAN_POINT('Origin',(0.,-5.8,0.));
#8472=CARTESIAN_POINT('Ctrl Pts',(6.06177183819706,-5.15625985035617,0.000110868839720037));
#8473=CARTESIAN_POINT('Ctrl Pts',(6.06200661521506,-5.16281336885588,0.332971577058133));
#8474=CARTESIAN_POINT('Ctrl Pts',(5.9557000261124,-5.18863034029645,1.64409667970649));
#8475=CARTESIAN_POINT('Ctrl Pts',(5.022899208717,-5.23371076467789,3.80933344289459));
#8476=CARTESIAN_POINT('Ctrl Pts',(2.67258179340591,-5.29150112350048,5.70945226465221));
#8477=CARTESIAN_POINT('Ctrl Pts',(-0.292033890719838,-5.34929148232309,
6.29724165267939));
#8478=CARTESIAN_POINT('Ctrl Pts',(-3.18952511709613,-5.40708184114568,5.43759788137814));
#8479=CARTESIAN_POINT('Ctrl Pts',(-5.35389729945646,-5.46487219996828,3.32811009958399));
#8480=CARTESIAN_POINT('Ctrl Pts',(-6.28766585220512,-5.52266255879087,0.453651766146032));
#8481=CARTESIAN_POINT('Ctrl Pts',(-5.77620070772538,-5.58045291761348,-2.52508392061342));
#8482=CARTESIAN_POINT('Ctrl Pts',(-3.93706612308576,-5.63824327643606,-4.92341479289635));
#8483=CARTESIAN_POINT('Ctrl Pts',(-1.19298497437464,-5.69603363525867,-6.19010718379442));
#8484=CARTESIAN_POINT('Ctrl Pts',(1.62309956161138,-5.7499525431133,-6.04441502783308));
#8485=CARTESIAN_POINT('Ctrl Pts',(3.20678714112796,-5.78460799802709,-5.20268889736675));
#8486=CARTESIAN_POINT('Ctrl Pts',(3.81474062337634,-5.8,-4.71140674505378));
#8487=CARTESIAN_POINT('Origin',(0.,-1.84374014964383,0.));
#8488=CARTESIAN_POINT('',(6.06182105875923,-4.40625985035617,0.00012026676415644));
#8489=CARTESIAN_POINT('',(6.06249396303408,-4.46874014964383,3.2777599896309E-5));
#8490=CARTESIAN_POINT('',(6.06205,-1.84374014964383,2.45062760080811E-14));
#8491=CARTESIAN_POINT('Ctrl Pts',(6.06249396303408,-4.46874014964383,3.27775998959631E-5));
#8492=CARTESIAN_POINT('Ctrl Pts',(6.06250498206266,-4.46943401545598,0.0352628861618137));
#8493=CARTESIAN_POINT('Ctrl Pts',(6.05384590808842,-4.489391334209,1.04856362034966));
#8494=CARTESIAN_POINT('Ctrl Pts',(5.52750033270433,-4.52861210590288,3.03105221620166));
#8495=CARTESIAN_POINT('Ctrl Pts',(3.48144243368013,-4.58640246472548,5.25548247521344));
#8496=CARTESIAN_POINT('Ctrl Pts',(0.635167949926712,-4.64419282354807,6.27192945954982));
#8497=CARTESIAN_POINT('Ctrl Pts',(-2.35710117002937,-4.70198318237067,5.84676077229262));
#8498=CARTESIAN_POINT('Ctrl Pts',(-4.8075858224895,-4.75977354119327,4.07770230064052));
#8499=CARTESIAN_POINT('Ctrl Pts',(-6.15303714464518,-4.81756390001586,1.37137570237437));
#8500=CARTESIAN_POINT('Ctrl Pts',(-6.08420044876398,-4.87535425883846,-1.65016436159981));
#8501=CARTESIAN_POINT('Ctrl Pts',(-4.61689794935949,-4.93314461766106,-4.29241083563279));
#8502=CARTESIAN_POINT('Ctrl Pts',(-2.0883921718337,-4.99093497648365,-5.94803794694503));
#8503=CARTESIAN_POINT('Ctrl Pts',(0.920134874641147,-5.04872533530625,-6.23649661043903));
#8504=CARTESIAN_POINT('Ctrl Pts',(3.7171668495003,-5.10651569412884,-5.09148370941429));
#8505=CARTESIAN_POINT('Ctrl Pts',(5.62219379344735,-5.16318729890804,-2.8210049119887));
#8506=CARTESIAN_POINT('Ctrl Pts',(6.06203488186297,-5.20059545074637,-0.921232261786603));
#8507=CARTESIAN_POINT('Ctrl Pts',(6.06246793120607,-5.21874014964383,5.19721750549991E-5));
#8508=CARTESIAN_POINT('Ctrl Pts',(6.06182105875923,-4.40625985035617,0.000120266764156579));
#8509=CARTESIAN_POINT('Ctrl Pts',(6.06206240674728,-4.41238848062463,0.311393150223161));
#8510=CARTESIAN_POINT('Ctrl Pts',(5.96434345334086,-4.43778056383395,1.60090590117539));
#8511=CARTESIAN_POINT('Ctrl Pts',(5.06329041361705,-4.48243609998414,3.75547973812292));
#8512=CARTESIAN_POINT('Ctrl Pts',(2.73339726077811,-4.54022645880673,5.68058776559396));
#8513=CARTESIAN_POINT('Ctrl Pts',(-0.224772783588047,-4.59801681762933,
6.30000119882212));
#8514=CARTESIAN_POINT('Ctrl Pts',(-3.13127834740937,-4.65580717645193,5.47134661999796));
#8515=CARTESIAN_POINT('Ctrl Pts',(-5.31805325148832,-4.71359753527453,3.38509195379722));
#8516=CARTESIAN_POINT('Ctrl Pts',(-6.28246286043199,-4.77138789409711,0.520767057045347));
#8517=CARTESIAN_POINT('Ctrl Pts',(-5.80283567607644,-4.82917825291972,-2.46325720089941));
#8518=CARTESIAN_POINT('Ctrl Pts',(-3.98941497604182,-4.88696861174231,-4.88109681055918));
#8519=CARTESIAN_POINT('Ctrl Pts',(-1.25901917641301,-4.94475897056491,-6.17700644510156));
#8520=CARTESIAN_POINT('Ctrl Pts',(1.76076472802817,-5.0025493293875,-6.05311866068864));
#8521=CARTESIAN_POINT('Ctrl Pts',(4.37583329699011,-5.0603396882101,-4.53790930198378));
#8522=CARTESIAN_POINT('Ctrl Pts',(5.80261345901131,-5.11157652853299,-2.26976273549673));
#8523=CARTESIAN_POINT('Ctrl Pts',(6.06131651019162,-5.14354991591501,-0.645441253990551));
#8524=CARTESIAN_POINT('Ctrl Pts',(6.06177183819706,-5.15625985035617,0.000110868839720037));
#8525=CARTESIAN_POINT('Origin',(0.,-1.84374014964383,0.));
#8526=CARTESIAN_POINT('',(6.06187750479859,-3.65625985035617,0.000135306420462056));
#8527=CARTESIAN_POINT('',(6.06250877857311,-3.71874014964383,1.23214193458665E-5));
#8528=CARTESIAN_POINT('',(6.06205,-1.84374014964383,2.45062760080811E-14));
#8529=CARTESIAN_POINT('',(1.5684907793386,-3.5,-5.85562011042638));
#8530=CARTESIAN_POINT('Ctrl Pts',(1.5684907793386,-3.5,-5.85562011042638));
#8531=CARTESIAN_POINT('Ctrl Pts',(2.51347734605934,-3.51926345294087,-5.60249530237041));
#8532=CARTESIAN_POINT('Ctrl Pts',(4.27781921221316,-3.5577903588226,-4.63060572720993));
#8533=CARTESIAN_POINT('Ctrl Pts',(5.77731616939517,-3.60987697560799,-2.35596712757878));
#8534=CARTESIAN_POINT('Ctrl Pts',(6.0613117064172,-3.64270013945251,-0.688521267387714));
#8535=CARTESIAN_POINT('Ctrl Pts',(6.06187750479859,-3.65625985035617,0.000135306420462264));
#8536=CARTESIAN_POINT('',(-1.56863715399499,-3.5,-5.85567904805039));
#8537=CARTESIAN_POINT('Origin',(0.,-3.5,0.));
#8538=CARTESIAN_POINT('Ctrl Pts',(-1.56863715399499,-3.5,-5.85567904805039));
#8539=CARTESIAN_POINT('Ctrl Pts',(-0.813421564559458,-3.51539200197291,
-6.05721065995396));
#8540=CARTESIAN_POINT('Ctrl Pts',(0.975709779059181,-3.55004745688669,-6.18202183646276));
#8541=CARTESIAN_POINT('Ctrl Pts',(3.60758943539467,-3.60396636474134,-5.16971362231476));
#8542=CARTESIAN_POINT('Ctrl Pts',(5.58995223761371,-3.66148774598303,-2.90699488597562));
#8543=CARTESIAN_POINT('Ctrl Pts',(6.06238354409905,-3.69974567428386,-0.964399354527691));
#8544=CARTESIAN_POINT('Ctrl Pts',(6.06250877857311,-3.71874014964383,1.23214193461238E-5));
#8545=CARTESIAN_POINT('Origin',(0.,-1.84374014964383,0.));
#8546=CARTESIAN_POINT('Ctrl Pts',(6.06250877857311,-3.71874014964383,1.23214193461238E-5));
#8547=CARTESIAN_POINT('Ctrl Pts',(6.0625105519975,-3.71900912722473,0.0136691934662681));
#8548=CARTESIAN_POINT('Ctrl Pts',(6.05922559405805,-3.7385415577465,1.00539377986204));
#8549=CARTESIAN_POINT('Ctrl Pts',(5.5595517452145,-3.77733744120913,2.97185560414529));
#8550=CARTESIAN_POINT('Ctrl Pts',(3.53736421120682,-3.83512780003172,5.21800604402598));
#8551=CARTESIAN_POINT('Ctrl Pts',(0.702105868759049,-3.89291815885432,6.26478955101942));
#8552=CARTESIAN_POINT('Ctrl Pts',(-2.29453268229008,-3.95070851767692,5.87159735678101));
#8553=CARTESIAN_POINT('Ctrl Pts',(-4.76376837854768,-4.00849887649951,4.12880721214948));
#8554=CARTESIAN_POINT('Ctrl Pts',(-6.13804221792076,-4.06628923532211,1.43700209209896));
#8555=CARTESIAN_POINT('Ctrl Pts',(-6.10147467099586,-4.1240795941447,-1.58510072104379));
#8556=CARTESIAN_POINT('Ctrl Pts',(-4.66247081652956,-4.1818699529673,-4.24286499974299));
#8557=CARTESIAN_POINT('Ctrl Pts',(-2.15178862350088,-4.23966031178991,-5.92539814191572));
#8558=CARTESIAN_POINT('Ctrl Pts',(0.853486540046893,-4.29745067061249,-6.24596655604318));
#8559=CARTESIAN_POINT('Ctrl Pts',(3.66258609446148,-4.35524102943509,-5.13088691697946));
#8560=CARTESIAN_POINT('Ctrl Pts',(5.60621288133824,-4.41233752244553,-2.86401078737475));
#8561=CARTESIAN_POINT('Ctrl Pts',(6.06219906622887,-4.45017056251511,-0.942813171914985));
#8562=CARTESIAN_POINT('Ctrl Pts',(6.06249396303408,-4.46874014964383,3.27775998959631E-5));
#8563=CARTESIAN_POINT('Ctrl Pts',(6.06187750479859,-3.65625985035617,0.000135306420462264));
#8564=CARTESIAN_POINT('Ctrl Pts',(6.06211550161397,-3.66196359239338,0.289811058148152));
#8565=CARTESIAN_POINT('Ctrl Pts',(5.97272765768945,-3.68693078737145,1.55767292518582));
#8566=CARTESIAN_POINT('Ctrl Pts',(5.10311727801981,-3.73116143529038,3.70123062309159));
#8567=CARTESIAN_POINT('Ctrl Pts',(2.79389451685246,-3.78895179411299,5.65105916243815));
#8568=CARTESIAN_POINT('Ctrl Pts',(-0.1574827697804,-3.84674215293558,6.30205040230313));
#8569=CARTESIAN_POINT('Ctrl Pts',(-3.07267619165361,-3.90453251175818,5.50446763108889));
#8570=CARTESIAN_POINT('Ctrl Pts',(-5.2816018532975,-3.96232287058077,3.44168930691195));
#8571=CARTESIAN_POINT('Ctrl Pts',(-6.27654410443896,-4.02011322940337,0.587823016686433));
#8572=CARTESIAN_POINT('Ctrl Pts',(-5.82880827432741,-4.07790358822596,-2.40115122997539));
#8573=CARTESIAN_POINT('Ctrl Pts',(-4.04130993616681,-4.13569394704856,-4.83821818358728));
#8574=CARTESIAN_POINT('Ctrl Pts',(-1.32490790624575,-4.19348430587116,-6.16320981839306));
#8575=CARTESIAN_POINT('Ctrl Pts',(1.69602667058603,-4.25127466469375,-6.07157575407306));
#8576=CARTESIAN_POINT('Ctrl Pts',(4.32712619447562,-4.30906502351635,-4.58437745361003));
#8577=CARTESIAN_POINT('Ctrl Pts',(5.79007710803853,-4.36072675207049,-2.31291448533506));
#8578=CARTESIAN_POINT('Ctrl Pts',(6.06130380402423,-4.39312502768376,-0.66699684552218));
#8579=CARTESIAN_POINT('Ctrl Pts',(6.06182105875923,-4.40625985035617,0.000120266764156579));
#8580=CARTESIAN_POINT('Ctrl Pts',(-4.22346664831218,-3.5,3.74024275590431));
#8581=CARTESIAN_POINT('Ctrl Pts',(-4.82707123569153,-3.51926345294087,3.05865495266865));
#8582=CARTESIAN_POINT('Ctrl Pts',(-5.6977284531486,-3.5577903588226,1.39851997412131));
#8583=CARTESIAN_POINT('Ctrl Pts',(-5.6936401177332,-3.61558071764519,-1.4145609259699));
#8584=CARTESIAN_POINT('Ctrl Pts',(-4.38098466917995,-3.67337107646779,-3.90193040008322));
#8585=CARTESIAN_POINT('Ctrl Pts',(-2.06129139585229,-3.73116143529038,-5.49271128178822));
#8586=CARTESIAN_POINT('Ctrl Pts',(0.732164443300355,-3.78895179411299,-5.82084310751391));
#8587=CARTESIAN_POINT('Ctrl Pts',(3.35734548201529,-3.84674215293558,-4.81111140389303));
#8588=CARTESIAN_POINT('Ctrl Pts',(5.21082654093456,-3.90453251175818,-2.69550152926681));
#8589=CARTESIAN_POINT('Ctrl Pts',(5.86659224405199,-3.96232287058077,0.0396575939551315));
#8590=CARTESIAN_POINT('Ctrl Pts',(5.17390802586829,-4.02011322940337,2.76570994689352));
#8591=CARTESIAN_POINT('Ctrl Pts',(3.29199149887147,-4.07790358822596,4.85605397475685));
#8592=CARTESIAN_POINT('Ctrl Pts',(0.653403611632634,-4.13569394704856,5.83022632468448));
#8593=CARTESIAN_POINT('Ctrl Pts',(-2.13537018892512,-4.19348430587116,5.46430828979437));
#8594=CARTESIAN_POINT('Ctrl Pts',(-4.43332494717063,-4.25127466469375,3.84240848025039));
#8595=CARTESIAN_POINT('Ctrl Pts',(-5.71227094374194,-4.30906502351635,1.33732304297736));
#8596=CARTESIAN_POINT('Ctrl Pts',(-5.67823994031008,-4.36685538233894,-1.475148666343));
#8597=CARTESIAN_POINT('Ctrl Pts',(-4.33905398916082,-4.42464574116154,-3.94855453836574));
#8598=CARTESIAN_POINT('Ctrl Pts',(-2.00252771074329,-4.48243609998414,-5.51437713109008));
#8599=CARTESIAN_POINT('Ctrl Pts',(0.794283615278914,-4.54022645880673,-5.81270900508003));
#8600=CARTESIAN_POINT('Ctrl Pts',(3.40852724428356,-4.59801681762934,-4.77497795077333));
#8601=CARTESIAN_POINT('Ctrl Pts',(5.23931399389383,-4.65580717645192,-2.63970856206673));
#8602=CARTESIAN_POINT('Ctrl Pts',(5.86583382608744,-4.71359753527453,0.102303179956822));
#8603=CARTESIAN_POINT('Ctrl Pts',(5.14407989079075,-4.77138789409712,2.82080032832334));
#8604=CARTESIAN_POINT('Ctrl Pts',(3.23994878988596,-4.82917825291971,4.89093081680956));
#8605=CARTESIAN_POINT('Ctrl Pts',(0.591108906707964,-4.88696861174231,5.83687096650857));
#8606=CARTESIAN_POINT('Ctrl Pts',(-2.19359855259841,-4.94475897056491,5.44119451916883));
#8607=CARTESIAN_POINT('Ctrl Pts',(-4.47410295145465,-5.0025493293875,3.79484851068179));
#8608=CARTESIAN_POINT('Ctrl Pts',(-5.72622573277571,-5.0603396882101,1.27624889166703));
#8609=CARTESIAN_POINT('Ctrl Pts',(-5.66216396132075,-5.1181300470327,-1.5356991041287));
#8610=CARTESIAN_POINT('Ctrl Pts',(-4.29664232828978,-5.17592040585529,-3.99466357911337));
#8611=CARTESIAN_POINT('Ctrl Pts',(-1.94352881566605,-5.23371076467789,-5.5354465040024));
#8612=CARTESIAN_POINT('Ctrl Pts',(0.856308823258096,-5.29150112350049,-5.80389595147224));
#8613=CARTESIAN_POINT('Ctrl Pts',(3.45932195211166,-5.34929148232309,-4.73830798506217));
#8614=CARTESIAN_POINT('Ctrl Pts',(5.26720332534352,-5.40708184114568,-2.5836107303982));
#8615=CARTESIAN_POINT('Ctrl Pts',(5.86440657981183,-5.46487219996828,0.16493544510978));
#8616=CARTESIAN_POINT('Ctrl Pts',(5.11366568832642,-5.52266255879087,2.87556933467497));
#8617=CARTESIAN_POINT('Ctrl Pts',(3.18753526224416,-5.58045291761347,4.92525088037953));
#8618=CARTESIAN_POINT('Ctrl Pts',(0.528749684075871,-5.63824327643607,5.84284737996616));
#8619=CARTESIAN_POINT('Ctrl Pts',(-2.25158263628223,-5.69603363525866,5.41746594435724));
#8620=CARTESIAN_POINT('Ctrl Pts',(-4.51435899863629,-5.75382399408126,3.74684428362815));
#8621=CARTESIAN_POINT('Ctrl Pts',(-5.7395511294043,-5.81161435290385,1.21505237609423));
#8622=CARTESIAN_POINT('Ctrl Pts',(-5.64539507114314,-5.86940471172646,-1.59612092568076));
#8623=CARTESIAN_POINT('Ctrl Pts',(-4.25383587884598,-5.92719507054904,-4.04022285516335));
#8624=CARTESIAN_POINT('Ctrl Pts',(-1.88411042543843,-5.98498542937165,-5.55608635179382));
#8625=CARTESIAN_POINT('Ctrl Pts',(-0.0162262373111038,-6.02351233525337,
-5.71451866242011));
#8626=CARTESIAN_POINT('Ctrl Pts',(0.88299267435459,-6.04277578819424,-5.57202031040233));
#8627=CARTESIAN_POINT('Ctrl Pts',(-4.32840044166183,-3.41907473726859,3.83317064976669));
#8628=CARTESIAN_POINT('Ctrl Pts',(-4.94700183718747,-3.43833819020945,3.1346485128071));
#8629=CARTESIAN_POINT('Ctrl Pts',(-5.83929089695388,-3.47686509609118,1.43326678714952));
#8630=CARTESIAN_POINT('Ctrl Pts',(-5.83510098513706,-3.53465545491378,-1.44970628314836));
#8631=CARTESIAN_POINT('Ctrl Pts',(-4.48983206356566,-3.59244581373638,-3.99887549101479));
#8632=CARTESIAN_POINT('Ctrl Pts',(-2.11250504174487,-3.65023617255897,-5.62917998831935));
#8633=CARTESIAN_POINT('Ctrl Pts',(0.750355374776505,-3.70802653138157,-5.96546438634151));
#8634=CARTESIAN_POINT('Ctrl Pts',(3.44076013314174,-3.76581689020416,-4.93064547670027));
#8635=CARTESIAN_POINT('Ctrl Pts',(5.34029170331387,-3.82360724902676,-2.76247239088325));
#8636=CARTESIAN_POINT('Ctrl Pts',(6.01235017928987,-3.88139760784936,0.0406429034450241));
#8637=CARTESIAN_POINT('Ctrl Pts',(5.30245593231703,-3.93918796667195,2.83442516597744));
#8638=CARTESIAN_POINT('Ctrl Pts',(3.37378240298326,-3.99697832549455,4.97670466451322));
#8639=CARTESIAN_POINT('Ctrl Pts',(0.669637697341439,-4.05476868431715,5.97508073346279));
#8640=CARTESIAN_POINT('Ctrl Pts',(-2.18842435338011,-4.11255904313974,5.60007131212326));
#8641=CARTESIAN_POINT('Ctrl Pts',(-4.54347275762965,-4.17034940196234,3.93787472421675));
#8642=CARTESIAN_POINT('Ctrl Pts',(-5.85419470180155,-4.22813976078493,1.37054939268456));
#8643=CARTESIAN_POINT('Ctrl Pts',(-5.81931818387201,-4.28593011960753,-1.51179935124326));
#8644=CARTESIAN_POINT('Ctrl Pts',(-4.44685959828374,-4.34372047843013,-4.0466580254915));
#8645=CARTESIAN_POINT('Ctrl Pts',(-2.05228134832915,-4.40151083725273,-5.65138413469863));
#8646=CARTESIAN_POINT('Ctrl Pts',(0.814017923534908,-4.45930119607532,-5.95712818873441));
#8647=CARTESIAN_POINT('Ctrl Pts',(3.4932135276762,-4.51709155489792,-4.89361427284204));
#8648=CARTESIAN_POINT('Ctrl Pts',(5.36948693894335,-4.57488191372051,-2.705293224104));
#8649=CARTESIAN_POINT('Ctrl Pts',(6.01157291811414,-4.63267227254311,0.104844945202891));
#8650=CARTESIAN_POINT('Ctrl Pts',(5.27188670476194,-4.69046263136571,2.89088429094944));
#8651=CARTESIAN_POINT('Ctrl Pts',(3.32044667115068,-4.7482529901883,5.01244803627753));
#8652=CARTESIAN_POINT('Ctrl Pts',(0.605795254447547,-4.8060433490109,5.98189046418898));
#8653=CARTESIAN_POINT('Ctrl Pts',(-2.2480994250754,-4.86383370783349,5.57638327021009));
#8654=CARTESIAN_POINT('Ctrl Pts',(-4.58526390846627,-4.9216240666561,3.8891331073347));
#8655=CARTESIAN_POINT('Ctrl Pts',(-5.86849620339886,-4.97941442547869,1.30795782856948));
#8656=CARTESIAN_POINT('Ctrl Pts',(-5.8028427904685,-5.03720478430128,-1.57385418995241));
#8657=CARTESIAN_POINT('Ctrl Pts',(-4.40339420197967,-5.09499514312388,-4.09391266461984));
#8658=CARTESIAN_POINT('Ctrl Pts',(-1.99181660105527,-5.15278550194648,-5.67297698498328));
#8659=CARTESIAN_POINT('Ctrl Pts',(0.877584173719115,-5.21057586076908,-5.94809617112784));
#8660=CARTESIAN_POINT('Ctrl Pts',(3.5452702512412,-5.26836621959167,-4.85603322651288));
#8661=CARTESIAN_POINT('Ctrl Pts',(5.39806919248446,-5.32615657841426,-2.64780161837121));
#8662=CARTESIAN_POINT('Ctrl Pts',(6.01011021130854,-5.38394693723687,0.169033335149966));
#8663=CARTESIAN_POINT('Ctrl Pts',(5.24071684873101,-5.44173729605946,2.94701405614518));
#8664=CARTESIAN_POINT('Ctrl Pts',(3.26673090751739,-5.49952765488206,5.04762079616506));
#8665=CARTESIAN_POINT('Ctrl Pts',(0.541886690876835,-5.55731801370465,5.98801536413575));
#8666=CARTESIAN_POINT('Ctrl Pts',(-2.30752414754283,-5.61510837252725,5.55206514904402));
#8667=CARTESIAN_POINT('Ctrl Pts',(-4.62652013395823,-5.67289873134984,3.8399361952048));
#8668=CARTESIAN_POINT('Ctrl Pts',(-5.88215267507375,-5.73068909017244,1.2452408600007));
#8669=CARTESIAN_POINT('Ctrl Pts',(-5.78565727020874,-5.78847944899504,-1.63577721690385));
#8670=CARTESIAN_POINT('Ctrl Pts',(-4.35952420841586,-5.84626980781763,-4.14060387991696));
#8671=CARTESIAN_POINT('Ctrl Pts',(-1.93092193609873,-5.90406016664024,-5.69412963841596));
#8672=CARTESIAN_POINT('Ctrl Pts',(-0.0166293849560663,-5.94258707252196,
-5.85649826598932));
#8673=CARTESIAN_POINT('Ctrl Pts',(0.90493099624403,-5.96185052546283,-5.71045948288296));
#8674=CARTESIAN_POINT('Ctrl Pts',(-4.43333423501149,-3.33814947453717,3.92609854362906));
#8675=CARTESIAN_POINT('Ctrl Pts',(-5.06693243868341,-3.35741292747804,3.21064207294555));
#8676=CARTESIAN_POINT('Ctrl Pts',(-5.98085334075916,-3.39593983335977,1.46801360017774));
#8677=CARTESIAN_POINT('Ctrl Pts',(-5.97656185254093,-3.45373019218237,-1.48485164032681));
#8678=CARTESIAN_POINT('Ctrl Pts',(-4.59867945795137,-3.51152055100496,-4.09582058194635));
#8679=CARTESIAN_POINT('Ctrl Pts',(-2.16371868763746,-3.56931090982756,-5.76564869485047));
#8680=CARTESIAN_POINT('Ctrl Pts',(0.768546306252655,-3.62710126865016,-6.11008566516911));
#8681=CARTESIAN_POINT('Ctrl Pts',(3.5241747842682,-3.68489162747275,-5.05017954950752));
#8682=CARTESIAN_POINT('Ctrl Pts',(5.46975686569318,-3.74268198629535,-2.82944325249968));
#8683=CARTESIAN_POINT('Ctrl Pts',(6.15810811452776,-3.80047234511794,0.0416282129349164));
#8684=CARTESIAN_POINT('Ctrl Pts',(5.43100383876576,-3.85826270394054,2.90314038506137));
#8685=CARTESIAN_POINT('Ctrl Pts',(3.45557330709504,-3.91605306276314,5.0973553542696));
#8686=CARTESIAN_POINT('Ctrl Pts',(0.685871783050242,-3.97384342158574,6.11993514224111));
#8687=CARTESIAN_POINT('Ctrl Pts',(-2.24147851783509,-4.03163378040833,5.73583433445213));
#8688=CARTESIAN_POINT('Ctrl Pts',(-4.65362056808867,-4.08942413923093,4.03334096818312));
#8689=CARTESIAN_POINT('Ctrl Pts',(-5.99611845986115,-4.14721449805352,1.40377574239176));
#8690=CARTESIAN_POINT('Ctrl Pts',(-5.96039642743394,-4.20500485687612,-1.54845003614352));
#8691=CARTESIAN_POINT('Ctrl Pts',(-4.55466520740665,-4.26279521569871,-4.14476151261724));
#8692=CARTESIAN_POINT('Ctrl Pts',(-2.10203498591501,-4.32058557452132,-5.78839113830717));
#8693=CARTESIAN_POINT('Ctrl Pts',(0.833752231790898,-4.3783759333439,-6.10154737238879));
#8694=CARTESIAN_POINT('Ctrl Pts',(3.57789981106885,-4.43616629216651,-5.01225059491075));
#8695=CARTESIAN_POINT('Ctrl Pts',(5.49965988399287,-4.4939566509891,-2.77087788614127));
#8696=CARTESIAN_POINT('Ctrl Pts',(6.15731201014085,-4.5517470098117,0.107386710448955));
#8697=CARTESIAN_POINT('Ctrl Pts',(5.39969351873313,-4.60953736863429,2.96096825357555));
#8698=CARTESIAN_POINT('Ctrl Pts',(3.40094455241541,-4.66732772745689,5.13396525574548));
#8699=CARTESIAN_POINT('Ctrl Pts',(0.620481602187125,-4.72511808627948,6.1269099618694));
#8700=CARTESIAN_POINT('Ctrl Pts',(-2.30260029755238,-4.78290844510209,5.71157202125135));
#8701=CARTESIAN_POINT('Ctrl Pts',(-4.69642486547789,-4.84069880392467,3.98341770398761));
#8702=CARTESIAN_POINT('Ctrl Pts',(-6.01076667402201,-4.89848916274728,1.33966676547192));
#8703=CARTESIAN_POINT('Ctrl Pts',(-5.94352161961625,-4.95627952156987,-1.61200927577611));
#8704=CARTESIAN_POINT('Ctrl Pts',(-4.51014607566958,-5.01406988039247,-4.19316175012631));
#8705=CARTESIAN_POINT('Ctrl Pts',(-2.04010438644448,-5.07186023921507,-5.81050746596416));
#8706=CARTESIAN_POINT('Ctrl Pts',(0.89885952418013,-5.12965059803766,-6.09229639078344));
#8707=CARTESIAN_POINT('Ctrl Pts',(3.63121855037075,-5.18744095686026,-4.97375846796358));
#8708=CARTESIAN_POINT('Ctrl Pts',(5.5289350596254,-5.24523131568285,-2.71199250634422));
#8709=CARTESIAN_POINT('Ctrl Pts',(6.15581384280526,-5.30302167450545,0.173131225190154));
#8710=CARTESIAN_POINT('Ctrl Pts',(5.36776800913557,-5.36081203332805,3.0184587776154));
#8711=CARTESIAN_POINT('Ctrl Pts',(3.34592655279063,-5.41860239215064,5.16999071195059));
#8712=CARTESIAN_POINT('Ctrl Pts',(0.555023697677795,-5.47639275097324,6.13318334830533));
#8713=CARTESIAN_POINT('Ctrl Pts',(-2.36346565880342,-5.53418310979583,5.68666435373082));
#8714=CARTESIAN_POINT('Ctrl Pts',(-4.73868126928018,-5.59197346861844,3.93302810678144));
#8715=CARTESIAN_POINT('Ctrl Pts',(-6.0247542207432,-5.64976382744102,1.27542934390717));
#8716=CARTESIAN_POINT('Ctrl Pts',(-5.92591946927435,-5.70755418626363,-1.67543350812693));
#8717=CARTESIAN_POINT('Ctrl Pts',(-4.46521253798573,-5.76534454508622,-4.24098490467057));
#8718=CARTESIAN_POINT('Ctrl Pts',(-1.97773344675903,-5.82313490390882,-5.8321729250381));
#8719=CARTESIAN_POINT('Ctrl Pts',(-0.0170325326010295,-5.86166180979055,
-5.99847786955853));
#8720=CARTESIAN_POINT('Ctrl Pts',(0.926869318133469,-5.88092526273141,-5.84889865536358));
#8721=CARTESIAN_POINT('Ctrl Pts',(-4.53826802836115,-3.25722421180576,4.01902643749143));
#8722=CARTESIAN_POINT('Ctrl Pts',(-5.18686304017935,-3.27648766474663,3.286635633084));
#8723=CARTESIAN_POINT('Ctrl Pts',(-6.12241578456444,-3.31501457062836,1.50276041320596));
#8724=CARTESIAN_POINT('Ctrl Pts',(-6.11802271994479,-3.37280492945095,-1.51999699750527));
#8725=CARTESIAN_POINT('Ctrl Pts',(-4.70752685233709,-3.43059528827355,-4.19276567287793));
#8726=CARTESIAN_POINT('Ctrl Pts',(-2.21493233353004,-3.48838564709615,-5.90211740138159));
#8727=CARTESIAN_POINT('Ctrl Pts',(0.7867372377288,-3.54617600591874,-6.25470694399671));
#8728=CARTESIAN_POINT('Ctrl Pts',(3.60758943539467,-3.60396636474134,-5.16971362231476));
#8729=CARTESIAN_POINT('Ctrl Pts',(5.59922202807249,-3.66175672356394,-2.89641411411613));
#8730=CARTESIAN_POINT('Ctrl Pts',(6.30386604976564,-3.71954708238653,0.042613522424813));
#8731=CARTESIAN_POINT('Ctrl Pts',(5.5595517452145,-3.77733744120913,2.97185560414529));
#8732=CARTESIAN_POINT('Ctrl Pts',(3.53736421120682,-3.83512780003172,5.21800604402598));
#8733=CARTESIAN_POINT('Ctrl Pts',(0.702105868759049,-3.89291815885432,6.26478955101942));
#8734=CARTESIAN_POINT('Ctrl Pts',(-2.29453268229008,-3.95070851767692,5.87159735678101));
#8735=CARTESIAN_POINT('Ctrl Pts',(-4.76376837854768,-4.00849887649951,4.12880721214948));
#8736=CARTESIAN_POINT('Ctrl Pts',(-6.13804221792076,-4.06628923532211,1.43700209209896));
#8737=CARTESIAN_POINT('Ctrl Pts',(-6.10147467099586,-4.1240795941447,-1.58510072104379));
#8738=CARTESIAN_POINT('Ctrl Pts',(-4.66247081652956,-4.1818699529673,-4.24286499974299));
#8739=CARTESIAN_POINT('Ctrl Pts',(-2.15178862350088,-4.23966031178991,-5.92539814191572));
#8740=CARTESIAN_POINT('Ctrl Pts',(0.853486540046893,-4.29745067061249,-6.24596655604318));
#8741=CARTESIAN_POINT('Ctrl Pts',(3.66258609446148,-4.35524102943509,-5.13088691697946));
#8742=CARTESIAN_POINT('Ctrl Pts',(5.62983282904239,-4.41303138825769,-2.83646254817854));
#8743=CARTESIAN_POINT('Ctrl Pts',(6.30305110216755,-4.47082174708028,0.109928475695023));
#8744=CARTESIAN_POINT('Ctrl Pts',(5.52750033270433,-4.52861210590288,3.03105221620166));
#8745=CARTESIAN_POINT('Ctrl Pts',(3.48144243368013,-4.58640246472548,5.25548247521344));
#8746=CARTESIAN_POINT('Ctrl Pts',(0.635167949926712,-4.64419282354807,6.27192945954982));
#8747=CARTESIAN_POINT('Ctrl Pts',(-2.35710117002937,-4.70198318237067,5.84676077229262));
#8748=CARTESIAN_POINT('Ctrl Pts',(-4.8075858224895,-4.75977354119327,4.07770230064052));
#8749=CARTESIAN_POINT('Ctrl Pts',(-6.15303714464518,-4.81756390001586,1.37137570237437));
#8750=CARTESIAN_POINT('Ctrl Pts',(-6.08420044876398,-4.87535425883846,-1.65016436159981));
#8751=CARTESIAN_POINT('Ctrl Pts',(-4.61689794935949,-4.93314461766106,-4.29241083563279));
#8752=CARTESIAN_POINT('Ctrl Pts',(-2.0883921718337,-4.99093497648365,-5.94803794694503));
#8753=CARTESIAN_POINT('Ctrl Pts',(0.920134874641147,-5.04872533530625,-6.23649661043903));
#8754=CARTESIAN_POINT('Ctrl Pts',(3.7171668495003,-5.10651569412884,-5.09148370941429));
#8755=CARTESIAN_POINT('Ctrl Pts',(5.65980092676635,-5.16430605295144,-2.77618339431724));
#8756=CARTESIAN_POINT('Ctrl Pts',(6.30151747430198,-5.22209641177404,0.177229115230342));
#8757=CARTESIAN_POINT('Ctrl Pts',(5.49481916954015,-5.27988677059663,3.08990349908561));
#8758=CARTESIAN_POINT('Ctrl Pts',(3.42512219806387,-5.33767712941923,5.29236062773612));
#8759=CARTESIAN_POINT('Ctrl Pts',(0.568160704478756,-5.39546748824182,6.27835133247491));
#8760=CARTESIAN_POINT('Ctrl Pts',(-2.41940717006402,-5.45325784706443,5.8212635584176));
#8761=CARTESIAN_POINT('Ctrl Pts',(-4.85084240460213,-5.51104820588701,4.02612001835808));
#8762=CARTESIAN_POINT('Ctrl Pts',(-6.16735576641266,-5.56883856470961,1.30561782781363));
#8763=CARTESIAN_POINT('Ctrl Pts',(-6.06618166833995,-5.62662892353222,-1.71508979935002));
#8764=CARTESIAN_POINT('Ctrl Pts',(-4.57090086755561,-5.6844192823548,-4.34136592942418));
#8765=CARTESIAN_POINT('Ctrl Pts',(-2.02454495741933,-5.74220964117741,-5.97021621166023));
#8766=CARTESIAN_POINT('Ctrl Pts',(-0.017435680245992,-5.78073654705913,
-6.14045747312775));
#8767=CARTESIAN_POINT('Ctrl Pts',(0.948807640022909,-5.8,-5.9873378278442));
#8768=CARTESIAN_POINT('Ctrl Pts',(0.948807640022909,-5.8,-5.9873378278442));
#8769=CARTESIAN_POINT('Ctrl Pts',(0.781429093208655,-5.8,-6.00804174328395));
#8770=CARTESIAN_POINT('Ctrl Pts',(0.61353091546257,-5.8,-6.02158863255568));
#8771=CARTESIAN_POINT('Ctrl Pts',(0.445554730948125,-5.8,-6.02810808584965));
#8772=CARTESIAN_POINT('Ctrl Pts',(0.275691511966931,-5.8,-6.03470077829419));
#8773=CARTESIAN_POINT('Ctrl Pts',(0.105747800922815,-5.8,-6.03410722435082));
#8774=CARTESIAN_POINT('Ctrl Pts',(-0.0638253094639545,-5.8,-6.0264084787531));
#8775=CARTESIAN_POINT('Ctrl Pts',(-0.233268511122241,-5.8,-6.01871563110847));
#8776=CARTESIAN_POINT('Ctrl Pts',(-0.402342412129005,-5.8,-6.00392835203531));
#8777=CARTESIAN_POINT('Ctrl Pts',(-0.570591528695918,-5.8,-5.98207625157067));
#8778=CARTESIAN_POINT('Ctrl Pts',(-0.737227459916649,-5.8,-5.96043367070989));
#8779=CARTESIAN_POINT('Ctrl Pts',(-0.903055028232103,-5.8,-5.93186092018183));
#8780=CARTESIAN_POINT('Ctrl Pts',(-1.06761590764823,-5.8,-5.8963387881555));
#8781=CARTESIAN_POINT('Ctrl Pts',(-1.13962448339903,-5.8,-5.88079500798171));
#8782=CARTESIAN_POINT('Ctrl Pts',(-1.21139025215627,-5.8,-5.86391997792289));
#8783=CARTESIAN_POINT('Ctrl Pts',(-1.28287333806135,-5.8,-5.84570928153237));
#8784=CARTESIAN_POINT('Ctrl Pts',(-1.30667060537752,-5.8,-5.83964680109337));
#8785=CARTESIAN_POINT('Ctrl Pts',(-1.33043653500826,-5.8,-5.83343627819643));
#8786=CARTESIAN_POINT('Ctrl Pts',(-1.35416962871292,-5.8,-5.82707750846578));
#8787=CARTESIAN_POINT('Ctrl Pts',(-1.37457309400459,-5.8,-5.82161084073541));
#8788=CARTESIAN_POINT('Ctrl Pts',(-1.39495220174546,-5.8,-5.81603457502584));
#8789=CARTESIAN_POINT('Ctrl Pts',(-1.41529208897626,-5.8,-5.81035261546323));
#8790=CARTESIAN_POINT('Ctrl Pts',(-1.58449758713802,-5.8,-5.76308495918681));
#8791=CARTESIAN_POINT('Ctrl Pts',(-1.75123361422556,-5.8,-5.70844336990832));
#8792=CARTESIAN_POINT('Ctrl Pts',(-1.91500901421,-5.8,-5.64650180315467));
#8793=CARTESIAN_POINT('Ctrl Pts',(-2.0720378643891,-5.8,-5.58711185199874));
#8794=CARTESIAN_POINT('Ctrl Pts',(-2.22634562501179,-5.8,-5.52101046340963));
#8795=CARTESIAN_POINT('Ctrl Pts',(-2.37757119674453,-5.8,-5.44849044553147));
#8796=CARTESIAN_POINT('Ctrl Pts',(-2.52939854618352,-5.8,-5.37568184597022));
#8797=CARTESIAN_POINT('Ctrl Pts',(-2.67811975582008,-5.8,-5.29640300510705));
#8798=CARTESIAN_POINT('Ctrl Pts',(-2.82334320908344,-5.8,-5.2109049041049));
#8799=CARTESIAN_POINT('Ctrl Pts',(-2.9564423324439,-5.8,-5.13254481806746));
#8800=CARTESIAN_POINT('Ctrl Pts',(-3.08660342004505,-5.8,-5.04895981838586));
#8801=CARTESIAN_POINT('Ctrl Pts',(-3.21349897667066,-5.8,-4.96031448642882));
#8802=CARTESIAN_POINT('Ctrl Pts',(-3.26108481040526,-5.8,-4.92707248694493));
#8803=CARTESIAN_POINT('Ctrl Pts',(-3.30821114580818,-5.8,-4.89311862568418));
#8804=CARTESIAN_POINT('Ctrl Pts',(-3.3548596268331,-5.8,-4.85846071923334));
#8805=CARTESIAN_POINT('Ctrl Pts',(-3.37590961662212,-5.8,-4.84282144093595));
#8806=CARTESIAN_POINT('Ctrl Pts',(-3.39686229525007,-5.8,-4.82703879625424));
#8807=CARTESIAN_POINT('Ctrl Pts',(-3.41771593254582,-5.8,-4.81111347484782));
#8808=CARTESIAN_POINT('Ctrl Pts',(-3.4341544463109,-5.8,-4.79855985595439));
#8809=CARTESIAN_POINT('Ctrl Pts',(-3.45053071376873,-5.8,-4.78591805817302));
#8810=CARTESIAN_POINT('Ctrl Pts',(-3.46683353286194,-5.8,-4.77319669117945));
#8811=CARTESIAN_POINT('Ctrl Pts',(-3.5986321786043,-5.8,-4.67035196646296));
#8812=CARTESIAN_POINT('Ctrl Pts',(-3.72581467017509,-5.8,-4.56217224534574));
#8813=CARTESIAN_POINT('Ctrl Pts',(-3.84802915586872,-5.8,-4.44893773307942));
#8814=CARTESIAN_POINT('Ctrl Pts',(-3.96993545894375,-5.8,-4.33598875904785));
#8815=CARTESIAN_POINT('Ctrl Pts',(-4.0868993494638,-5.8,-4.21800997912628));
#8816=CARTESIAN_POINT('Ctrl Pts',(-4.19853847434494,-5.8,-4.09523999363311));
#8817=CARTESIAN_POINT('Ctrl Pts',(-4.21600946140537,-5.8,-4.07602708032655));
#8818=CARTESIAN_POINT('Ctrl Pts',(-4.23334996481742,-5.8,-4.05669675626577));
#8819=CARTESIAN_POINT('Ctrl Pts',(-4.2505584312938,-5.8,-4.03724985974059));
#8820=CARTESIAN_POINT('Ctrl Pts',(-4.36096284303515,-5.8,-3.91248434539303));
#8821=CARTESIAN_POINT('Ctrl Pts',(-4.46593609574911,-5.8,-3.78292274554812));
#8822=CARTESIAN_POINT('Ctrl Pts',(-4.56525674530758,-5.8,-3.64896940700511));
#8823=CARTESIAN_POINT('Ctrl Pts',(-4.66415754342288,-5.8,-3.51558232032166));
#8824=CARTESIAN_POINT('Ctrl Pts',(-4.75745373269694,-5.8,-3.37783985787932));
#8825=CARTESIAN_POINT('Ctrl Pts',(-4.84487950232167,-5.8,-3.23612074182716));
#8826=CARTESIAN_POINT('Ctrl Pts',(-4.86933496845473,-5.8,-3.19647788757611));
#8827=CARTESIAN_POINT('Ctrl Pts',(-4.89333078636654,-5.8,-3.15652377890322));
#8828=CARTESIAN_POINT('Ctrl Pts',(-4.91686042246032,-5.8,-3.11626652883653));
#8829=CARTESIAN_POINT('Ctrl Pts',(-4.92748059009382,-5.8,-3.09809630544386));
#8830=CARTESIAN_POINT('Ctrl Pts',(-4.93800591711822,-5.8,-3.07986398823084));
#8831=CARTESIAN_POINT('Ctrl Pts',(-4.94842838499246,-5.8,-3.06158359856027));
#8832=CARTESIAN_POINT('Ctrl Pts',(-5.0303677462571,-5.8,-2.91786682520587));
#8833=CARTESIAN_POINT('Ctrl Pts',(-5.1060695958575,-5.8,-2.77098384440054));
#8834=CARTESIAN_POINT('Ctrl Pts',(-5.17536502456917,-5.8,-2.62135396082179));
#8835=CARTESIAN_POINT('Ctrl Pts',(-5.24471190764471,-5.8,-2.47161297163883));
#8836=CARTESIAN_POINT('Ctrl Pts',(-5.30764316697594,-5.8,-2.31912031086925));
#8837=CARTESIAN_POINT('Ctrl Pts',(-5.36394338545195,-5.8,-2.16427203091347));
#8838=CARTESIAN_POINT('Ctrl Pts',(-5.41963871465346,-5.8,-2.01108744012724));
#8839=CARTESIAN_POINT('Ctrl Pts',(-5.46884494362704,-5.8,-1.85559689954133));
#8840=CARTESIAN_POINT('Ctrl Pts',(-5.51130457073651,-5.8,-1.69817037615834));
#8841=CARTESIAN_POINT('Ctrl Pts',(-5.52299992011063,-5.8,-1.65480781466034));
#8842=CARTESIAN_POINT('Ctrl Pts',(-5.53418310069122,-5.80000000000001,-1.61129832208051));
#8843=CARTESIAN_POINT('Ctrl Pts',(-5.54484803416531,-5.80000000000001,-1.5676495520689));
#8844=CARTESIAN_POINT('Ctrl Pts',(-5.57214765917224,-5.8,-1.45591936113748));
#8845=CARTESIAN_POINT('Ctrl Pts',(-5.59605240358763,-5.8,-1.34327650086771));
#8846=CARTESIAN_POINT('Ctrl Pts',(-5.61654720937805,-5.8,-1.22987700323217));
#8847=CARTESIAN_POINT('Ctrl Pts',(-5.62558746767165,-5.8,-1.17985648781602));
#8848=CARTESIAN_POINT('Ctrl Pts',(-5.63396409627747,-5.8,-1.12968876624396));
#8849=CARTESIAN_POINT('Ctrl Pts',(-5.64167504207892,-5.8,-1.07938733140057));
#8850=CARTESIAN_POINT('Ctrl Pts',(-5.64627119972066,-5.8,-1.04940484545143));
#8851=CARTESIAN_POINT('Ctrl Pts',(-5.65063084263484,-5.8,-1.01937485500777));
#8852=CARTESIAN_POINT('Ctrl Pts',(-5.65475345734292,-5.8,-0.989300234747811));
#8853=CARTESIAN_POINT('Ctrl Pts',(-5.65804582813759,-5.8,-0.9652822732316));
#8854=CARTESIAN_POINT('Ctrl Pts',(-5.66118586381575,-5.8,-0.941244161568972));
#8855=CARTESIAN_POINT('Ctrl Pts',(-5.66417301578646,-5.8,-0.91719258741734));
#8856=CARTESIAN_POINT('Ctrl Pts',(-5.68436409180132,-5.8,-0.754620623642562));
#8857=CARTESIAN_POINT('Ctrl Pts',(-5.69758484539465,-5.8,-0.591358308453705));
#8858=CARTESIAN_POINT('Ctrl Pts',(-5.70385661043333,-5.8,-0.42786354830002));
#8859=CARTESIAN_POINT('Ctrl Pts',(-5.70981252946881,-5.8,-0.272602382073921));
#8860=CARTESIAN_POINT('Ctrl Pts',(-5.70950132849856,-5.8,-0.117130969960171));
#8861=CARTESIAN_POINT('Ctrl Pts',(-5.70289805369252,-5.8,0.0381571242727543));
#8862=CARTESIAN_POINT('Ctrl Pts',(-5.69863683011686,-5.8,0.138367596743173));
#8863=CARTESIAN_POINT('Ctrl Pts',(-5.69175449999418,-5.8,0.238501674657879));
#8864=CARTESIAN_POINT('Ctrl Pts',(-5.68223511180644,-5.8,0.338451520880133));
#8865=CARTESIAN_POINT('Ctrl Pts',(-5.67917832382687,-5.8,0.370546596999229));
#8866=CARTESIAN_POINT('Ctrl Pts',(-5.67584915997618,-5.8,0.402625474738417));
#8867=CARTESIAN_POINT('Ctrl Pts',(-5.67224990388088,-5.8,0.434660477476961));
#8868=CARTESIAN_POINT('Ctrl Pts',(-5.65412740462234,-5.8,0.595958895262432));
#8869=CARTESIAN_POINT('Ctrl Pts',(-5.62915101964017,-5.8,0.756271224738594));
#8870=CARTESIAN_POINT('Ctrl Pts',(-5.59730770555238,-5.8,0.915150370495081));
#8871=CARTESIAN_POINT('Ctrl Pts',(-5.58001461810801,-5.8,1.00143256314249));
#8872=CARTESIAN_POINT('Ctrl Pts',(-5.56069543061361,-5.8,1.08729196048334));
#8873=CARTESIAN_POINT('Ctrl Pts',(-5.53934177746778,-5.8,1.17265540992834));
#8874=CARTESIAN_POINT('Ctrl Pts',(-5.49986545290358,-5.8,1.33046612330825));
#8875=CARTESIAN_POINT('Ctrl Pts',(-5.45343862629323,-5.8,1.4865834051856));
#8876=CARTESIAN_POINT('Ctrl Pts',(-5.40025739588031,-5.8,1.64058960206018));
#8877=CARTESIAN_POINT('Ctrl Pts',(-5.39352706686523,-5.8,1.66007979375524));
#8878=CARTESIAN_POINT('Ctrl Pts',(-5.38668849939306,-5.8,1.67953614028907));
#8879=CARTESIAN_POINT('Ctrl Pts',(-5.37974204015487,-5.8,1.69895776396856));
#8880=CARTESIAN_POINT('Ctrl Pts',(-4.22346664831218,-3.5,3.74024275590431));
#8881=CARTESIAN_POINT('Ctrl Pts',(-4.33363229087866,-3.5,3.62466433756417));
#8882=CARTESIAN_POINT('Ctrl Pts',(-4.43856834707878,-3.5,3.50456886787832));
#8883=CARTESIAN_POINT('Ctrl Pts',(-4.53814576657513,-3.5,3.38040158859097));
#8884=CARTESIAN_POINT('Ctrl Pts',(-4.63928245018441,-3.5,3.25428999719377));
#8885=CARTESIAN_POINT('Ctrl Pts',(-4.73489180885318,-3.5,3.12397757831705));
#8886=CARTESIAN_POINT('Ctrl Pts',(-4.82480656604288,-3.5,2.9898876181415));
#8887=CARTESIAN_POINT('Ctrl Pts',(-4.91547907179583,-3.5,2.85466762683596));
#8888=CARTESIAN_POINT('Ctrl Pts',(-5.00036103772027,-3.5,2.7156055712009));
#8889=CARTESIAN_POINT('Ctrl Pts',(-5.07924183967624,-3.5,2.57310025388677));
#8890=CARTESIAN_POINT('Ctrl Pts',(-5.15772316327959,-3.5,2.43131663041941));
#8891=CARTESIAN_POINT('Ctrl Pts',(-5.23026432180793,-3.5,2.2861238826063));
#8892=CARTESIAN_POINT('Ctrl Pts',(-5.29661336411791,-3.5,2.13788938360089));
#8893=CARTESIAN_POINT('Ctrl Pts',(-5.32450104178717,-3.5,2.07558379811234));
#8894=CARTESIAN_POINT('Ctrl Pts',(-5.35129420354612,-3.5,2.01274058287604));
#8895=CARTESIAN_POINT('Ctrl Pts',(-5.37697153002318,-3.5,1.94938609073764));
#8896=CARTESIAN_POINT('Ctrl Pts',(-5.38487047894505,-3.5,1.92989676042053));
#8897=CARTESIAN_POINT('Ctrl Pts',(-5.39266382230136,-3.5,1.91035904376773));
#8898=CARTESIAN_POINT('Ctrl Pts',(-5.40035090813486,-3.5,1.8907737003403));
#8899=CARTESIAN_POINT('Ctrl Pts',(-5.40836053058197,-3.5,1.87036659031854));
#8900=CARTESIAN_POINT('Ctrl Pts',(-5.41625162199399,-3.5,1.84991579174308));
#8901=CARTESIAN_POINT('Ctrl Pts',(-5.42402183720609,-3.5,1.82942737182039));
#8902=CARTESIAN_POINT('Ctrl Pts',(-5.48151942927423,-3.5,1.67781833929318));
#8903=CARTESIAN_POINT('Ctrl Pts',(-5.5324360062484,-3.5,1.52406388400617));
#8904=CARTESIAN_POINT('Ctrl Pts',(-5.57660132664837,-3.5,1.36856551607096));
#8905=CARTESIAN_POINT('Ctrl Pts',(-5.62107075661494,-3.5,1.21199643154518));
#8906=CARTESIAN_POINT('Ctrl Pts',(-5.65869631235197,-3.5,1.05365881525721));
#8907=CARTESIAN_POINT('Ctrl Pts',(-5.68953689418624,-3.5,0.894010822449715));
#8908=CARTESIAN_POINT('Ctrl Pts',(-5.72068043896969,-3.5,0.732794525030065));
#8909=CARTESIAN_POINT('Ctrl Pts',(-5.74490518196958,-3.5,0.570241271065329));
#8910=CARTESIAN_POINT('Ctrl Pts',(-5.76222135612895,-3.5,0.40680628471152));
#8911=CARTESIAN_POINT('Ctrl Pts',(-5.77822370071204,-3.5,0.255771596304184));
#8912=CARTESIAN_POINT('Ctrl Pts',(-5.78832556747785,-3.5,0.103983268586472));
#8913=CARTESIAN_POINT('Ctrl Pts',(-5.79249592238954,-3.5,-0.0482037690148684));
#8914=CARTESIAN_POINT('Ctrl Pts',(-5.79405980548142,-3.5,-0.105273908115371));
#8915=CARTESIAN_POINT('Ctrl Pts',(-5.79478918773997,-3.5,-0.162400116858206));
#8916=CARTESIAN_POINT('Ctrl Pts',(-5.79468104892162,-3.5,-0.2195635977756));
#8917=CARTESIAN_POINT('Ctrl Pts',(-5.79462859752324,-3.5,-0.247290038253577));
#8918=CARTESIAN_POINT('Ctrl Pts',(-5.79437909824489,-3.5,-0.275025245996643));
#8919=CARTESIAN_POINT('Ctrl Pts',(-5.79393214180803,-3.5,-0.302767065761751));
#8920=CARTESIAN_POINT('Ctrl Pts',(-5.79357854694655,-3.5,-0.32471409260366));
#8921=CARTESIAN_POINT('Ctrl Pts',(-5.79310149395632,-3.5,-0.346656395863001));
#8922=CARTESIAN_POINT('Ctrl Pts',(-5.79250124889969,-3.5,-0.368588037513126));
#8923=CARTESIAN_POINT('Ctrl Pts',(-5.78795622916107,-3.5,-0.534653118930574));
#8924=CARTESIAN_POINT('Ctrl Pts',(-5.7763508228182,-3.5,-0.700194877649982));
#8925=CARTESIAN_POINT('Ctrl Pts',(-5.75773896496425,-3.5,-0.864749391673421));
#8926=CARTESIAN_POINT('Ctrl Pts',(-5.73903581493657,-3.5,-1.03011105452646));
#8927=CARTESIAN_POINT('Ctrl Pts',(-5.71325738726356,-3.5,-1.19447652131336));
#8928=CARTESIAN_POINT('Ctrl Pts',(-5.68040673534996,-3.5,-1.35738242419113));
#8929=CARTESIAN_POINT('Ctrl Pts',(-5.67696439367817,-3.5,-1.37445294624744));
#8930=CARTESIAN_POINT('Ctrl Pts',(-5.67344434864491,-3.5,-1.39150744217474));
#8931=CARTESIAN_POINT('Ctrl Pts',(-5.66984657056409,-3.5,-1.40854537819036));
#8932=CARTESIAN_POINT('Ctrl Pts',(-5.63562180840168,-3.5,-1.57062299798053));
#8933=CARTESIAN_POINT('Ctrl Pts',(-5.59436706985871,-3.5,-1.73120287647603));
#8934=CARTESIAN_POINT('Ctrl Pts',(-5.54630846617142,-3.5,-1.88989357471944));
#8935=CARTESIAN_POINT('Ctrl Pts',(-5.49814284312248,-3.5,-2.04893765354242));
#8936=CARTESIAN_POINT('Ctrl Pts',(-5.44314275204796,-3.5,-2.20608482062258));
#8937=CARTESIAN_POINT('Ctrl Pts',(-5.38148614032276,-3.5,-2.36092507708642));
#8938=CARTESIAN_POINT('Ctrl Pts',(-5.36423444049493,-3.5,-2.40424983255114));
#8939=CARTESIAN_POINT('Ctrl Pts',(-5.3464613190445,-3.5,-2.44739385014566));
#8940=CARTESIAN_POINT('Ctrl Pts',(-5.32817002352161,-3.5,-2.49034781057226));
#8941=CARTESIAN_POINT('Ctrl Pts',(-5.31913619623966,-3.5,-2.51156219962875));
#8942=CARTESIAN_POINT('Ctrl Pts',(-5.30997527143505,-3.5,-2.53273167670563));
#8943=CARTESIAN_POINT('Ctrl Pts',(-5.3006954546043,-3.5,-2.55383768787944));
#8944=CARTESIAN_POINT('Ctrl Pts',(-5.23322755023141,-3.5,-2.70728665886024));
#8945=CARTESIAN_POINT('Ctrl Pts',(-5.15939312873086,-3.5,-2.85758764123975));
#8946=CARTESIAN_POINT('Ctrl Pts',(-5.07947091658746,-3.5,-3.00435936437214));
#8947=CARTESIAN_POINT('Ctrl Pts',(-4.99905108581335,-3.5,-3.15204493037666));
#8948=CARTESIAN_POINT('Ctrl Pts',(-4.91246715221886,-3.5,-3.296157846326));
#8949=CARTESIAN_POINT('Ctrl Pts',(-4.8199517657616,-3.5,-3.43629711106065));
#8950=CARTESIAN_POINT('Ctrl Pts',(-4.72775897880889,-3.5,-3.57594771267556));
#8951=CARTESIAN_POINT('Ctrl Pts',(-4.62967569897392,-3.5,-3.71165299916894));
#8952=CARTESIAN_POINT('Ctrl Pts',(-4.52588598145928,-3.5,-3.84299350028612));
#8953=CARTESIAN_POINT('Ctrl Pts',(-4.49683731668377,-3.5,-3.87975307801464));
#8954=CARTESIAN_POINT('Ctrl Pts',(-4.46734138859357,-3.5,-3.91617057941549));
#8955=CARTESIAN_POINT('Ctrl Pts',(-4.43740163557719,-3.5,-3.95223637753196));
#8956=CARTESIAN_POINT('Ctrl Pts',(-4.36035843811161,-3.5,-4.04504356951254));
#8957=CARTESIAN_POINT('Ctrl Pts',(-4.2803770290441,-3.5,-4.13552257934488));
#8958=CARTESIAN_POINT('Ctrl Pts',(-4.19758974746631,-3.5,-4.22357415059865));
#8959=CARTESIAN_POINT('Ctrl Pts',(-4.16101855357685,-3.5,-4.26247083887277));
#8960=CARTESIAN_POINT('Ctrl Pts',(-4.12389968821224,-3.5,-4.3008937012619));
#8961=CARTESIAN_POINT('Ctrl Pts',(-4.08624399157978,-3.5,-4.33883353038084));
#8962=CARTESIAN_POINT('Ctrl Pts',(-4.0666767868902,-3.5,-4.3585483801552));
#8963=CARTESIAN_POINT('Ctrl Pts',(-4.046964621554,-3.5,-4.37813279436091));
#8964=CARTESIAN_POINT('Ctrl Pts',(-4.02710898308488,-3.5,-4.39758543545218));
#8965=CARTESIAN_POINT('Ctrl Pts',(-4.0089590714891,-3.5,-4.41536696973325));
#8966=CARTESIAN_POINT('Ctrl Pts',(-3.99069452468459,-3.5,-4.4330332101361));
#8967=CARTESIAN_POINT('Ctrl Pts',(-3.9723226034266,-3.5,-4.45057778173321));
#8968=CARTESIAN_POINT('Ctrl Pts',(-3.85037614305608,-3.5,-4.56703258114911));
#8969=CARTESIAN_POINT('Ctrl Pts',(-3.72362329375093,-3.5,-4.67820699232687));
#8970=CARTESIAN_POINT('Ctrl Pts',(-3.59247425319144,-3.5,-4.78387603643412));
#8971=CARTESIAN_POINT('Ctrl Pts',(-3.45570485174286,-3.5,-4.8940735022527));
#8972=CARTESIAN_POINT('Ctrl Pts',(-3.31415402371491,-3.5,-4.99828442512227));
#8973=CARTESIAN_POINT('Ctrl Pts',(-3.16824382858991,-3.5,-5.09621311216408));
#8974=CARTESIAN_POINT('Ctrl Pts',(-3.12065423942665,-3.5,-5.12815321052132));
#8975=CARTESIAN_POINT('Ctrl Pts',(-3.07260060331616,-3.5,-5.15942465350655));
#8976=CARTESIAN_POINT('Ctrl Pts',(-3.02409674032584,-3.5,-5.19001607814768));
#8977=CARTESIAN_POINT('Ctrl Pts',(-2.98835689133539,-3.5,-5.2125572290926));
#8978=CARTESIAN_POINT('Ctrl Pts',(-2.95237258757611,-3.5,-5.23472915861146));
#8979=CARTESIAN_POINT('Ctrl Pts',(-2.91614923792261,-3.5,-5.25652711524457));
#8980=CARTESIAN_POINT('Ctrl Pts',(-2.89118752294235,-3.5,-5.27154821036229));
#8981=CARTESIAN_POINT('Ctrl Pts',(-2.86611107267926,-3.5,-5.28639234517714));
#8982=CARTESIAN_POINT('Ctrl Pts',(-2.84093746654221,-3.5,-5.30104893132432));
#8983=CARTESIAN_POINT('Ctrl Pts',(-2.69321416088525,-3.5,-5.38705644822597));
#8984=CARTESIAN_POINT('Ctrl Pts',(-2.54202748217357,-3.5,-5.46668247752991));
#8985=CARTESIAN_POINT('Ctrl Pts',(-2.38777223769701,-3.5,-5.53967249247743));
#8986=CARTESIAN_POINT('Ctrl Pts',(-2.300481620387,-3.5,-5.58097639422713));
#8987=CARTESIAN_POINT('Ctrl Pts',(-2.21220773708607,-3.5,-5.62015457431443));
#8988=CARTESIAN_POINT('Ctrl Pts',(-2.12301789205624,-3.5,-5.6571548431673));
#8989=CARTESIAN_POINT('Ctrl Pts',(-1.96589157829723,-3.5,-5.72233845068449));
#8990=CARTESIAN_POINT('Ctrl Pts',(-1.80592340749142,-3.5,-5.78076551266086));
#8991=CARTESIAN_POINT('Ctrl Pts',(-1.64356711184033,-3.5,-5.83238876844909));
#8992=CARTESIAN_POINT('Ctrl Pts',(-1.61864622224155,-3.5,-5.84031268327524));
#8993=CARTESIAN_POINT('Ctrl Pts',(-1.59366903350944,-3.5,-5.8480762012011));
#8994=CARTESIAN_POINT('Ctrl Pts',(-1.56863715399497,-3.5,-5.8556790480504));
#8995=CARTESIAN_POINT('Ctrl Pts',(5.64193894100108,-5.46151593783807,4.83670745343723E-5));
#8996=CARTESIAN_POINT('Ctrl Pts',(5.64153593054726,-5.44337123894061,-0.85733008907585));
#8997=CARTESIAN_POINT('Ctrl Pts',(5.44299125813321,-5.42522654004314,-1.71488921310913));
#8998=CARTESIAN_POINT('Ctrl Pts',(5.06542363888291,-5.40708184114568,-2.48463591025756));
#8999=CARTESIAN_POINT('Ctrl Pts',(4.66457620093288,-5.38781838820481,-3.30184314861954));
#9000=CARTESIAN_POINT('Ctrl Pts',(4.06194907652227,-5.36855493526395,-4.02007556684086));
#9001=CARTESIAN_POINT('Ctrl Pts',(3.32679999284137,-5.34929148232308,-4.55678977035319));
#9002=CARTESIAN_POINT('Ctrl Pts',(2.59165090916047,-5.33002802938222,-5.09350397386553));
#9003=CARTESIAN_POINT('Ctrl Pts',(1.72397986620929,-5.31076457644135,-5.44869996266888));
#9004=CARTESIAN_POINT('Ctrl Pts',(0.823504738246339,-5.29150112350049,-5.58155638249226));
#9005=CARTESIAN_POINT('Ctrl Pts',(-0.0769703897166153,-5.27223767055962,
-5.71441280231563));
#9006=CARTESIAN_POINT('Ctrl Pts',(-1.01024960269133,-5.25297421761876,-5.62492965315902));
#9007=CARTESIAN_POINT('Ctrl Pts',(-1.86907479461598,-5.23371076467789,-5.32339092443254));
#9008=CARTESIAN_POINT('Ctrl Pts',(-2.72789998654063,-5.21444731173703,-5.02185219570606));
#9009=CARTESIAN_POINT('Ctrl Pts',(-3.5122711574152,-5.19518385879616,-4.50825788740971));
#9010=CARTESIAN_POINT('Ctrl Pts',(-4.13204368169098,-5.17592040585529,-3.84163332076409));
#9011=CARTESIAN_POINT('Ctrl Pts',(-4.75181620596677,-5.15665695291443,-3.17500875411848));
#9012=CARTESIAN_POINT('Ctrl Pts',(-5.20699008364376,-5.13739349997356,-2.35535392912359));
#9013=CARTESIAN_POINT('Ctrl Pts',(-5.44525398439141,-5.1181300470327,-1.47686851732685));
#9014=CARTESIAN_POINT('Ctrl Pts',(-5.68351788513907,-5.09886659409183,-0.598383105530125));
#9015=CARTESIAN_POINT('Ctrl Pts',(-5.70487180895739,-5.07960314115097,0.338932893068457));
#9016=CARTESIAN_POINT('Ctrl Pts',(-5.50686164064637,-5.0603396882101,1.22735749553687));
#9017=CARTESIAN_POINT('Ctrl Pts',(-5.30885147233536,-5.04107623526924,2.11578209800528));
#9018=CARTESIAN_POINT('Ctrl Pts',(-4.891477211895,-5.02181278232837,2.95531530434353));
#9019=CARTESIAN_POINT('Ctrl Pts',(-4.30270601519879,-5.0025493293875,3.64947290892716));
#9020=CARTESIAN_POINT('Ctrl Pts',(-3.71393481850257,-4.98328587644664,4.3436305135108));
#9021=CARTESIAN_POINT('Ctrl Pts',(-2.95376668555049,-4.96402242350577,4.89241251633981));
#9022=CARTESIAN_POINT('Ctrl Pts',(-2.10956470919005,-4.94475897056491,5.23274959231094));
#9023=CARTESIAN_POINT('Ctrl Pts',(-1.26536273282962,-4.92549551762404,5.57308666828208));
#9024=CARTESIAN_POINT('Ctrl Pts',(-0.337126913060827,-4.90623206468318,
5.70497881739532));
#9025=CARTESIAN_POINT('Ctrl Pts',(0.568464310686569,-4.88696861174231,5.61326820033544));
#9026=CARTESIAN_POINT('Ctrl Pts',(1.47405553443396,-4.86770515880145,5.52155758327557));
#9027=CARTESIAN_POINT('Ctrl Pts',(2.35700216215996,-4.84844170586058,5.20624420004256));
#9028=CARTESIAN_POINT('Ctrl Pts',(3.1158306595071,-4.82917825291971,4.70356576034502));
#9029=CARTESIAN_POINT('Ctrl Pts',(3.87465915685423,-4.80991479997885,4.20088732064748));
#9030=CARTESIAN_POINT('Ctrl Pts',(4.50936952382249,-4.79065134703798,3.51084382448541));
#9031=CARTESIAN_POINT('Ctrl Pts',(4.94701702985607,-4.77138789409712,2.71273921834329));
#9032=CARTESIAN_POINT('Ctrl Pts',(5.38466453588964,-4.75212444115625,1.91463461220117));
#9033=CARTESIAN_POINT('Ctrl Pts',(5.62524918098854,-4.73286098821539,1.00846889607901));
#9034=CARTESIAN_POINT('Ctrl Pts',(5.64112153150572,-4.71359753527452,0.0983840810140093));
#9035=CARTESIAN_POINT('Ctrl Pts',(5.64169325047097,-4.71290366946237,0.0656030037444592));
#9036=CARTESIAN_POINT('Ctrl Pts',(5.64197342178893,-4.71220980365022,0.032816841732757));
#9037=CARTESIAN_POINT('Ctrl Pts',(5.641963167106,-4.71151593783807,3.05039497283666E-5));
#9038=CARTESIAN_POINT('Ctrl Pts',(1.5684907793386,-3.5,-5.85562011042638));
#9039=CARTESIAN_POINT('Ctrl Pts',(2.51347734605934,-3.51926345294087,-5.60249530237041));
#9040=CARTESIAN_POINT('Ctrl Pts',(4.27781921221316,-3.5577903588226,-4.63060572720993));
#9041=CARTESIAN_POINT('Ctrl Pts',(5.94151849922935,-3.61558071764519,-2.10688295584955));
#9042=CARTESIAN_POINT('Ctrl Pts',(6.23932256194573,-3.67337107646779,0.900526262035257));
#9043=CARTESIAN_POINT('Ctrl Pts',(5.10311727801981,-3.73116143529038,3.70123062309159));
#9044=CARTESIAN_POINT('Ctrl Pts',(2.79389451685246,-3.78895179411299,5.65105916243815));
#9045=CARTESIAN_POINT('Ctrl Pts',(-0.1574827697804,-3.84674215293558,6.30205040230313));
#9046=CARTESIAN_POINT('Ctrl Pts',(-3.07267619165361,-3.90453251175818,5.50446763108889));
#9047=CARTESIAN_POINT('Ctrl Pts',(-5.2816018532975,-3.96232287058077,3.44168930691195));
#9048=CARTESIAN_POINT('Ctrl Pts',(-6.27654410443896,-4.02011322940337,0.587823016686433));
#9049=CARTESIAN_POINT('Ctrl Pts',(-5.82880827432741,-4.07790358822596,-2.40115122997539));
#9050=CARTESIAN_POINT('Ctrl Pts',(-4.04130993616681,-4.13569394704856,-4.83821818358728));
#9051=CARTESIAN_POINT('Ctrl Pts',(-1.32490790624575,-4.19348430587116,-6.16320981839306));
#9052=CARTESIAN_POINT('Ctrl Pts',(1.69602667058603,-4.25127466469375,-6.07157575407306));
#9053=CARTESIAN_POINT('Ctrl Pts',(4.32712619447562,-4.30906502351635,-4.58437745361003));
#9054=CARTESIAN_POINT('Ctrl Pts',(5.96362695820918,-4.36685538233894,-2.04345085934625));
#9055=CARTESIAN_POINT('Ctrl Pts',(6.22937603195334,-4.42464574116154,0.967167114841309));
#9056=CARTESIAN_POINT('Ctrl Pts',(5.06329041361705,-4.48243609998414,3.75547973812292));
#9057=CARTESIAN_POINT('Ctrl Pts',(2.73339726077811,-4.54022645880673,5.68058776559396));
#9058=CARTESIAN_POINT('Ctrl Pts',(-0.224772783588047,-4.59801681762933,
6.30000119882212));
#9059=CARTESIAN_POINT('Ctrl Pts',(-3.13127834740937,-4.65580717645193,5.47134661999796));
#9060=CARTESIAN_POINT('Ctrl Pts',(-5.31805325148832,-4.71359753527453,3.38509195379722));
#9061=CARTESIAN_POINT('Ctrl Pts',(-6.28246286043199,-4.77138789409711,0.520767057045347));
#9062=CARTESIAN_POINT('Ctrl Pts',(-5.80283567607644,-4.82917825291972,-2.46325720089941));
#9063=CARTESIAN_POINT('Ctrl Pts',(-3.98941497604182,-4.88696861174231,-4.88109681055918));
#9064=CARTESIAN_POINT('Ctrl Pts',(-1.25901917641301,-4.94475897056491,-6.17700644510156));
#9065=CARTESIAN_POINT('Ctrl Pts',(1.76076472802817,-5.0025493293875,-6.05311866068864));
#9066=CARTESIAN_POINT('Ctrl Pts',(4.37583329699011,-5.0603396882101,-4.53790930198378));
#9067=CARTESIAN_POINT('Ctrl Pts',(5.98510773711074,-5.11813004703269,-1.97965233075969));
#9068=CARTESIAN_POINT('Ctrl Pts',(6.21869305242996,-5.1759204058553,1.03363176755634));
#9069=CARTESIAN_POINT('Ctrl Pts',(5.022899208717,-5.23371076467789,3.80933344289459));
#9070=CARTESIAN_POINT('Ctrl Pts',(2.67258179340591,-5.29150112350048,5.70945226465221));
#9071=CARTESIAN_POINT('Ctrl Pts',(-0.292033890719838,-5.34929148232309,
6.29724165267939));
#9072=CARTESIAN_POINT('Ctrl Pts',(-3.18952511709613,-5.40708184114568,5.43759788137814));
#9073=CARTESIAN_POINT('Ctrl Pts',(-5.35389729945646,-5.46487219996828,3.32811009958399));
#9074=CARTESIAN_POINT('Ctrl Pts',(-6.28766585220512,-5.52266255879087,0.453651766146032));
#9075=CARTESIAN_POINT('Ctrl Pts',(-5.77620070772538,-5.58045291761348,-2.52508392061342));
#9076=CARTESIAN_POINT('Ctrl Pts',(-3.93706612308576,-5.63824327643606,-4.92341479289635));
#9077=CARTESIAN_POINT('Ctrl Pts',(-1.19298497437464,-5.69603363525867,-6.19010718379442));
#9078=CARTESIAN_POINT('Ctrl Pts',(1.82529826400474,-5.75382399408125,-6.03395413274708));
#9079=CARTESIAN_POINT('Ctrl Pts',(4.4240488668705,-5.81161435290386,-4.49095821646975));
#9080=CARTESIAN_POINT('Ctrl Pts',(6.00589112975051,-5.86940471172645,-1.91555874830412));
#9081=CARTESIAN_POINT('Ctrl Pts',(6.20733062553971,-5.92719507054905,1.09983833883465));
#9082=CARTESIAN_POINT('Ctrl Pts',(4.98187681485605,-5.98498542937165,3.86304931561185));
#9083=CARTESIAN_POINT('Ctrl Pts',(3.40164002535619,-6.02351233525337,5.11217831458673));
#9084=CARTESIAN_POINT('Ctrl Pts',(2.51122882125575,-6.04277578819424,5.51744324934969));
#9085=CARTESIAN_POINT('Ctrl Pts',(1.53222414936404,-3.41907473726859,-5.72022651384687));
#9086=CARTESIAN_POINT('Ctrl Pts',(2.45536074501855,-3.43833819020945,-5.47295445537164));
#9087=CARTESIAN_POINT('Ctrl Pts',(4.17890751409478,-3.47686509609118,-4.52353690240139));
#9088=CARTESIAN_POINT('Ctrl Pts',(5.80413876086108,-3.53465545491378,-2.0581676267153));
#9089=CARTESIAN_POINT('Ctrl Pts',(6.09505700066431,-3.59244581373638,0.879704301742071));
#9090=CARTESIAN_POINT('Ctrl Pts',(4.98512304529836,-3.65023617255897,3.6156508012486));
#9091=CARTESIAN_POINT('Ctrl Pts',(2.7292941124603,-3.70802653138157,5.52039542229494));
#9092=CARTESIAN_POINT('Ctrl Pts',(-0.153841454565651,-3.76581689020416,
6.15633444844988));
#9093=CARTESIAN_POINT('Ctrl Pts',(-3.001629799834,-3.82360724902676,5.37719337904142));
#9094=CARTESIAN_POINT('Ctrl Pts',(-5.15948070179971,-3.88139760784936,3.36211059709396));
#9095=CARTESIAN_POINT('Ctrl Pts',(-6.13141790698008,-3.93918796667195,0.574231378075913));
#9096=CARTESIAN_POINT('Ctrl Pts',(-5.69403462078587,-3.99697832549455,-2.3456318324006));
#9097=CARTESIAN_POINT('Ctrl Pts',(-3.94786680344448,-4.05476868431715,-4.72634894539237));
#9098=CARTESIAN_POINT('Ctrl Pts',(-1.29427339731581,-4.11255904313974,-6.02070413529717));
#9099=CARTESIAN_POINT('Ctrl Pts',(1.6568111568582,-4.17034940196234,-5.93118883300468));
#9100=CARTESIAN_POINT('Ctrl Pts',(4.22707442074797,-4.22813976078493,-4.4783775185362));
#9101=CARTESIAN_POINT('Ctrl Pts',(5.82573602824727,-4.28593011960753,-1.99620220658824));
#9102=CARTESIAN_POINT('Ctrl Pts',(6.08534045425072,-4.34372047843013,0.944804285336944));
#9103=CARTESIAN_POINT('Ctrl Pts',(4.94621705730327,-4.40151083725272,3.66864556872035));
#9104=CARTESIAN_POINT('Ctrl Pts',(2.67019567340765,-4.45930119607533,5.54924126534887));
#9105=CARTESIAN_POINT('Ctrl Pts',(-0.219575589267158,-4.51709155489791,
6.15433262663368));
#9106=CARTESIAN_POINT('Ctrl Pts',(-3.05887695706091,-4.57488191372052,5.34483819167701));
#9107=CARTESIAN_POINT('Ctrl Pts',(-5.19508927108285,-4.63267227254311,3.30682188747908));
#9108=CARTESIAN_POINT('Ctrl Pts',(-6.13719980954924,-4.69046263136571,0.508725885742594));
#9109=CARTESIAN_POINT('Ctrl Pts',(-5.66866256072271,-4.74825299018831,-2.40630178961235));
#9110=CARTESIAN_POINT('Ctrl Pts',(-3.89717175813009,-4.8060433490109,-4.76823613312937));
#9111=CARTESIAN_POINT('Ctrl Pts',(-1.22990814611348,-4.8638337078335,-6.03418175652454));
#9112=CARTESIAN_POINT('Ctrl Pts',(1.72005234150679,-4.92162406665609,-5.91315850437079));
#9113=CARTESIAN_POINT('Ctrl Pts',(4.27465531806744,-4.97941442547869,-4.43298380310227));
#9114=CARTESIAN_POINT('Ctrl Pts',(5.84672012876841,-5.03720478430129,-1.9338788270173));
#9115=CARTESIAN_POINT('Ctrl Pts',(6.07490448648572,-5.09499514312388,1.00973214293774));
#9116=CARTESIAN_POINT('Ctrl Pts',(4.90675977748689,-5.15278550194648,3.72125406860497));
#9117=CARTESIAN_POINT('Ctrl Pts',(2.61078638073599,-5.21057586076907,5.57743835971432));
#9118=CARTESIAN_POINT('Ctrl Pts',(-0.285281485672721,-5.26836621959167,
6.15163688669253));
#9119=CARTESIAN_POINT('Ctrl Pts',(-3.11577694545238,-5.32615657841427,5.31186979109409));
#9120=CARTESIAN_POINT('Ctrl Pts',(-5.23010453328983,-5.38394693723687,3.25115756719669));
#9121=CARTESIAN_POINT('Ctrl Pts',(-6.14228249779243,-5.44173729605946,0.443162434007873));
#9122=CARTESIAN_POINT('Ctrl Pts',(-5.6426434458751,-5.49952765488206,-2.46669895245809));
#9123=CARTESIAN_POINT('Ctrl Pts',(-3.84603331489064,-5.55731801370465,-4.80957563945195));
#9124=CARTESIAN_POINT('Ctrl Pts',(-1.1654007863126,-5.61510837252725,-6.04697958005281));
#9125=CARTESIAN_POINT('Ctrl Pts',(1.78309373363334,-5.67289873134984,-5.89443709847538));
#9126=CARTESIAN_POINT('Ctrl Pts',(4.32175604796605,-5.73068909017245,-4.38711832017364));
#9127=CARTESIAN_POINT('Ctrl Pts',(5.86702296798674,-5.78847944899504,-1.87126721581034));
#9128=CARTESIAN_POINT('Ctrl Pts',(6.06380478152988,-5.84626980781763,1.07440788645853));
#9129=CARTESIAN_POINT('Ctrl Pts',(4.8666859030552,-5.90406016664023,3.77372792338673));
#9130=CARTESIAN_POINT('Ctrl Pts',(3.32298733467332,-5.94258707252196,4.99397457265764));
#9131=CARTESIAN_POINT('Ctrl Pts',(2.45316421058565,-5.96185052546283,5.38986897517118));
#9132=CARTESIAN_POINT('Ctrl Pts',(1.49595751938947,-3.33814947453717,-5.58483291726737));
#9133=CARTESIAN_POINT('Ctrl Pts',(2.39724414397776,-3.35741292747804,-5.34341360837286));
#9134=CARTESIAN_POINT('Ctrl Pts',(4.07999581597639,-3.39593983335977,-4.41646807759285));
#9135=CARTESIAN_POINT('Ctrl Pts',(5.66675902249282,-3.45373019218237,-2.00945229758105));
#9136=CARTESIAN_POINT('Ctrl Pts',(5.95079143938288,-3.51152055100496,0.858882341448892));
#9137=CARTESIAN_POINT('Ctrl Pts',(4.8671288125769,-3.56931090982756,3.5300709794056));
#9138=CARTESIAN_POINT('Ctrl Pts',(2.66469370806814,-3.62710126865016,5.38973168215174));
#9139=CARTESIAN_POINT('Ctrl Pts',(-0.150200139350906,-3.68489162747275,
6.01061849459662));
#9140=CARTESIAN_POINT('Ctrl Pts',(-2.93058340801438,-3.74268198629535,5.24991912699396));
#9141=CARTESIAN_POINT('Ctrl Pts',(-5.03735955030191,-3.80047234511794,3.28253188727597));
#9142=CARTESIAN_POINT('Ctrl Pts',(-5.98629170952122,-3.85826270394054,0.560639739465395));
#9143=CARTESIAN_POINT('Ctrl Pts',(-5.55926096724432,-3.91605306276314,-2.29011243482582));
#9144=CARTESIAN_POINT('Ctrl Pts',(-3.85442367072216,-3.97384342158573,-4.61447970719745));
#9145=CARTESIAN_POINT('Ctrl Pts',(-1.26363888838586,-4.03163378040833,-5.87819845220128));
#9146=CARTESIAN_POINT('Ctrl Pts',(1.61759564313036,-4.08942413923093,-5.79080191193631));
#9147=CARTESIAN_POINT('Ctrl Pts',(4.12702264702034,-4.14721449805352,-4.37237758346236));
#9148=CARTESIAN_POINT('Ctrl Pts',(5.68784509828534,-4.20500485687612,-1.94895355383023));
#9149=CARTESIAN_POINT('Ctrl Pts',(5.94130487654811,-4.26279521569872,0.922441455832584));
#9150=CARTESIAN_POINT('Ctrl Pts',(4.82914370098948,-4.32058557452131,3.58181139931777));
#9151=CARTESIAN_POINT('Ctrl Pts',(2.60699408603719,-4.37837593334391,5.41789476510378));
#9152=CARTESIAN_POINT('Ctrl Pts',(-0.214378394946273,-4.43616629216651,
6.00866405444525));
#9153=CARTESIAN_POINT('Ctrl Pts',(-2.98647556671245,-4.4939566509891,5.21832976335605));
#9154=CARTESIAN_POINT('Ctrl Pts',(-5.07212529067739,-4.5517470098117,3.22855182116094));
#9155=CARTESIAN_POINT('Ctrl Pts',(-5.99193675866647,-4.6095373686343,0.496684714439839));
#9156=CARTESIAN_POINT('Ctrl Pts',(-5.53448944536898,-4.66732772745689,-2.34934637832528));
#9157=CARTESIAN_POINT('Ctrl Pts',(-3.80492854021835,-4.72511808627949,-4.65537545569956));
#9158=CARTESIAN_POINT('Ctrl Pts',(-1.20079711581396,-4.78290844510208,-5.8913570679475));
#9159=CARTESIAN_POINT('Ctrl Pts',(1.6793399549854,-4.84069880392468,-5.77319834805296));
#9160=CARTESIAN_POINT('Ctrl Pts',(4.17347733914478,-4.89848916274728,-4.32805830422074));
#9161=CARTESIAN_POINT('Ctrl Pts',(5.70833252042606,-4.95627952156987,-1.88810532327492));
#9162=CARTESIAN_POINT('Ctrl Pts',(5.93111592054148,-5.01406988039247,0.985832518319149));
#9163=CARTESIAN_POINT('Ctrl Pts',(4.79062034625677,-5.07186023921506,3.63317469431535));
#9164=CARTESIAN_POINT('Ctrl Pts',(2.54899096806606,-5.12965059803766,5.44542445477643));
#9165=CARTESIAN_POINT('Ctrl Pts',(-0.278529080625599,-5.18744095686025,
6.00603212070569));
#9166=CARTESIAN_POINT('Ctrl Pts',(-3.04202877380863,-5.24523131568286,5.18614170081002));
#9167=CARTESIAN_POINT('Ctrl Pts',(-5.10631176712319,-5.30302167450545,3.17420503480941));
#9168=CARTESIAN_POINT('Ctrl Pts',(-5.99689914337974,-5.36081203332805,0.432673101869711));
#9169=CARTESIAN_POINT('Ctrl Pts',(-5.50908618402482,-5.41860239215064,-2.40831398430277));
#9170=CARTESIAN_POINT('Ctrl Pts',(-3.75500050669552,-5.47639275097324,-4.69573648600755));
#9171=CARTESIAN_POINT('Ctrl Pts',(-1.13781659825056,-5.53418310979584,-5.90385197631119));
#9172=CARTESIAN_POINT('Ctrl Pts',(1.74088920326193,-5.59197346861843,-5.75492006420369));
#9173=CARTESIAN_POINT('Ctrl Pts',(4.2194632290616,-5.64976382744103,-4.28327842387753));
#9174=CARTESIAN_POINT('Ctrl Pts',(5.72815480622298,-5.70755418626363,-1.82697568331655));
#9175=CARTESIAN_POINT('Ctrl Pts',(5.92027893752004,-5.76534454508622,1.04897743408241));
#9176=CARTESIAN_POINT('Ctrl Pts',(4.75149499125436,-5.82313490390882,3.68440653116162));
#9177=CARTESIAN_POINT('Ctrl Pts',(3.24433464399045,-5.86166180979055,4.87577083072855));
#9178=CARTESIAN_POINT('Ctrl Pts',(2.39509959991555,-5.88092526273141,5.26229470099267));
#9179=CARTESIAN_POINT('Ctrl Pts',(1.45969088941491,-3.25722421180576,-5.44943932068787));
#9180=CARTESIAN_POINT('Ctrl Pts',(2.33912754293697,-3.27648766474663,-5.21387276137409));
#9181=CARTESIAN_POINT('Ctrl Pts',(3.98108411785801,-3.31501457062835,-4.30939925278432));
#9182=CARTESIAN_POINT('Ctrl Pts',(5.52937928412456,-3.37280492945096,-1.96073696844681));
#9183=CARTESIAN_POINT('Ctrl Pts',(5.80652587810146,-3.43059528827355,0.838060381155714));
#9184=CARTESIAN_POINT('Ctrl Pts',(4.74913457985544,-3.48838564709615,3.4444911575626));
#9185=CARTESIAN_POINT('Ctrl Pts',(2.60009330367598,-3.54617600591874,5.25906794200854));
#9186=CARTESIAN_POINT('Ctrl Pts',(-0.146558824136161,-3.60396636474134,
5.86490254074336));
#9187=CARTESIAN_POINT('Ctrl Pts',(-2.85953701619476,-3.66175672356394,5.12264487494651));
#9188=CARTESIAN_POINT('Ctrl Pts',(-4.91523839880412,-3.71954708238653,3.20295317745797));
#9189=CARTESIAN_POINT('Ctrl Pts',(-5.84116551206235,-3.77733744120913,0.547048100854883));
#9190=CARTESIAN_POINT('Ctrl Pts',(-5.42448731370277,-3.83512780003172,-2.23459303725104));
#9191=CARTESIAN_POINT('Ctrl Pts',(-3.76098053799983,-3.89291815885432,-4.50261046900254));
#9192=CARTESIAN_POINT('Ctrl Pts',(-1.23300437945592,-3.95070851767692,-5.73569276910539));
#9193=CARTESIAN_POINT('Ctrl Pts',(1.57838012940253,-4.00849887649951,-5.65041499086792));
#9194=CARTESIAN_POINT('Ctrl Pts',(4.02697087329269,-4.06628923532211,-4.26637764838853));
#9195=CARTESIAN_POINT('Ctrl Pts',(5.54995416832343,-4.1240795941447,-1.90170490107222));
#9196=CARTESIAN_POINT('Ctrl Pts',(5.79726929884549,-4.18186995296731,0.900078626328219));
#9197=CARTESIAN_POINT('Ctrl Pts',(4.7120703446757,-4.2396603117899,3.49497722991519));
#9198=CARTESIAN_POINT('Ctrl Pts',(2.54379249866674,-4.2974506706125,5.28654826485869));
#9199=CARTESIAN_POINT('Ctrl Pts',(-0.209181200625386,-4.35524102943509,
5.86299548225681));
#9200=CARTESIAN_POINT('Ctrl Pts',(-2.91407417636399,-4.41303138825769,5.09182133503509));
#9201=CARTESIAN_POINT('Ctrl Pts',(-4.94916131027192,-4.47082174708028,3.15028175484279));
#9202=CARTESIAN_POINT('Ctrl Pts',(-5.8466737077837,-4.52861210590289,0.484643543137086));
#9203=CARTESIAN_POINT('Ctrl Pts',(-5.40031633001526,-4.58640246472547,-2.29239096703822));
#9204=CARTESIAN_POINT('Ctrl Pts',(-3.71268532230661,-4.64419282354808,-4.54251477826975));
#9205=CARTESIAN_POINT('Ctrl Pts',(-1.17168608551444,-4.70198318237067,-5.74853237937047));
#9206=CARTESIAN_POINT('Ctrl Pts',(1.63862756846402,-4.75977354119327,-5.63323819173512));
#9207=CARTESIAN_POINT('Ctrl Pts',(4.07229936022212,-4.81756390001587,-4.22313280533922));
#9208=CARTESIAN_POINT('Ctrl Pts',(5.56994491208372,-4.87535425883846,-1.84233181953255));
#9209=CARTESIAN_POINT('Ctrl Pts',(5.78732735459724,-4.93314461766106,0.961932893700553));
#9210=CARTESIAN_POINT('Ctrl Pts',(4.67448091502667,-4.99093497648365,3.54509532002573));
#9211=CARTESIAN_POINT('Ctrl Pts',(2.48719555539613,-5.04872533530625,5.31341054983853));
#9212=CARTESIAN_POINT('Ctrl Pts',(-0.271776675578477,-5.10651569412884,
5.86042735471884));
#9213=CARTESIAN_POINT('Ctrl Pts',(-2.96828060216489,-5.16430605295144,5.06041361052596));
#9214=CARTESIAN_POINT('Ctrl Pts',(-4.98251900095654,-5.22209641177404,3.09725250242212));
#9215=CARTESIAN_POINT('Ctrl Pts',(-5.85151578896706,-5.27988677059663,0.422183769731553));
#9216=CARTESIAN_POINT('Ctrl Pts',(-5.37552892217453,-5.33767712941923,-2.34992901614745));
#9217=CARTESIAN_POINT('Ctrl Pts',(-3.66396769850042,-5.39546748824182,-4.58189733256315));
#9218=CARTESIAN_POINT('Ctrl Pts',(-1.11023241018851,-5.45325784706443,-5.76072437256958));
#9219=CARTESIAN_POINT('Ctrl Pts',(1.69868467289052,-5.51104820588701,-5.615403029932));
#9220=CARTESIAN_POINT('Ctrl Pts',(4.11717041015717,-5.56883856470962,-4.17943852758142));
#9221=CARTESIAN_POINT('Ctrl Pts',(5.58928664445921,-5.62662892353221,-1.78268415082276));
#9222=CARTESIAN_POINT('Ctrl Pts',(5.77675309351021,-5.68441928235481,1.02354698170629));
#9223=CARTESIAN_POINT('Ctrl Pts',(4.63630407945351,-5.74220964117741,3.5950851389365));
#9224=CARTESIAN_POINT('Ctrl Pts',(3.16568195330758,-5.78073654705913,4.75756708879946));
#9225=CARTESIAN_POINT('Ctrl Pts',(2.33703498924545,-5.8,5.13472042681415));
#9226=CARTESIAN_POINT('Ctrl Pts',(2.33703498924545,-5.8,5.13472042681415));
#9227=CARTESIAN_POINT('Ctrl Pts',(2.48468608402285,-5.8,5.07394277595344));
#9228=CARTESIAN_POINT('Ctrl Pts',(2.62939696400247,-5.8,5.00691152525153));
#9229=CARTESIAN_POINT('Ctrl Pts',(2.77086864393365,-5.8,4.93398093976998));
#9230=CARTESIAN_POINT('Ctrl Pts',(2.91455567067784,-5.8,4.85990831271377));
#9231=CARTESIAN_POINT('Ctrl Pts',(3.0549018662418,-5.8,4.77974986977506));
#9232=CARTESIAN_POINT('Ctrl Pts',(3.19158225384527,-5.8,4.69382427137315));
#9233=CARTESIAN_POINT('Ctrl Pts',(3.32941463725681,-5.8,4.6071744583937));
#9234=CARTESIAN_POINT('Ctrl Pts',(3.46351980537416,-5.8,4.51465951223195));
#9235=CARTESIAN_POINT('Ctrl Pts',(3.59354313886538,-5.8,4.41655809643643));
#9236=CARTESIAN_POINT('Ctrl Pts',(3.72290805882714,-5.8,4.31895344762637));
#9237=CARTESIAN_POINT('Ctrl Pts',(3.84823298029992,-5.8,4.21581831990357));
#9238=CARTESIAN_POINT('Ctrl Pts',(3.96913831275759,-5.8,4.10738585557229));
#9239=CARTESIAN_POINT('Ctrl Pts',(4.01995698576768,-5.8,4.06180975204965));
#9240=CARTESIAN_POINT('Ctrl Pts',(4.06999444165098,-5.8,4.01529731918134));
#9241=CARTESIAN_POINT('Ctrl Pts',(4.11922048566688,-5.8,3.9678639607342));
#9242=CARTESIAN_POINT('Ctrl Pts',(4.13436352161866,-5.8,3.9532723950978));
#9243=CARTESIAN_POINT('Ctrl Pts',(4.14942976304354,-5.8,3.93859367330683));
#9244=CARTESIAN_POINT('Ctrl Pts',(4.16441830542114,-5.8,3.92382822409332));
#9245=CARTESIAN_POINT('Ctrl Pts',(4.18003592000319,-5.8,3.90844306594132));
#9246=CARTESIAN_POINT('Ctrl Pts',(4.19556301963116,-5.8,3.89296978369605));
#9247=CARTESIAN_POINT('Ctrl Pts',(4.21099499357539,-5.8,3.87741296673987));
#9248=CARTESIAN_POINT('Ctrl Pts',(4.3251866332545,-5.8,3.76229752895896));
#9249=CARTESIAN_POINT('Ctrl Pts',(4.43423884077033,-5.8,3.64254542050075));
#9250=CARTESIAN_POINT('Ctrl Pts',(4.53783278650767,-5.8,3.51845420320523));
#9251=CARTESIAN_POINT('Ctrl Pts',(4.64214010947611,-5.8,3.39350845866522));
#9252=CARTESIAN_POINT('Ctrl Pts',(4.74091456748283,-5.8,3.26416343883288));
#9253=CARTESIAN_POINT('Ctrl Pts',(4.83402361719104,-5.8,3.13086164097242));
#9254=CARTESIAN_POINT('Ctrl Pts',(4.9280472785582,-5.8,2.99625041745608));
#9255=CARTESIAN_POINT('Ctrl Pts',(5.01629409048381,-5.8,2.85760370530587));
#9256=CARTESIAN_POINT('Ctrl Pts',(5.09858824204717,-5.8,2.71534152856429));
#9257=CARTESIAN_POINT('Ctrl Pts',(5.17463843433515,-5.8,2.58387330523408));
#9258=CARTESIAN_POINT('Ctrl Pts',(5.24560481100151,-5.8,2.44931666750205));
#9259=CARTESIAN_POINT('Ctrl Pts',(5.31131465636137,-5.8,2.31198323140434));
#9260=CARTESIAN_POINT('Ctrl Pts',(5.33595584837132,-5.8,2.2604831928677));
#9261=CARTESIAN_POINT('Ctrl Pts',(5.35985749214482,-5.8,2.20859251072336));
#9262=CARTESIAN_POINT('Ctrl Pts',(5.38300918283526,-5.8,2.15632712858124));
#9263=CARTESIAN_POINT('Ctrl Pts',(5.39423884101242,-5.8,2.1309759616275));
#9264=CARTESIAN_POINT('Ctrl Pts',(5.40529204628311,-5.8,2.10553663546564));
#9265=CARTESIAN_POINT('Ctrl Pts',(5.41616754805262,-5.8,2.08001095261072));
#9266=CARTESIAN_POINT('Ctrl Pts',(5.424770979696,-5.8,2.05981800223037));
#9267=CARTESIAN_POINT('Ctrl Pts',(5.43325971031537,-5.8,2.03957915541007));
#9268=CARTESIAN_POINT('Ctrl Pts',(5.44163156856336,-5.8,2.01929994307743));
#9269=CARTESIAN_POINT('Ctrl Pts',(5.50502429082219,-5.8,1.86574329687654));
#9270=CARTESIAN_POINT('Ctrl Pts',(5.5617541664867,-5.8,1.70979300766377));
#9271=CARTESIAN_POINT('Ctrl Pts',(5.61168177076972,-5.8,1.5518948207829));
#9272=CARTESIAN_POINT('Ctrl Pts',(5.66185424457268,-5.8,1.39322222355774));
#9273=CARTESIAN_POINT('Ctrl Pts',(5.70515793792636,-5.8,1.23258191414657));
#9274=CARTESIAN_POINT('Ctrl Pts',(5.74140716890864,-5.8,1.07039843542351));
#9275=CARTESIAN_POINT('Ctrl Pts',(5.74520558722767,-5.8,1.05340384878173));
#9276=CARTESIAN_POINT('Ctrl Pts',(5.74892650365195,-5.8,1.03639229824095));
#9277=CARTESIAN_POINT('Ctrl Pts',(5.75256967395998,-5.8,1.01936425933422));
#9278=CARTESIAN_POINT('Ctrl Pts',(5.78722671135575,-5.8,0.857378589911591));
#9279=CARTESIAN_POINT('Ctrl Pts',(5.81485235667988,-5.8,0.69390181116717));
#9280=CARTESIAN_POINT('Ctrl Pts',(5.8354939617443,-5.8,0.529383491952859));
#9281=CARTESIAN_POINT('Ctrl Pts',(5.85618153643383,-5.8,0.364498784299514));
#9282=CARTESIAN_POINT('Ctrl Pts',(5.86985396644868,-5.8,0.198567151488275));
#9283=CARTESIAN_POINT('Ctrl Pts',(5.87650705475047,-5.8,0.0320355279015375));
#9284=CARTESIAN_POINT('Ctrl Pts',(5.87836860719885,-5.8,-0.0145604794802171));
#9285=CARTESIAN_POINT('Ctrl Pts',(5.87968030501797,-5.8,-0.0612034564253694));
#9286=CARTESIAN_POINT('Ctrl Pts',(5.88044132452733,-5.8,-0.107883568362436));
#9287=CARTESIAN_POINT('Ctrl Pts',(5.88081718371998,-5.8,-0.130938363895978));
#9288=CARTESIAN_POINT('Ctrl Pts',(5.88105866503563,-5.8,-0.154003825763522));
#9289=CARTESIAN_POINT('Ctrl Pts',(5.88116571801147,-5.8,-0.17705966642426));
#9290=CARTESIAN_POINT('Ctrl Pts',(5.88194403163568,-5.8,-0.344683917532334));
#9291=CARTESIAN_POINT('Ctrl Pts',(5.87562584187238,-5.8,-0.512021839656777));
#9292=CARTESIAN_POINT('Ctrl Pts',(5.86231070275618,-5.8,-0.67861175261451));
#9293=CARTESIAN_POINT('Ctrl Pts',(5.84891265728728,-5.8,-0.846238933148624));
#9294=CARTESIAN_POINT('Ctrl Pts',(5.82843029661293,-5.8,-1.01310950374933));
#9295=CARTESIAN_POINT('Ctrl Pts',(5.80091305671794,-5.8,-1.1787625002802));
#9296=CARTESIAN_POINT('Ctrl Pts',(5.77349176538284,-5.8,-1.34383788922694));
#9297=CARTESIAN_POINT('Ctrl Pts',(5.73908453712619,-5.8,-1.50770493019465));
#9298=CARTESIAN_POINT('Ctrl Pts',(5.69768890235181,-5.8,-1.66990555183823));
#9299=CARTESIAN_POINT('Ctrl Pts',(5.68610308180566,-5.8,-1.71530230212551));
#9300=CARTESIAN_POINT('Ctrl Pts',(5.67396953003435,-5.8,-1.76056846774161));
#9301=CARTESIAN_POINT('Ctrl Pts',(5.66128747255745,-5.8,-1.80569385538402));
#9302=CARTESIAN_POINT('Ctrl Pts',(5.62865309092241,-5.8,-1.92181374558582));
#9303=CARTESIAN_POINT('Ctrl Pts',(5.59238756375652,-5.8,-2.03700180972895));
#9304=CARTESIAN_POINT('Ctrl Pts',(5.55257141736818,-5.8,-2.15111354619405));
#9305=CARTESIAN_POINT('Ctrl Pts',(5.53498267671052,-5.8,-2.20152228538003));
#9306=CARTESIAN_POINT('Ctrl Pts',(5.51670089111076,-5.8,-2.25172092047865));
#9307=CARTESIAN_POINT('Ctrl Pts',(5.49773221858971,-5.8,-2.30169663108361));
#9308=CARTESIAN_POINT('Ctrl Pts',(5.48787543718059,-5.8,-2.3276657469852));
#9309=CARTESIAN_POINT('Ctrl Pts',(5.47783317468078,-5.8,-2.35357466468906));
#9310=CARTESIAN_POINT('Ctrl Pts',(5.46760624597039,-5.8,-2.37942155726841));
#9311=CARTESIAN_POINT('Ctrl Pts',(5.45825788001933,-5.8,-2.40304802591525));
#9312=CARTESIAN_POINT('Ctrl Pts',(5.44875789545734,-5.8,-2.42661579459447));
#9313=CARTESIAN_POINT('Ctrl Pts',(5.43911033238856,-5.8,-2.45011608632917));
#9314=CARTESIAN_POINT('Ctrl Pts',(5.37507313005892,-5.8,-2.60610293252985));
#9315=CARTESIAN_POINT('Ctrl Pts',(5.30449734698988,-5.8,-2.75922083329763));
#9316=CARTESIAN_POINT('Ctrl Pts',(5.22766620962381,-5.8,-2.90909742000522));
#9317=CARTESIAN_POINT('Ctrl Pts',(5.14754248207351,-5.8,-3.06539695182536));
#9318=CARTESIAN_POINT('Ctrl Pts',(5.06061575673868,-5.8,-3.21817228171255));
#9319=CARTESIAN_POINT('Ctrl Pts',(4.96715133438351,-5.8,-3.3669816159914));
#9320=CARTESIAN_POINT('Ctrl Pts',(4.93666727955526,-5.8,-3.41551678895673));
#9321=CARTESIAN_POINT('Ctrl Pts',(4.9054873296552,-5.8,-3.46362985935881));
#9322=CARTESIAN_POINT('Ctrl Pts',(4.87361948818846,-5.8,-3.51130482554639));
#9323=CARTESIAN_POINT('Ctrl Pts',(4.85013778756615,-5.8,-3.54643394730896));
#9324=CARTESIAN_POINT('Ctrl Pts',(4.82628258937899,-5.8,-3.58132519649287));
#9325=CARTESIAN_POINT('Ctrl Pts',(4.80205690229036,-5.8,-3.61597203243998));
#9326=CARTESIAN_POINT('Ctrl Pts',(4.78536294709742,-5.8,-3.63984721603176));
#9327=CARTESIAN_POINT('Ctrl Pts',(4.76849220142864,-5.80000000000001,-3.66360740642099));
#9328=CARTESIAN_POINT('Ctrl Pts',(4.75145641806005,-5.80000000000001,-3.68723578067239));
#9329=CARTESIAN_POINT('Ctrl Pts',(4.65148687748009,-5.8,-3.82589202367905));
#9330=CARTESIAN_POINT('Ctrl Pts',(4.54575780315292,-5.8,-3.96012716954091));
#9331=CARTESIAN_POINT('Ctrl Pts',(4.43452634345654,-5.8,-4.08954811614292));
#9332=CARTESIAN_POINT('Ctrl Pts',(4.3715821968345,-5.8,-4.16278540945111));
#9333=CARTESIAN_POINT('Ctrl Pts',(4.30687518216163,-5.8,-4.23448069016132));
#9334=CARTESIAN_POINT('Ctrl Pts',(4.24044555743209,-5.8,-4.30455890597818));
#9335=CARTESIAN_POINT('Ctrl Pts',(4.12341608384438,-5.8,-4.42801612465741));
#9336=CARTESIAN_POINT('Ctrl Pts',(4.0010423081515,-5.8,-4.54645682318661));
#9337=CARTESIAN_POINT('Ctrl Pts',(3.87371951307708,-5.8,-4.65965327602551));
#9338=CARTESIAN_POINT('Ctrl Pts',(3.85417610162637,-5.8,-4.67702836468342));
#9339=CARTESIAN_POINT('Ctrl Pts',(3.83451601913158,-5.8,-4.69427982257654));
#9340=CARTESIAN_POINT('Ctrl Pts',(3.81474062337637,-5.8,-4.71140674505375));
#9341=CARTESIAN_POINT('Ctrl Pts',(5.64129113316132,-4.91348406216193,0.000103178314676108));
#9342=CARTESIAN_POINT('Ctrl Pts',(5.6415096246429,-4.92003758066164,0.309874679448726));
#9343=CARTESIAN_POINT('Ctrl Pts',(5.61639606084356,-4.92659109916135,0.619611114341573));
#9344=CARTESIAN_POINT('Ctrl Pts',(5.56562254091656,-4.93314461766106,0.925082512549233));
#9345=CARTESIAN_POINT('Ctrl Pts',(5.41637854140705,-4.95240807060192,1.82298703580894));
#9346=CARTESIAN_POINT('Ctrl Pts',(5.04542972821686,-4.97167152354279,2.68404117791734));
#9347=CARTESIAN_POINT('Ctrl Pts',(4.49540776168334,-4.99093497648365,3.40928745394033));
#9348=CARTESIAN_POINT('Ctrl Pts',(3.94538579514983,-5.01019842942452,4.13453372996333));
#9349=CARTESIAN_POINT('Ctrl Pts',(3.21629067527298,-5.02946188236538,4.72397213990093));
#9350=CARTESIAN_POINT('Ctrl Pts',(2.39191441017212,-5.04872533530625,5.10986081234979));
#9351=CARTESIAN_POINT('Ctrl Pts',(1.56753814507126,-5.06798878824711,5.49574948479864));
#9352=CARTESIAN_POINT('Ctrl Pts',(0.647880734746393,-5.08725224118798,5.67808841975874));
#9353=CARTESIAN_POINT('Ctrl Pts',(-0.261365291513777,-5.10651569412884,
5.63592226320664));
#9354=CARTESIAN_POINT('Ctrl Pts',(-1.17061131777395,-5.12577914706971,5.59375610665455));
#9355=CARTESIAN_POINT('Ctrl Pts',(-2.06944595996942,-5.14504260001057,5.32708485859025));
#9356=CARTESIAN_POINT('Ctrl Pts',(-2.85456968086576,-5.16430605295144,4.8665557165408));
#9357=CARTESIAN_POINT('Ctrl Pts',(-3.63969340176211,-5.18356950589231,4.40602657449134));
#9358=CARTESIAN_POINT('Ctrl Pts',(-4.31110620135933,-5.20283295883317,3.75163953845673));
#9359=CARTESIAN_POINT('Ctrl Pts',(-4.79164539915969,-5.22209641177404,2.97860123165766));
#9360=CARTESIAN_POINT('Ctrl Pts',(-5.27218459696005,-5.24135986471491,2.20556292485859));
#9361=CARTESIAN_POINT('Ctrl Pts',(-5.56185019296356,-5.26062331765577,1.31387334729507));
#9362=CARTESIAN_POINT('Ctrl Pts',(-5.62735184649989,-5.27988677059663,0.406009760866814));
#9363=CARTESIAN_POINT('Ctrl Pts',(-5.69285350003622,-5.2991502235375,-0.501853825561445));
#9364=CARTESIAN_POINT('Ctrl Pts',(-5.53419121110537,-5.31841367647836,-1.42589142085444));
#9365=CARTESIAN_POINT('Ctrl Pts',(-5.16959986269427,-5.33767712941923,-2.25990493790356));
#9366=CARTESIAN_POINT('Ctrl Pts',(-4.80500851428316,-5.35694058236009,-3.09391845495268));
#9367=CARTESIAN_POINT('Ctrl Pts',(-4.23448810639179,-5.37620403530096,-3.83790789375791));
#9368=CARTESIAN_POINT('Ctrl Pts',(-3.52360535439412,-5.39546748824183,-4.40637378649493));
#9369=CARTESIAN_POINT('Ctrl Pts',(-2.81272260239645,-5.41473094118269,-4.97483967923196));
#9370=CARTESIAN_POINT('Ctrl Pts',(-1.96147750629248,-5.43399439412356,-5.36778202590077));
#9371=CARTESIAN_POINT('Ctrl Pts',(-1.06770211106066,-5.45325784706443,-5.54003297546224));
#9372=CARTESIAN_POINT('Ctrl Pts',(-0.173926715828833,-5.47252130000529,
-5.71228392502372));
#9373=CARTESIAN_POINT('Ctrl Pts',(0.762378978530842,-5.49178475294615,-5.66384347747786));
#9374=CARTESIAN_POINT('Ctrl Pts',(1.63361278192179,-5.51104820588702,-5.4002958366465));
#9375=CARTESIAN_POINT('Ctrl Pts',(2.50484658531274,-5.53031165882788,-5.13674819581513));
#9376=CARTESIAN_POINT('Ctrl Pts',(3.31100849773496,-5.54957511176875,-4.65809336169827));
#9377=CARTESIAN_POINT('Ctrl Pts',(3.95944215966308,-5.56883856470962,-4.01930688184673));
#9378=CARTESIAN_POINT('Ctrl Pts',(4.60787582159119,-5.58810201765048,-3.38052040199519));
#9379=CARTESIAN_POINT('Ctrl Pts',(5.09858123302519,-5.60736547059135,-2.58160227640898));
#9380=CARTESIAN_POINT('Ctrl Pts',(5.37517834691737,-5.62662892353221,-1.71443802486104));
#9381=CARTESIAN_POINT('Ctrl Pts',(5.55157498443212,-5.63891396974212,-1.16141396761912));
#9382=CARTESIAN_POINT('Ctrl Pts',(5.64089154293036,-5.65119901595203,-0.580633498740896));
#9383=CARTESIAN_POINT('Ctrl Pts',(5.64125768381493,-5.66348406216193,5.6470068577415E-5));
#9384=CARTESIAN_POINT('Ctrl Pts',(1.5684907793386,-3.5,-5.85562011042638));
#9385=CARTESIAN_POINT('Ctrl Pts',(1.72981956015694,-3.5,-5.80645514231032));
#9386=CARTESIAN_POINT('Ctrl Pts',(1.88871202282023,-3.5,-5.75054054379084));
#9387=CARTESIAN_POINT('Ctrl Pts',(2.0448174355445,-3.5,-5.68817433324562));
#9388=CARTESIAN_POINT('Ctrl Pts',(2.20267662144016,-3.5,-5.62510746674655));
#9389=CARTESIAN_POINT('Ctrl Pts',(2.3576864304765,-3.5,-5.55544288891511));
#9390=CARTESIAN_POINT('Ctrl Pts',(2.50946773921657,-3.5,-5.47943813070709));
#9391=CARTESIAN_POINT('Ctrl Pts',(2.66113290881206,-3.5,-5.40349152938066));
#9392=CARTESIAN_POINT('Ctrl Pts',(2.80957513637668,-3.5,-5.32121403723398));
#9393=CARTESIAN_POINT('Ctrl Pts',(2.95439036151074,-3.5,-5.23281797475041));
#9394=CARTESIAN_POINT('Ctrl Pts',(3.09781713886383,-3.5,-5.1452694289329));
#9395=CARTESIAN_POINT('Ctrl Pts',(3.23768668088547,-3.5,-5.05171863977365));
#9396=CARTESIAN_POINT('Ctrl Pts',(3.37357247251798,-3.5,-4.9523344827611));
#9397=CARTESIAN_POINT('Ctrl Pts',(3.43303335923267,-3.5,-4.90884597649152));
#9398=CARTESIAN_POINT('Ctrl Pts',(3.49173096278471,-3.5,-4.86424007278355));
#9399=CARTESIAN_POINT('Ctrl Pts',(3.54962705856698,-3.5,-4.81852895667163));
#9400=CARTESIAN_POINT('Ctrl Pts',(3.56890105477433,-3.5,-4.80331142141868));
#9401=CARTESIAN_POINT('Ctrl Pts',(3.58808620885712,-3.5,-4.78797138979734));
#9402=CARTESIAN_POINT('Ctrl Pts',(3.60718106899531,-3.5,-4.77250928451229));
#9403=CARTESIAN_POINT('Ctrl Pts',(3.623597106014,-3.5,-4.75921636218088));
#9404=CARTESIAN_POINT('Ctrl Pts',(3.63994631359648,-3.5,-4.7458332239519));
#9405=CARTESIAN_POINT('Ctrl Pts',(3.6562167015789,-3.5,-4.73236948185431));
#9406=CARTESIAN_POINT('Ctrl Pts',(3.79156816348701,-3.5,-4.62036618005035));
#9407=CARTESIAN_POINT('Ctrl Pts',(3.92166440303216,-3.5,-4.50263089203933));
#9408=CARTESIAN_POINT('Ctrl Pts',(4.04608680885719,-3.5,-4.37943095988936));
#9409=CARTESIAN_POINT('Ctrl Pts',(4.16538379101353,-3.5,-4.26130609315091));
#9410=CARTESIAN_POINT('Ctrl Pts',(4.27946514657568,-3.5,-4.13815680803058));
#9411=CARTESIAN_POINT('Ctrl Pts',(4.38812008887194,-3.5,-4.01039746403398));
#9412=CARTESIAN_POINT('Ctrl Pts',(4.4972073579122,-3.5,-3.88212977886083));
#9413=CARTESIAN_POINT('Ctrl Pts',(4.60082534574271,-3.5,-3.74921463079512));
#9414=CARTESIAN_POINT('Ctrl Pts',(4.69871837450295,-3.5,-3.6120405804232));
#9415=CARTESIAN_POINT('Ctrl Pts',(4.78843855017563,-3.5,-3.48631886098141));
#9416=CARTESIAN_POINT('Ctrl Pts',(4.87334953583801,-3.5,-3.35701896107462));
#9417=CARTESIAN_POINT('Ctrl Pts',(4.95321908992435,-3.5,-3.22442443204576));
#9418=CARTESIAN_POINT('Ctrl Pts',(4.98317017270673,-3.5,-3.17470148365994));
#9419=CARTESIAN_POINT('Ctrl Pts',(5.01241194288386,-3.5,-3.1245151124588));
#9420=CARTESIAN_POINT('Ctrl Pts',(5.04093081060878,-3.5,-3.07387992503177));
#9421=CARTESIAN_POINT('Ctrl Pts',(5.05379999580405,-3.5,-3.05103071479381));
#9422=CARTESIAN_POINT('Ctrl Pts',(5.06652196753791,-3.5,-3.02809011104977));
#9423=CARTESIAN_POINT('Ctrl Pts',(5.0790954256854,-3.5,-3.00505944757229));
#9424=CARTESIAN_POINT('Ctrl Pts',(5.08900670715712,-3.5,-2.98690506350961));
#9425=CARTESIAN_POINT('Ctrl Pts',(5.09882525860986,-3.5,-2.96869544251973));
#9426=CARTESIAN_POINT('Ctrl Pts',(5.10854434855098,-3.5,-2.95044300578998));
#9427=CARTESIAN_POINT('Ctrl Pts',(5.18711769507341,-3.5,-2.80288237565563));
#9428=CARTESIAN_POINT('Ctrl Pts',(5.25930403370854,-3.5,-2.65232554047092));
#9429=CARTESIAN_POINT('Ctrl Pts',(5.32489590003184,-3.5,-2.4991715847726));
#9430=CARTESIAN_POINT('Ctrl Pts',(5.39032234117477,-3.5,-2.3464038891728));
#9431=CARTESIAN_POINT('Ctrl Pts',(5.44918785816501,-3.5,-2.19105149053114));
#9432=CARTESIAN_POINT('Ctrl Pts',(5.50124020020372,-3.5,-2.03348787102573));
#9433=CARTESIAN_POINT('Ctrl Pts',(5.50938606617359,-3.5,-2.00883015004819));
#9434=CARTESIAN_POINT('Ctrl Pts',(5.51736497722911,-3.5,-1.98411824215228));
#9435=CARTESIAN_POINT('Ctrl Pts',(5.52517585535998,-3.5,-1.95935354486632));
#9436=CARTESIAN_POINT('Ctrl Pts',(5.57528860381035,-3.5,-1.80046909874547));
#9437=CARTESIAN_POINT('Ctrl Pts',(5.61848899526272,-3.5,-1.63941224535531));
#9438=CARTESIAN_POINT('Ctrl Pts',(5.65473919393009,-3.5,-1.47664244765955));
#9439=CARTESIAN_POINT('Ctrl Pts',(5.6908361566424,-3.5,-1.31456070647989));
#9440=CARTESIAN_POINT('Ctrl Pts',(5.72004156092905,-3.5,-1.15077971905082));
#9441=CARTESIAN_POINT('Ctrl Pts',(5.74226661751962,-3.5,-0.985753584612536));
#9442=CARTESIAN_POINT('Ctrl Pts',(5.7484835947248,-3.5,-0.939591105255914));
#9443=CARTESIAN_POINT('Ctrl Pts',(5.7541540638745,-3.5,-0.893331236025271));
#9444=CARTESIAN_POINT('Ctrl Pts',(5.75927535611619,-3.5,-0.846984046083761));
#9445=CARTESIAN_POINT('Ctrl Pts',(5.76158686773265,-3.5,-0.826065093818531));
#9446=CARTESIAN_POINT('Ctrl Pts',(5.7637864821434,-3.5,-0.805127991030605));
#9447=CARTESIAN_POINT('Ctrl Pts',(5.76587257704665,-3.5,-0.784188808353311));
#9448=CARTESIAN_POINT('Ctrl Pts',(5.78227302661609,-3.5,-0.619569255815447));
#9449=CARTESIAN_POINT('Ctrl Pts',(5.79168741302707,-3.5,-0.454594247500684));
#9450=CARTESIAN_POINT('Ctrl Pts',(5.79413197742084,-3.5,-0.289715543130086));
#9451=CARTESIAN_POINT('Ctrl Pts',(5.79657835719913,-3.5,-0.124714396394152));
#9452=CARTESIAN_POINT('Ctrl Pts',(5.79204456690188,-3.5,0.0401910597779893));
#9453=CARTESIAN_POINT('Ctrl Pts',(5.78049490304837,-3.5,0.204551391137177));
#9454=CARTESIAN_POINT('Ctrl Pts',(5.76906932917201,-3.5,0.36714582956452));
#9455=CARTESIAN_POINT('Ctrl Pts',(5.75077775384019,-3.5,0.529207500495432));
#9456=CARTESIAN_POINT('Ctrl Pts',(5.72553541754926,-3.5,0.690293682715458));
#9457=CARTESIAN_POINT('Ctrl Pts',(5.71858250281596,-3.5,0.734664317698658));
#9458=CARTESIAN_POINT('Ctrl Pts',(5.71110193567569,-3.5,0.778960862458739));
#9459=CARTESIAN_POINT('Ctrl Pts',(5.70309127634476,-3.5,0.823173852655378));
#9460=CARTESIAN_POINT('Ctrl Pts',(5.68258595949999,-3.5,0.936348228843867));
#9461=CARTESIAN_POINT('Ctrl Pts',(5.65860804943603,-3.5,1.0489755435549));
#9462=CARTESIAN_POINT('Ctrl Pts',(5.63120725377782,-3.5,1.16090713060258));
#9463=CARTESIAN_POINT('Ctrl Pts',(5.61912076340521,-3.5,1.2102801512301));
#9464=CARTESIAN_POINT('Ctrl Pts',(5.60636814308896,-3.5,1.25951772821571));
#9465=CARTESIAN_POINT('Ctrl Pts',(5.59295300525606,-3.5,1.30860670018379));
#9466=CARTESIAN_POINT('Ctrl Pts',(5.58495682798525,-3.5,1.33786649063754));
#9467=CARTESIAN_POINT('Ctrl Pts',(5.57672526195672,-3.5,1.36707347919189));
#9468=CARTESIAN_POINT('Ctrl Pts',(5.56825900731978,-3.5,1.39622483086081));
#9469=CARTESIAN_POINT('Ctrl Pts',(5.5614977527941,-3.5,1.41950545692902));
#9470=CARTESIAN_POINT('Ctrl Pts',(5.55458913744459,-3.5,1.44274253067789));
#9471=CARTESIAN_POINT('Ctrl Pts',(5.54753538022163,-3.5,1.46592971950804));
#9472=CARTESIAN_POINT('Ctrl Pts',(5.49985687187193,-3.5,1.62265903996812));
#9473=CARTESIAN_POINT('Ctrl Pts',(5.44552986715567,-3.5,1.77718393721592));
#9474=CARTESIAN_POINT('Ctrl Pts',(5.3847601025506,-3.5,1.92909477248509));
#9475=CARTESIAN_POINT('Ctrl Pts',(5.32705066024392,-3.5,2.07335548569828));
#9476=CARTESIAN_POINT('Ctrl Pts',(5.26353039655135,-3.5,2.21525919481122));
#9477=CARTESIAN_POINT('Ctrl Pts',(5.19433659184989,-3.5,2.35443621295512));
#9478=CARTESIAN_POINT('Ctrl Pts',(5.14968445823003,-3.5,2.44424990130176));
#9479=CARTESIAN_POINT('Ctrl Pts',(5.1026688933187,-3.5,2.53292769740107));
#9480=CARTESIAN_POINT('Ctrl Pts',(5.05331918599144,-3.5,2.62036459931899));
#9481=CARTESIAN_POINT('Ctrl Pts',(5.03747250164279,-3.5,2.64844146259051));
#9482=CARTESIAN_POINT('Ctrl Pts',(5.02138358041595,-3.5,2.67639274380066));
#9483=CARTESIAN_POINT('Ctrl Pts',(5.00506576544635,-3.5,2.70419408824656));
#9484=CARTESIAN_POINT('Ctrl Pts',(4.92290405615468,-3.5,2.84417643174893));
#9485=CARTESIAN_POINT('Ctrl Pts',(4.83488208832878,-3.5,2.98047021290106));
#9486=CARTESIAN_POINT('Ctrl Pts',(4.74116979606708,-3.5,3.11266168665428));
#9487=CARTESIAN_POINT('Ctrl Pts',(4.69027766751458,-3.5,3.18445061971127));
#9488=CARTESIAN_POINT('Ctrl Pts',(4.63770657226989,-3.5,3.25502922296109));
#9489=CARTESIAN_POINT('Ctrl Pts',(4.58347862173757,-3.5,3.3243272660472));
#9490=CARTESIAN_POINT('Ctrl Pts',(4.48322780268719,-3.5,3.45243805595858));
#9491=CARTESIAN_POINT('Ctrl Pts',(4.37731616393015,-3.5,3.5761747996736));
#9492=CARTESIAN_POINT('Ctrl Pts',(4.26609272523091,-3.5,3.69523571077739));
#9493=CARTESIAN_POINT('Ctrl Pts',(4.25201689185044,-3.5,3.71030341203195));
#9494=CARTESIAN_POINT('Ctrl Pts',(4.23785594382103,-3.5,3.72529616973476));
#9495=CARTESIAN_POINT('Ctrl Pts',(4.22361055485032,-3.5,3.74021332308322));
#9496=CARTESIAN_POINT('Origin',(0.,-5.8,0.));
#9497=CARTESIAN_POINT('',(-6.925,-5.8,3.99815061413816));
#9498=CARTESIAN_POINT('',(-6.925,-5.8,-3.99815061413816));
#9499=CARTESIAN_POINT('',(-6.925,-5.8,3.99815061413816));
#9500=CARTESIAN_POINT('',(-1.11022302462516E-15,-5.8,-7.99630122827632));
#9501=CARTESIAN_POINT('',(-6.925,-5.8,-3.99815061413816));
#9502=CARTESIAN_POINT('',(6.925,-5.8,-3.99815061413816));
#9503=CARTESIAN_POINT('',(-1.11022302462516E-15,-5.8,-7.99630122827632));
#9504=CARTESIAN_POINT('',(6.925,-5.8,3.99815061413816));
#9505=CARTESIAN_POINT('',(6.925,-5.8,-3.99815061413816));
#9506=CARTESIAN_POINT('',(3.33066907387547E-15,-5.8,7.99630122827632));
#9507=CARTESIAN_POINT('',(6.925,-5.8,3.99815061413816));
#9508=CARTESIAN_POINT('',(3.88578058618805E-15,-5.8,7.99630122827632));
#9509=CARTESIAN_POINT('Origin',(0.,-3.5,0.));
#9510=CARTESIAN_POINT('Origin',(3.88578058618805E-15,-3.5,7.99630122827632));
#9511=CARTESIAN_POINT('',(3.88578058618805E-15,-3.5,7.99630122827632));
#9512=CARTESIAN_POINT('',(-6.925,-3.5,3.99815061413816));
#9513=CARTESIAN_POINT('',(3.88578058618805E-15,-3.5,7.99630122827632));
#9514=CARTESIAN_POINT('',(-6.925,-3.5,3.99815061413816));
#9515=CARTESIAN_POINT('',(3.88578058618805E-15,-3.5,7.99630122827632));
#9516=CARTESIAN_POINT('Origin',(6.925,-3.5,3.99815061413816));
#9517=CARTESIAN_POINT('',(6.925,-3.5,3.99815061413816));
#9518=CARTESIAN_POINT('',(6.925,-3.5,3.99815061413816));
#9519=CARTESIAN_POINT('',(6.925,-3.5,3.99815061413816));
#9520=CARTESIAN_POINT('Origin',(6.925,-3.5,-3.99815061413816));
#9521=CARTESIAN_POINT('',(6.925,-3.5,-3.99815061413816));
#9522=CARTESIAN_POINT('',(6.925,-3.5,-3.99815061413816));
#9523=CARTESIAN_POINT('',(6.925,-3.5,-3.99815061413816));
#9524=CARTESIAN_POINT('Origin',(-1.11022302462516E-15,-3.5,-7.99630122827632));
#9525=CARTESIAN_POINT('',(-1.11022302462516E-15,-3.5,-7.99630122827632));
#9526=CARTESIAN_POINT('',(-1.11022302462516E-15,-3.5,-7.99630122827632));
#9527=CARTESIAN_POINT('',(-1.11022302462516E-15,-3.5,-7.99630122827632));
#9528=CARTESIAN_POINT('Origin',(-6.925,-3.5,-3.99815061413816));
#9529=CARTESIAN_POINT('',(-6.925,-3.5,-3.99815061413816));
#9530=CARTESIAN_POINT('',(-6.925,-3.5,-3.99815061413816));
#9531=CARTESIAN_POINT('',(-6.925,-3.5,-3.99815061413816));
#9532=CARTESIAN_POINT('Origin',(-6.925,-3.5,3.99815061413816));
#9533=CARTESIAN_POINT('',(-6.925,-3.5,3.99815061413816));
#9534=CARTESIAN_POINT('Origin',(0.,-3.5,0.));
#9535=UNCERTAINTY_MEASURE_WITH_UNIT(LENGTH_MEASURE(0.01),#9539,
'DISTANCE_ACCURACY_VALUE',
'Maximum model space distance between geometric entities at asserted c
onnectivities');
#9536=UNCERTAINTY_MEASURE_WITH_UNIT(LENGTH_MEASURE(0.01),#9539,
'DISTANCE_ACCURACY_VALUE',
'Maximum model space distance between geometric entities at asserted c
onnectivities');
#9537=(
GEOMETRIC_REPRESENTATION_CONTEXT(3)
GLOBAL_UNCERTAINTY_ASSIGNED_CONTEXT((#9535))
GLOBAL_UNIT_ASSIGNED_CONTEXT((#9539,#9541,#9542))
REPRESENTATION_CONTEXT('','3D')
);
#9538=(
GEOMETRIC_REPRESENTATION_CONTEXT(3)
GLOBAL_UNCERTAINTY_ASSIGNED_CONTEXT((#9536))
GLOBAL_UNIT_ASSIGNED_CONTEXT((#9539,#9541,#9542))
REPRESENTATION_CONTEXT('','3D')
);
#9539=(
LENGTH_UNIT()
NAMED_UNIT(*)
SI_UNIT(.MILLI.,.METRE.)
);
#9540=(
LENGTH_UNIT()
NAMED_UNIT(*)
SI_UNIT($,.METRE.)
);
#9541=(
NAMED_UNIT(*)
PLANE_ANGLE_UNIT()
SI_UNIT($,.RADIAN.)
);
#9542=(
NAMED_UNIT(*)
SI_UNIT($,.STERADIAN.)
SOLID_ANGLE_UNIT()
);
#9543=SHAPE_DEFINITION_REPRESENTATION(#9544,#9545);
#9544=PRODUCT_DEFINITION_SHAPE('',$,#9547);
#9545=SHAPE_REPRESENTATION('',(#2894),#9537);
#9546=PRODUCT_DEFINITION_CONTEXT('part definition',#9551,'design');
#9547=PRODUCT_DEFINITION('12mm Power Button With LED',
'12mm Power Button With LED v1',#9548,#9546);
#9548=PRODUCT_DEFINITION_FORMATION('',$,#9553);
#9549=PRODUCT_RELATED_PRODUCT_CATEGORY('12mm Power Button With LED v1',
'12mm Power Button With LED v1',(#9553));
#9550=APPLICATION_PROTOCOL_DEFINITION('international standard',
'ap242_managed_model_based_3d_engineering',2011,#9551);
#9551=APPLICATION_CONTEXT('Managed model based 3d engineering');
#9552=PRODUCT_CONTEXT('part definition',#9551,'mechanical');
#9553=PRODUCT('12mm Power Button With LED',
'12mm Power Button With LED v1',$,(#9552));
#9554=PRESENTATION_STYLE_ASSIGNMENT((#9559));
#9555=PRESENTATION_STYLE_ASSIGNMENT((#9560));
#9556=PRESENTATION_STYLE_ASSIGNMENT((#9561));
#9557=PRESENTATION_STYLE_ASSIGNMENT((#9562));
#9558=PRESENTATION_STYLE_ASSIGNMENT((#9563));
#9559=SURFACE_STYLE_USAGE(.BOTH.,#9564);
#9560=SURFACE_STYLE_USAGE(.BOTH.,#9565);
#9561=SURFACE_STYLE_USAGE(.BOTH.,#9566);
#9562=SURFACE_STYLE_USAGE(.BOTH.,#9567);
#9563=SURFACE_STYLE_USAGE(.BOTH.,#9568);
#9564=SURFACE_SIDE_STYLE('',(#9569));
#9565=SURFACE_SIDE_STYLE('',(#9570));
#9566=SURFACE_SIDE_STYLE('',(#9571));
#9567=SURFACE_SIDE_STYLE('',(#9572));
#9568=SURFACE_SIDE_STYLE('',(#9573));
#9569=SURFACE_STYLE_FILL_AREA(#9574);
#9570=SURFACE_STYLE_FILL_AREA(#9575);
#9571=SURFACE_STYLE_FILL_AREA(#9576);
#9572=SURFACE_STYLE_FILL_AREA(#9577);
#9573=SURFACE_STYLE_FILL_AREA(#9578);
#9574=FILL_AREA_STYLE('Steel - Satin',(#9579));
#9575=FILL_AREA_STYLE('Silver - Polished',(#9580));
#9576=FILL_AREA_STYLE('Opaque(0,0,160)',(#9581));
#9577=FILL_AREA_STYLE('Brass - Polished',(#9582));
#9578=FILL_AREA_STYLE('Rubber - Soft',(#9583));
#9579=FILL_AREA_STYLE_COLOUR('Steel - Satin',#9584);
#9580=FILL_AREA_STYLE_COLOUR('Silver - Polished',#9585);
#9581=FILL_AREA_STYLE_COLOUR('Opaque(0,0,160)',#9586);
#9582=FILL_AREA_STYLE_COLOUR('Brass - Polished',#9587);
#9583=FILL_AREA_STYLE_COLOUR('Rubber - Soft',#9588);
#9584=COLOUR_RGB('Steel - Satin',0.627450980392157,0.627450980392157,0.627450980392157);
#9585=COLOUR_RGB('Silver - Polished',0.984313725490196,0.980392156862745,
0.96078431372549);
#9586=COLOUR_RGB('Opaque(0,0,160)',0.0156862745098039,0.603921568627451,
0.87843137254902);
#9587=COLOUR_RGB('Brass - Polished',0.952941176470588,0.796078431372549,
0.486274509803922);
#9588=COLOUR_RGB('Rubber - Soft',0.152941176470588,0.152941176470588,0.152941176470588);
ENDSEC;
END-ISO-10303-21;
