ISO-10303-21;
HEADER;
FILE_DESCRIPTION (( 'STEP AP214' ),
    '1' );
FILE_NAME ('event gore PMF100320.STEP',
    '2020-11-06T16:33:20',
    ( '' ),
    ( '' ),
    'SwSTEP 2.0',
    'SolidWorks 2019',
    '' );
FILE_SCHEMA (( 'AUTOMOTIVE_DESIGN' ));
ENDSEC;

DATA;
#1 = CARTESIAN_POINT ( 'NONE',  ( -5.619661803323829474, 0.6376042823617330546, -0.3508782973789836279 ) ) ;
#2 = CARTESIAN_POINT ( 'NONE',  ( -5.619661803323829474, 0.3975240214392646854, 0.6447340945263959622 ) ) ;
#3 = VERTEX_POINT ( 'NONE', #268 ) ;
#4 = CARTESIAN_POINT ( 'NONE',  ( 0.4256287514289406326, 0.0000000000000000000, 0.0000000000000000000 ) ) ;
#5 = CARTESIAN_POINT ( 'NONE',  ( -5.519661803323828941, -1.159211031094126598, -2.254627462399870996 ) ) ;
#6 = DIRECTION ( 'NONE',  ( 1.000000000000000000, 0.0000000000000000000, 0.0000000000000000000 ) ) ;
#7 = CARTESIAN_POINT ( 'NONE',  ( 0.9668813965247646802, 7.070052012334011593, -14.14010402466802141 ) ) ;
#8 = EDGE_CURVE ( 'NONE', #3828, #374, #1547, .T. ) ;
#9 = CARTESIAN_POINT ( 'NONE',  ( 1.954793059423414192, 6.082404292049760741, 12.16480858409952504 ) ) ;
#10 = VECTOR ( 'NONE', #2401, 1000.000000000000114 ) ;
#11 = CARTESIAN_POINT ( 'NONE',  ( 9.753081151969086093, 2.148559955790348308, 5.187082584840812416 ) ) ;
#12 = VERTEX_POINT ( 'NONE', #3083 ) ;
#13 = CARTESIAN_POINT ( 'NONE',  ( -5.519661803323828941, 1.930822899253078262, -3.938406036146827827 ) ) ;
#14 = CARTESIAN_POINT ( 'NONE',  ( 0.2843311540174746077, -2.484859455202468759, 5.998981397340808819 ) ) ;
#15 = DIRECTION ( 'NONE',  ( -1.000000000000000000, -0.0000000000000000000, -0.0000000000000000000 ) ) ;
#16 = CARTESIAN_POINT ( 'NONE',  ( -5.519661803323828941, -0.4637826167685011880, 1.393283942022635058 ) ) ;
#17 = CARTESIAN_POINT ( 'NONE',  ( -5.519661803323828941, -0.8810394876184768354, -3.629644510158597015 ) ) ;
#18 = CARTESIAN_POINT ( 'NONE',  ( 4.221831151969085205, -3.667821270315577920, -3.667821270315587245 ) ) ;
#19 = CARTESIAN_POINT ( 'NONE',  ( 9.096831149920696191, -5.998981397340809707, 2.484859455202466538 ) ) ;
#20 = CARTESIAN_POINT ( 'NONE',  ( 9.096831151969086093, 3.667821270315586357, -3.667821270315577920 ) ) ;
#21 = FACE_BOUND ( 'NONE', #2915, .T. ) ;
#22 = EDGE_LOOP ( 'NONE', ( #119, #969, #1054, #2114 ) ) ;
#23 = FACE_OUTER_BOUND ( 'NONE', #2581, .T. ) ;
#24 = FACE_OUTER_BOUND ( 'NONE', #462, .T. ) ;
#25 = ORIENTED_EDGE ( 'NONE', *, *, #2957, .T. ) ;
#26 = DIRECTION ( 'NONE',  ( -0.0000000000000000000, 1.000000000000000000, 0.0000000000000000000 ) ) ;
#27 = VECTOR ( 'NONE', #1285, 1000.000000000000000 ) ;
#28 = FACE_OUTER_BOUND ( 'NONE', #2036, .T. ) ;
#29 = ORIENTED_EDGE ( 'NONE', *, *, #2320, .T. ) ;
#30 = CARTESIAN_POINT ( 'NONE',  ( -5.519661803323828941, 0.5057407503940546389, -0.8316227128471507246 ) ) ;
#31 = CARTESIAN_POINT ( 'NONE',  ( -0.02048535258922726254, 5.536962622234972820, 0.0000000000000000000 ) ) ;
#32 = ADVANCED_FACE ( 'NONE', ( #4692 ), #4303, .T. ) ;
#33 = DIRECTION ( 'NONE',  ( -1.000000000000000000, -0.0000000000000000000, -0.0000000000000000000 ) ) ;
#34 = CARTESIAN_POINT ( 'NONE',  ( 5.628081151969085205, -5.187082584840811528, 2.148559955790349640 ) ) ;
#35 = DIRECTION ( 'NONE',  ( 0.0000000000000000000, 0.0000000000000000000, -1.000000000000000000 ) ) ;
#36 = AXIS2_PLACEMENT_3D ( 'NONE', #4172, #3013, #2508 ) ;
#37 = CARTESIAN_POINT ( 'NONE',  ( 6.565581151969085205, 5.187082584840807975, 2.148559955790359854 ) ) ;
#38 = EDGE_CURVE ( 'NONE', #2201, #4118, #441, .T. ) ;
#39 = DIRECTION ( 'NONE',  ( 1.000000000000000000, 0.0000000000000000000, 0.0000000000000000000 ) ) ;
#40 = ADVANCED_FACE ( 'NONE', ( #1282 ), #4927, .T. ) ;
#41 = CARTESIAN_POINT ( 'NONE',  ( 4.971831154017475995, -5.998981397340809707, 2.484859455202466538 ) ) ;
#42 = EDGE_CURVE ( 'NONE', #139, #4848, #2147, .T. ) ;
#43 = AXIS2_PLACEMENT_3D ( 'NONE', #4331, #4357, #2640 ) ;
#44 = LINE ( 'NONE', #5067, #3590 ) ;
#45 = CARTESIAN_POINT ( 'NONE',  ( -5.619661803323829474, -0.2238187790798542576, 0.2943410420762554436 ) ) ;
#46 = CARTESIAN_POINT ( 'NONE',  ( -5.619661803323829474, 0.5131958366318902787, -3.256069903267517329 ) ) ;
#47 = SURFACE_STYLE_USAGE ( .BOTH. , #5492 ) ;
#48 = CARTESIAN_POINT ( 'NONE',  ( 5.159331151969085205, -5.669459105745301380E-15, 5.187082584840810640 ) ) ;
#49 = PLANE ( 'NONE',  #961 ) ;
#50 = CARTESIAN_POINT ( 'NONE',  ( -5.519661803323828941, -0.2004933423060529518, 3.938455804857458720 ) ) ;
#51 = LINE ( 'NONE', #3910, #3841 ) ;
#52 = ORIENTED_EDGE ( 'NONE', *, *, #5302, .F. ) ;
#53 = CIRCLE ( 'NONE', #673, 8.573554286785633138 ) ;
#54 = LINE ( 'NONE', #2248, #4463 ) ;
#55 = ORIENTED_EDGE ( 'NONE', *, *, #3516, .F. ) ;
#56 = DIRECTION ( 'NONE',  ( 0.0000000000000000000, -0.9659920925649096990, -0.2585716092343992578 ) ) ;
#57 = CARTESIAN_POINT ( 'NONE',  ( -5.619661803323829474, -0.1274838854301168223, -0.02448087327981358224 ) ) ;
#58 = EDGE_LOOP ( 'NONE', ( #5383, #3911, #3647, #271 ) ) ;
#59 = CARTESIAN_POINT ( 'NONE',  ( -5.519661803323828941, 0.3975240214392646854, -3.287054480557445313 ) ) ;
#60 = CARTESIAN_POINT ( 'NONE',  ( 4.784331154017475995, -2.484859455202468759, 5.998981397340807931 ) ) ;
#61 = CARTESIAN_POINT ( 'NONE',  ( -5.519661803323828941, 0.3046836022590236337, -1.267514855292576126 ) ) ;
#62 = CARTESIAN_POINT ( 'NONE',  ( 0.9668813965247647912, -7.070052012334011593, -8.658316566710150725E-16 ) ) ;
#63 = ORIENTED_EDGE ( 'NONE', *, *, #1799, .F. ) ;
#64 = B_SPLINE_CURVE_WITH_KNOTS ( 'NONE', 3,
 ( #1504, #2165, #2551, #3487 ),
 .UNSPECIFIED., .F., .F.,
 ( 4, 4 ),
 ( 1.000000000000000000, 2.000000000000000000 ),
 .UNSPECIFIED. ) ;
#65 = CARTESIAN_POINT ( 'NONE',  ( 1.512306037783867518, 7.070052012334008040, 14.14010402466802141 ) ) ;
#66 = EDGE_CURVE ( 'NONE', #2666, #12, #1330, .T. ) ;
#67 = CARTESIAN_POINT ( 'NONE',  ( 3.096831151969084317, 6.304693514189128749E-15, -5.187082584840810640 ) ) ;
#68 = DIRECTION ( 'NONE',  ( -1.000000000000000000, -0.0000000000000000000, -0.0000000000000000000 ) ) ;
#69 = EDGE_CURVE ( 'NONE', #4769, #4305, #2471, .T. ) ;
#70 = CARTESIAN_POINT ( 'NONE',  ( -5.519661803323828941, -0.7894806127375767479, -1.958869789523899119 ) ) ;
#71 = CARTESIAN_POINT ( 'NONE',  ( -0.02048535258922726254, 6.628118418756894670, 13.25623683751379467 ) ) ;
#72 = CARTESIAN_POINT ( 'NONE',  ( -5.519661803323828941, -0.7894806127375767479, 0.6712963663838882322 ) ) ;
#73 = AXIS2_PLACEMENT_3D ( 'NONE', #3510, #5259, #1118 ) ;
#74 = CARTESIAN_POINT ( 'NONE',  ( 6.846831151969086093, -3.667821270315587245, 3.667821270315577475 ) ) ;
#75 = ADVANCED_FACE ( 'NONE', ( #28 ), #5106, .T. ) ;
#76 = CARTESIAN_POINT ( 'NONE',  ( 10.78433114992069619, -5.998981397340808819, -2.484859455202467871 ) ) ;
#77 = AXIS2_PLACEMENT_3D ( 'NONE', #5275, #663, #2338 ) ;
#78 = CARTESIAN_POINT ( 'NONE',  ( 10.31558115196908609, -2.148559955790347864, -5.187082584840813304 ) ) ;
#79 = FACE_BOUND ( 'NONE', #814, .T. ) ;
#80 = ORIENTED_EDGE ( 'NONE', *, *, #2886, .F. ) ;
#81 = LINE ( 'NONE', #1775, #1450 ) ;
#82 = EDGE_LOOP ( 'NONE', ( #4883, #576, #5157, #4150 ) ) ;
#83 = DIRECTION ( 'NONE',  ( -1.000000000000000000, -0.0000000000000000000, -0.0000000000000000000 ) ) ;
#84 = CARTESIAN_POINT ( 'NONE',  ( -5.519661803323828941, 0.3046836022590236337, -1.247596706307358527 ) ) ;
#85 = CIRCLE ( 'NONE', #1385, 1.939569530566509714 ) ;
#86 = ORIENTED_EDGE ( 'NONE', *, *, #4044, .F. ) ;
#87 = DIRECTION ( 'NONE',  ( 0.0000000000000000000, 0.2588190238698817036, -0.9659258319783365909 ) ) ;
#88 = DIRECTION ( 'NONE',  ( 0.0000000000000000000, 0.0000000000000000000, 1.000000000000000000 ) ) ;
#89 = LINE ( 'NONE', #4310, #1733 ) ;
#90 = CARTESIAN_POINT ( 'NONE',  ( 0.9668813965247647912, 7.070052012334011593, 0.0000000000000000000 ) ) ;
#91 = ORIENTED_EDGE ( 'NONE', *, *, #4679, .F. ) ;
#92 = FACE_OUTER_BOUND ( 'NONE', #4457, .T. ) ;
#93 = ORIENTED_EDGE ( 'NONE', *, *, #4988, .F. ) ;
#94 = CARTESIAN_POINT ( 'NONE',  ( 4.503081151969085205, -2.148559955790347864, -5.187082584840813304 ) ) ;
#95 = DIRECTION ( 'NONE',  ( 0.0000000000000000000, 0.0000000000000000000, -1.000000000000000000 ) ) ;
#96 = CARTESIAN_POINT ( 'NONE',  ( -5.519661803323828941, 0.2678738640052119035, 0.08152292550487844069 ) ) ;
#97 = CARTESIAN_POINT ( 'NONE',  ( 2.065581154017475995, -5.998981397340809707, -1.101995004959690659E-15 ) ) ;
#98 = CARTESIAN_POINT ( 'NONE',  ( -5.619661803323829474, 1.479317601293971274, 6.447979051232596959 ) ) ;
#99 = EDGE_CURVE ( 'NONE', #265, #4468, #3459, .T. ) ;
#100 = CARTESIAN_POINT ( 'NONE',  ( -5.519661803323828941, 0.3046836022590236337, -2.913248804652626145 ) ) ;
#101 = CARTESIAN_POINT ( 'NONE',  ( 9.940581149920696191, 5.998981397340809707, 3.673316683198969520E-16 ) ) ;
#102 = CARTESIAN_POINT ( 'NONE',  ( 8.909331151969086093, 6.304693514189128749E-15, -5.187082584840810640 ) ) ;
#103 = DIRECTION ( 'NONE',  ( -1.000000000000000000, -0.0000000000000000000, -0.0000000000000000000 ) ) ;
#104 = VERTEX_POINT ( 'NONE', #3386 ) ;
#105 = EDGE_CURVE ( 'NONE', #4246, #5355, #5078, .T. ) ;
#106 = EDGE_CURVE ( 'NONE', #4687, #1178, #2027, .T. ) ;
#107 = FACE_OUTER_BOUND ( 'NONE', #3939, .T. ) ;
#108 = EDGE_LOOP ( 'NONE', ( #885, #2054, #1585, #2316, #2276, #4845, #144, #5497, #5299, #365, #5192, #791, #4179, #312, #2444, #1674, #5400 ) ) ;
#109 =( BOUNDED_CURVE ( )  B_SPLINE_CURVE ( 2, ( #1848, #3534, #480, #4808, #2189, #1793, #5287, #680, #1987 ),
 .UNSPECIFIED., .F., .T. ) 
 B_SPLINE_CURVE_WITH_KNOTS ( ( 3, 2, 2, 2, 3 ),
 ( 0.7142857142857141906, 0.7321428571428569843, 0.7500000000000000000, 0.7678571428571430157, 0.7857142857142858094 ),
 .UNSPECIFIED. ) 
 CURVE ( )  GEOMETRIC_REPRESENTATION_ITEM ( )  RATIONAL_B_SPLINE_CURVE ( ( 1.000000000000000444, 0.9238795325112862944, 1.000000000000000000, 0.9238795325112867385, 1.000000000000000000, 0.9238795325112867385, 1.000000000000000000, 0.9238795325112862944, 1.000000000000000444 ) ) 
 REPRESENTATION_ITEM ( '' )  );
#110 = CARTESIAN_POINT ( 'NONE',  ( -5.519661803323828941, 1.479317601293971274, -3.027091175365248077 ) ) ;
#111 = CARTESIAN_POINT ( 'NONE',  ( -5.619661803323829474, -0.09253780764491525979, -0.01504614770301610123 ) ) ;
#112 = ORIENTED_EDGE ( 'NONE', *, *, #3283, .F. ) ;
#113 = DIRECTION ( 'NONE',  ( -1.000000000000000000, -0.0000000000000000000, -0.0000000000000000000 ) ) ;
#114 = EDGE_LOOP ( 'NONE', ( #2273, #2332, #1774, #4365, #3490, #2853, #2421, #1148, #5155, #2245, #3642, #4165 ) ) ;
#115 = DIRECTION ( 'NONE',  ( 0.0000000000000000000, 0.0000000000000000000, -1.000000000000000000 ) ) ;
#116 = CARTESIAN_POINT ( 'NONE',  ( 1.315581151969084761, -5.187082584840807087, -2.148559955790362519 ) ) ;
#117 = EDGE_LOOP ( 'NONE', ( #1938, #1134, #2877, #2922 ) ) ;
#118 = CARTESIAN_POINT ( 'NONE',  ( 9.466764881985325175, 3.069774772198836210, 4.301141904233355184 ) ) ;
#119 = ORIENTED_EDGE ( 'NONE', *, *, #2035, .T. ) ;
#120 = CARTESIAN_POINT ( 'NONE',  ( 2.628081151969085649, -5.187082584840811528, 2.148559955790349640 ) ) ;
#121 = CARTESIAN_POINT ( 'NONE',  ( -5.519661803323828941, -0.9191307701716237011, -2.515095564514379323 ) ) ;
#122 = VECTOR ( 'NONE', #2994, 1000.000000000000000 ) ;
#123 = CARTESIAN_POINT ( 'NONE',  ( -5.519661803323828941, -0.9191307701716237011, -2.515095564514379323 ) ) ;
#124 = DIRECTION ( 'NONE',  ( -1.000000000000000000, -0.0000000000000000000, -0.0000000000000000000 ) ) ;
#125 = DIRECTION ( 'NONE',  ( -1.000000000000000000, -0.0000000000000000000, -0.0000000000000000000 ) ) ;
#126 = VECTOR ( 'NONE', #1998, 1000.000000000000000 ) ;
#127 = EDGE_CURVE ( 'NONE', #1207, #1048, #2226, .T. ) ;
#128 = AXIS2_PLACEMENT_3D ( 'NONE', #1698, #3363, #3306 ) ;
#129 = CARTESIAN_POINT ( 'NONE',  ( 6.096831149920696191, -5.998981397340809707, 2.484859455202466538 ) ) ;
#130 = CARTESIAN_POINT ( 'NONE',  ( 1.690581151969085205, 5.187082584840812416, -2.148559955790347864 ) ) ;
#131 = DIRECTION ( 'NONE',  ( 0.0000000000000000000, 0.0000000000000000000, -1.000000000000000000 ) ) ;
#132 = ORIENTED_EDGE ( 'NONE', *, *, #741, .T. ) ;
#133 = FACE_OUTER_BOUND ( 'NONE', #3804, .T. ) ;
#134 = VECTOR ( 'NONE', #1170, 1000.000000000000000 ) ;
#135 = VERTEX_POINT ( 'NONE', #5159 ) ;
#136 = CARTESIAN_POINT ( 'NONE',  ( -5.619661803323829474, -0.4637826167685011880, -0.06047431580622770336 ) ) ;
#137 = EDGE_CURVE ( 'NONE', #1853, #1262, #3096, .T. ) ;
#138 = CARTESIAN_POINT ( 'NONE',  ( 9.532670181026478673, 5.015467072719324015, 1.323221744239065023 ) ) ;
#139 = VERTEX_POINT ( 'NONE', #2641 ) ;
#140 = FACE_OUTER_BOUND ( 'NONE', #161, .T. ) ;
#141 = CARTESIAN_POINT ( 'NONE',  ( 8.815581149920694415, 0.0000000000000000000, 5.998981397340809707 ) ) ;
#142 = CARTESIAN_POINT ( 'NONE',  ( -5.519661803323828941, -0.8810394876184768354, 0.3020338627802104936 ) ) ;
#143 = FACE_OUTER_BOUND ( 'NONE', #4994, .T. ) ;
#144 = ORIENTED_EDGE ( 'NONE', *, *, #1841, .F. ) ;
#145 = CARTESIAN_POINT ( 'NONE',  ( -5.519661803323828941, 0.3046836022590236337, -0.3161646216979667745 ) ) ;
#146 = EDGE_CURVE ( 'NONE', #3159, #1096, #4319, .T. ) ;
#147 = CARTESIAN_POINT ( 'NONE',  ( -5.619661803323829474, -0.7755022704961843649, -1.519593374754033777 ) ) ;
#148 = ORIENTED_EDGE ( 'NONE', *, *, #1009, .F. ) ;
#149 = CARTESIAN_POINT ( 'NONE',  ( 10.03433115196908787, -5.187082584840810640, -6.622310718411043223E-15 ) ) ;
#150 = DIRECTION ( 'NONE',  ( 0.0000000000000000000, 0.1391740617653174361, -0.9902679337087227918 ) ) ;
#151 = DIRECTION ( 'NONE',  ( 0.0000000000000000000, 0.0000000000000000000, -1.000000000000000000 ) ) ;
#152 = CARTESIAN_POINT ( 'NONE',  ( -5.519661803323828941, -0.2238187790798542576, 0.2943410420762554436 ) ) ;
#153 = CARTESIAN_POINT ( 'NONE',  ( -5.519661803323828941, 0.6376042823617330546, -0.9442635246883085420 ) ) ;
#154 = CARTESIAN_POINT ( 'NONE',  ( 3.378081149920695303, -4.241920426271637012, -4.241920426271638789 ) ) ;
#155 = CARTESIAN_POINT ( 'NONE',  ( 6.565581151969085205, 2.148559955790348308, 5.187082584840812416 ) ) ;
#156 = CARTESIAN_POINT ( 'NONE',  ( 2.909331149920694859, -2.484859455202468759, 5.998981397340807931 ) ) ;
#157 = ORIENTED_EDGE ( 'NONE', *, *, #4370, .T. ) ;
#158 = CARTESIAN_POINT ( 'NONE',  ( 6.003081149920695303, -4.241920426271638789, 4.241920426271637012 ) ) ;
#159 = ADVANCED_FACE ( 'NONE', ( #2250 ), #993, .F. ) ;
#160 = DIRECTION ( 'NONE',  ( -1.000000000000000000, -0.0000000000000000000, -0.0000000000000000000 ) ) ;
#161 = EDGE_LOOP ( 'NONE', ( #348, #689, #3144, #4020 ) ) ;
#162 =( NAMED_UNIT ( * ) SI_UNIT ( $, .STERADIAN. ) SOLID_ANGLE_UNIT ( ) );
#163 = AXIS2_PLACEMENT_3D ( 'NONE', #5498, #4665, #2947 ) ;
#164 = CARTESIAN_POINT ( 'NONE',  ( 9.471831151969086093, 5.187082584840810640, 5.987076309967214276E-15 ) ) ;
#165 = ORIENTED_EDGE ( 'NONE', *, *, #1769, .F. ) ;
#166 = FACE_BOUND ( 'NONE', #4503, .T. ) ;
#167 = CARTESIAN_POINT ( 'NONE',  ( -5.519661803323828941, -0.4637826167685011880, 0.8125968457457942717 ) ) ;
#168 = ORIENTED_EDGE ( 'NONE', *, *, #2113, .T. ) ;
#169 = CARTESIAN_POINT ( 'NONE',  ( -5.519661803323828941, 0.0000000000000000000, 0.0000000000000000000 ) ) ;
#170 = EDGE_CURVE ( 'NONE', #4743, #2867, #1402, .T. ) ;
#171 = CARTESIAN_POINT ( 'NONE',  ( -0.02048535258922726254, 6.628118418756897334, 0.0000000000000000000 ) ) ;
#172 = ORIENTED_EDGE ( 'NONE', *, *, #703, .F. ) ;
#173 = CARTESIAN_POINT ( 'NONE',  ( -5.519661803323828941, -0.1434427557374629292, -0.08284179633719475355 ) ) ;
#174 = VECTOR ( 'NONE', #1860, 1000.000000000000000 ) ;
#175 = CARTESIAN_POINT ( 'NONE',  ( 3.565581151969084761, 5.187082584840807975, 2.148559955790359854 ) ) ;
#176 = DIRECTION ( 'NONE',  ( -1.000000000000000000, -0.0000000000000000000, -0.0000000000000000000 ) ) ;
#177 = EDGE_CURVE ( 'NONE', #2279, #3353, #4905, .T. ) ;
#178 = CARTESIAN_POINT ( 'NONE',  ( 2.534331151969085649, -5.187082584840810640, -6.622310718411043223E-15 ) ) ;
#179 = DIRECTION ( 'NONE',  ( 0.0000000000000000000, -0.0000000000000000000, -1.000000000000000000 ) ) ;
#180 = CARTESIAN_POINT ( 'NONE',  ( -5.519661803323828941, 0.3046836022590236337, -1.247596706307358527 ) ) ;
#181 = DIRECTION ( 'NONE',  ( -1.000000000000000000, -0.0000000000000000000, -0.0000000000000000000 ) ) ;
#182 = CARTESIAN_POINT ( 'NONE',  ( 3.940581149920694415, 5.998981397340809707, 3.673316683198969520E-16 ) ) ;
#183 = CARTESIAN_POINT ( 'NONE',  ( 3.471831151969084761, 3.667821270315578364, 3.667821270315586357 ) ) ;
#184 = CARTESIAN_POINT ( 'NONE',  ( 3.378081149920695303, -4.241920426271637012, -4.241920426271638789 ) ) ;
#185 = ORIENTED_EDGE ( 'NONE', *, *, #5016, .T. ) ;
#186 = PRODUCT_DEFINITION_SHAPE ( 'NONE', 'NONE',  #591 ) ;
#187 = DIRECTION ( 'NONE',  ( -1.000000000000000000, -0.0000000000000000000, -0.0000000000000000000 ) ) ;
#188 = CARTESIAN_POINT ( 'NONE',  ( -5.519661803323828941, 0.3046836022590236337, -2.913248804652626145 ) ) ;
#189 = EDGE_LOOP ( 'NONE', ( #3965, #3597, #2693, #4422, #888, #2448, #5129, #4583, #2206, #2792, #3727, #4910 ) ) ;
#190 = CARTESIAN_POINT ( 'NONE',  ( -5.519661803323828941, 0.5057407503940546389, 0.4898112080769400634 ) ) ;
#191 = CARTESIAN_POINT ( 'NONE',  ( 9.409601474538158428, 4.418517056873303872, -2.981399747933677347 ) ) ;
#192 = ORIENTED_EDGE ( 'NONE', *, *, #2175, .T. ) ;
#193 = CARTESIAN_POINT ( 'NONE',  ( -5.619661803323829474, -0.4637826167685011880, 0.8125968457457942717 ) ) ;
#194 = FACE_OUTER_BOUND ( 'NONE', #3937, .T. ) ;
#195 = DIRECTION ( 'NONE',  ( -0.0000000000000000000, 1.000000000000000000, 0.0000000000000000000 ) ) ;
#196 = CARTESIAN_POINT ( 'NONE',  ( -0.02048535258922726254, 5.536962622234972820, -11.07392524446994564 ) ) ;
#197 = VERTEX_POINT ( 'NONE', #573 ) ;
#198 = CARTESIAN_POINT ( 'NONE',  ( -5.619661803323829474, 0.3046836022590236337, -2.224574270980792523 ) ) ;
#199 = VECTOR ( 'NONE', #5001, 1000.000000000000000 ) ;
#200 = B_SPLINE_CURVE_WITH_KNOTS ( 'NONE', 3,
 ( #3984, #1516, #5204, #1398 ),
 .UNSPECIFIED., .F., .F.,
 ( 4, 4 ),
 ( 4.000000000000000000, 5.000000000000000000 ),
 .UNSPECIFIED. ) ;
#201 = EDGE_CURVE ( 'NONE', #4082, #5414, #5309, .T. ) ;
#202 = VERTEX_POINT ( 'NONE', #3135 ) ;
#203 = CARTESIAN_POINT ( 'NONE',  ( 3.565581151969084761, 2.148559955790348308, 5.187082584840812416 ) ) ;
#204 = CARTESIAN_POINT ( 'NONE',  ( 2.259522430485374933, -5.653939758817672079, -0.9509680933123539903 ) ) ;
#205 = CARTESIAN_POINT ( 'NONE',  ( 3.284331151969084761, 5.187082584840810640, 5.987076309967215065E-15 ) ) ;
#206 = EDGE_CURVE ( 'NONE', #1096, #3278, #2595, .T. ) ;
#207 = CARTESIAN_POINT ( 'NONE',  ( -5.519661803323828941, -0.8262907953548989104, -1.931376131795591533 ) ) ;
#208 = ORIENTED_EDGE ( 'NONE', *, *, #1390, .T. ) ;
#209 = CARTESIAN_POINT ( 'NONE',  ( 9.113744344464173253, -5.000748400856453557, -2.680434500098054063 ) ) ;
#210 = EDGE_CURVE ( 'NONE', #217, #139, #4187, .T. ) ;
#211 = CARTESIAN_POINT ( 'NONE',  ( 4.315581149920694415, 0.0000000000000000000, 5.998981397340809707 ) ) ;
#212 = CARTESIAN_POINT ( 'NONE',  ( 6.190581151969085205, 5.187082584840812416, -2.148559955790347864 ) ) ;
#213 = CARTESIAN_POINT ( 'NONE',  ( -5.519661803323828941, 2.113893546485134056, -4.121490903010485596 ) ) ;
#214 = VERTEX_POINT ( 'NONE', #3764 ) ;
#215 = CARTESIAN_POINT ( 'NONE',  ( 6.284331149920697079, -5.998981397340807931, -2.484859455202467871 ) ) ;
#216 = CARTESIAN_POINT ( 'NONE',  ( -5.519661803323828941, -0.1434427557374629292, 1.479134967900401332 ) ) ;
#217 = VERTEX_POINT ( 'NONE', #1302 ) ;
#218 = CARTESIAN_POINT ( 'NONE',  ( 8.909331151969086093, 6.304693514189128749E-15, -5.187082584840810640 ) ) ;
#219 = CARTESIAN_POINT ( 'NONE',  ( 9.355936110285359320, 3.032494439332056757, -4.457277447592158381 ) ) ;
#220 = ORIENTED_EDGE ( 'NONE', *, *, #38, .T. ) ;
#221 = CARTESIAN_POINT ( 'NONE',  ( 2.492805465815127963, 5.851270651821511848, 1.323030447409795807 ) ) ;
#222 = AXIS2_PLACEMENT_3D ( 'NONE', #1832, #83, #3491 ) ;
#223 = CARTESIAN_POINT ( 'NONE',  ( -5.619661803323829474, 0.6376042823617330546, -2.135346082594348882 ) ) ;
#224 = DIRECTION ( 'NONE',  ( -1.000000000000000000, -0.0000000000000000000, -0.0000000000000000000 ) ) ;
#225 = ORIENTED_EDGE ( 'NONE', *, *, #531, .T. ) ;
#226 = CARTESIAN_POINT ( 'NONE',  ( -5.619661803323829474, -1.034802585364283933, -2.545962829843441799 ) ) ;
#227 = CIRCLE ( 'NONE', #2891, 7.507123992640686083 ) ;
#228 = ORIENTED_EDGE ( 'NONE', *, *, #3191, .T. ) ;
#229 = CARTESIAN_POINT ( 'NONE',  ( 9.284331151969086093, 5.187082584840810640, 5.987076309967215065E-15 ) ) ;
#230 = CARTESIAN_POINT ( 'NONE',  ( -5.519661803323828941, -0.09253780764491525979, -0.01504614770301610123 ) ) ;
#231 = CARTESIAN_POINT ( 'NONE',  ( 2.443990176451201979, -0.7487572354403208008, -5.907199426736839953 ) ) ;
#232 = AXIS2_PLACEMENT_3D ( 'NONE', #4574, #3298, #1183 ) ;
#233 = EDGE_CURVE ( 'NONE', #4923, #2699, #510, .T. ) ;
#234 = DIRECTION ( 'NONE',  ( -1.000000000000000000, -0.0000000000000000000, -0.0000000000000000000 ) ) ;
#235 = VECTOR ( 'NONE', #3049, 1000.000000000000000 ) ;
#236 = AXIS2_PLACEMENT_3D ( 'NONE', #3271, #2000, #1666 ) ;
#237 = FACE_OUTER_BOUND ( 'NONE', #1986, .T. ) ;
#238 = ORIENTED_EDGE ( 'NONE', *, *, #2469, .F. ) ;
#239 = CARTESIAN_POINT ( 'NONE',  ( -5.619661803323829474, -2.113893546485134056, -4.121490903010485596 ) ) ;
#240 = ADVANCED_FACE ( 'NONE', ( #1690 ), #2943, .F. ) ;
#241 = CARTESIAN_POINT ( 'NONE',  ( 6.471831149920695303, -2.484859455202463430, -5.998981397340811483 ) ) ;
#242 = CARTESIAN_POINT ( 'NONE',  ( 2.159331151969085205, -5.669459105745301380E-15, 5.187082584840810640 ) ) ;
#243 = ORIENTED_EDGE ( 'NONE', *, *, #2286, .T. ) ;
#244 = CARTESIAN_POINT ( 'NONE',  ( -5.619661803323829474, -1.159211031094126598, -0.7364507184454957001 ) ) ;
#245 = DIRECTION ( 'NONE',  ( 0.0000000000000000000, -0.0000000000000000000, -1.000000000000000000 ) ) ;
#246 = ADVANCED_FACE ( 'NONE', ( #1747 ), #49, .F. ) ;
#247 = PLANE ( 'NONE',  #4751 ) ;
#248 = ORIENTED_EDGE ( 'NONE', *, *, #3220, .T. ) ;
#249 = CARTESIAN_POINT ( 'NONE',  ( 9.532670181029274659, 2.610811709521125401, 4.482129846332679080 ) ) ;
#250 = CARTESIAN_POINT ( 'NONE',  ( 9.190581151969087870, 2.148559955790360299, -5.187082584840807975 ) ) ;
#251 = ORIENTED_EDGE ( 'NONE', *, *, #4204, .T. ) ;
#252 = CARTESIAN_POINT ( 'NONE',  ( -5.619661803323829474, 0.3046836022590236337, 0.9925676132857181866 ) ) ;
#253 = CARTESIAN_POINT ( 'NONE',  ( -5.519661803323828941, 0.5131958366318902787, -3.256069903267517329 ) ) ;
#254 = EDGE_LOOP ( 'NONE', ( #3151, #5350, #1517, #747 ) ) ;
#255 = AXIS2_PLACEMENT_3D ( 'NONE', #5042, #3848, #4236 ) ;
#256 = CARTESIAN_POINT ( 'NONE',  ( 0.0000000000000000000, 0.0000000000000000000, 0.0000000000000000000 ) ) ;
#257 = ORIENTED_EDGE ( 'NONE', *, *, #4707, .T. ) ;
#258 = CARTESIAN_POINT ( 'NONE',  ( 5.815581151969084317, -2.148559955790347864, -5.187082584840813304 ) ) ;
#259 = AXIS2_PLACEMENT_3D ( 'NONE', #1558, #4106, #4935 ) ;
#260 = CARTESIAN_POINT ( 'NONE',  ( -5.519661803323828941, -0.8080021272800940180, -3.265387316883495927 ) ) ;
#261 = CARTESIAN_POINT ( 'NONE',  ( 0.0000000000000000000, 0.0000000000000000000, 3.389253054512366692 ) ) ;
#262 = B_SPLINE_CURVE_WITH_KNOTS ( 'NONE', 3,
 ( #1155, #1215, #2493, #2434 ),
 .UNSPECIFIED., .F., .F.,
 ( 4, 4 ),
 ( 0.0000000000000000000, 1.000000000000000000 ),
 .UNSPECIFIED. ) ;
#263 = ORIENTED_EDGE ( 'NONE', *, *, #2656, .F. ) ;
#264 = CARTESIAN_POINT ( 'NONE',  ( -5.519661803323828941, 0.2538955217638021455, -0.3578672463179419228 ) ) ;
#265 = VERTEX_POINT ( 'NONE', #2163 ) ;
#266 = CARTESIAN_POINT ( 'NONE',  ( 9.284331154017477772, -2.484859455202468759, 5.998981397340808819 ) ) ;
#267 = EDGE_CURVE ( 'NONE', #2279, #1568, #5346, .T. ) ;
#268 = CARTESIAN_POINT ( 'NONE',  ( -5.619661803323829474, 0.3975240214392646854, -0.6639945855494018279 ) ) ;
#269 = CARTESIAN_POINT ( 'NONE',  ( -5.519661803323828941, -0.9191307701716237011, -1.213466035522574149 ) ) ;
#270 = CARTESIAN_POINT ( 'NONE',  ( -5.519661803323828941, -0.7755022704961843649, -2.821222903745839172 ) ) ;
#271 = ORIENTED_EDGE ( 'NONE', *, *, #2543, .T. ) ;
#272 = CARTESIAN_POINT ( 'NONE',  ( 4.878081151969085205, 5.187082584840813304, -2.148559955790347864 ) ) ;
#273 = EDGE_CURVE ( 'NONE', #4648, #4005, #851, .T. ) ;
#274 = ORIENTED_EDGE ( 'NONE', *, *, #4725, .F. ) ;
#275 = ADVANCED_FACE ( 'NONE', ( #878 ), #1064, .F. ) ;
#276 = CARTESIAN_POINT ( 'NONE',  ( -5.519661803323828941, -0.8810394876184768354, -2.328132293127599173 ) ) ;
#277 = CARTESIAN_POINT ( 'NONE',  ( -5.619661803323829474, -1.034802585364283933, -2.545962829843441799 ) ) ;
#278 = ORIENTED_EDGE ( 'NONE', *, *, #3153, .F. ) ;
#279 = CYLINDRICAL_SURFACE ( 'NONE', #1819, 5.998981397340809707 ) ;
#280 = VERTEX_POINT ( 'NONE', #3895 ) ;
#281 = CARTESIAN_POINT ( 'NONE',  ( 6.190581151969085205, 5.187082584840812416, -2.148559955790347864 ) ) ;
#282 = FACE_OUTER_BOUND ( 'NONE', #2045, .T. ) ;
#283 = CARTESIAN_POINT ( 'NONE',  ( 1.409331149920693527, -2.484859455202468759, 5.998981397340808819 ) ) ;
#284 = CARTESIAN_POINT ( 'NONE',  ( -5.619661803323829474, -0.4637826167685011880, -2.971375103788334027 ) ) ;
#285 = ORIENTED_EDGE ( 'NONE', *, *, #2415, .T. ) ;
#286 = CARTESIAN_POINT ( 'NONE',  ( 8.943077248504112120, -4.548861383640875111, 3.704851729871239563 ) ) ;
#287 = EDGE_LOOP ( 'NONE', ( #2089, #4774, #1882, #655 ) ) ;
#288 = CARTESIAN_POINT ( 'NONE',  ( 5.440581154017475995, 7.346633366397939041E-16, -5.998981397340809707 ) ) ;
#289 = DIRECTION ( 'NONE',  ( 0.0000000000000000000, 1.000000000000000000, 0.0000000000000000000 ) ) ;
#290 = CARTESIAN_POINT ( 'NONE',  ( 7.221831154017476884, 5.998981397340809707, -2.484859455202464762 ) ) ;
#291 = DIRECTION ( 'NONE',  ( -0.0000000000000000000, 0.0000000000000000000, 1.000000000000000000 ) ) ;
#292 = DIRECTION ( 'NONE',  ( 0.0000000000000000000, 0.0000000000000000000, 1.000000000000000000 ) ) ;
#293 = EDGE_LOOP ( 'NONE', ( #3520, #4638, #434, #1508 ) ) ;
#294 = ADVANCED_FACE ( 'NONE', ( #4228 ), #524, .F. ) ;
#295 = DIRECTION ( 'NONE',  ( 0.0000000000000000000, -0.8386712082700421567, -0.5446380490003132069 ) ) ;
#296 = CARTESIAN_POINT ( 'NONE',  ( 6.659331151969086093, 3.667821270315578364, 3.667821270315586357 ) ) ;
#297 = CARTESIAN_POINT ( 'NONE',  ( -5.519661803323828941, -0.4637826167685011880, -2.737700342545092980 ) ) ;
#298 = EDGE_LOOP ( 'NONE', ( #4914, #4829, #2972, #5306 ) ) ;
#299 = CARTESIAN_POINT ( 'NONE',  ( -5.619661803323829474, -0.2238187790798542576, 0.2943410420762554436 ) ) ;
#300 = ORIENTED_EDGE ( 'NONE', *, *, #341, .T. ) ;
#301 = EDGE_CURVE ( 'NONE', #5038, #2959, #4447, .T. ) ;
#302 = CARTESIAN_POINT ( 'NONE',  ( 5.628081154017475995, 4.241920426271637901, -4.241920426271637012 ) ) ;
#303 = AXIS2_PLACEMENT_3D ( 'NONE', #2170, #4993, #860 ) ;
#304 = ORIENTED_EDGE ( 'NONE', *, *, #976, .T. ) ;
#305 = CARTESIAN_POINT ( 'NONE',  ( 3.846831151969085205, -3.667821270315587245, 3.667821270315577475 ) ) ;
#306 = CARTESIAN_POINT ( 'NONE',  ( 7.784331149920695303, -5.998981397340807931, -2.484859455202467871 ) ) ;
#307 = CARTESIAN_POINT ( 'NONE',  ( 6.378081151969084317, 5.187082584840812416, -2.148559955790347864 ) ) ;
#308 = ADVANCED_FACE ( 'NONE', ( #2671 ), #2755, .F. ) ;
#309 = VECTOR ( 'NONE', #4973, 1000.000000000000000 ) ;
#310 = DIRECTION ( 'NONE',  ( -1.000000000000000000, -0.0000000000000000000, -0.0000000000000000000 ) ) ;
#311 = CARTESIAN_POINT ( 'NONE',  ( 11.15933115196908609, 3.667821270315578364, 3.667821270315586357 ) ) ;
#312 = ORIENTED_EDGE ( 'NONE', *, *, #1622, .F. ) ;
#313 = VECTOR ( 'NONE', #2450, 1000.000000000000000 ) ;
#314 = CARTESIAN_POINT ( 'NONE',  ( 8.999893707043263191, -5.549412791461501904, 1.695532777650830658 ) ) ;
#315 = ORIENTED_EDGE ( 'NONE', *, *, #3726, .F. ) ;
#316 = CARTESIAN_POINT ( 'NONE',  ( 8.440581154017475995, 7.346633366397939041E-16, -5.998981397340809707 ) ) ;
#317 = CARTESIAN_POINT ( 'NONE',  ( -5.519661803323828941, -1.027347499126436858, 0.2628943267589053390 ) ) ;
#318 = CARTESIAN_POINT ( 'NONE',  ( 7.690581154017475995, 0.0000000000000000000, 5.998981397340809707 ) ) ;
#319 = FACE_BOUND ( 'NONE', #1685, .T. ) ;
#320 = CARTESIAN_POINT ( 'NONE',  ( -5.619661803323829474, -0.9191307701716237011, -1.213466035522574149 ) ) ;
#321 = ORIENTED_EDGE ( 'NONE', *, *, #267, .T. ) ;
#322 = CARTESIAN_POINT ( 'NONE',  ( 5.253081151969085205, 2.148559955790348752, 5.187082584840813304 ) ) ;
#323 = CARTESIAN_POINT ( 'NONE',  ( 0.9668813965247647912, -7.070052012334011593, -8.658316566710150725E-16 ) ) ;
#324 = ORIENTED_EDGE ( 'NONE', *, *, #5260, .F. ) ;
#325 = EDGE_CURVE ( 'NONE', #581, #4946, #5176, .T. ) ;
#326 = CARTESIAN_POINT ( 'NONE',  ( 9.532670181029274659, 2.610811709521125401, 4.482129846332679080 ) ) ;
#327 = CARTESIAN_POINT ( 'NONE',  ( 4.128081154017475107, 4.241920426271637901, -4.241920426271637012 ) ) ;
#328 = VERTEX_POINT ( 'NONE', #550 ) ;
#329 = FACE_OUTER_BOUND ( 'NONE', #3272, .T. ) ;
#330 = VERTEX_POINT ( 'NONE', #3947 ) ;
#331 = CARTESIAN_POINT ( 'NONE',  ( -5.619661803323829474, -1.159211031094126598, -2.115427933609108635 ) ) ;
#332 = CARTESIAN_POINT ( 'NONE',  ( -5.619661803323829474, 0.6376042823617330546, 0.2379602027213579829 ) ) ;
#333 = ADVANCED_FACE ( 'NONE', ( #143 ), #3196, .F. ) ;
#334 = CARTESIAN_POINT ( 'NONE',  ( 7.878081149920696191, -4.241920426271637012, -4.241920426271638789 ) ) ;
#335 = CARTESIAN_POINT ( 'NONE',  ( -5.619661803323829474, 0.6376042823617330546, -0.3508782973789836279 ) ) ;
#336 = CARTESIAN_POINT ( 'NONE',  ( 10.22183115196908787, -5.187082584840810640, -6.622310718411041645E-15 ) ) ;
#337 = LINE ( 'NONE', #726, #199 ) ;
#338 = AXIS2_PLACEMENT_3D ( 'NONE', #670, #2373, #2318 ) ;
#339 = CARTESIAN_POINT ( 'NONE',  ( 6.846831151969086093, -5.669459105745301380E-15, 5.187082584840810640 ) ) ;
#340 = ORIENTED_EDGE ( 'NONE', *, *, #2788, .F. ) ;
#341 = EDGE_CURVE ( 'NONE', #1308, #581, #1480, .T. ) ;
#342 = CARTESIAN_POINT ( 'NONE',  ( -5.519661803323828941, 0.3046836022590236337, -1.611619275660786332 ) ) ;
#343 = ORIENTED_EDGE ( 'NONE', *, *, #4507, .T. ) ;
#344 = CARTESIAN_POINT ( 'NONE',  ( 1.128081151969084761, -5.187082584840807087, -2.148559955790362519 ) ) ;
#345 = CARTESIAN_POINT ( 'NONE',  ( -5.519661803323828941, 0.3046836022590236337, 1.018546880246989694 ) ) ;
#346 = DIRECTION ( 'NONE',  ( 0.0000000000000000000, 0.9271337714083852655, -0.3747305297331189888 ) ) ;
#347 = CARTESIAN_POINT ( 'NONE',  ( 6.846831154017476884, -2.484859455202457656, -5.998981397340817701 ) ) ;
#348 = ORIENTED_EDGE ( 'NONE', *, *, #2214, .F. ) ;
#349 = CARTESIAN_POINT ( 'NONE',  ( 6.284331151969085205, 3.667821270315586357, -3.667821270315577920 ) ) ;
#350 = DIRECTION ( 'NONE',  ( 0.0000000000000000000, 0.9659333409038938223, 0.2587909985494898923 ) ) ;
#351 = ORIENTED_EDGE ( 'NONE', *, *, #3122, .T. ) ;
#352 = LINE ( 'NONE', #408, #1915 ) ;
#353 = CARTESIAN_POINT ( 'NONE',  ( 4.409331154017475995, 5.998981397340809707, 2.484859455202465206 ) ) ;
#354 = ORIENTED_EDGE ( 'NONE', *, *, #3033, .T. ) ;
#355 = PRESENTATION_STYLE_ASSIGNMENT (( #2978 ) ) ;
#356 = ORIENTED_EDGE ( 'NONE', *, *, #4921, .T. ) ;
#357 = CARTESIAN_POINT ( 'NONE',  ( 1.954793059423414192, -6.082404292049762518, -12.16480858409952504 ) ) ;
#358 = CARTESIAN_POINT ( 'NONE',  ( 0.8468311519690842060, -3.667821270315587245, 3.667821270315577475 ) ) ;
#359 = CARTESIAN_POINT ( 'NONE',  ( 7.409331149920696191, -2.484859455202468759, 5.998981397340807931 ) ) ;
#360 = FACE_OUTER_BOUND ( 'NONE', #287, .T. ) ;
#361 = CARTESIAN_POINT ( 'NONE',  ( 10.78433115196908609, 3.667821270315586357, -3.667821270315577920 ) ) ;
#362 = CARTESIAN_POINT ( 'NONE',  ( 1.512306037783867296, 5.095037542935743957, 1.247924283698370819E-15 ) ) ;
#363 = EDGE_CURVE ( 'NONE', #3063, #1408, #4771, .T. ) ;
#364 = CARTESIAN_POINT ( 'NONE',  ( 8.721831151969086093, -5.187082584840810640, -6.622310718411043223E-15 ) ) ;
#365 = ORIENTED_EDGE ( 'NONE', *, *, #4837, .F. ) ;
#366 = CARTESIAN_POINT ( 'NONE',  ( 9.220122469856246283, -1.855694831997632077, -5.234689285879331244 ) ) ;
#367 = EDGE_CURVE ( 'NONE', #2620, #778, #2728, .T. ) ;
#368 = ORIENTED_EDGE ( 'NONE', *, *, #2437, .T. ) ;
#369 = CARTESIAN_POINT ( 'NONE',  ( 10.50308115401747600, 4.241920426271637901, 4.241920426271637901 ) ) ;
#370 = PLANE ( 'NONE',  #4918 ) ;
#371 = PLANE ( 'NONE',  #1586 ) ;
#372 = CARTESIAN_POINT ( 'NONE',  ( -5.519661803323828941, -0.9191307701716237011, -1.213466035522574149 ) ) ;
#373 = CARTESIAN_POINT ( 'NONE',  ( -5.619661803323829474, 0.3046836022590236337, -1.247596706307358527 ) ) ;
#374 = VERTEX_POINT ( 'NONE', #1839 ) ;
#375 = ADVANCED_FACE ( 'NONE', ( #609 ), #2654, .T. ) ;
#376 = CARTESIAN_POINT ( 'NONE',  ( -5.519661803323828941, 0.3975240214392646854, 0.6447340945263959622 ) ) ;
#377 = DIRECTION ( 'NONE',  ( -1.000000000000000000, -0.0000000000000000000, -0.0000000000000000000 ) ) ;
#378 = EDGE_LOOP ( 'NONE', ( #528, #2782, #3241, #3948 ) ) ;
#379 = VECTOR ( 'NONE', #2274, 1000.000000000000000 ) ;
#380 = LINE ( 'NONE', #3770, #560 ) ;
#381 = LINE ( 'NONE', #2088, #426 ) ;
#382 = VERTEX_POINT ( 'NONE', #4882 ) ;
#383 = CARTESIAN_POINT ( 'NONE',  ( -5.519661803323828941, -1.027347499126436858, -3.668901358140721047 ) ) ;
#384 = ORIENTED_EDGE ( 'NONE', *, *, #4350, .F. ) ;
#385 = CARTESIAN_POINT ( 'NONE',  ( -5.519661803323828941, -1.159211031094126598, -2.254627462399870996 ) ) ;
#386 = CARTESIAN_POINT ( 'NONE',  ( 0.9405811519690842060, -5.187082584840811528, 2.148559955790349640 ) ) ;
#387 = VECTOR ( 'NONE', #2892, 1000.000000000000000 ) ;
#388 = CARTESIAN_POINT ( 'NONE',  ( -5.519661803323828941, 0.6376042823617330546, -0.5218800322775110079 ) ) ;
#389 = CARTESIAN_POINT ( 'NONE',  ( 7.503081151969086982, -2.148559955790347864, -5.187082584840813304 ) ) ;
#390 = DIRECTION ( 'NONE',  ( -1.000000000000000000, -0.0000000000000000000, -0.0000000000000000000 ) ) ;
#391 = CONICAL_SURFACE ( 'NONE', #5359, 1.939569530566509714, 0.5412368136438071575 ) ;
#392 = CARTESIAN_POINT ( 'NONE',  ( 7.315581151969086093, -5.187082584840807087, -2.148559955790362519 ) ) ;
#393 = VERTEX_POINT ( 'NONE', #1081 ) ;
#394 = DIRECTION ( 'NONE',  ( 0.0000000000000000000, 0.0000000000000000000, -1.000000000000000000 ) ) ;
#395 = EDGE_CURVE ( 'NONE', #382, #3581, #675, .T. ) ;
#396 = AXIS2_PLACEMENT_3D ( 'NONE', #1711, #1659, #1743 ) ;
#397 = CARTESIAN_POINT ( 'NONE',  ( 4.409331154017475107, 5.998981397340810595, 2.484859455202465206 ) ) ;
#398 = DIRECTION ( 'NONE',  ( 0.0000000000000000000, 0.0000000000000000000, 1.000000000000000000 ) ) ;
#399 = EDGE_CURVE ( 'NONE', #2936, #2117, #2781, .T. ) ;
#400 = DIRECTION ( 'NONE',  ( -1.000000000000000000, 0.0000000000000000000, -0.0000000000000000000 ) ) ;
#401 = DIRECTION ( 'NONE',  ( -1.000000000000000000, -0.0000000000000000000, -0.0000000000000000000 ) ) ;
#402 = CARTESIAN_POINT ( 'NONE',  ( 1.882912432089518751, 4.149209063611071002, 3.309855652605507181 ) ) ;
#403 = ORIENTED_EDGE ( 'NONE', *, *, #3768, .T. ) ;
#404 = CARTESIAN_POINT ( 'NONE',  ( 8.815581149920694415, 0.0000000000000000000, 5.998981397340809707 ) ) ;
#405 = DIRECTION ( 'NONE',  ( 0.0000000000000000000, 0.0000000000000000000, 1.000000000000000000 ) ) ;
#406 = VERTEX_POINT ( 'NONE', #1584 ) ;
#407 = EDGE_CURVE ( 'NONE', #3701, #3651, #4523, .T. ) ;
#408 = CARTESIAN_POINT ( 'NONE',  ( -5.519661803323828941, -0.8262907953548989104, -2.888901240419198047 ) ) ;
#409 = CARTESIAN_POINT ( 'NONE',  ( -5.619661803323829474, 0.3594327388860832362, 0.4506716720556348532 ) ) ;
#410 = VERTEX_POINT ( 'NONE', #4551 ) ;
#411 = CARTESIAN_POINT ( 'NONE',  ( -5.619661803323829474, 0.3975240214392646854, -0.6639945855494018279 ) ) ;
#412 = CARTESIAN_POINT ( 'NONE',  ( -5.619661803323829474, -0.8262907953548989104, -1.951411592741663759 ) ) ;
#413 = ORIENTED_EDGE ( 'NONE', *, *, #2513, .T. ) ;
#414 = CARTESIAN_POINT ( 'NONE',  ( 0.9668813965247647912, 7.070052012334011593, 0.0000000000000000000 ) ) ;
#415 = CARTESIAN_POINT ( 'NONE',  ( -5.619661803323829474, -0.1434427557374629292, -2.885524077910556429 ) ) ;
#416 = CARTESIAN_POINT ( 'NONE',  ( -5.619661803323829474, 0.3046836022590236337, 1.018546880246989694 ) ) ;
#417 = CARTESIAN_POINT ( 'NONE',  ( 5.159331151969085205, 3.667821270315578364, 3.667821270315586357 ) ) ;
#418 = ADVANCED_BREP_SHAPE_REPRESENTATION ( 'event gore PMF100320', ( #4297, #4171, #2186 ), #1560 ) ;
#419 = CARTESIAN_POINT ( 'NONE',  ( 1.954793059423414192, -6.082404292049765182, 12.16480858409952504 ) ) ;
#420 = CARTESIAN_POINT ( 'NONE',  ( 9.471831151969086093, 5.187082584840810640, 5.987076309967215065E-15 ) ) ;
#421 = ORIENTED_EDGE ( 'NONE', *, *, #1089, .T. ) ;
#422 = CARTESIAN_POINT ( 'NONE',  ( -5.519661803323828941, 1.479317601293971274, -3.027091175365248077 ) ) ;
#423 = VECTOR ( 'NONE', #151, 1000.000000000000000 ) ;
#424 = CARTESIAN_POINT ( 'NONE',  ( 3.096831154017475551, 2.484859455202464762, 5.998981397340810595 ) ) ;
#425 = FACE_OUTER_BOUND ( 'NONE', #3514, .T. ) ;
#426 = VECTOR ( 'NONE', #3771, 1000.000000000000000 ) ;
#427 = LINE ( 'NONE', #45, #1677 ) ;
#428 = LINE ( 'NONE', #5094, #3313 ) ;
#429 =( NAMED_UNIT ( * ) PLANE_ANGLE_UNIT ( ) SI_UNIT ( $, .RADIAN. ) );
#430 = EDGE_CURVE ( 'NONE', #1911, #4687, #2953, .T. ) ;
#431 = CARTESIAN_POINT ( 'NONE',  ( 8.159331149920696191, 2.484859455202465650, -5.998981397340810595 ) ) ;
#432 = CARTESIAN_POINT ( 'NONE',  ( 11.06558115196908609, 2.148559955790348308, 5.187082584840812416 ) ) ;
#433 = CARTESIAN_POINT ( 'NONE',  ( -5.519661803323828941, -0.4637826167685011880, 1.393283942022635058 ) ) ;
#434 = ORIENTED_EDGE ( 'NONE', *, *, #4370, .F. ) ;
#435 = CARTESIAN_POINT ( 'NONE',  ( 9.532670181029136103, 2.905227654989054109, 4.310634458146340720 ) ) ;
#436 = FACE_OUTER_BOUND ( 'NONE', #58, .T. ) ;
#437 = ORIENTED_EDGE ( 'NONE', *, *, #3329, .T. ) ;
#438 = FACE_OUTER_BOUND ( 'NONE', #3943, .T. ) ;
#439 = EDGE_CURVE ( 'NONE', #2524, #4903, #786, .T. ) ;
#440 = EDGE_CURVE ( 'NONE', #3290, #1188, #2525, .T. ) ;
#441 = LINE ( 'NONE', #3830, #2569 ) ;
#442 = EDGE_LOOP ( 'NONE', ( #3081, #421, #4498, #1921 ) ) ;
#443 = CARTESIAN_POINT ( 'NONE',  ( -5.619661803323829474, -1.930845117427445246, 3.938455804857458720 ) ) ;
#444 = CARTESIAN_POINT ( 'NONE',  ( -5.519661803323828941, -1.027347499126436858, -2.367271829148915874 ) ) ;
#445 = CARTESIAN_POINT ( 'NONE',  ( 1.787875908728444152, 4.697407379286023144, -2.226274061354737377 ) ) ;
#446 = CARTESIAN_POINT ( 'NONE',  ( 2.253081151969085205, 2.148559955790348308, 5.187082584840812416 ) ) ;
#447 = FACE_OUTER_BOUND ( 'NONE', #5052, .T. ) ;
#448 = CARTESIAN_POINT ( 'NONE',  ( 5.909331151969086093, -3.667821270315577920, -3.667821270315587245 ) ) ;
#449 = CARTESIAN_POINT ( 'NONE',  ( -5.619661803323829474, 0.6376042823617330546, 0.9577366256439050485 ) ) ;
#450 = CARTESIAN_POINT ( 'NONE',  ( 3.565581154017475995, -5.998981397340809707, -1.101995004959690659E-15 ) ) ;
#451 = DIRECTION ( 'NONE',  ( 0.0000000000000000000, 0.0000000000000000000, 1.000000000000000000 ) ) ;
#452 = DIRECTION ( 'NONE',  ( -1.000000000000000000, -0.0000000000000000000, -0.0000000000000000000 ) ) ;
#453 = CARTESIAN_POINT ( 'NONE',  ( -5.619661803323829474, 0.6376042823617330546, -2.973938192386992974 ) ) ;
#454 = FILL_AREA_STYLE ('',( #900 ) ) ;
#455 = CARTESIAN_POINT ( 'NONE',  ( 5.909331151969085205, 6.304693514189128749E-15, -5.187082584840810640 ) ) ;
#456 = CARTESIAN_POINT ( 'NONE',  ( 11.44058114992069619, 5.998981397340809707, 3.673316683198969520E-16 ) ) ;
#457 = CARTESIAN_POINT ( 'NONE',  ( 7.503081151969086982, 2.148559955790360299, -5.187082584840807975 ) ) ;
#458 = DIRECTION ( 'NONE',  ( 0.0000000000000000000, 0.9659265600413408093, 0.2588163066862322892 ) ) ;
#459 = VERTEX_POINT ( 'NONE', #3275 ) ;
#460 = DIRECTION ( 'NONE',  ( 0.0000000000000000000, 0.0000000000000000000, -1.000000000000000000 ) ) ;
#461 = ADVANCED_FACE ( 'NONE', ( #717 ), #3713, .T. ) ;
#462 = EDGE_LOOP ( 'NONE', ( #684, #1923, #1604, #1957, #824, #4521, #2800 ) ) ;
#463 = DIRECTION ( 'NONE',  ( 1.000000000000000000, 0.0000000000000000000, 0.0000000000000000000 ) ) ;
#464 = DIRECTION ( 'NONE',  ( 0.6556121791894937711, 9.247280899737047409E-17, 0.7550977886991877552 ) ) ;
#465 = VECTOR ( 'NONE', #346, 1000.000000000000000 ) ;
#466 = VERTEX_POINT ( 'NONE', #4611 ) ;
#467 = DIRECTION ( 'NONE',  ( -1.000000000000000000, -0.0000000000000000000, -0.0000000000000000000 ) ) ;
#468 = DIRECTION ( 'NONE',  ( 0.0000000000000000000, -1.000000000000000000, 0.0000000000000000000 ) ) ;
#469 = DIRECTION ( 'NONE',  ( 0.0000000000000000000, 0.0000000000000000000, -1.000000000000000000 ) ) ;
#470 = ADVANCED_FACE ( 'NONE', ( #2032 ), #4134, .F. ) ;
#471 = CARTESIAN_POINT ( 'NONE',  ( 5.534331151969086093, -3.667821270315587245, 3.667821270315577475 ) ) ;
#472 = VERTEX_POINT ( 'NONE', #746 ) ;
#473 = CARTESIAN_POINT ( 'NONE',  ( 0.9668813965247646802, -7.070052012334013369, 14.14010402466802141 ) ) ;
#474 = CARTESIAN_POINT ( 'NONE',  ( 4.315581151969085205, -5.187082584840807087, -2.148559955790362519 ) ) ;
#475 = CARTESIAN_POINT ( 'NONE',  ( -5.519661803323828941, 0.6376042823617330546, -1.672425975356006678 ) ) ;
#476 = EDGE_CURVE ( 'NONE', #1178, #1726, #1095, .T. ) ;
#477 = CARTESIAN_POINT ( 'NONE',  ( -5.619661803323829474, -0.4637826167685011880, 0.8125968457457942717 ) ) ;
#478 = VECTOR ( 'NONE', #5165, 1000.000000000000000 ) ;
#479 = VECTOR ( 'NONE', #4849, 1000.000000000000000 ) ;
#480 = CARTESIAN_POINT ( 'NONE',  ( 4.128081149920694415, 4.241920426271637901, 4.241920426271637901 ) ) ;
#481 = FACE_OUTER_BOUND ( 'NONE', #1387, .T. ) ;
#482 = CARTESIAN_POINT ( 'NONE',  ( -5.519661803323828941, 0.3594327388860832362, -0.8708760059213880300 ) ) ;
#483 = CARTESIAN_POINT ( 'NONE',  ( 6.471831151969086093, 3.667821270315578364, 3.667821270315586357 ) ) ;
#484 = VECTOR ( 'NONE', #4654, 1000.000000000000000 ) ;
#485 = CARTESIAN_POINT ( 'NONE',  ( 7.971831149920696191, -2.484859455202463430, -5.998981397340811483 ) ) ;
#486 = CARTESIAN_POINT ( 'NONE',  ( 7.315581151969086093, -2.148559955790347864, -5.187082584840813304 ) ) ;
#487 = PLANE ( 'NONE',  #3687 ) ;
#488 = ORIENTED_EDGE ( 'NONE', *, *, #3456, .F. ) ;
#489 = AXIS2_PLACEMENT_3D ( 'NONE', #167, #2407, #3675 ) ;
#490 = CARTESIAN_POINT ( 'NONE',  ( -5.519661803323828941, 0.3046836022590236337, -1.611619275660786332 ) ) ;
#491 = ORIENTED_EDGE ( 'NONE', *, *, #4780, .T. ) ;
#492 = CARTESIAN_POINT ( 'NONE',  ( -5.519661803323828941, -0.2238187790798542576, 0.2943410420762554436 ) ) ;
#493 = CARTESIAN_POINT ( 'NONE',  ( -5.619661803323829474, -0.1434427557374629292, -0.05686608428381063202 ) ) ;
#494 = VECTOR ( 'NONE', #2862, 1000.000000000000000 ) ;
#495 = ADVANCED_FACE ( 'NONE', ( #5021 ), #1669, .T. ) ;
#496 = VERTEX_POINT ( 'NONE', #2500 ) ;
#497 = LINE ( 'NONE', #577, #3273 ) ;
#498 = CARTESIAN_POINT ( 'NONE',  ( 0.9668813965247647912, 0.0000000000000000000, 0.0000000000000000000 ) ) ;
#499 = DIRECTION ( 'NONE',  ( 0.0000000000000000000, 0.0000000000000000000, 1.000000000000000000 ) ) ;
#500 = CARTESIAN_POINT ( 'NONE',  ( 3.190581151969084317, 2.148559955790360299, -5.187082584840807975 ) ) ;
#501 = EDGE_LOOP ( 'NONE', ( #4612, #1000, #3412, #2033 ) ) ;
#502 = DIRECTION ( 'NONE',  ( 0.0000000000000000000, -0.2588258974721048822, 0.9659239901761212943 ) ) ;
#503 = EDGE_CURVE ( 'NONE', #2356, #4473, #381, .T. ) ;
#504 = CARTESIAN_POINT ( 'NONE',  ( 2.534331151969085649, -3.667821270315587245, 3.667821270315577475 ) ) ;
#505 = EDGE_CURVE ( 'NONE', #2666, #917, #2809, .T. ) ;
#506 = CARTESIAN_POINT ( 'NONE',  ( 2.628081154017475107, 4.241920426271637901, -4.241920426271637012 ) ) ;
#507 = LINE ( 'NONE', #98, #1556 ) ;
#508 = CARTESIAN_POINT ( 'NONE',  ( -5.519661803323828941, -0.8262907953548989104, -2.888901240419198047 ) ) ;
#509 = VECTOR ( 'NONE', #1307, 1000.000000000000227 ) ;
#510 = LINE ( 'NONE', #2633, #5312 ) ;
#511 = AXIS2_PLACEMENT_3D ( 'NONE', #5134, #1699, #2979 ) ;
#512 = CARTESIAN_POINT ( 'NONE',  ( 9.378081151969087870, 5.187082584840807975, 2.148559955790359854 ) ) ;
#513 = FACE_BOUND ( 'NONE', #571, .T. ) ;
#514 = ORIENTED_EDGE ( 'NONE', *, *, #105, .F. ) ;
#515 = UNCERTAINTY_MEASURE_WITH_UNIT (LENGTH_MEASURE( 1.000000000000000082E-05 ), #3940, 'distance_accuracy_value', 'NONE');
#516 = LINE ( 'NONE', #934, #3132 ) ;
#517 = ORIENTED_EDGE ( 'NONE', *, *, #3723, .F. ) ;
#518 = FACE_OUTER_BOUND ( 'NONE', #2323, .T. ) ;
#519 = CARTESIAN_POINT ( 'NONE',  ( 3.378081154017475551, -4.241920426271638789, 4.241920426271637012 ) ) ;
#520 = EDGE_LOOP ( 'NONE', ( #4651, #172, #3163, #3134 ) ) ;
#521 = CARTESIAN_POINT ( 'NONE',  ( 4.315581149920694415, 0.0000000000000000000, 5.998981397340809707 ) ) ;
#522 = ORIENTED_EDGE ( 'NONE', *, *, #2348, .T. ) ;
#523 = CARTESIAN_POINT ( 'NONE',  ( -5.619661803323829474, -1.159211031094126598, -1.526582323692980747 ) ) ;
#524 =( BOUNDED_SURFACE ( )  B_SPLINE_SURFACE ( 3, 3, ( 
 ( #90, #7, #1784, #62 ),
 ( #1759, #1445, #4001, #5331 ),
 ( #171, #580, #3526, #5225 ),
 ( #1531, #3973, #999, #1415 ),
 ( #3141, #196, #3221, #3115 ),
 ( #4828, #5305, #1031, #2313 ),
 ( #4857, #1893, #1865, #1056 ) ),
 .UNSPECIFIED., .F., .F., .F. ) 
 B_SPLINE_SURFACE_WITH_KNOTS ( ( 4, 3, 4 ),
 ( 4, 4 ),
 ( 2.000000000000000000, 3.000000000000000000, 4.000000000000000000 ),
 ( 0.0000000000000000000, 1.000000000000000000 ),
 .UNSPECIFIED. ) 
 GEOMETRIC_REPRESENTATION_ITEM ( )  RATIONAL_B_SPLINE_SURFACE ( (
 ( 1.000000000000000000, 0.3333333333333334259, 0.3333333333333334259, 1.000000000000000000),
 ( 1.000000000000000000, 0.3333333333333334259, 0.3333333333333334259, 1.000000000000000000),
 ( 1.000000000000000000, 0.3333333333333334259, 0.3333333333333334259, 1.000000000000000000),
 ( 1.000000000000000000, 0.3333333333333334259, 0.3333333333333334259, 1.000000000000000000),
 ( 1.000000000000000000, 0.3333333333333334259, 0.3333333333333334259, 1.000000000000000000),
 ( 1.000000000000000000, 0.3333333333333334259, 0.3333333333333334259, 1.000000000000000000),
 ( 1.000000000000000000, 0.3333333333333334259, 0.3333333333333334259, 1.000000000000000000) ) ) 
 REPRESENTATION_ITEM ( '' )  SURFACE ( )  );
#525 = CARTESIAN_POINT ( 'NONE',  ( 4.784331151969085205, 3.667821270315586357, -3.667821270315577920 ) ) ;
#526 = ORIENTED_EDGE ( 'NONE', *, *, #4725, .T. ) ;
#527 = CARTESIAN_POINT ( 'NONE',  ( 8.869035060810652737, 5.938460097301888396, 0.4906613472398786424 ) ) ;
#528 = ORIENTED_EDGE ( 'NONE', *, *, #2757, .T. ) ;
#529 = CARTESIAN_POINT ( 'NONE',  ( 9.846831151969086093, -3.667821270315587245, 3.667821270315577475 ) ) ;
#530 = CARTESIAN_POINT ( 'NONE',  ( 0.0000000000000000000, 1.049957581462809279E-15, -8.573554286785633138 ) ) ;
#531 = EDGE_CURVE ( 'NONE', #1110, #3711, #2143, .T. ) ;
#532 = B_SPLINE_SURFACE_WITH_KNOTS ( 'NONE', 3, 1, ( 
 ( #3125, #4349 ),
 ( #3482, #4759 ),
 ( #2711, #957 ),
 ( #72, #535 ) ),
 .UNSPECIFIED., .F., .F., .F.,
 ( 4, 4 ),
 ( 2, 2 ),
 ( 15.00000000000000000, 16.00000000000000000 ),
 ( 0.0000000000000000000, 1.000000000000000000 ),
 .UNSPECIFIED. ) ;
#533 = LINE ( 'NONE', #4782, #423 ) ;
#534 = CARTESIAN_POINT ( 'NONE',  ( -0.02048535258922726254, -6.628118418756897334, -8.117104005900251190E-16 ) ) ;
#535 = CARTESIAN_POINT ( 'NONE',  ( -5.619661803323829474, -0.7894806127375767479, 0.6712963663838882322 ) ) ;
#536 = EDGE_CURVE ( 'NONE', #2841, #1248, #1722, .T. ) ;
#537 = CARTESIAN_POINT ( 'NONE',  ( 7.596831149920697079, -5.998981397340809707, 2.484859455202466538 ) ) ;
#538 = LINE ( 'NONE', #930, #3661 ) ;
#539 = CARTESIAN_POINT ( 'NONE',  ( -5.619661803323829474, -0.4637826167685011880, 1.393283942022635058 ) ) ;
#540 = ORIENTED_EDGE ( 'NONE', *, *, #2137, .F. ) ;
#541 = DIRECTION ( 'NONE',  ( 0.0000000000000000000, -0.9271337714083852655, 0.3747305297331189888 ) ) ;
#542 = EDGE_CURVE ( 'NONE', #4765, #3790, #3004, .T. ) ;
#543 = EDGE_LOOP ( 'NONE', ( #2501, #5107, #2009, #4898 ) ) ;
#544 = CARTESIAN_POINT ( 'NONE',  ( 1.662412756881484377, 0.0000000000000000000, 5.042581076891417879 ) ) ;
#545 = CARTESIAN_POINT ( 'NONE',  ( 9.488136834813506226, 5.245300535795883512, -0.2921242966116190942 ) ) ;
#546 = ORIENTED_EDGE ( 'NONE', *, *, #4178, .T. ) ;
#547 = DIRECTION ( 'NONE',  ( -0.0000000000000000000, -0.0000000000000000000, 1.000000000000000000 ) ) ;
#548 = ORIENTED_EDGE ( 'NONE', *, *, #5372, .T. ) ;
#549 = DIRECTION ( 'NONE',  ( -1.000000000000000000, -0.0000000000000000000, -0.0000000000000000000 ) ) ;
#550 = CARTESIAN_POINT ( 'NONE',  ( -5.519661803323828941, 0.3046836022590236337, 0.05391551072362760905 ) ) ;
#551 = ORIENTED_EDGE ( 'NONE', *, *, #5403, .F. ) ;
#552 = CARTESIAN_POINT ( 'NONE',  ( -5.619661803323829474, -1.159211031094126598, -2.115427933609108635 ) ) ;
#553 = ORIENTED_EDGE ( 'NONE', *, *, #5500, .F. ) ;
#554 = CARTESIAN_POINT ( 'NONE',  ( 3.471831151969084761, 5.187082584840810640, 5.987076309967215065E-15 ) ) ;
#555 = CARTESIAN_POINT ( 'NONE',  ( -5.519661803323828941, -0.8262907953548989104, -2.888901240419198047 ) ) ;
#556 = VECTOR ( 'NONE', #1913, 1000.000000000000000 ) ;
#557 = CYLINDRICAL_SURFACE ( 'NONE', #2209, 5.998981397340809707 ) ;
#558 = ADVANCED_FACE ( 'NONE', ( #4635 ), #4690, .F. ) ;
#559 = CARTESIAN_POINT ( 'NONE',  ( -5.619661803323829474, 0.3046836022590236337, -1.247596706307358527 ) ) ;
#560 = VECTOR ( 'NONE', #1694, 1000.000000000000000 ) ;
#561 = LINE ( 'NONE', #2267, #4063 ) ;
#562 = AXIS2_PLACEMENT_3D ( 'NONE', #5334, #3249, #4886 ) ;
#563 = CARTESIAN_POINT ( 'NONE',  ( 5.721831149920695303, 2.484859455202464762, 5.998981397340810595 ) ) ;
#564 = CARTESIAN_POINT ( 'NONE',  ( 5.440581151969085205, -5.187082584840811528, 2.148559955790349640 ) ) ;
#565 = CARTESIAN_POINT ( 'NONE',  ( 3.003081149920695303, -4.241920426271638789, 4.241920426271637012 ) ) ;
#566 = EDGE_CURVE ( 'NONE', #2530, #5015, #5110, .T. ) ;
#567 = ORIENTED_EDGE ( 'NONE', *, *, #2352, .F. ) ;
#568 = PLANE ( 'NONE',  #3046 ) ;
#569 = AXIS2_PLACEMENT_3D ( 'NONE', #5171, #3952, #895 ) ;
#570 = FACE_OUTER_BOUND ( 'NONE', #2305, .T. ) ;
#571 = EDGE_LOOP ( 'NONE', ( #595, #1935, #4110, #3798, #3812, #1440, #711, #517, #2824, #1581, #340, #2588, #2981, #3698, #5033, #1098, #3504, #4162 ) ) ;
#572 =( NAMED_UNIT ( * ) PLANE_ANGLE_UNIT ( ) SI_UNIT ( $, .RADIAN. ) );
#573 = CARTESIAN_POINT ( 'NONE',  ( -5.519661803323828941, -0.1434427557374629292, -2.307165446310758927 ) ) ;
#574 = ADVANCED_FACE ( 'NONE', ( #436 ), #827, .F. ) ;
#575 = VECTOR ( 'NONE', #1153, 1000.000000000000000 ) ;
#576 = ORIENTED_EDGE ( 'NONE', *, *, #4007, .F. ) ;
#577 = CARTESIAN_POINT ( 'NONE',  ( -5.619661803323829474, -1.159211031094126598, -1.081138143709938548 ) ) ;
#578 = CARTESIAN_POINT ( 'NONE',  ( 8.065581149920696191, 7.346633366397939041E-16, -5.998981397340809707 ) ) ;
#579 = CARTESIAN_POINT ( 'NONE',  ( 0.0000000000000000000, 0.0000000000000000000, 0.0000000000000000000 ) ) ;
#580 = CARTESIAN_POINT ( 'NONE',  ( -0.02048535258922726254, 6.628118418756898222, -13.25623683751379112 ) ) ;
#581 = VERTEX_POINT ( 'NONE', #3411 ) ;
#582 = CARTESIAN_POINT ( 'NONE',  ( 9.195743221666916156, 4.757124299383202803, 2.904680700404926874 ) ) ;
#583 = ORIENTED_EDGE ( 'NONE', *, *, #3427, .F. ) ;
#584 = CARTESIAN_POINT ( 'NONE',  ( 2.253081151969085205, 2.148559955790348308, 5.187082584840812416 ) ) ;
#585 = DIRECTION ( 'NONE',  ( 0.0000000000000000000, 0.9659239901761211833, 0.2588258974721047712 ) ) ;
#586 = CARTESIAN_POINT ( 'NONE',  ( 5.346831151969085205, -3.667821270315587245, 3.667821270315577475 ) ) ;
#587 = B_SPLINE_CURVE_WITH_KNOTS ( 'NONE', 3,
 ( #5247, #4054, #252, #5330 ),
 .UNSPECIFIED., .F., .F.,
 ( 4, 4 ),
 ( 5.000000000000000000, 6.000000000000000000 ),
 .UNSPECIFIED. ) ;
#588 = DIRECTION ( 'NONE',  ( 0.0000000000000000000, -1.000000000000000000, 0.0000000000000000000 ) ) ;
#589 = CARTESIAN_POINT ( 'NONE',  ( 0.9668813965247647912, 5.095037542935743957, 0.0000000000000000000 ) ) ;
#590 = CARTESIAN_POINT ( 'NONE',  ( -5.619661803323829474, 0.5057407503940546389, -0.8316227128471507246 ) ) ;
#591 = PRODUCT_DEFINITION ( 'UNKNOWN', '', #5370, #5183 ) ;
#592 = CARTESIAN_POINT ( 'NONE',  ( 6.940581149920695303, 5.998981397340809707, 3.673316683198969520E-16 ) ) ;
#593 = CARTESIAN_POINT ( 'NONE',  ( 5.346831151969085205, -3.667821270315587245, 3.667821270315577475 ) ) ;
#594 = CARTESIAN_POINT ( 'NONE',  ( -2.482082288789165148, 1.049957581462809279E-15, -8.573554286785633138 ) ) ;
#595 = ORIENTED_EDGE ( 'NONE', *, *, #542, .F. ) ;
#596 = DIRECTION ( 'NONE',  ( -0.6619889055237343500, 0.0000000000000000000, 0.7495136349416788857 ) ) ;
#597 = CARTESIAN_POINT ( 'NONE',  ( 2.628081149920694859, 4.241920426271637901, 4.241920426271637901 ) ) ;
#598 = ORIENTED_EDGE ( 'NONE', *, *, #1735, .F. ) ;
#599 = ADVANCED_FACE ( 'NONE', ( #24 ), #1696, .F. ) ;
#600 = VECTOR ( 'NONE', #5108, 1000.000000000000000 ) ;
#601 = CARTESIAN_POINT ( 'NONE',  ( -5.519661803323828941, 1.930822899253078262, 3.938455804857458720 ) ) ;
#602 = VECTOR ( 'NONE', #2680, 1000.000000000000000 ) ;
#603 = CARTESIAN_POINT ( 'NONE',  ( 9.521053407036788485, 5.132896001637049288, 0.9296846265879302740 ) ) ;
#604 = ORIENTED_EDGE ( 'NONE', *, *, #2822, .T. ) ;
#605 = CARTESIAN_POINT ( 'NONE',  ( 9.857916077054870385, 0.0000000000000000000, 4.818834368373729582 ) ) ;
#606 = FACE_OUTER_BOUND ( 'NONE', #293, .T. ) ;
#607 = ORIENTED_EDGE ( 'NONE', *, *, #4007, .T. ) ;
#608 = DIRECTION ( 'NONE',  ( 0.0000000000000000000, 0.2588258974720789030, -0.9659239901761281777 ) ) ;
#609 = FACE_OUTER_BOUND ( 'NONE', #254, .T. ) ;
#610 = ORIENTED_EDGE ( 'NONE', *, *, #1672, .T. ) ;
#611 = EDGE_CURVE ( 'NONE', #3109, #2620, #1267, .T. ) ;
#612 = EDGE_CURVE ( 'NONE', #739, #4763, #2976, .T. ) ;
#613 = CARTESIAN_POINT ( 'NONE',  ( -5.519661803323828941, 0.2888415995490326016, -0.3485498327019522780 ) ) ;
#614 = VECTOR ( 'NONE', #467, 1000.000000000000000 ) ;
#615 = ORIENTED_EDGE ( 'NONE', *, *, #2012, .T. ) ;
#616 = CARTESIAN_POINT ( 'NONE',  ( 4.503081151969085205, 2.148559955790360299, -5.187082584840807975 ) ) ;
#617 = CARTESIAN_POINT ( 'NONE',  ( 2.278302231563832159, -5.513205414385108583, -1.681482088797551899 ) ) ;
#618 = CARTESIAN_POINT ( 'NONE',  ( 5.065581151969085205, 2.148559955790348752, 5.187082584840813304 ) ) ;
#619 = DIRECTION ( 'NONE',  ( 0.0000000000000000000, 0.9659920063596649786, 0.2585719312864969699 ) ) ;
#620 = VERTEX_POINT ( 'NONE', #4095 ) ;
#621 = CARTESIAN_POINT ( 'NONE',  ( 9.103763765387986595, -5.180116088854014755, -2.342287361700603032 ) ) ;
#622 = CARTESIAN_POINT ( 'NONE',  ( 2.909331149920694859, -2.484859455202468759, 5.998981397340808819 ) ) ;
#623 = CARTESIAN_POINT ( 'NONE',  ( 6.753081151969085205, -2.148559955790363407, 5.187082584840807087 ) ) ;
#624 = CARTESIAN_POINT ( 'NONE',  ( 6.565581149920694415, 7.346633366397939041E-16, -5.998981397340809707 ) ) ;
#625 = ORIENTED_EDGE ( 'NONE', *, *, #5260, .T. ) ;
#626 = B_SPLINE_SURFACE_WITH_KNOTS ( 'NONE', 3, 1, ( 
 ( #4341, #2233 ),
 ( #1787, #3475 ),
 ( #5278, #3924 ),
 ( #4830, #4364 ) ),
 .UNSPECIFIED., .F., .F., .F.,
 ( 4, 4 ),
 ( 2, 2 ),
 ( 0.0000000000000000000, 1.000000000000000000 ),
 ( 0.0000000000000000000, 1.000000000000000000 ),
 .UNSPECIFIED. ) ;
#627 = CARTESIAN_POINT ( 'NONE',  ( -5.619661803323829474, -0.4637826167685011880, -0.01865793413329725273 ) ) ;
#628 = CARTESIAN_POINT ( 'NONE',  ( -5.519661803323828941, -0.7894806127375767479, -3.260495763607829112 ) ) ;
#629 = ORIENTED_EDGE ( 'NONE', *, *, #69, .F. ) ;
#630 = CARTESIAN_POINT ( 'NONE',  ( 0.9668813965247647912, -7.070052012334011593, -8.658316566710150725E-16 ) ) ;
#631 = DIRECTION ( 'NONE',  ( 0.0000000000000000000, -0.0000000000000000000, -1.000000000000000000 ) ) ;
#632 = ORIENTED_EDGE ( 'NONE', *, *, #1041, .T. ) ;
#633 = CARTESIAN_POINT ( 'NONE',  ( 2.301049080124237811, 5.774626150313912909, -0.3067066117789463697 ) ) ;
#634 = CARTESIAN_POINT ( 'NONE',  ( -5.519661803323828941, -0.3393741710386526944, 0.2633564647863967934 ) ) ;
#635 = CARTESIAN_POINT ( 'NONE',  ( -5.519661803323828941, -0.9191307701716237011, -2.515095564514379323 ) ) ;
#636 = B_SPLINE_CURVE_WITH_KNOTS ( 'NONE', 3,
 ( #3900, #2676, #4367, #555 ),
 .UNSPECIFIED., .F., .F.,
 ( 4, 4 ),
 ( 10.00000000000000000, 11.00000000000000000 ),
 .UNSPECIFIED. ) ;
#637 = ORIENTED_EDGE ( 'NONE', *, *, #3502, .T. ) ;
#638 = CARTESIAN_POINT ( 'NONE',  ( 6.190581154017475995, 0.0000000000000000000, 5.998981397340809707 ) ) ;
#639 = ORIENTED_EDGE ( 'NONE', *, *, #2963, .F. ) ;
#640 = CARTESIAN_POINT ( 'NONE',  ( 9.378081151969087870, 5.187082584840807975, 2.148559955790359854 ) ) ;
#641 = EDGE_CURVE ( 'NONE', #4333, #1631, #3645, .T. ) ;
#642 = CARTESIAN_POINT ( 'NONE',  ( 2.146060556057042046, -4.544714567120811566, 3.276614886321821629 ) ) ;
#643 = CARTESIAN_POINT ( 'NONE',  ( 6.753081151969085205, -2.148559955790363407, 5.187082584840807087 ) ) ;
#644 = CARTESIAN_POINT ( 'NONE',  ( -5.519661803323828941, -0.8262907953548989104, 0.6989037811651391818 ) ) ;
#645 = VECTOR ( 'NONE', #2940, 999.9999999999998863 ) ;
#646 = ORIENTED_EDGE ( 'NONE', *, *, #3464, .F. ) ;
#647 = EDGE_CURVE ( 'NONE', #3179, #202, #3676, .T. ) ;
#648 = DIRECTION ( 'NONE',  ( -1.000000000000000000, -0.0000000000000000000, -0.0000000000000000000 ) ) ;
#649 = CONICAL_SURFACE ( 'NONE', #36, 5.998981397340808819, 0.8558032630136169772 ) ;
#650 = CARTESIAN_POINT ( 'NONE',  ( 1.971831149920694415, -2.484859455202463430, -5.998981397340811483 ) ) ;
#651 = CARTESIAN_POINT ( 'NONE',  ( 6.471831151969086093, 3.667821270315578364, 3.667821270315586357 ) ) ;
#652 = ORIENTED_EDGE ( 'NONE', *, *, #3170, .F. ) ;
#653 = CARTESIAN_POINT ( 'NONE',  ( 6.471831149920695303, -2.484859455202464318, -5.998981397340811483 ) ) ;
#654 = CARTESIAN_POINT ( 'NONE',  ( -5.519661803323828941, 0.2538955217638021455, -0.3578672463179419228 ) ) ;
#655 = ORIENTED_EDGE ( 'NONE', *, *, #4716, .T. ) ;
#656 = B_SPLINE_CURVE_WITH_KNOTS ( 'NONE', 3,
 ( #5047, #4961, #5496, #799, #2497, #4578, #323 ),
 .UNSPECIFIED., .F., .F.,
 ( 4, 3, 4 ),
 ( 0.0000000000000000000, 1.000000000000000000, 2.000000000000000000 ),
 .UNSPECIFIED. ) ;
#657 = AXIS2_PLACEMENT_3D ( 'NONE', #3946, #4389, #4721 ) ;
#658 = LINE ( 'NONE', #4441, #479 ) ;
#659 = CARTESIAN_POINT ( 'NONE',  ( -5.619661803323829474, -0.9191307701716237011, -1.213466035522574149 ) ) ;
#660 = ORIENTED_EDGE ( 'NONE', *, *, #2145, .T. ) ;
#661 = VERTEX_POINT ( 'NONE', #1967 ) ;
#662 = DIRECTION ( 'NONE',  ( -1.000000000000000000, -0.0000000000000000000, -0.0000000000000000000 ) ) ;
#663 = DIRECTION ( 'NONE',  ( 0.0000000000000000000, -1.000000000000000000, 0.0000000000000000000 ) ) ;
#664 = ORIENTED_EDGE ( 'NONE', *, *, #2886, .T. ) ;
#665 = LINE ( 'NONE', #2396, #2975 ) ;
#666 = AXIS2_PLACEMENT_3D ( 'NONE', #1845, #2653, #4286 ) ;
#667 = VECTOR ( 'NONE', #2442, 1000.000000000000114 ) ;
#668 = ORIENTED_EDGE ( 'NONE', *, *, #944, .T. ) ;
#669 = CARTESIAN_POINT ( 'NONE',  ( 6.003081151969085205, 2.148559955790360299, -5.187082584840807975 ) ) ;
#670 = CARTESIAN_POINT ( 'NONE',  ( -5.519661803323828941, 0.2678738640052119035, 0.08152292550487844069 ) ) ;
#671 = CARTESIAN_POINT ( 'NONE',  ( -5.519661803323828941, -0.1274838854301168223, -0.02448087327981358224 ) ) ;
#672 = CARTESIAN_POINT ( 'NONE',  ( 2.165461638156544577, -4.969074803345486124, 2.656196737818119047 ) ) ;
#673 = AXIS2_PLACEMENT_3D ( 'NONE', #4073, #160, #1855 ) ;
#674 = CARTESIAN_POINT ( 'NONE',  ( 5.065581149920695303, 7.346633366397939041E-16, -5.998981397340809707 ) ) ;
#675 = B_SPLINE_CURVE_WITH_KNOTS ( 'NONE', 3,
 ( #2366, #4055, #253, #1954 ),
 .UNSPECIFIED., .F., .F.,
 ( 4, 4 ),
 ( 0.0000000000000000000, 1.000000000000000000 ),
 .UNSPECIFIED. ) ;
#676 =( BOUNDED_CURVE ( )  B_SPLINE_CURVE ( 2, ( #141, #4978, #5221, #1412, #4797, #996, #2695, #4385, #578 ),
 .UNSPECIFIED., .F., .T. ) 
 B_SPLINE_CURVE_WITH_KNOTS ( ( 3, 2, 2, 2, 3 ),
 ( 0.2857142857142857539, 0.3035714285714285476, 0.3214285714285713969, 0.3392857142857142461, 0.3571428571428570398 ),
 .UNSPECIFIED. ) 
 CURVE ( )  GEOMETRIC_REPRESENTATION_ITEM ( )  RATIONAL_B_SPLINE_CURVE ( ( 0.9999999999999997780, 0.9238795325112869605, 1.000000000000000000, 0.9238795325112867385, 1.000000000000000000, 0.9238795325112867385, 1.000000000000000000, 0.9238795325112871826, 0.9999999999999995559 ) ) 
 REPRESENTATION_ITEM ( '' )  );
#677 = EDGE_CURVE ( 'NONE', #1683, #1554, #2051, .T. ) ;
#678 = CARTESIAN_POINT ( 'NONE',  ( 1.512306037783867296, -7.070052012334011593, -8.658316566710150725E-16 ) ) ;
#679 = ORIENTED_EDGE ( 'NONE', *, *, #1636, .F. ) ;
#680 = CARTESIAN_POINT ( 'NONE',  ( 3.659331149920693083, 2.484859455202452772, -5.998981397340822141 ) ) ;
#681 = ADVANCED_FACE ( 'NONE', ( #1154 ), #2811, .F. ) ;
#682 = ORIENTED_EDGE ( 'NONE', *, *, #1595, .F. ) ;
#683 = CARTESIAN_POINT ( 'NONE',  ( 2.253081151969085205, -2.148559955790363407, 5.187082584840807087 ) ) ;
#684 = ORIENTED_EDGE ( 'NONE', *, *, #1348, .T. ) ;
#685 = CARTESIAN_POINT ( 'NONE',  ( 8.440581154017475995, 7.346633366397939041E-16, -5.998981397340809707 ) ) ;
#686 = LINE ( 'NONE', #4411, #842 ) ;
#687 = ORIENTED_EDGE ( 'NONE', *, *, #1735, .T. ) ;
#688 = CARTESIAN_POINT ( 'NONE',  ( 4.690581151969086093, 2.148559955790360299, -5.187082584840807975 ) ) ;
#689 = ORIENTED_EDGE ( 'NONE', *, *, #4031, .T. ) ;
#690 = CARTESIAN_POINT ( 'NONE',  ( -5.519661803323828941, 0.3975240214392646854, -3.287054480557445313 ) ) ;
#691 = CARTESIAN_POINT ( 'NONE',  ( 4.034331154017476884, 2.484859455202477196, -5.998981397340797272 ) ) ;
#692 = ORIENTED_EDGE ( 'NONE', *, *, #2445, .F. ) ;
#693 = CARTESIAN_POINT ( 'NONE',  ( 0.4256287514289406326, 0.0000000000000000000, 5.042581076891417879 ) ) ;
#694 = ORIENTED_EDGE ( 'NONE', *, *, #5250, .F. ) ;
#695 = CARTESIAN_POINT ( 'NONE',  ( 4.878081151969085205, 5.187082584840807975, 2.148559955790359854 ) ) ;
#696 = AXIS2_PLACEMENT_3D ( 'NONE', #3172, #1925, #3608 ) ;
#697 = DIRECTION ( 'NONE',  ( -0.6848458604926473958, 0.0000000000000000000, 0.7286879629622582399 ) ) ;
#698 = CARTESIAN_POINT ( 'NONE',  ( 2.020333915060902985, -0.3747031882854931495, 5.454814838936397514 ) ) ;
#699 = CARTESIAN_POINT ( 'NONE',  ( -5.519661803323828941, -0.8262907953548989104, 1.326302367298428875 ) ) ;
#700 = CARTESIAN_POINT ( 'NONE',  ( -5.519661803323828941, -1.542127935956492557, 1.214671149301984832 ) ) ;
#701 = ORIENTED_EDGE ( 'NONE', *, *, #2963, .T. ) ;
#702 = CARTESIAN_POINT ( 'NONE',  ( 8.907335411352615751, -3.486143949598292657, 4.768579836878465095 ) ) ;
#703 = EDGE_CURVE ( 'NONE', #4946, #1188, #708, .T. ) ;
#704 = ORIENTED_EDGE ( 'NONE', *, *, #1769, .T. ) ;
#705 = CARTESIAN_POINT ( 'NONE',  ( 6.940581154017475995, 7.346633366397939041E-16, -5.998981397340809707 ) ) ;
#706 = CARTESIAN_POINT ( 'NONE',  ( -5.519661803323828941, 0.3046836022590236337, -2.913248804652626145 ) ) ;
#707 = EDGE_CURVE ( 'NONE', #4972, #4246, #1230, .T. ) ;
#708 = LINE ( 'NONE', #766, #4598 ) ;
#709 = LINE ( 'NONE', #2462, #465 ) ;
#710 = CARTESIAN_POINT ( 'NONE',  ( 1.891846596486004506, 3.934983719798545110, 3.577368955041239751 ) ) ;
#711 = ORIENTED_EDGE ( 'NONE', *, *, #3584, .F. ) ;
#712 = CARTESIAN_POINT ( 'NONE',  ( 7.221831151969085205, -5.187082584840810640, -6.622310718411041645E-15 ) ) ;
#713 = CARTESIAN_POINT ( 'NONE',  ( -5.519661803323828941, -0.2693651478708425362, -0.4980017158873952243 ) ) ;
#714 = ORIENTED_EDGE ( 'NONE', *, *, #5232, .T. ) ;
#715 = EDGE_CURVE ( 'NONE', #788, #4296, #5347, .T. ) ;
#716 = CARTESIAN_POINT ( 'NONE',  ( -5.619661803323829474, -0.4637826167685011880, -0.01865793413329725273 ) ) ;
#717 = FACE_OUTER_BOUND ( 'NONE', #2224, .T. ) ;
#718 = ORIENTED_EDGE ( 'NONE', *, *, #2577, .F. ) ;
#719 = CARTESIAN_POINT ( 'NONE',  ( 5.909331154017475995, 5.998981397340809707, 2.484859455202465206 ) ) ;
#720 = EDGE_LOOP ( 'NONE', ( #2476, #2121, #2511, #687 ) ) ;
#721 = CARTESIAN_POINT ( 'NONE',  ( 4.034331151969085205, -5.187082584840810640, -6.622310718411043223E-15 ) ) ;
#722 = CARTESIAN_POINT ( 'NONE',  ( 0.4256287514289406326, 0.0000000000000000000, 0.0000000000000000000 ) ) ;
#723 = CARTESIAN_POINT ( 'NONE',  ( -5.519661803323828941, -0.1434427557374629292, -2.885524077910556429 ) ) ;
#724 = CARTESIAN_POINT ( 'NONE',  ( 9.565581151969086093, 5.187082584840807975, 2.148559955790359854 ) ) ;
#725 = AXIS2_PLACEMENT_3D ( 'NONE', #5425, #310, #4038 ) ;
#726 = CARTESIAN_POINT ( 'NONE',  ( -5.519661803323828941, 2.113893546485134056, 4.121490903010486484 ) ) ;
#727 = CARTESIAN_POINT ( 'NONE',  ( 8.065581154017475995, -5.998981397340809707, -1.101995004959690659E-15 ) ) ;
#728 = CARTESIAN_POINT ( 'NONE',  ( 7.221831149920696191, 2.484859455202464762, 5.998981397340809707 ) ) ;
#729 = ORIENTED_EDGE ( 'NONE', *, *, #5459, .F. ) ;
#730 = CARTESIAN_POINT ( 'NONE',  ( 8.957009200042760355, -4.863444264688099317, 3.236430041112291267 ) ) ;
#731 = AXIS2_PLACEMENT_3D ( 'NONE', #5102, #1721, #460 ) ;
#732 = EDGE_CURVE ( 'NONE', #1955, #1519, #5461, .T. ) ;
#733 = ORIENTED_EDGE ( 'NONE', *, *, #273, .F. ) ;
#734 = CARTESIAN_POINT ( 'NONE',  ( 8.534331154017477772, 2.484859455202465650, -5.998981397340810595 ) ) ;
#735 = CARTESIAN_POINT ( 'NONE',  ( -5.519661803323828941, 0.2538955217638021455, 0.9508614337578672471 ) ) ;
#736 = CARTESIAN_POINT ( 'NONE',  ( 1.662412756881484377, 0.0000000000000000000, 0.0000000000000000000 ) ) ;
#737 = CARTESIAN_POINT ( 'NONE',  ( -5.519661803323828941, 0.3975240214392646854, 0.6447340945263959622 ) ) ;
#738 = CARTESIAN_POINT ( 'NONE',  ( -2.482082288789165148, 9.976141260102341095E-16, 8.146137537000969431 ) ) ;
#739 = VERTEX_POINT ( 'NONE', #2461 ) ;
#740 = CIRCLE ( 'NONE', #3935, 0.9340800000000003545 ) ;
#741 = EDGE_CURVE ( 'NONE', #5341, #5004, #3295, .T. ) ;
#742 = CARTESIAN_POINT ( 'NONE',  ( 3.565581151969084761, 5.187082584840807975, 2.148559955790359854 ) ) ;
#743 = CARTESIAN_POINT ( 'NONE',  ( -5.519661803323828941, -0.7894806127375767479, -1.958869789523899119 ) ) ;
#744 = ORIENTED_EDGE ( 'NONE', *, *, #1831, .F. ) ;
#745 = LINE ( 'NONE', #4132, #387 ) ;
#746 = CARTESIAN_POINT ( 'NONE',  ( -5.519661803323828941, -1.542127935956492557, 1.214671149301984832 ) ) ;
#747 = ORIENTED_EDGE ( 'NONE', *, *, #3801, .T. ) ;
#748 = CARTESIAN_POINT ( 'NONE',  ( -5.519661803323828941, -1.159211031094126598, -2.828094540723978145 ) ) ;
#749 = EDGE_CURVE ( 'NONE', #855, #3193, #4628, .T. ) ;
#750 = VECTOR ( 'NONE', #3720, 1000.000000000000000 ) ;
#751 = ORIENTED_EDGE ( 'NONE', *, *, #3453, .T. ) ;
#752 = CARTESIAN_POINT ( 'NONE',  ( -5.619661803323829474, 0.6376042823617330546, 0.3771632864199848667 ) ) ;
#753 = CARTESIAN_POINT ( 'NONE',  ( -5.519661803323828941, -0.8262907953548989104, -1.931376131795591533 ) ) ;
#754 = CARTESIAN_POINT ( 'NONE',  ( -5.519661803323828941, -1.159211031094126598, 1.237187935964929153 ) ) ;
#755 = CARTESIAN_POINT ( 'NONE',  ( 6.846831151969086093, -5.669459105745300591E-15, 5.187082584840810640 ) ) ;
#756 = VECTOR ( 'NONE', #2131, 1000.000000000000227 ) ;
#757 = AXIS2_PLACEMENT_3D ( 'NONE', #3195, #4881, #3633 ) ;
#758 = CARTESIAN_POINT ( 'NONE',  ( -5.619661803323829474, -0.7894806127375767479, -3.260495763607829112 ) ) ;
#759 = PLANE ( 'NONE',  #5343 ) ;
#760 = ORIENTED_EDGE ( 'NONE', *, *, #363, .F. ) ;
#761 = PRESENTATION_LAYER_ASSIGNMENT (  '', '', ( #3774 ) ) ;
#762 = CARTESIAN_POINT ( 'NONE',  ( 9.189968080961092411, -2.893780074587416706, -4.779913548303418303 ) ) ;
#763 = EDGE_LOOP ( 'NONE', ( #2486, #4824, #5386, #1392, #4425, #882, #5244, #5429 ) ) ;
#764 = CARTESIAN_POINT ( 'NONE',  ( 6.096831154017475995, 2.484859455202464762, 5.998981397340810595 ) ) ;
#765 = PLANE ( 'NONE',  #489 ) ;
#766 = CARTESIAN_POINT ( 'NONE',  ( -5.519661803323828941, -0.9191307701716237011, -2.515095564514379323 ) ) ;
#767 = CARTESIAN_POINT ( 'NONE',  ( -5.519661803323828941, -1.159211031094126598, -3.417053907693038184 ) ) ;
#768 = CARTESIAN_POINT ( 'NONE',  ( 1.918896608976391249, 3.181709853631732088, 4.289584014459539851 ) ) ;
#769 = ORIENTED_EDGE ( 'NONE', *, *, #206, .F. ) ;
#770 = CARTESIAN_POINT ( 'NONE',  ( 1.880144384883550845, 5.187082584840814192, -2.101274839849124554 ) ) ;
#771 = LINE ( 'NONE', #4188, #2002 ) ;
#772 = ORIENTED_EDGE ( 'NONE', *, *, #3768, .F. ) ;
#773 = CARTESIAN_POINT ( 'NONE',  ( -5.519661803323828941, -1.159211031094126598, 0.3755351386000399527 ) ) ;
#774 = EDGE_CURVE ( 'NONE', #5360, #5453, #3818, .T. ) ;
#775 = CARTESIAN_POINT ( 'NONE',  ( 3.096831154017475995, 2.484859455202452327, 5.998981397340822141 ) ) ;
#776 = VERTEX_POINT ( 'NONE', #2547 ) ;
#777 = CARTESIAN_POINT ( 'NONE',  ( 1.954793059423414414, 6.628118418756897334, 0.0000000000000000000 ) ) ;
#778 = VERTEX_POINT ( 'NONE', #5490 ) ;
#779 = CARTESIAN_POINT ( 'NONE',  ( 0.9668813965247646802, 7.070052012334011593, -14.14010402466802141 ) ) ;
#780 = CARTESIAN_POINT ( 'NONE',  ( 0.4220016690503199386, 5.095037542935743957, 0.0000000000000000000 ) ) ;
#781 = CARTESIAN_POINT ( 'NONE',  ( -5.619661803323829474, 0.6376042823617330546, -1.672425975356006678 ) ) ;
#782 = PLANE ( 'NONE',  #1011 ) ;
#783 = EDGE_CURVE ( 'NONE', #202, #3701, #3401, .T. ) ;
#784 = CARTESIAN_POINT ( 'NONE',  ( 8.253081151969086093, 2.148559955790348308, 5.187082584840812416 ) ) ;
#785 = CARTESIAN_POINT ( 'NONE',  ( -5.519661803323828941, -0.8262907953548989104, -3.232888348826577829 ) ) ;
#786 = CIRCLE ( 'NONE', #3893, 3.389253054512366692 ) ;
#787 = CARTESIAN_POINT ( 'NONE',  ( 9.940581151969086093, -2.148559955790363407, 5.187082584840807087 ) ) ;
#788 = VERTEX_POINT ( 'NONE', #3350 ) ;
#789 = CARTESIAN_POINT ( 'NONE',  ( -5.519661803323828941, 0.3046836022590236337, 1.018546880246989694 ) ) ;
#790 = ADVANCED_FACE ( 'NONE', ( #481 ), #1270, .T. ) ;
#791 = ORIENTED_EDGE ( 'NONE', *, *, #2723, .F. ) ;
#792 = CARTESIAN_POINT ( 'NONE',  ( 7.971831154017476884, -5.998981397340809707, 2.484859455202466538 ) ) ;
#793 = CARTESIAN_POINT ( 'NONE',  ( -5.519661803323828941, -0.4637826167685011880, 1.393283942022635058 ) ) ;
#794 = LINE ( 'NONE', #1298, #870 ) ;
#795 = DIRECTION ( 'NONE',  ( 0.0000000000000000000, 0.0000000000000000000, 1.000000000000000000 ) ) ;
#796 = DIRECTION ( 'NONE',  ( 0.0000000000000000000, 0.0000000000000000000, -1.000000000000000000 ) ) ;
#797 = ORIENTED_EDGE ( 'NONE', *, *, #4959, .T. ) ;
#798 = CARTESIAN_POINT ( 'NONE',  ( 3.190581151969084317, 2.148559955790360299, -5.187082584840807975 ) ) ;
#799 = CARTESIAN_POINT ( 'NONE',  ( 1.954793059423414414, -6.082404292049763406, -7.448796947378865107E-16 ) ) ;
#800 = ORIENTED_EDGE ( 'NONE', *, *, #3054, .T. ) ;
#801 = CARTESIAN_POINT ( 'NONE',  ( -5.519661803323828941, -0.1434427557374629292, -0.4643367380380125642 ) ) ;
#802 = DIRECTION ( 'NONE',  ( 0.0000000000000000000, 0.0000000000000000000, 1.000000000000000000 ) ) ;
#803 = ORIENTED_EDGE ( 'NONE', *, *, #4837, .T. ) ;
#804 = DIRECTION ( 'NONE',  ( 0.0000000000000000000, 0.0000000000000000000, -1.000000000000000000 ) ) ;
#805 = EDGE_CURVE ( 'NONE', #4409, #5360, #2190, .T. ) ;
#806 = VERTEX_POINT ( 'NONE', #3787 ) ;
#807 = CARTESIAN_POINT ( 'NONE',  ( -5.619661803323829474, -1.027347499126436858, -2.367271829148915874 ) ) ;
#808 = CARTESIAN_POINT ( 'NONE',  ( 1.221831151969084539, -3.667821270315577920, -3.667821270315587245 ) ) ;
#809 = CARTESIAN_POINT ( 'NONE',  ( 1.787875908728444374, 4.540193724026804212, -2.531236143595216426 ) ) ;
#810 = CARTESIAN_POINT ( 'NONE',  ( 7.784331151969086093, 3.667821270315586357, -3.667821270315577920 ) ) ;
#811 = CARTESIAN_POINT ( 'NONE',  ( 0.9668813965247646802, -5.095037542935744845, 10.19007508587148614 ) ) ;
#812 = EDGE_CURVE ( 'NONE', #104, #2279, #3430, .T. ) ;
#813 = CARTESIAN_POINT ( 'NONE',  ( 9.003081151969086093, -2.148559955790347864, -5.187082584840813304 ) ) ;
#814 = EDGE_LOOP ( 'NONE', ( #3001, #2057, #2925, #1834 ) ) ;
#815 = LINE ( 'NONE', #2878, #1107 ) ;
#816 = ADVANCED_FACE ( 'NONE', ( #1712 ), #1241, .F. ) ;
#817 = CARTESIAN_POINT ( 'NONE',  ( 5.159331154017476884, -5.998981397340808819, -2.484859455202467871 ) ) ;
#818 = CARTESIAN_POINT ( 'NONE',  ( -5.619661803323829474, 0.6376042823617330546, -1.843313953201624944 ) ) ;
#819 = CARTESIAN_POINT ( 'NONE',  ( -5.519661803323828941, 0.5131958366318902787, -0.6330100082595085942 ) ) ;
#820 = DIRECTION ( 'NONE',  ( -1.000000000000000000, 0.0000000000000000000, -0.0000000000000000000 ) ) ;
#821 = ORIENTED_EDGE ( 'NONE', *, *, #2380, .F. ) ;
#822 = CARTESIAN_POINT ( 'NONE',  ( 10.50308114992069441, -4.241920426271638789, 4.241920426271637012 ) ) ;
#823 = DIRECTION ( 'NONE',  ( -1.000000000000000000, -0.0000000000000000000, -0.0000000000000000000 ) ) ;
#824 = ORIENTED_EDGE ( 'NONE', *, *, #3975, .T. ) ;
#825 = CIRCLE ( 'NONE', #3483, 3.389253054512366692 ) ;
#826 = DIRECTION ( 'NONE',  ( 0.0000000000000000000, -1.000000000000000000, 0.0000000000000000000 ) ) ;
#827 = PLANE ( 'NONE',  #163 ) ;
#828 = EDGE_LOOP ( 'NONE', ( #208, #1244, #4451, #1760 ) ) ;
#829 = SURFACE_STYLE_FILL_AREA ( #5053 ) ;
#830 = ORIENTED_EDGE ( 'NONE', *, *, #3525, .T. ) ;
#831 = FACE_OUTER_BOUND ( 'NONE', #3197, .T. ) ;
#832 = DIRECTION ( 'NONE',  ( 0.0000000000000000000, 0.9659216153269674088, 0.2588347601156805178 ) ) ;
#833 = CARTESIAN_POINT ( 'NONE',  ( 1.787875908728444152, 5.191778377008795964, -0.2602679954559077857 ) ) ;
#834 = CARTESIAN_POINT ( 'NONE',  ( 9.940581151969086093, -2.148559955790363407, 5.187082584840807087 ) ) ;
#835 = CARTESIAN_POINT ( 'NONE',  ( 1.954793059423414414, 5.536962622234972820, 1.356164710463718938E-15 ) ) ;
#836 = VECTOR ( 'NONE', #1864, 1000.000000000000000 ) ;
#837 = CARTESIAN_POINT ( 'NONE',  ( 9.846831151969086093, -5.669459105745301380E-15, 5.187082584840810640 ) ) ;
#838 = ORIENTED_EDGE ( 'NONE', *, *, #2688, .F. ) ;
#839 = LINE ( 'NONE', #789, #928 ) ;
#840 = AXIS2_PLACEMENT_3D ( 'NONE', #2960, #39, #394 ) ;
#841 = EDGE_CURVE ( 'NONE', #977, #1341, #794, .T. ) ;
#842 = VECTOR ( 'NONE', #4817, 1000.000000000000000 ) ;
#843 = VERTEX_POINT ( 'NONE', #2939 ) ;
#844 = CARTESIAN_POINT ( 'NONE',  ( 1.128081154017475329, 4.241920426271637901, -4.241920426271637012 ) ) ;
#845 = LINE ( 'NONE', #3758, #484 ) ;
#846 = CARTESIAN_POINT ( 'NONE',  ( -5.519661803323828941, 1.479317601293971274, 6.447979051232596959 ) ) ;
#847 = DIRECTION ( 'NONE',  ( 0.0000000000000000000, -0.9659258319783282642, -0.2588190238699125123 ) ) ;
#848 = EDGE_CURVE ( 'NONE', #2701, #2530, #427, .T. ) ;
#849 =( LENGTH_UNIT ( ) NAMED_UNIT ( * ) SI_UNIT ( .MILLI., .METRE. ) );
#850 = ADVANCED_FACE ( 'NONE', ( #2993, #3879 ), #371, .F. ) ;
#851 = LINE ( 'NONE', #1349, #4067 ) ;
#852 = CARTESIAN_POINT ( 'NONE',  ( -5.519661803323828941, 0.3046836022590236337, -2.224574270980792523 ) ) ;
#853 = CARTESIAN_POINT ( 'NONE',  ( -5.619661803323829474, 0.2538955217638021455, 0.9508614337578672471 ) ) ;
#854 = AXIS2_PLACEMENT_3D ( 'NONE', #5153, #3462, #5181 ) ;
#855 = VERTEX_POINT ( 'NONE', #2159 ) ;
#856 = CARTESIAN_POINT ( 'NONE',  ( 5.065581149920695303, 7.346633366397939041E-16, -5.998981397340809707 ) ) ;
#857 = EDGE_CURVE ( 'NONE', #2201, #3387, #4580, .T. ) ;
#858 = CARTESIAN_POINT ( 'NONE',  ( -2.820780263020862044, 0.0000000000000000000, -8.516806624687751182 ) ) ;
#859 = ORIENTED_EDGE ( 'NONE', *, *, #2779, .T. ) ;
#860 = DIRECTION ( 'NONE',  ( 0.0000000000000000000, -0.9659333409038938223, -0.2587909985494898923 ) ) ;
#861 = DIRECTION ( 'NONE',  ( -1.000000000000000000, 0.0000000000000000000, 0.0000000000000000000 ) ) ;
#862 = EDGE_LOOP ( 'NONE', ( #1226, #1828, #3129, #4329 ) ) ;
#863 = CARTESIAN_POINT ( 'NONE',  ( -5.519661803323828941, 0.6376042823617330546, -1.083466608386970176 ) ) ;
#864 = CARTESIAN_POINT ( 'NONE',  ( 3.378081151969084317, 5.187082584840807975, 2.148559955790359854 ) ) ;
#865 = CARTESIAN_POINT ( 'NONE',  ( 1.787875908728444596, 5.041651642570509573, -1.265551414435690747 ) ) ;
#866 = CARTESIAN_POINT ( 'NONE',  ( 2.440581151969085649, -2.148559955790363407, 5.187082584840807087 ) ) ;
#867 = CARTESIAN_POINT ( 'NONE',  ( 0.9668813965247647912, -7.070052012334011593, -8.658316566710150725E-16 ) ) ;
#868 = CARTESIAN_POINT ( 'NONE',  ( 6.190581151969085205, 2.148559955790360299, -5.187082584840807975 ) ) ;
#869 = DIRECTION ( 'NONE',  ( -0.0000000000000000000, -0.0000000000000000000, -1.000000000000000000 ) ) ;
#870 = VECTOR ( 'NONE', #1214, 1000.000000000000000 ) ;
#871 = CARTESIAN_POINT ( 'NONE',  ( 3.940581154017475995, 7.346633366397939041E-16, -5.998981397340809707 ) ) ;
#872 = EDGE_CURVE ( 'NONE', #2464, #5187, #3760, .T. ) ;
#873 = CARTESIAN_POINT ( 'NONE',  ( -5.519661803323828941, 0.2538955217638021455, 0.9508614337578672471 ) ) ;
#874 = CARTESIAN_POINT ( 'NONE',  ( -5.519661803323828941, 0.3975240214392646854, -0.6639945855494018279 ) ) ;
#875 = DIRECTION ( 'NONE',  ( -1.000000000000000000, -0.0000000000000000000, -0.0000000000000000000 ) ) ;
#876 = CARTESIAN_POINT ( 'NONE',  ( 3.846831151969085205, -3.667821270315587245, 3.667821270315577475 ) ) ;
#877 = CIRCLE ( 'NONE', #2745, 3.389253054512366692 ) ;
#878 = FACE_OUTER_BOUND ( 'NONE', #5048, .T. ) ;
#879 = CARTESIAN_POINT ( 'NONE',  ( 10.78433115196908609, 5.187082584840810640, 5.987076309967215065E-15 ) ) ;
#880 = CARTESIAN_POINT ( 'NONE',  ( -5.519661803323828941, 0.3046836022590236337, -2.224574270980792523 ) ) ;
#881 = ADVANCED_FACE ( 'NONE', ( #2492 ), #3248, .T. ) ;
#882 = ORIENTED_EDGE ( 'NONE', *, *, #99, .F. ) ;
#883 = CARTESIAN_POINT ( 'NONE',  ( -5.519661803323828941, 0.3046836022590236337, -1.611619275660786332 ) ) ;
#884 = DIRECTION ( 'NONE',  ( 0.0000000000000000000, 0.0000000000000000000, -1.000000000000000000 ) ) ;
#885 = ORIENTED_EDGE ( 'NONE', *, *, #2856, .F. ) ;
#886 = CARTESIAN_POINT ( 'NONE',  ( -5.619661803323829474, -0.8262907953548989104, -1.931376131795591533 ) ) ;
#887 = ADVANCED_FACE ( 'NONE', ( #2517 ), #2967, .F. ) ;
#888 = ORIENTED_EDGE ( 'NONE', *, *, #4100, .F. ) ;
#889 = CARTESIAN_POINT ( 'NONE',  ( -5.619661803323829474, -0.8080021272800940180, -1.963878654760408349 ) ) ;
#890 = DIRECTION ( 'NONE',  ( -1.000000000000000000, -0.0000000000000000000, -0.0000000000000000000 ) ) ;
#891 = CARTESIAN_POINT ( 'NONE',  ( -5.619661803323829474, 0.6376042823617330546, -2.135346082594348882 ) ) ;
#892 = CARTESIAN_POINT ( 'NONE',  ( 4.409331151969085205, -3.667821270315577920, -3.667821270315587245 ) ) ;
#893 = CARTESIAN_POINT ( 'NONE',  ( 1.954793059423414192, -6.628118418756899999, 13.25623683751379112 ) ) ;
#894 = CARTESIAN_POINT ( 'NONE',  ( 10.31558115196908609, -5.187082584840807087, -2.148559955790362519 ) ) ;
#895 = DIRECTION ( 'NONE',  ( 0.0000000000000000000, -0.9659135991571038415, -0.2588646730694817988 ) ) ;
#896 = CARTESIAN_POINT ( 'NONE',  ( 0.5655811540174748853, -5.998981397340809707, -1.101995004959690659E-15 ) ) ;
#897 = CARTESIAN_POINT ( 'NONE',  ( 0.0000000000000000000, 0.0000000000000000000, 0.0000000000000000000 ) ) ;
#898 = CARTESIAN_POINT ( 'NONE',  ( -5.519661803323828941, 0.3046836022590236337, 0.07395097166969916147 ) ) ;
#899 = DIRECTION ( 'NONE',  ( -1.000000000000000000, -0.0000000000000000000, -0.0000000000000000000 ) ) ;
#900 = FILL_AREA_STYLE_COLOUR ( '', #3678 ) ;
#901 = CARTESIAN_POINT ( 'NONE',  ( 4.596831151969085205, 3.667821270315586357, -3.667821270315577920 ) ) ;
#902 = EDGE_CURVE ( 'NONE', #3211, #5038, #4186, .T. ) ;
#903 = AXIS2_PLACEMENT_3D ( 'NONE', #2818, #5367, #2905 ) ;
#904 = CARTESIAN_POINT ( 'NONE',  ( 10.03433114992069619, 5.998981397340810595, 2.484859455202465206 ) ) ;
#905 = CARTESIAN_POINT ( 'NONE',  ( 8.440581151969086093, -5.187082584840811528, 2.148559955790349640 ) ) ;
#906 = CARTESIAN_POINT ( 'NONE',  ( -5.519661803323828941, -0.1434427557374629292, -2.307165446310758927 ) ) ;
#907 = ORIENTED_EDGE ( 'NONE', *, *, #1627, .F. ) ;
#908 = CARTESIAN_POINT ( 'NONE',  ( -5.619661803323829474, -0.5146871204975557168, 0.7449185090724820268 ) ) ;
#909 = ORIENTED_EDGE ( 'NONE', *, *, #2352, .T. ) ;
#910 = ADVANCED_FACE ( 'NONE', ( #1010 ), #1768, .T. ) ;
#911 = LINE ( 'NONE', #2306, #1104 ) ;
#912 = VECTOR ( 'NONE', #1713, 1000.000000000000000 ) ;
#913 = ORIENTED_EDGE ( 'NONE', *, *, #812, .T. ) ;
#914 = LINE ( 'NONE', #2253, #956 ) ;
#915 = DIRECTION ( 'NONE',  ( 0.0000000000000000000, 0.0000000000000000000, -1.000000000000000000 ) ) ;
#916 = CARTESIAN_POINT ( 'NONE',  ( 1.971831151969085205, 5.187082584840810640, 5.987076309967214276E-15 ) ) ;
#917 = VERTEX_POINT ( 'NONE', #4323 ) ;
#918 = ADVANCED_FACE ( 'NONE', ( #5206 ), #1522, .F. ) ;
#919 = CARTESIAN_POINT ( 'NONE',  ( -5.519661803323828941, -1.159211031094126598, -1.081138143709938548 ) ) ;
#920 = CARTESIAN_POINT ( 'NONE',  ( 2.909331151969086093, -3.667821270315577920, -3.667821270315587245 ) ) ;
#921 = CARTESIAN_POINT ( 'NONE',  ( 1.662412756881484377, 6.175380775256088146E-16, -5.042581076891417879 ) ) ;
#922 = CARTESIAN_POINT ( 'NONE',  ( 3.190581154017475551, 0.0000000000000000000, 5.998981397340809707 ) ) ;
#923 = CARTESIAN_POINT ( 'NONE',  ( 1.315581154017475551, 5.998981397340809707, 3.673316683198969520E-16 ) ) ;
#924 = AXIS2_PLACEMENT_3D ( 'NONE', #3518, #1355, #2721 ) ;
#925 = DIRECTION ( 'NONE',  ( 0.0000000000000000000, 0.0000000000000000000, 1.000000000000000000 ) ) ;
#926 = LINE ( 'NONE', #1086, #5485 ) ;
#927 =( NAMED_UNIT ( * ) SI_UNIT ( $, .STERADIAN. ) SOLID_ANGLE_UNIT ( ) );
#928 = VECTOR ( 'NONE', #2156, 1000.000000000000000 ) ;
#929 = CARTESIAN_POINT ( 'NONE',  ( 10.97183114992069619, -2.484859455202463430, -5.998981397340811483 ) ) ;
#930 = CARTESIAN_POINT ( 'NONE',  ( -5.519661803323828941, -1.542127935956492557, 1.214671149301984832 ) ) ;
#931 = LINE ( 'NONE', #2663, #1482 ) ;
#932 = VERTEX_POINT ( 'NONE', #2217 ) ;
#933 = AXIS2_PLACEMENT_3D ( 'NONE', #2039, #1229, #4968 ) ;
#934 = CARTESIAN_POINT ( 'NONE',  ( -5.519661803323828941, -0.4637826167685011880, -2.971375103788334027 ) ) ;
#935 = VERTEX_POINT ( 'NONE', #1794 ) ;
#936 = CARTESIAN_POINT ( 'NONE',  ( -5.619661803323829474, -0.4637826167685011880, -0.06047431580622770336 ) ) ;
#937 = VECTOR ( 'NONE', #103, 1000.000000000000000 ) ;
#938 = CARTESIAN_POINT ( 'NONE',  ( 3.659331154017475995, -5.998981397340807931, -2.484859455202467871 ) ) ;
#939 = VECTOR ( 'NONE', #3059, 1000.000000000000000 ) ;
#940 = VERTEX_POINT ( 'NONE', #2659 ) ;
#941 = CARTESIAN_POINT ( 'NONE',  ( -5.619661803323829474, -0.8262907953548989104, -1.931376131795591533 ) ) ;
#942 = CARTESIAN_POINT ( 'NONE',  ( -5.519661803323828941, -1.159211031094126598, -0.1385223188350750145 ) ) ;
#943 = ORIENTED_EDGE ( 'NONE', *, *, #872, .F. ) ;
#944 = EDGE_CURVE ( 'NONE', #4074, #3658, #3045, .T. ) ;
#945 = CARTESIAN_POINT ( 'NONE',  ( -5.619661803323829474, -0.8262907953548989104, -3.232888348826577829 ) ) ;
#946 = CARTESIAN_POINT ( 'NONE',  ( 3.940581151969085205, -2.148559955790363407, 5.187082584840807087 ) ) ;
#947 = ORIENTED_EDGE ( 'NONE', *, *, #3600, .T. ) ;
#948 = DIRECTION ( 'NONE',  ( 0.0000000000000000000, 0.9659239901761211833, 0.2588258974721047712 ) ) ;
#949 = EDGE_LOOP ( 'NONE', ( #3662, #2402, #93, #3870 ) ) ;
#950 = CARTESIAN_POINT ( 'NONE',  ( 4.409331151969085205, -3.667821270315577920, -3.667821270315587245 ) ) ;
#951 = ADVANCED_FACE ( 'NONE', ( #5234 ), #532, .F. ) ;
#952 = PLANE ( 'NONE',  #3769 ) ;
#953 = DIRECTION ( 'NONE',  ( -0.0000000000000000000, 0.9659277982239368177, 0.2588116856292571044 ) ) ;
#954 = EDGE_CURVE ( 'NONE', #3628, #374, #1430, .T. ) ;
#955 = FACE_OUTER_BOUND ( 'NONE', #4047, .T. ) ;
#956 = VECTOR ( 'NONE', #3866, 1000.000000000000227 ) ;
#957 = CARTESIAN_POINT ( 'NONE',  ( -5.619661803323829474, -0.8080021272800940180, 0.6662839462394918311 ) ) ;
#958 = VECTOR ( 'NONE', #3905, 1000.000000000000000 ) ;
#959 = DIRECTION ( 'NONE',  ( 1.000000000000000000, 0.0000000000000000000, 0.0000000000000000000 ) ) ;
#960 = CARTESIAN_POINT ( 'NONE',  ( 5.065581149920695303, 7.346633366397939041E-16, -5.998981397340809707 ) ) ;
#961 = AXIS2_PLACEMENT_3D ( 'NONE', #4659, #3435, #3404 ) ;
#962 = CARTESIAN_POINT ( 'NONE',  ( -5.619661803323829474, -0.8810394876184768354, -2.328132293127599173 ) ) ;
#963 = DIRECTION ( 'NONE',  ( -1.000000000000000000, -0.0000000000000000000, -0.0000000000000000000 ) ) ;
#964 = VERTEX_POINT ( 'NONE', #4784 ) ;
#965 = DIRECTION ( 'NONE',  ( 0.0000000000000000000, 1.000000000000000000, 0.0000000000000000000 ) ) ;
#966 = ORIENTED_EDGE ( 'NONE', *, *, #3976, .T. ) ;
#967 = SURFACE_SIDE_STYLE ('',( #4766 ) ) ;
#968 = CARTESIAN_POINT ( 'NONE',  ( 3.284331154017475107, -2.484859455202480749, 5.998981397340795496 ) ) ;
#969 = ORIENTED_EDGE ( 'NONE', *, *, #1050, .F. ) ;
#970 = CARTESIAN_POINT ( 'NONE',  ( -5.619661803323829474, 0.2678738640052119035, 0.08152292550487844069 ) ) ;
#971 = VERTEX_POINT ( 'NONE', #699 ) ;
#972 = DIRECTION ( 'NONE',  ( 0.0000000000000000000, 0.0000000000000000000, -1.000000000000000000 ) ) ;
#973 = CARTESIAN_POINT ( 'NONE',  ( -5.519661803323828941, 0.3046836022590236337, -2.913248804652626145 ) ) ;
#974 = ORIENTED_EDGE ( 'NONE', *, *, #5397, .F. ) ;
#975 = DIRECTION ( 'NONE',  ( -1.000000000000000000, -0.0000000000000000000, -0.0000000000000000000 ) ) ;
#976 = EDGE_CURVE ( 'NONE', #3635, #4305, #4403, .T. ) ;
#977 = VERTEX_POINT ( 'NONE', #1823 ) ;
#978 = CARTESIAN_POINT ( 'NONE',  ( 3.940581151969085205, -2.148559955790363407, 5.187082584840807087 ) ) ;
#979 = CARTESIAN_POINT ( 'NONE',  ( -4.685581803323828787, 0.0000000000000000000, 0.0000000000000000000 ) ) ;
#980 = EDGE_CURVE ( 'NONE', #2863, #1529, #561, .T. ) ;
#981 = DIRECTION ( 'NONE',  ( 0.0000000000000000000, 0.9658993164360788475, 0.2589179609612195510 ) ) ;
#982 = CARTESIAN_POINT ( 'NONE',  ( 0.4220016690503199386, 5.095037542935743957, 1.247924283698370819E-15 ) ) ;
#983 = CARTESIAN_POINT ( 'NONE',  ( -5.619661803323829474, -0.7755022704961843649, -2.821222903745839172 ) ) ;
#984 = EDGE_CURVE ( 'NONE', #778, #1266, #5374, .T. ) ;
#985 = CARTESIAN_POINT ( 'NONE',  ( 5.815581149920695303, 0.0000000000000000000, 5.998981397340809707 ) ) ;
#986 = CARTESIAN_POINT ( 'NONE',  ( 6.003081151969085205, 2.148559955790360299, -5.187082584840807975 ) ) ;
#987 = CARTESIAN_POINT ( 'NONE',  ( 3.284331149920695303, -5.998981397340807931, -2.484859455202467871 ) ) ;
#988 = ORIENTED_EDGE ( 'NONE', *, *, #3600, .F. ) ;
#989 = CARTESIAN_POINT ( 'NONE',  ( 4.503081149920694415, -4.241920426271638789, 4.241920426271637012 ) ) ;
#990 = CARTESIAN_POINT ( 'NONE',  ( -5.619661803323829474, 0.2888415995490326016, -0.3485498327019522780 ) ) ;
#991 = ORIENTED_EDGE ( 'NONE', *, *, #3229, .F. ) ;
#992 = DIRECTION ( 'NONE',  ( -1.000000000000000000, -0.0000000000000000000, -0.0000000000000000000 ) ) ;
#993 = PLANE ( 'NONE',  #2391 ) ;
#994 = ORIENTED_EDGE ( 'NONE', *, *, #2277, .F. ) ;
#995 = DIRECTION ( 'NONE',  ( 0.0000000000000000000, 0.0000000000000000000, 1.000000000000000000 ) ) ;
#996 = CARTESIAN_POINT ( 'NONE',  ( 8.346831149920696191, 5.998981397340809707, -2.484859455202464762 ) ) ;
#997 = ORIENTED_EDGE ( 'NONE', *, *, #980, .T. ) ;
#998 = LINE ( 'NONE', #2696, #4481 ) ;
#999 = CARTESIAN_POINT ( 'NONE',  ( -0.02048535258922726254, -6.082404292049762518, -12.16480858409952504 ) ) ;
#1000 = ORIENTED_EDGE ( 'NONE', *, *, #1664, .F. ) ;
#1001 = VECTOR ( 'NONE', #1147, 1000.000000000000000 ) ;
#1002 = CARTESIAN_POINT ( 'NONE',  ( -5.519661803323828941, 0.3975240214392646854, 0.6447340945263959622 ) ) ;
#1003 = DIRECTION ( 'NONE',  ( 0.0000000000000000000, 0.0000000000000000000, -1.000000000000000000 ) ) ;
#1004 = CARTESIAN_POINT ( 'NONE',  ( 2.440581151969085649, -2.148559955790363407, 5.187082584840807087 ) ) ;
#1005 = CARTESIAN_POINT ( 'NONE',  ( -5.619661803323829474, -0.09481819556556669859, 4.121490903010486484 ) ) ;
#1006 = CARTESIAN_POINT ( 'NONE',  ( 5.815581151969085205, -2.148559955790347864, -5.187082584840814192 ) ) ;
#1007 = DIRECTION ( 'NONE',  ( -1.000000000000000000, -0.0000000000000000000, -0.0000000000000000000 ) ) ;
#1008 = CARTESIAN_POINT ( 'NONE',  ( 0.4220016690503198831, -7.070052012334013369, 14.14010402466802141 ) ) ;
#1009 = EDGE_CURVE ( 'NONE', #2798, #2664, #4895, .T. ) ;
#1010 = FACE_OUTER_BOUND ( 'NONE', #4958, .T. ) ;
#1011 = AXIS2_PLACEMENT_3D ( 'NONE', #2954, #6, #115 ) ;
#1012 = AXIS2_PLACEMENT_3D ( 'NONE', #2557, #26, #3385 ) ;
#1013 = CARTESIAN_POINT ( 'NONE',  ( 5.253081149920694415, 4.241920426271637901, -4.241920426271637012 ) ) ;
#1014 = CARTESIAN_POINT ( 'NONE',  ( 3.096831151969084317, 3.667821270315586357, -3.667821270315577920 ) ) ;
#1015 = CARTESIAN_POINT ( 'NONE',  ( 6.940581149920695303, 5.998981397340809707, 3.673316683198969520E-16 ) ) ;
#1016 = ORIENTED_EDGE ( 'NONE', *, *, #503, .T. ) ;
#1017 = EDGE_CURVE ( 'NONE', #4723, #1612, #4767, .T. ) ;
#1018 = DIRECTION ( 'NONE',  ( -1.000000000000000000, -0.0000000000000000000, -0.0000000000000000000 ) ) ;
#1019 = VECTOR ( 'NONE', #4232, 1000.000000000000000 ) ;
#1020 = AXIS2_PLACEMENT_3D ( 'NONE', #169, #1389, #4361 ) ;
#1021 = DIRECTION ( 'NONE',  ( -1.000000000000000000, -0.0000000000000000000, -0.0000000000000000000 ) ) ;
#1022 = EDGE_LOOP ( 'NONE', ( #3107, #994, #5380, #2559 ) ) ;
#1023 = CARTESIAN_POINT ( 'NONE',  ( -5.619661803323829474, -0.8262907953548989104, -1.587275266335292034 ) ) ;
#1024 = CARTESIAN_POINT ( 'NONE',  ( 8.815581151969086093, -5.187082584840807087, -2.148559955790362519 ) ) ;
#1025 = VECTOR ( 'NONE', #1576, 1000.000000000000000 ) ;
#1026 = ORIENTED_EDGE ( 'NONE', *, *, #1595, .T. ) ;
#1027 = CARTESIAN_POINT ( 'NONE',  ( -5.519661803323828941, -0.8262907953548989104, -1.587275266335292034 ) ) ;
#1028 = LINE ( 'NONE', #4124, #4834 ) ;
#1029 = ORIENTED_EDGE ( 'NONE', *, *, #3250, .F. ) ;
#1030 = CARTESIAN_POINT ( 'NONE',  ( -5.519661803323828941, -1.930845117427445246, 3.938455804857458720 ) ) ;
#1031 = CARTESIAN_POINT ( 'NONE',  ( 0.4220016690503198831, -5.095037542935743069, -10.19007508587148614 ) ) ;
#1032 = ORIENTED_EDGE ( 'NONE', *, *, #3558, .F. ) ;
#1033 = CARTESIAN_POINT ( 'NONE',  ( -5.519661803323828941, 0.3046836022590236337, -0.2901889096445826599 ) ) ;
#1034 = ORIENTED_EDGE ( 'NONE', *, *, #2380, .T. ) ;
#1035 = CARTESIAN_POINT ( 'NONE',  ( 4.784331151969085205, 5.187082584840810640, 5.987076309967215065E-15 ) ) ;
#1036 = CARTESIAN_POINT ( 'NONE',  ( 2.150911836957632328, -4.657286410610673499, 3.124608884690420307 ) ) ;
#1037 = CARTESIAN_POINT ( 'NONE',  ( 7.315581151969087870, -2.148559955790347864, -5.187082584840814192 ) ) ;
#1038 = DIRECTION ( 'NONE',  ( -1.000000000000000000, -0.0000000000000000000, -0.0000000000000000000 ) ) ;
#1039 = EDGE_LOOP ( 'NONE', ( #625, #3173, #744, #1885 ) ) ;
#1040 = CARTESIAN_POINT ( 'NONE',  ( 9.060322999506512431, -5.677817104245412416, -0.7334295370712344830 ) ) ;
#1041 = EDGE_CURVE ( 'NONE', #1473, #1529, #3842, .T. ) ;
#1042 = CARTESIAN_POINT ( 'NONE',  ( 4.034331149920694415, 5.998981397340810595, 2.484859455202465206 ) ) ;
#1043 = CARTESIAN_POINT ( 'NONE',  ( 6.378081151969084317, 5.187082584840807975, 2.148559955790359854 ) ) ;
#1044 = CARTESIAN_POINT ( 'NONE',  ( 6.659331149920696191, 2.484859455202465206, -5.998981397340809707 ) ) ;
#1045 = ORIENTED_EDGE ( 'NONE', *, *, #367, .T. ) ;
#1046 = CARTESIAN_POINT ( 'NONE',  ( 6.096831149920695303, -5.998981397340808819, 2.484859455202466094 ) ) ;
#1047 = CARTESIAN_POINT ( 'NONE',  ( -5.619661803323829474, 0.3046836022590236337, -2.939224516705999157 ) ) ;
#1048 = VERTEX_POINT ( 'NONE', #1461 ) ;
#1049 = CARTESIAN_POINT ( 'NONE',  ( 9.003081151969086093, 2.148559955790360299, -5.187082584840807975 ) ) ;
#1050 = EDGE_CURVE ( 'NONE', #1308, #620, #926, .T. ) ;
#1051 = CARTESIAN_POINT ( 'NONE',  ( 8.534331151969086093, -3.667821270315587245, 3.667821270315577475 ) ) ;
#1052 = ORIENTED_EDGE ( 'NONE', *, *, #536, .T. ) ;
#1053 = CARTESIAN_POINT ( 'NONE',  ( 2.096501146244321934, 5.231436285625579607, -1.845379415189825734 ) ) ;
#1054 = ORIENTED_EDGE ( 'NONE', *, *, #4142, .F. ) ;
#1055 = CARTESIAN_POINT ( 'NONE',  ( -5.519661803323828941, -0.09481819556556669859, 4.121490903010486484 ) ) ;
#1056 = CARTESIAN_POINT ( 'NONE',  ( 0.9668813965247647912, -5.095037542935743957, -6.239621418491854095E-16 ) ) ;
#1057 = VERTEX_POINT ( 'NONE', #1116 ) ;
#1058 = CARTESIAN_POINT ( 'NONE',  ( -0.9526455239024034238, 3.262962761020485721E-16, 1.939569530566509714 ) ) ;
#1059 = AXIS2_PLACEMENT_3D ( 'NONE', #3521, #4024, #4853 ) ;
#1060 = EDGE_CURVE ( 'NONE', #3978, #1262, #3613, .T. ) ;
#1061 = CARTESIAN_POINT ( 'NONE',  ( 8.909331151969086093, 6.304693514189128749E-15, -5.187082584840810640 ) ) ;
#1062 = CARTESIAN_POINT ( 'NONE',  ( 2.223143450528676901, -5.674781891903654341, 0.5418032827212047042 ) ) ;
#1063 = PLANE ( 'NONE',  #3585 ) ;
#1064 =( BOUNDED_SURFACE ( )  B_SPLINE_SURFACE ( 1, 2, ( 
 ( #4631, #3024, #3047, #4732, #456, #5070, #3852, #1246, #2998, #929, #2219, #76, #2549, #2578, #822, #5125, #4238, #4708, #2138, #904, #101, #4324, #2194, #3882, #5046, #2522, #2604, #1716, #3908, #19, #4215, #5098, #404, #2111, #3793, #1796, #1273, #4683, #2969, #431, #4293, #485, #1432, #4406, #4351, #537, #3101, #1377, #5261, #4811, #4869, #3156, #592, #2297, #5235, #1068, #2242, #241, #2682, #4785, #3932, #129, #4014, #2354, #985, #563, #1909, #3127, #3485, #1491, #1013, #2325, #960, #3988, #1825, #2713, #4372, #3959, #3076, #4459, #211, #1850, #5179, #1042, #182, #2270, #3511, #1464, #5207, #2740, #154, #4433, #1401, #3536, #1879, #622, #3562, #4841, #4760, #3595, #5290, #2661, #3182, #2768, #4045, #650, #4170, #5423, #1593, #1679, #2067, #283, #3254 ),
 ( #2041, #5000, #4941, #1143, #3694, #1982, #361, #1617, #5480, #3747, #1202, #2904, #336, #3368, #2846, #834, #3282, #5392, #4530, #724, #4619, #2955, #4969, #1171, #2507, #3721, #4086, #2096, #3312, #2930, #1565, #4591, #2425, #784, #2873, #4560, #3665, #5059, #810, #4198, #2482, #389, #4642, #4114, #5449, #3779, #1648, #3342, #755, #5030, #1232, #1259, #5364, #307, #2452, #2013, #4143, #1364, #3499, #3869, #5140, #34, #471, #1391, #2152, #4698, #417, #1315, #2985, #4749, #525, #1730, #1705, #3837, #892, #4281, #4722, #3062, #3474, #946, #4311, #3448, #3808, #5084, #2177, #1812, #2126, #500, #2646, #2231, #1340, #4672, #3038, #3420, #2619, #866, #5195, #446, #4256, #3088, #916, #4773, #2205, #5166, #5112, #2565, #4339, #116, #3012, #1287, #3922, #2592, #2538 ) ),
 .UNSPECIFIED., .F., .F., .F. ) 
 B_SPLINE_SURFACE_WITH_KNOTS ( ( 2, 2 ),
 ( 3, 2, 2, 2, 2, 2, 2, 2, 2, 2, 2, 2, 2, 2, 2, 2, 2, 2, 2, 2, 2, 2, 2, 2, 2, 2, 2, 2, 2, 2, 2, 2, 2, 2, 2, 2, 2, 2, 2, 2, 2, 2, 2, 2, 2, 2, 2, 2, 2, 2, 2, 2, 2, 2, 2, 2, 3 ),
 ( 0.0000000000000000000, 1.000000000000000000 ),
 ( 0.0000000000000000000, 0.01785714285714285615, 0.03571428571428571230, 0.05357142857142856845, 0.07142857142857142461, 0.08928571428571428770, 0.1071428571428571369, 0.1250000000000000000, 0.1428571428571428492, 0.1607142857142857262, 0.1785714285714285754, 0.1964285714285714246, 0.2142857142857142738, 0.2321428571428571508, 0.2500000000000000000, 0.2678571428571428492, 0.2857142857142856984, 0.3035714285714285476, 0.3214285714285714524, 0.3392857142857143016, 0.3571428571428571508, 0.3750000000000000000, 0.3928571428571428492, 0.4107142857142856984, 0.4285714285714285476, 0.4464285714285714524, 0.4642857142857143016, 0.4821428571428571508, 0.5000000000000000000, 0.5178571428571429047, 0.5357142857142856984, 0.5535714285714286031, 0.5714285714285713969, 0.5892857142857143016, 0.6071428571428570953, 0.6250000000000000000, 0.6428571428571429047, 0.6607142857142856984, 0.6785714285714286031, 0.6964285714285713969, 0.7142857142857143016, 0.7321428571428570953, 0.7500000000000000000, 0.7678571428571429047, 0.7857142857142856984, 0.8035714285714286031, 0.8214285714285713969, 0.8392857142857143016, 0.8571428571428570953, 0.8750000000000000000, 0.8928571428571429047, 0.9107142857142856984, 0.9285714285714286031, 0.9464285714285713969, 0.9642857142857143016, 0.9821428571428570953, 1.000000000000000000 ),
 .UNSPECIFIED. ) 
 GEOMETRIC_REPRESENTATION_ITEM ( )  RATIONAL_B_SPLINE_SURFACE ( (
 ( 1.000000000000000000, 0.9238795325112867385, 1.000000000000000000, 0.9238795325112867385, 1.000000000000000000, 0.9238795325112867385, 1.000000000000000000, 0.9238795325112867385, 1.000000000000000000, 0.9238795325112867385, 1.000000000000000000, 0.9238795325112867385, 1.000000000000000000, 0.9238795325112867385, 1.000000000000000000, 0.9238795325112867385, 1.000000000000000000, 0.9238795325112867385, 1.000000000000000000, 0.9238795325112867385, 1.000000000000000000, 0.9238795325112867385, 1.000000000000000000, 0.9238795325112867385, 1.000000000000000000, 0.9238795325112867385, 1.000000000000000000, 0.9238795325112867385, 1.000000000000000000, 0.9238795325112867385, 1.000000000000000000, 0.9238795325112867385, 1.000000000000000000, 0.9238795325112867385, 1.000000000000000000, 0.9238795325112867385, 1.000000000000000000, 0.9238795325112867385, 1.000000000000000000, 0.9238795325112867385, 1.000000000000000000, 0.9238795325112867385, 1.000000000000000000, 0.9238795325112867385, 1.000000000000000000, 0.9238795325112867385, 1.000000000000000000, 0.9238795325112867385, 1.000000000000000000, 0.9238795325112867385, 1.000000000000000000, 0.9238795325112867385, 1.000000000000000000, 0.9238795325112867385, 1.000000000000000000, 0.9238795325112867385, 1.000000000000000000, 0.9238795325112867385, 1.000000000000000000, 0.9238795325112867385, 1.000000000000000000, 0.9238795325112867385, 1.000000000000000000, 0.9238795325112867385, 1.000000000000000000, 0.9238795325112867385, 1.000000000000000000, 0.9238795325112867385, 1.000000000000000000, 0.9238795325112867385, 1.000000000000000000, 0.9238795325112867385, 1.000000000000000000, 0.9238795325112867385, 1.000000000000000000, 0.9238795325112867385, 1.000000000000000000, 0.9238795325112867385, 1.000000000000000000, 0.9238795325112867385, 1.000000000000000000, 0.9238795325112867385, 1.000000000000000000, 0.9238795325112867385, 1.000000000000000000, 0.9238795325112867385, 1.000000000000000000, 0.9238795325112867385, 1.000000000000000000, 0.9238795325112867385, 1.000000000000000000, 0.9238795325112867385, 1.000000000000000000, 0.9238795325112867385, 1.000000000000000000, 0.9238795325112867385, 1.000000000000000000, 0.9238795325112867385, 1.000000000000000000, 0.9238795325112867385, 1.000000000000000000, 0.9238795325112867385, 1.000000000000000000, 0.9238795325112867385, 1.000000000000000000, 0.9238795325112867385, 1.000000000000000000, 0.9238795325112867385, 1.000000000000000000, 0.9238795325112867385, 1.000000000000000000, 0.9238795325112867385, 1.000000000000000000),
 ( 1.000000000000000000, 0.9238795325112867385, 1.000000000000000000, 0.9238795325112867385, 1.000000000000000000, 0.9238795325112867385, 1.000000000000000000, 0.9238795325112867385, 1.000000000000000000, 0.9238795325112867385, 1.000000000000000000, 0.9238795325112867385, 1.000000000000000000, 0.9238795325112867385, 1.000000000000000000, 0.9238795325112867385, 1.000000000000000000, 0.9238795325112867385, 1.000000000000000000, 0.9238795325112867385, 1.000000000000000000, 0.9238795325112867385, 1.000000000000000000, 0.9238795325112867385, 1.000000000000000000, 0.9238795325112867385, 1.000000000000000000, 0.9238795325112867385, 1.000000000000000000, 0.9238795325112867385, 1.000000000000000000, 0.9238795325112867385, 1.000000000000000000, 0.9238795325112867385, 1.000000000000000000, 0.9238795325112867385, 1.000000000000000000, 0.9238795325112867385, 1.000000000000000000, 0.9238795325112867385, 1.000000000000000000, 0.9238795325112867385, 1.000000000000000000, 0.9238795325112867385, 1.000000000000000000, 0.9238795325112867385, 1.000000000000000000, 0.9238795325112867385, 1.000000000000000000, 0.9238795325112867385, 1.000000000000000000, 0.9238795325112867385, 1.000000000000000000, 0.9238795325112867385, 1.000000000000000000, 0.9238795325112867385, 1.000000000000000000, 0.9238795325112867385, 1.000000000000000000, 0.9238795325112867385, 1.000000000000000000, 0.9238795325112867385, 1.000000000000000000, 0.9238795325112867385, 1.000000000000000000, 0.9238795325112867385, 1.000000000000000000, 0.9238795325112867385, 1.000000000000000000, 0.9238795325112867385, 1.000000000000000000, 0.9238795325112867385, 1.000000000000000000, 0.9238795325112867385, 1.000000000000000000, 0.9238795325112867385, 1.000000000000000000, 0.9238795325112867385, 1.000000000000000000, 0.9238795325112867385, 1.000000000000000000, 0.9238795325112867385, 1.000000000000000000, 0.9238795325112867385, 1.000000000000000000, 0.9238795325112867385, 1.000000000000000000, 0.9238795325112867385, 1.000000000000000000, 0.9238795325112867385, 1.000000000000000000, 0.9238795325112867385, 1.000000000000000000, 0.9238795325112867385, 1.000000000000000000, 0.9238795325112867385, 1.000000000000000000, 0.9238795325112867385, 1.000000000000000000, 0.9238795325112867385, 1.000000000000000000, 0.9238795325112867385, 1.000000000000000000, 0.9238795325112867385, 1.000000000000000000, 0.9238795325112867385, 1.000000000000000000, 0.9238795325112867385, 1.000000000000000000, 0.9238795325112867385, 1.000000000000000000, 0.9238795325112867385, 1.000000000000000000) ) ) 
 REPRESENTATION_ITEM ( '' )  SURFACE ( )  );
#1065 = CARTESIAN_POINT ( 'NONE',  ( 0.9668813965247647912, -5.095037542935743957, -6.239621418491854095E-16 ) ) ;
#1066 = EDGE_LOOP ( 'NONE', ( #1723, #1973, #5286, #2737 ) ) ;
#1067 = DIRECTION ( 'NONE',  ( 0.0000000000000000000, 0.0000000000000000000, -1.000000000000000000 ) ) ;
#1068 = CARTESIAN_POINT ( 'NONE',  ( 6.659331149920696191, 2.484859455202465650, -5.998981397340810595 ) ) ;
#1069 = CARTESIAN_POINT ( 'NONE',  ( 2.346831151969085649, -3.667821270315587245, 3.667821270315577475 ) ) ;
#1070 = ORIENTED_EDGE ( 'NONE', *, *, #3399, .T. ) ;
#1071 = CARTESIAN_POINT ( 'NONE',  ( -5.519661803323828941, -0.8262907953548989104, -3.232888348826577829 ) ) ;
#1072 = CARTESIAN_POINT ( 'NONE',  ( 8.815581149920696191, 5.998981397340808819, -1.085858625741484250E-07 ) ) ;
#1073 = CARTESIAN_POINT ( 'NONE',  ( 2.010977503172274083, -3.034798637620813176E-12, 5.444038642045335941 ) ) ;
#1074 = VERTEX_POINT ( 'NONE', #4060 ) ;
#1075 = CARTESIAN_POINT ( 'NONE',  ( 9.477372229967755857, 5.219151025543368405, -0.6962055056072379289 ) ) ;
#1076 = ORIENTED_EDGE ( 'NONE', *, *, #1263, .F. ) ;
#1077 = CARTESIAN_POINT ( 'NONE',  ( -5.619661803323829474, 9.765074222258724490E-16, -7.507123992640686083 ) ) ;
#1078 = EDGE_LOOP ( 'NONE', ( #3302, #2533, #1830, #3755 ) ) ;
#1079 = CYLINDRICAL_SURFACE ( 'NONE', #1471, 5.998981397340809707 ) ;
#1080 = ADVANCED_FACE ( 'NONE', ( #3639 ), #3202, .F. ) ;
#1081 = CARTESIAN_POINT ( 'NONE',  ( -5.519661803323828941, -0.4637826167685011880, -0.01865793413329725273 ) ) ;
#1082 = ORIENTED_EDGE ( 'NONE', *, *, #4781, .T. ) ;
#1083 = CYLINDRICAL_SURFACE ( 'NONE', #2705, 5.998981397340809707 ) ;
#1084 = ORIENTED_EDGE ( 'NONE', *, *, #5288, .F. ) ;
#1085 = CARTESIAN_POINT ( 'NONE',  ( 8.159331151969086093, -5.669459105745301380E-15, 5.187082584840810640 ) ) ;
#1086 = CARTESIAN_POINT ( 'NONE',  ( -5.519661803323828941, -1.159211031094126598, -3.417053907693038184 ) ) ;
#1087 = DIRECTION ( 'NONE',  ( 0.0000000000000000000, -0.9659135991570955149, -0.2588646730695129961 ) ) ;
#1088 = ADVANCED_FACE ( 'NONE', ( #1931 ), #4789, .T. ) ;
#1089 = EDGE_CURVE ( 'NONE', #2418, #1955, #1632, .T. ) ;
#1090 = CARTESIAN_POINT ( 'NONE',  ( -5.619661803323829474, -1.159211031094126598, 0.2206051423347873408 ) ) ;
#1091 = CARTESIAN_POINT ( 'NONE',  ( -5.519661803323828941, 0.6376042823617330546, -0.9442635246883085420 ) ) ;
#1092 = VECTOR ( 'NONE', #5432, 1000.000000000000000 ) ;
#1093 = VERTEX_POINT ( 'NONE', #1868 ) ;
#1094 = CARTESIAN_POINT ( 'NONE',  ( 8.833109000784906684, -0.7516409204072154182, 5.943484061702158705 ) ) ;
#1095 =( BOUNDED_CURVE ( )  B_SPLINE_CURVE ( 2, ( #3333, #775, #2060, #3657, #2866, #2443, #4191, #4500, #5441 ),
 .UNSPECIFIED., .F., .T. ) 
 B_SPLINE_CURVE_WITH_KNOTS ( ( 3, 2, 2, 2, 3 ),
 ( 0.7142857142857141906, 0.7321428571428569843, 0.7500000000000000000, 0.7678571428571429047, 0.7806177464666548271 ),
 .UNSPECIFIED. ) 
 CURVE ( )  GEOMETRIC_REPRESENTATION_ITEM ( )  RATIONAL_B_SPLINE_CURVE ( ( 1.000000000000000444, 0.9238795325112862944, 1.000000000000000000, 0.9238795325112867385, 1.000000000000000000, 0.9238795325112867385, 1.000000000000000000, 0.9456047857171240301, 0.9689505374186913045 ) ) 
 REPRESENTATION_ITEM ( '' )  );
#1096 = VERTEX_POINT ( 'NONE', #3143 ) ;
#1097 = CARTESIAN_POINT ( 'NONE',  ( 1.784331151969084983, 5.187082584840810640, 5.987076309967215065E-15 ) ) ;
#1098 = ORIENTED_EDGE ( 'NONE', *, *, #440, .F. ) ;
#1099 = CARTESIAN_POINT ( 'NONE',  ( -5.519661803323828941, 1.479317601293971274, 6.447979051232596959 ) ) ;
#1100 = DIRECTION ( 'NONE',  ( 0.0000000000000000000, -0.0000000000000000000, -1.000000000000000000 ) ) ;
#1101 = FACE_OUTER_BOUND ( 'NONE', #4282, .T. ) ;
#1102 = ORIENTED_EDGE ( 'NONE', *, *, #1144, .T. ) ;
#1103 = VECTOR ( 'NONE', #2670, 1000.000000000000000 ) ;
#1104 = VECTOR ( 'NONE', #5158, 1000.000000000000000 ) ;
#1105 = CARTESIAN_POINT ( 'NONE',  ( 5.440581151969085205, -2.148559955790363407, 5.187082584840807087 ) ) ;
#1106 = ORIENTED_EDGE ( 'NONE', *, *, #4387, .T. ) ;
#1107 = VECTOR ( 'NONE', #2568, 1000.000000000000114 ) ;
#1108 = DIRECTION ( 'NONE',  ( -1.000000000000000000, -0.0000000000000000000, -0.0000000000000000000 ) ) ;
#1109 = DIRECTION ( 'NONE',  ( -1.000000000000000000, -0.0000000000000000000, -0.0000000000000000000 ) ) ;
#1110 = VERTEX_POINT ( 'NONE', #147 ) ;
#1111 = CARTESIAN_POINT ( 'NONE',  ( 0.0000000000000000000, 4.150637904708960139E-16, -3.389253054512366692 ) ) ;
#1112 = VECTOR ( 'NONE', #2855, 1000.000000000000000 ) ;
#1113 = EDGE_CURVE ( 'NONE', #4468, #1803, #3552, .T. ) ;
#1114 = VERTEX_POINT ( 'NONE', #4395 ) ;
#1115 = CARTESIAN_POINT ( 'NONE',  ( 6.471831151969086093, 3.667821270315578364, 3.667821270315586357 ) ) ;
#1116 = CARTESIAN_POINT ( 'NONE',  ( -5.519661803323828941, -0.7894806127375767479, 0.6712963663838882322 ) ) ;
#1117 = CARTESIAN_POINT ( 'NONE',  ( 2.194560313797841999, -5.425764573490116760, 1.638326772360795047 ) ) ;
#1118 = DIRECTION ( 'NONE',  ( 0.0000000000000000000, 0.0000000000000000000, 1.000000000000000000 ) ) ;
#1119 = CARTESIAN_POINT ( 'NONE',  ( -5.519661803323828941, -0.1434427557374629292, 0.8443919420377852258 ) ) ;
#1120 = EDGE_CURVE ( 'NONE', #410, #3628, #2287, .T. ) ;
#1121 = ORIENTED_EDGE ( 'NONE', *, *, #749, .T. ) ;
#1122 = PLANE ( 'NONE',  #3503 ) ;
#1123 = ADVANCED_FACE ( 'NONE', ( #1512 ), #3201, .T. ) ;
#1124 = EDGE_LOOP ( 'NONE', ( #5136, #4336, #2647, #2717 ) ) ;
#1125 = CARTESIAN_POINT ( 'NONE',  ( 5.721831154017475995, 5.998981397340810595, -2.484859455202464762 ) ) ;
#1126 = ORIENTED_EDGE ( 'NONE', *, *, #2823, .T. ) ;
#1127 = CARTESIAN_POINT ( 'NONE',  ( -5.619661803323829474, -1.159211031094126598, 0.3755351386000399527 ) ) ;
#1128 = CARTESIAN_POINT ( 'NONE',  ( 0.0000000000000000000, 0.0000000000000000000, 8.573554286785633138 ) ) ;
#1129 = CARTESIAN_POINT ( 'NONE',  ( -5.519661803323828941, -1.159211031094126598, -1.081138143709938548 ) ) ;
#1130 = CARTESIAN_POINT ( 'NONE',  ( -5.519661803323828941, 0.6376042823617330546, -2.135346082594348882 ) ) ;
#1131 = ORIENTED_EDGE ( 'NONE', *, *, #476, .T. ) ;
#1132 = CARTESIAN_POINT ( 'NONE',  ( 3.846831151969085205, -5.669459105745300591E-15, 5.187082584840810640 ) ) ;
#1133 = DIRECTION ( 'NONE',  ( -0.0000000000000000000, -0.4999992319065422186, -0.8660258472429490650 ) ) ;
#1134 = ORIENTED_EDGE ( 'NONE', *, *, #707, .T. ) ;
#1135 = CARTESIAN_POINT ( 'NONE',  ( -5.519661803323828941, 0.2678738640052119035, -1.240024752472179026 ) ) ;
#1136 = ORIENTED_EDGE ( 'NONE', *, *, #4781, .F. ) ;
#1137 = VECTOR ( 'NONE', #5011, 1000.000000000000000 ) ;
#1138 = CARTESIAN_POINT ( 'NONE',  ( 6.096831154017475995, 2.484859455202464762, 5.998981397340809707 ) ) ;
#1139 = ORIENTED_EDGE ( 'NONE', *, *, #5116, .T. ) ;
#1140 = CARTESIAN_POINT ( 'NONE',  ( 4.409331151969085205, 6.304693514189128749E-15, -5.187082584840810640 ) ) ;
#1141 = AXIS2_PLACEMENT_3D ( 'NONE', #3821, #5494, #1771 ) ;
#1142 = LINE ( 'NONE', #2845, #134 ) ;
#1143 = CARTESIAN_POINT ( 'NONE',  ( 11.06558115196908609, 5.187082584840807975, 2.148559955790359854 ) ) ;
#1144 = EDGE_CURVE ( 'NONE', #5008, #1494, #4528, .T. ) ;
#1145 = PLANE ( 'NONE',  #5443 ) ;
#1146 = CARTESIAN_POINT ( 'NONE',  ( 7.690581154017475995, 0.0000000000000000000, 5.998981397340809707 ) ) ;
#1147 = DIRECTION ( 'NONE',  ( -1.000000000000000000, -0.0000000000000000000, -0.0000000000000000000 ) ) ;
#1148 = ORIENTED_EDGE ( 'NONE', *, *, #1937, .F. ) ;
#1149 = CARTESIAN_POINT ( 'NONE',  ( 8.971276452938926838, -5.140706837290831999, 2.740911509710990845 ) ) ;
#1150 = EDGE_CURVE ( 'NONE', #2412, #3978, #4032, .T. ) ;
#1151 = ORIENTED_EDGE ( 'NONE', *, *, #1831, .T. ) ;
#1152 = CARTESIAN_POINT ( 'NONE',  ( 7.315581154017476884, 5.998981397340809707, 3.673316683198969520E-16 ) ) ;
#1153 = DIRECTION ( 'NONE',  ( -1.000000000000000000, -0.0000000000000000000, -0.0000000000000000000 ) ) ;
#1154 = FACE_OUTER_BOUND ( 'NONE', #1577, .T. ) ;
#1155 = CARTESIAN_POINT ( 'NONE',  ( -5.619661803323829474, 0.6376042823617330546, -2.973938192386992974 ) ) ;
#1156 = EDGE_CURVE ( 'NONE', #2771, #2833, #1424, .T. ) ;
#1157 = DIRECTION ( 'NONE',  ( -1.000000000000000000, -0.0000000000000000000, -0.0000000000000000000 ) ) ;
#1158 = ORIENTED_EDGE ( 'NONE', *, *, #4950, .T. ) ;
#1159 = LINE ( 'NONE', #1578, #126 ) ;
#1160 = CARTESIAN_POINT ( 'NONE',  ( 4.784331151969085205, 3.667821270315586357, -3.667821270315577920 ) ) ;
#1161 = CARTESIAN_POINT ( 'NONE',  ( -2.820780263020862044, 0.0000000000000000000, 0.0000000000000000000 ) ) ;
#1162 = EDGE_LOOP ( 'NONE', ( #3104, #943, #2614, #3993 ) ) ;
#1163 = CARTESIAN_POINT ( 'NONE',  ( -5.619661803323829474, -1.159211031094126598, 0.5147382222986783828 ) ) ;
#1164 = CARTESIAN_POINT ( 'NONE',  ( 4.690581154017475995, 0.0000000000000000000, 5.998981397340809707 ) ) ;
#1165 = ORIENTED_EDGE ( 'NONE', *, *, #3791, .T. ) ;
#1166 = B_SPLINE_SURFACE_WITH_KNOTS ( 'NONE', 3, 1, ( 
 ( #1472, #4847 ),
 ( #1497, #3214 ),
 ( #4902, #1047 ),
 ( #2746, #3187 ) ),
 .UNSPECIFIED., .F., .F., .F.,
 ( 4, 4 ),
 ( 2, 2 ),
 ( 14.00000000000000000, 15.00000000000000000 ),
 ( 0.0000000000000000000, 1.000000000000000000 ),
 .UNSPECIFIED. ) ;
#1167 = CARTESIAN_POINT ( 'NONE',  ( 9.857916077054870385, 0.0000000000000000000, 0.0000000000000000000 ) ) ;
#1168 = ORIENTED_EDGE ( 'NONE', *, *, #2788, .T. ) ;
#1169 = CARTESIAN_POINT ( 'NONE',  ( -5.619661803323829474, 0.5057407503940546389, 0.4898112080769400634 ) ) ;
#1170 = DIRECTION ( 'NONE',  ( -1.000000000000000000, -0.0000000000000000000, -0.0000000000000000000 ) ) ;
#1171 = CARTESIAN_POINT ( 'NONE',  ( 9.190581151969084317, 2.148559955790360299, -5.187082584840807975 ) ) ;
#1172 = DIRECTION ( 'NONE',  ( -0.0000000000000000000, -0.0000000000000000000, 1.000000000000000000 ) ) ;
#1173 = CARTESIAN_POINT ( 'NONE',  ( 3.471831149920692638, -2.484859455202475420, -5.998981397340799049 ) ) ;
#1174 = ORIENTED_EDGE ( 'NONE', *, *, #3181, .T. ) ;
#1175 = CARTESIAN_POINT ( 'NONE',  ( -5.519661803323828941, 1.930822899253078262, -3.938406036146827827 ) ) ;
#1176 = B_SPLINE_CURVE_WITH_KNOTS ( 'NONE', 3,
 ( #1033, #145, #613, #1842 ),
 .UNSPECIFIED., .F., .F.,
 ( 4, 4 ),
 ( 1.000000000000000000, 2.000000000000000000 ),
 .UNSPECIFIED. ) ;
#1177 = VECTOR ( 'NONE', #5463, 1000.000000000000000 ) ;
#1178 = VERTEX_POINT ( 'NONE', #922 ) ;
#1179 = CARTESIAN_POINT ( 'NONE',  ( 7.221831154017476884, 5.998981397340810595, -2.484859455202464762 ) ) ;
#1180 = EDGE_CURVE ( 'NONE', #2168, #472, #2627, .T. ) ;
#1181 = CARTESIAN_POINT ( 'NONE',  ( -5.619661803323829474, 0.2538955217638021455, 0.9508614337578672471 ) ) ;
#1182 = DIRECTION ( 'NONE',  ( -1.000000000000000000, -0.0000000000000000000, -0.0000000000000000000 ) ) ;
#1183 = DIRECTION ( 'NONE',  ( 0.0000000000000000000, 0.0000000000000000000, 1.000000000000000000 ) ) ;
#1184 = ORIENTED_EDGE ( 'NONE', *, *, #5428, .T. ) ;
#1185 = CARTESIAN_POINT ( 'NONE',  ( 2.065581151969085205, 5.187082584840807975, 2.148559955790359854 ) ) ;
#1186 = CARTESIAN_POINT ( 'NONE',  ( -5.619661803323829474, 0.3046836022590236337, 1.599233976523829703 ) ) ;
#1187 = EDGE_CURVE ( 'NONE', #1251, #3466, #1159, .T. ) ;
#1188 = VERTEX_POINT ( 'NONE', #2836 ) ;
#1189 = ADVANCED_FACE ( 'NONE', ( #2066 ), #2564, .F. ) ;
#1190 = B_SPLINE_CURVE_WITH_KNOTS ( 'NONE', 3,
 ( #1710, #5174, #4288, #477 ),
 .UNSPECIFIED., .F., .F.,
 ( 4, 4 ),
 ( 0.0000000000000000000, 1.000000000000000000 ),
 .UNSPECIFIED. ) ;
#1191 = CARTESIAN_POINT ( 'NONE',  ( -5.619661803323829474, 0.3046836022590236337, -1.637594987714158679 ) ) ;
#1192 = CARTESIAN_POINT ( 'NONE',  ( 4.221831154017475107, 5.998981397340809707, -2.484859455202464762 ) ) ;
#1193 = EDGE_LOOP ( 'NONE', ( #2541, #3890, #5264, #1420 ) ) ;
#1194 = FACE_OUTER_BOUND ( 'NONE', #3925, .T. ) ;
#1195 = ADVANCED_FACE ( 'NONE', ( #360 ), #1231, .T. ) ;
#1196 = VECTOR ( 'NONE', #451, 1000.000000000000000 ) ;
#1197 = EDGE_LOOP ( 'NONE', ( #3545, #4818, #1610, #2364 ) ) ;
#1198 = CARTESIAN_POINT ( 'NONE',  ( 1.954793059423414192, 6.082404292049763406, -12.16480858409952504 ) ) ;
#1199 = CARTESIAN_POINT ( 'NONE',  ( 2.721831151969085649, -3.667821270315577920, -3.667821270315587245 ) ) ;
#1200 = CARTESIAN_POINT ( 'NONE',  ( 7.503081149920695303, -4.241920426271638789, 4.241920426271637012 ) ) ;
#1201 = DIRECTION ( 'NONE',  ( -1.000000000000000000, -0.0000000000000000000, -0.0000000000000000000 ) ) ;
#1202 = CARTESIAN_POINT ( 'NONE',  ( 10.40933115196908609, -3.667821270315577920, -3.667821270315587245 ) ) ;
#1203 = VECTOR ( 'NONE', #4158, 1000.000000000000227 ) ;
#1204 = CONICAL_SURFACE ( 'NONE', #2265, 5.998981397340808819, 0.8558032630136169772 ) ;
#1205 = CARTESIAN_POINT ( 'NONE',  ( -5.519661803323828941, 0.3975240214392646854, -3.287054480557445313 ) ) ;
#1206 = CARTESIAN_POINT ( 'NONE',  ( 6.659331151969086093, 3.667821270315578364, 3.667821270315586357 ) ) ;
#1207 = VERTEX_POINT ( 'NONE', #4254 ) ;
#1208 = CIRCLE ( 'NONE', #1824, 7.070052012334011593 ) ;
#1209 = CARTESIAN_POINT ( 'NONE',  ( 9.199917559830858238, -2.559728883250711462, -4.954533239087956176 ) ) ;
#1210 = CIRCLE ( 'NONE', #1656, 5.095037542935743957 ) ;
#1211 = ORIENTED_EDGE ( 'NONE', *, *, #2793, .T. ) ;
#1212 = CARTESIAN_POINT ( 'NONE',  ( 10.12808115401747600, 4.241920426271637901, -4.241920426271637012 ) ) ;
#1213 = CARTESIAN_POINT ( 'NONE',  ( -5.519661803323828941, -1.930845117427445246, -3.938406036146827827 ) ) ;
#1214 = DIRECTION ( 'NONE',  ( 0.0000000000000000000, 0.0000000000000000000, -1.000000000000000000 ) ) ;
#1215 = CARTESIAN_POINT ( 'NONE',  ( -5.619661803323829474, 0.6376042823617330546, -3.144939927285519854 ) ) ;
#1216 = CARTESIAN_POINT ( 'NONE',  ( 6.753081154017475995, -4.241920426271637012, -4.241920426271638789 ) ) ;
#1217 = ORIENTED_EDGE ( 'NONE', *, *, #1622, .T. ) ;
#1218 = ADVANCED_FACE ( 'NONE', ( #4169 ), #2928, .F. ) ;
#1219 = CARTESIAN_POINT ( 'NONE',  ( 2.815581151969085649, -5.187082584840807087, -2.148559955790362519 ) ) ;
#1220 = LINE ( 'NONE', #297, #2370 ) ;
#1221 = ORIENTED_EDGE ( 'NONE', *, *, #1627, .T. ) ;
#1222 = CARTESIAN_POINT ( 'NONE',  ( 2.481975935684650914, 0.8832985750067944286, -5.937910670387649859 ) ) ;
#1223 = VERTEX_POINT ( 'NONE', #4618 ) ;
#1224 = EDGE_CURVE ( 'NONE', #3915, #3278, #4104, .T. ) ;
#1225 = CARTESIAN_POINT ( 'NONE',  ( -5.519661803323828941, 0.6376042823617330546, 0.2379602027213579829 ) ) ;
#1226 = ORIENTED_EDGE ( 'NONE', *, *, #954, .T. ) ;
#1227 = CARTESIAN_POINT ( 'NONE',  ( 1.954793059423414192, 5.536962622234972820, -11.07392524446994564 ) ) ;
#1228 = CARTESIAN_POINT ( 'NONE',  ( 1.787875908728452590, 3.724633550134710092, -3.610115047913255992 ) ) ;
#1229 = DIRECTION ( 'NONE',  ( 0.0000000000000000000, 0.8660258472429490650, -0.4999992319065422741 ) ) ;
#1230 = CIRCLE ( 'NONE', #2211, 5.042581076891417879 ) ;
#1231 = PLANE ( 'NONE',  #1638 ) ;
#1232 = CARTESIAN_POINT ( 'NONE',  ( 6.659331151969086093, 3.667821270315578364, 3.667821270315586357 ) ) ;
#1233 = EDGE_CURVE ( 'NONE', #3211, #3523, #2151, .T. ) ;
#1234 = DIRECTION ( 'NONE',  ( 0.0000000000000000000, 0.0000000000000000000, 1.000000000000000000 ) ) ;
#1235 = VECTOR ( 'NONE', #2082, 1000.000000000000000 ) ;
#1236 = CARTESIAN_POINT ( 'NONE',  ( 9.565581151969086093, 5.187082584840807975, 2.148559955790359854 ) ) ;
#1237 = EDGE_LOOP ( 'NONE', ( #1856, #2404, #5169, #243 ) ) ;
#1238 = LINE ( 'NONE', #1684, #2709 ) ;
#1239 = CARTESIAN_POINT ( 'NONE',  ( 9.565581154017475995, -5.998981397340809707, -1.101995004959690659E-15 ) ) ;
#1240 = CARTESIAN_POINT ( 'NONE',  ( 1.459023686784834517, 0.0000000000000000000, 0.0000000000000000000 ) ) ;
#1241 = PLANE ( 'NONE',  #3265 ) ;
#1242 = CARTESIAN_POINT ( 'NONE',  ( -5.519661803323828941, -0.7894806127375767479, 0.6712963663838882322 ) ) ;
#1243 = DIRECTION ( 'NONE',  ( 0.0000000000000000000, 0.0000000000000000000, 1.000000000000000000 ) ) ;
#1244 = ORIENTED_EDGE ( 'NONE', *, *, #1725, .F. ) ;
#1245 =( BOUNDED_CURVE ( )  B_SPLINE_CURVE ( 2, ( #3162, #2719, #597, #1884, #2304 ),
 .UNSPECIFIED., .F., .T. ) 
 B_SPLINE_CURVE_WITH_KNOTS ( ( 3, 2, 3 ),
 ( 0.8571428571428570953, 0.8750000000000000000, 0.8877606032259058866 ),
 .UNSPECIFIED. ) 
 CURVE ( )  GEOMETRIC_REPRESENTATION_ITEM ( )  RATIONAL_B_SPLINE_CURVE ( ( 1.000000000000000000, 0.9238795325112867385, 1.000000000000000000, 0.9456047873523395486, 0.9689505360150629798 ) ) 
 REPRESENTATION_ITEM ( '' )  );
#1246 = CARTESIAN_POINT ( 'NONE',  ( 11.15933114992069797, 2.484859455202465650, -5.998981397340810595 ) ) ;
#1247 = DIRECTION ( 'NONE',  ( 0.0000000000000000000, 0.0000000000000000000, -1.000000000000000000 ) ) ;
#1248 = VERTEX_POINT ( 'NONE', #3419 ) ;
#1249 = FACE_OUTER_BOUND ( 'NONE', #2894, .T. ) ;
#1250 = CARTESIAN_POINT ( 'NONE',  ( -5.619661803323829474, 0.6376042823617330546, 0.2379602027213579829 ) ) ;
#1251 = VERTEX_POINT ( 'NONE', #416 ) ;
#1252 = CARTESIAN_POINT ( 'NONE',  ( -5.519661803323828941, -1.159211031094126598, -3.417053907693038184 ) ) ;
#1253 = B_SPLINE_CURVE_WITH_KNOTS ( 'NONE', 3,
 ( #3718, #5082, #5027, #2952, #31, #780, #2478 ),
 .UNSPECIFIED., .F., .F.,
 ( 4, 3, 4 ),
 ( 2.000000000000000000, 3.000000000000000000, 4.000000000000000000 ),
 .UNSPECIFIED. ) ;
#1254 = ORIENTED_EDGE ( 'NONE', *, *, #2072, .T. ) ;
#1255 = CARTESIAN_POINT ( 'NONE',  ( 1.954793059423414414, 6.082404292049763406, 0.0000000000000000000 ) ) ;
#1256 = CARTESIAN_POINT ( 'NONE',  ( 2.346831151969085649, -3.667821270315587245, 3.667821270315577475 ) ) ;
#1257 = EDGE_CURVE ( 'NONE', #4763, #3136, #2704, .T. ) ;
#1258 = CARTESIAN_POINT ( 'NONE',  ( -5.519661803323828941, -0.4637826167685011880, -0.06047431580622770336 ) ) ;
#1259 = CARTESIAN_POINT ( 'NONE',  ( 6.565581151969085205, 5.187082584840807975, 2.148559955790359854 ) ) ;
#1260 = CARTESIAN_POINT ( 'NONE',  ( 0.9668813965247647912, 5.095037542935743957, 1.247924283698370819E-15 ) ) ;
#1261 = CARTESIAN_POINT ( 'NONE',  ( 6.753081151969085205, 2.148559955790348308, 5.187082584840812416 ) ) ;
#1262 = VERTEX_POINT ( 'NONE', #1647 ) ;
#1263 = EDGE_CURVE ( 'NONE', #1266, #2664, #3341, .T. ) ;
#1264 = CARTESIAN_POINT ( 'NONE',  ( -5.519661803323828941, 0.6376042823617330546, -1.672425975356006678 ) ) ;
#1265 = ADVANCED_FACE ( 'NONE', ( #4197 ), #4400, .F. ) ;
#1266 = VERTEX_POINT ( 'NONE', #3311 ) ;
#1267 = B_SPLINE_CURVE_WITH_KNOTS ( 'NONE', 3,
 ( #4245, #5103, #4125, #269 ),
 .UNSPECIFIED., .F., .F.,
 ( 4, 4 ),
 ( 6.000000000000000000, 7.000000000000000000 ),
 .UNSPECIFIED. ) ;
#1268 = CARTESIAN_POINT ( 'NONE',  ( 2.815581154017475107, 5.998981397340809707, 3.673316683198969520E-16 ) ) ;
#1269 = LINE ( 'NONE', #4262, #5455 ) ;
#1270 = CYLINDRICAL_SURFACE ( 'NONE', #255, 8.573554286785633138 ) ;
#1271 = CARTESIAN_POINT ( 'NONE',  ( -2.482082288789165148, 0.0000000000000000000, 0.0000000000000000000 ) ) ;
#1272 = VECTOR ( 'NONE', #4435, 1000.000000000000000 ) ;
#1273 = CARTESIAN_POINT ( 'NONE',  ( 8.440581149920696191, 5.998981397340809707, 3.673316683198969520E-16 ) ) ;
#1274 = CARTESIAN_POINT ( 'NONE',  ( 9.471831151969086093, 3.667821270315578364, 3.667821270315586357 ) ) ;
#1275 = DIRECTION ( 'NONE',  ( 0.0000000000000000000, 0.9659135991571039526, 0.2588646730694819098 ) ) ;
#1276 = EDGE_LOOP ( 'NONE', ( #668, #5352, #4609, #701 ) ) ;
#1277 = CONICAL_SURFACE ( 'NONE', #2251, 8.516806624687751182, 0.04011704409144969258 ) ;
#1278 = DIRECTION ( 'NONE',  ( -1.000000000000000000, -0.0000000000000000000, -0.0000000000000000000 ) ) ;
#1279 = DIRECTION ( 'NONE',  ( 1.000000000000000000, 0.0000000000000000000, 0.0000000000000000000 ) ) ;
#1280 = ORIENTED_EDGE ( 'NONE', *, *, #1322, .T. ) ;
#1281 = LINE ( 'NONE', #2199, #1734 ) ;
#1282 = FACE_OUTER_BOUND ( 'NONE', #1193, .T. ) ;
#1283 = EDGE_LOOP ( 'NONE', ( #1435, #2361, #4795, #4625 ) ) ;
#1284 = CARTESIAN_POINT ( 'NONE',  ( -5.619661803323829474, -1.159211031094126598, -2.254627462399870996 ) ) ;
#1285 = DIRECTION ( 'NONE',  ( -1.000000000000000000, -0.0000000000000000000, -0.0000000000000000000 ) ) ;
#1286 = CARTESIAN_POINT ( 'NONE',  ( -5.619661803323829474, 1.930822899253078262, -3.938406036146827827 ) ) ;
#1287 = CARTESIAN_POINT ( 'NONE',  ( 1.128081151969084761, -5.187082584840811528, 2.148559955790349640 ) ) ;
#1288 = CARTESIAN_POINT ( 'NONE',  ( -5.619661803323829474, -0.8810394876184768354, -3.629644510158597015 ) ) ;
#1289 = EDGE_CURVE ( 'NONE', #2007, #2701, #3566, .T. ) ;
#1290 = STYLED_ITEM ( 'NONE', ( #355 ), #4171 ) ;
#1291 = CARTESIAN_POINT ( 'NONE',  ( 6.378081151969084317, 5.187082584840812416, -2.148559955790347864 ) ) ;
#1292 = CARTESIAN_POINT ( 'NONE',  ( -5.619661803323829474, 0.2538955217638021455, -0.3578672463179419228 ) ) ;
#1293 = AXIS2_PLACEMENT_3D ( 'NONE', #1161, #823, #4985 ) ;
#1294 = VECTOR ( 'NONE', #3725, 1000.000000000000000 ) ;
#1295 = EDGE_CURVE ( 'NONE', #3784, #4231, #2040, .T. ) ;
#1296 = CARTESIAN_POINT ( 'NONE',  ( 2.253081154017476440, -4.241920426271637012, -4.241920426271638789 ) ) ;
#1297 = CARTESIAN_POINT ( 'NONE',  ( -5.519661803323828941, 0.3046836022590236337, -1.267514855292576126 ) ) ;
#1298 = CARTESIAN_POINT ( 'NONE',  ( -5.619661803323829474, -0.1434427557374629292, 1.479134967900401332 ) ) ;
#1299 = DIRECTION ( 'NONE',  ( -1.000000000000000000, -0.0000000000000000000, -0.0000000000000000000 ) ) ;
#1300 = CARTESIAN_POINT ( 'NONE',  ( 6.003081151969085205, 2.148559955790360299, -5.187082584840807975 ) ) ;
#1301 = EDGE_CURVE ( 'NONE', #5045, #5213, #2451, .T. ) ;
#1302 = CARTESIAN_POINT ( 'NONE',  ( -5.519661803323828941, 0.3975240214392646854, 0.6447340945263959622 ) ) ;
#1303 = CARTESIAN_POINT ( 'NONE',  ( 8.159331151969086093, -5.669459105745301380E-15, 5.187082584840810640 ) ) ;
#1304 = LINE ( 'NONE', #539, #1655 ) ;
#1305 = ORIENTED_EDGE ( 'NONE', *, *, #4650, .T. ) ;
#1306 = DIRECTION ( 'NONE',  ( -1.000000000000000000, -0.0000000000000000000, -0.0000000000000000000 ) ) ;
#1307 = DIRECTION ( 'NONE',  ( 0.0000000000000000000, 0.9659265600413408093, 0.2588163066862322892 ) ) ;
#1308 = VERTEX_POINT ( 'NONE', #2902 ) ;
#1309 = CARTESIAN_POINT ( 'NONE',  ( -0.9526455239024034238, 0.0000000000000000000, 0.0000000000000000000 ) ) ;
#1310 = DIRECTION ( 'NONE',  ( 0.0000000000000000000, 1.000000000000000000, 0.0000000000000000000 ) ) ;
#1311 = EDGE_LOOP ( 'NONE', ( #5438, #540, #2898, #704 ) ) ;
#1312 = CARTESIAN_POINT ( 'NONE',  ( -5.619661803323829474, -0.2004933423060529518, 3.938455804857458720 ) ) ;
#1313 = CARTESIAN_POINT ( 'NONE',  ( -5.519661803323828941, -0.4637826167685011880, -2.971375103788334027 ) ) ;
#1314 = CARTESIAN_POINT ( 'NONE',  ( -5.619661803323829474, -1.034802585364283933, -1.244450612812467494 ) ) ;
#1315 = CARTESIAN_POINT ( 'NONE',  ( 5.065581151969085205, 5.187082584840807975, 2.148559955790359854 ) ) ;
#1316 = CARTESIAN_POINT ( 'NONE',  ( 1.954793059423414192, 5.536962622234970155, 11.07392524446994564 ) ) ;
#1317 = CARTESIAN_POINT ( 'NONE',  ( 5.534331151969086093, -3.667821270315587245, 3.667821270315577475 ) ) ;
#1318 = LINE ( 'NONE', #3015, #2097 ) ;
#1319 = ADVANCED_FACE ( 'NONE', ( #4671 ), #782, .F. ) ;
#1320 = CARTESIAN_POINT ( 'NONE',  ( 1.878081154017475995, -4.241920426271638789, 4.241920426271637012 ) ) ;
#1321 = CARTESIAN_POINT ( 'NONE',  ( -5.519661803323828941, 0.3046836022590236337, 1.599233976523829703 ) ) ;
#1322 = EDGE_CURVE ( 'NONE', #4468, #2885, #3921, .T. ) ;
#1323 = CARTESIAN_POINT ( 'NONE',  ( -5.619661803323829474, 0.2678738640052119035, 0.08152292550487844069 ) ) ;
#1324 = CARTESIAN_POINT ( 'NONE',  ( -5.619661803323829474, 0.3975240214392646854, -3.287054480557445313 ) ) ;
#1325 = CARTESIAN_POINT ( 'NONE',  ( 3.471831151969084761, 3.667821270315578364, 3.667821270315586357 ) ) ;
#1326 = DIRECTION ( 'NONE',  ( 0.0000000000000000000, 0.0000000000000000000, 1.000000000000000000 ) ) ;
#1327 = CARTESIAN_POINT ( 'NONE',  ( -5.519661803323828941, 0.3975240214392646854, 0.6447340945263959622 ) ) ;
#1328 = LINE ( 'NONE', #2455, #1001 ) ;
#1329 = ORIENTED_EDGE ( 'NONE', *, *, #5397, .T. ) ;
#1330 = CIRCLE ( 'NONE', #511, 8.440452449901849619 ) ;
#1331 = EDGE_CURVE ( 'NONE', #1494, #5219, #4772, .T. ) ;
#1332 = CARTESIAN_POINT ( 'NONE',  ( 4.784331149920695303, -5.998981397340807931, -2.484859455202467871 ) ) ;
#1333 = ORIENTED_EDGE ( 'NONE', *, *, #3086, .T. ) ;
#1334 = CARTESIAN_POINT ( 'NONE',  ( -5.519661803323828941, -1.159211031094126598, 0.2206051423347873408 ) ) ;
#1335 = DIRECTION ( 'NONE',  ( -1.000000000000000000, -0.0000000000000000000, -0.0000000000000000000 ) ) ;
#1336 = EDGE_LOOP ( 'NONE', ( #3772, #4026, #2807, #1481 ) ) ;
#1337 = CARTESIAN_POINT ( 'NONE',  ( -5.619661803323829474, -0.2238187790798542576, 0.2943410420762554436 ) ) ;
#1338 = DIRECTION ( 'NONE',  ( 0.0000000000000000000, -0.0000000000000000000, -1.000000000000000000 ) ) ;
#1339 = CARTESIAN_POINT ( 'NONE',  ( -5.619661803323829474, -0.1434427557374629292, 0.8443919420377852258 ) ) ;
#1340 = CARTESIAN_POINT ( 'NONE',  ( 2.909331151969086093, -3.667821270315577920, -3.667821270315587245 ) ) ;
#1341 = VERTEX_POINT ( 'NONE', #1339 ) ;
#1342 = CARTESIAN_POINT ( 'NONE',  ( -5.519661803323828941, 1.679317601293971229, 4.121490903010486484 ) ) ;
#1343 = CARTESIAN_POINT ( 'NONE',  ( 1.971831151969085205, 5.187082584840810640, 5.987076309967215065E-15 ) ) ;
#1344 = CARTESIAN_POINT ( 'NONE',  ( 7.315581149920695303, 0.0000000000000000000, 5.998981397340809707 ) ) ;
#1345 = CARTESIAN_POINT ( 'NONE',  ( 2.440581154017474663, 7.346633366397939041E-16, -5.998981397340809707 ) ) ;
#1346 = CARTESIAN_POINT ( 'NONE',  ( 0.9668813965247646802, -7.070052012334013369, 14.14010402466802141 ) ) ;
#1347 = CARTESIAN_POINT ( 'NONE',  ( -5.519661803323828941, 0.5057407503940546389, -0.8316227128471507246 ) ) ;
#1348 = EDGE_CURVE ( 'NONE', #5187, #4769, #1758, .T. ) ;
#1349 = CARTESIAN_POINT ( 'NONE',  ( -5.519661803323828941, -1.159211031094126598, 0.5147382222986783828 ) ) ;
#1350 = CARTESIAN_POINT ( 'NONE',  ( 11.15933115196908609, -5.669459105745301380E-15, 5.187082584840810640 ) ) ;
#1351 = DIRECTION ( 'NONE',  ( -0.0000000000000000000, 1.000000000000000000, 0.0000000000000000000 ) ) ;
#1352 = ORIENTED_EDGE ( 'NONE', *, *, #2153, .T. ) ;
#1353 = FACE_OUTER_BOUND ( 'NONE', #4575, .T. ) ;
#1354 = ORIENTED_EDGE ( 'NONE', *, *, #1295, .T. ) ;
#1355 = DIRECTION ( 'NONE',  ( 0.0000000000000000000, -1.000000000000000000, 0.0000000000000000000 ) ) ;
#1356 = EDGE_CURVE ( 'NONE', #917, #3632, #3233, .T. ) ;
#1357 = DIRECTION ( 'NONE',  ( 0.0000000000000000000, 0.0000000000000000000, 1.000000000000000000 ) ) ;
#1358 = VECTOR ( 'NONE', #2665, 1000.000000000000000 ) ;
#1359 = ORIENTED_EDGE ( 'NONE', *, *, #4066, .T. ) ;
#1360 = CARTESIAN_POINT ( 'NONE',  ( -5.619661803323829474, -0.8262907953548989104, -1.951411592741663759 ) ) ;
#1361 = PLANE ( 'NONE',  #3130 ) ;
#1362 = ORIENTED_EDGE ( 'NONE', *, *, #2269, .F. ) ;
#1363 = CARTESIAN_POINT ( 'NONE',  ( -5.519661803323828941, -1.034802585364283933, -1.244450612812467494 ) ) ;
#1364 = CARTESIAN_POINT ( 'NONE',  ( 6.003081151969085205, -2.148559955790347864, -5.187082584840813304 ) ) ;
#1365 = VERTEX_POINT ( 'NONE', #3447 ) ;
#1366 = CARTESIAN_POINT ( 'NONE',  ( -5.619661803323829474, -0.1434427557374629292, 0.8443919420377852258 ) ) ;
#1367 = EDGE_CURVE ( 'NONE', #4010, #2669, #3037, .T. ) ;
#1368 = ORIENTED_EDGE ( 'NONE', *, *, #505, .F. ) ;
#1369 = CARTESIAN_POINT ( 'NONE',  ( 10.12808115196908432, -5.187082584840807087, -2.148559955790362519 ) ) ;
#1370 = FACE_OUTER_BOUND ( 'NONE', #2907, .T. ) ;
#1371 = VECTOR ( 'NONE', #3031, 1000.000000000000000 ) ;
#1372 = CARTESIAN_POINT ( 'NONE',  ( 3.846831154017475995, -2.484859455202463430, -5.998981397340811483 ) ) ;
#1373 = VECTOR ( 'NONE', #4554, 1000.000000000000000 ) ;
#1374 = CARTESIAN_POINT ( 'NONE',  ( -5.519661803323828941, 0.2863953785477003078, -1.235015887235658472 ) ) ;
#1375 = DIRECTION ( 'NONE',  ( -0.0000000000000000000, 0.0000000000000000000, 1.000000000000000000 ) ) ;
#1376 = VECTOR ( 'NONE', #1087, 1000.000000000000114 ) ;
#1377 = CARTESIAN_POINT ( 'NONE',  ( 7.409331149920696191, -2.484859455202468759, 5.998981397340808819 ) ) ;
#1378 = DIRECTION ( 'NONE',  ( 0.0000000000000000000, 0.2588966995467043009, -0.9659050154978094938 ) ) ;
#1379 = DIRECTION ( 'NONE',  ( 0.0000000000000000000, 0.0000000000000000000, 1.000000000000000000 ) ) ;
#1380 = VERTEX_POINT ( 'NONE', #5224 ) ;
#1381 = CARTESIAN_POINT ( 'NONE',  ( -5.619661803323829474, -0.7755022704961843649, -1.519593374754033777 ) ) ;
#1382 = EDGE_CURVE ( 'NONE', #932, #5015, #89, .T. ) ;
#1383 = ORIENTED_EDGE ( 'NONE', *, *, #1863, .F. ) ;
#1384 = CARTESIAN_POINT ( 'NONE',  ( -5.519661803323828941, -0.8262907953548989104, -1.587275266335292034 ) ) ;
#1385 = AXIS2_PLACEMENT_3D ( 'NONE', #4353, #4661, #1379 ) ;
#1386 = CARTESIAN_POINT ( 'NONE',  ( 3.753081154017475995, -4.241920426271637012, -4.241920426271638789 ) ) ;
#1387 = EDGE_LOOP ( 'NONE', ( #3384, #1451, #4070, #3079 ) ) ;
#1388 = FACE_OUTER_BOUND ( 'NONE', #1162, .T. ) ;
#1389 = DIRECTION ( 'NONE',  ( -1.000000000000000000, 0.0000000000000000000, -0.0000000000000000000 ) ) ;
#1390 = EDGE_CURVE ( 'NONE', #3440, #4777, #2591, .T. ) ;
#1391 = CARTESIAN_POINT ( 'NONE',  ( 5.440581151969085205, -2.148559955790363407, 5.187082584840807087 ) ) ;
#1392 = ORIENTED_EDGE ( 'NONE', *, *, #1871, .F. ) ;
#1393 = DIRECTION ( 'NONE',  ( 0.0000000000000000000, -0.9659216153269674088, -0.2588347601156805178 ) ) ;
#1394 = EDGE_LOOP ( 'NONE', ( #583, #2229, #3542, #29 ) ) ;
#1395 = CARTESIAN_POINT ( 'NONE',  ( 1.034331151969084317, -3.667821270315587245, 3.667821270315577475 ) ) ;
#1396 = CARTESIAN_POINT ( 'NONE',  ( -5.519661803323828941, -0.8262907953548989104, -1.587275266335292034 ) ) ;
#1397 = EDGE_CURVE ( 'NONE', #3974, #2371, #2974, .T. ) ;
#1398 = CARTESIAN_POINT ( 'NONE',  ( -5.619661803323829474, 0.2538955217638021455, -1.679297612334133882 ) ) ;
#1399 = CARTESIAN_POINT ( 'NONE',  ( -0.02048535258922726254, 6.082404292049760741, 12.16480858409952504 ) ) ;
#1400 = CARTESIAN_POINT ( 'NONE',  ( -5.519661803323828941, -0.7755022704961843649, -2.821222903745839172 ) ) ;
#1401 = CARTESIAN_POINT ( 'NONE',  ( 3.190581149920695303, -5.998981397340809707, -1.101995004959690659E-15 ) ) ;
#1402 = CIRCLE ( 'NONE', #1500, 4.818834368373729582 ) ;
#1403 = CARTESIAN_POINT ( 'NONE',  ( 7.128081151969086982, -5.187082584840807087, -2.148559955790362519 ) ) ;
#1404 = LINE ( 'NONE', #1596, #1272 ) ;
#1405 = ORIENTED_EDGE ( 'NONE', *, *, #2106, .F. ) ;
#1406 = CARTESIAN_POINT ( 'NONE',  ( -5.619661803323829474, -0.8262907953548989104, -1.587275266335292034 ) ) ;
#1407 = CARTESIAN_POINT ( 'NONE',  ( 2.461438760289023531, 9.825086632993295911E-16, -5.962854963554218735 ) ) ;
#1408 = VERTEX_POINT ( 'NONE', #2204 ) ;
#1409 = CARTESIAN_POINT ( 'NONE',  ( 7.690581151969086982, 2.148559955790360299, -5.187082584840807975 ) ) ;
#1410 = EDGE_LOOP ( 'NONE', ( #2759, #4860 ) ) ;
#1411 = LINE ( 'NONE', #5137, #2124 ) ;
#1412 = CARTESIAN_POINT ( 'NONE',  ( 8.534331149920692638, 5.998981397340809707, 2.484859455202465206 ) ) ;
#1413 = VERTEX_POINT ( 'NONE', #142 ) ;
#1414 = PLANE ( 'NONE',  #1020 ) ;
#1415 = CARTESIAN_POINT ( 'NONE',  ( -0.02048535258922726254, -6.082404292049763406, -7.448796947378865107E-16 ) ) ;
#1416 = ORIENTED_EDGE ( 'NONE', *, *, #5064, .T. ) ;
#1417 = CARTESIAN_POINT ( 'NONE',  ( -5.619661803323829474, 0.6376042823617330546, 0.9577366256439050485 ) ) ;
#1418 =( BOUNDED_CURVE ( )  B_SPLINE_CURVE ( 2, ( #1466, #728, #4813, #3668, #1015, #2715, #3158, #1044, #624 ),
 .UNSPECIFIED., .F., .T. ) 
 B_SPLINE_CURVE_WITH_KNOTS ( ( 3, 2, 2, 2, 3 ),
 ( 0.4285714285714285476, 0.4464285714285714524, 0.4642857142857143016, 0.4821428571428571508, 0.5000000000000000000 ),
 .UNSPECIFIED. ) 
 CURVE ( )  GEOMETRIC_REPRESENTATION_ITEM ( )  RATIONAL_B_SPLINE_CURVE ( ( 1.000000000000000000, 0.9238795325112867385, 1.000000000000000000, 0.9238795325112867385, 1.000000000000000000, 0.9238795325112867385, 1.000000000000000000, 0.9238795325112867385, 1.000000000000000000 ) ) 
 REPRESENTATION_ITEM ( '' )  );
#1419 = ADVANCED_FACE ( 'NONE', ( #3894 ), #3688, .F. ) ;
#1420 = ORIENTED_EDGE ( 'NONE', *, *, #5089, .T. ) ;
#1421 = CARTESIAN_POINT ( 'NONE',  ( 1.221831151969084539, -5.187082584840810640, -6.622310718411043223E-15 ) ) ;
#1422 = LINE ( 'NONE', #1396, #5279 ) ;
#1423 = CARTESIAN_POINT ( 'NONE',  ( 4.784331151969085205, 5.187082584840810640, 5.987076309967215065E-15 ) ) ;
#1424 = LINE ( 'NONE', #96, #2086 ) ;
#1425 = EDGE_CURVE ( 'NONE', #406, #4082, #3061, .T. ) ;
#1426 = B_SPLINE_SURFACE_WITH_KNOTS ( 'NONE', 3, 1, ( 
 ( #3706, #5069 ),
 ( #3323, #1993 ),
 ( #5378, #4126 ),
 ( #767, #4604 ) ),
 .UNSPECIFIED., .F., .F., .F.,
 ( 4, 4 ),
 ( 2, 2 ),
 ( 2.000000000000000000, 3.000000000000000000 ),
 ( 0.0000000000000000000, 1.000000000000000000 ),
 .UNSPECIFIED. ) ;
#1427 = EDGE_CURVE ( 'NONE', #620, #3290, #4280, .T. ) ;
#1428 = CARTESIAN_POINT ( 'NONE',  ( -5.519661803323828941, -0.7894806127375767479, -3.260495763607829112 ) ) ;
#1429 = CARTESIAN_POINT ( 'NONE',  ( -0.02048535258922726254, -6.628118418756899999, 13.25623683751379112 ) ) ;
#1430 = LINE ( 'NONE', #3930, #602 ) ;
#1431 = EDGE_CURVE ( 'NONE', #2885, #3166, #998, .T. ) ;
#1432 = CARTESIAN_POINT ( 'NONE',  ( 7.878081149920696191, -4.241920426271637012, -4.241920426271638789 ) ) ;
#1433 = CARTESIAN_POINT ( 'NONE',  ( 3.659331151969084761, -5.669459105745301380E-15, 5.187082584840810640 ) ) ;
#1434 = CARTESIAN_POINT ( 'NONE',  ( -5.619661803323829474, 0.3046836022590236337, -1.611619275660786332 ) ) ;
#1435 = ORIENTED_EDGE ( 'NONE', *, *, #4350, .T. ) ;
#1436 = CARTESIAN_POINT ( 'NONE',  ( -5.519661803323828941, -0.1434427557374629292, -0.08284179633719475355 ) ) ;
#1437 = DIRECTION ( 'NONE',  ( -0.0000000000000000000, -0.0000000000000000000, -1.000000000000000000 ) ) ;
#1438 = ORIENTED_EDGE ( 'NONE', *, *, #5424, .T. ) ;
#1439 = CARTESIAN_POINT ( 'NONE',  ( 9.361458812753864933, 3.196811311692159041, -4.333136285434660451 ) ) ;
#1440 = ORIENTED_EDGE ( 'NONE', *, *, #3160, .F. ) ;
#1441 = CARTESIAN_POINT ( 'NONE',  ( -5.519661803323828941, -0.8262907953548989104, -1.561295999374009424 ) ) ;
#1442 = LINE ( 'NONE', #2433, #3871 ) ;
#1443 = ORIENTED_EDGE ( 'NONE', *, *, #476, .F. ) ;
#1444 = DIRECTION ( 'NONE',  ( -1.000000000000000000, -0.0000000000000000000, -0.0000000000000000000 ) ) ;
#1445 = CARTESIAN_POINT ( 'NONE',  ( 0.4220016690503198831, 7.070052012334011593, -14.14010402466802141 ) ) ;
#1446 = VERTEX_POINT ( 'NONE', #945 ) ;
#1447 = VECTOR ( 'NONE', #2536, 1000.000000000000000 ) ;
#1448 = B_SPLINE_CURVE_WITH_KNOTS ( 'NONE', 3,
 ( #4601, #818, #2992, #2516 ),
 .UNSPECIFIED., .F., .F.,
 ( 4, 4 ),
 ( 2.000000000000000000, 3.000000000000000000 ),
 .UNSPECIFIED. ) ;
#1449 = CARTESIAN_POINT ( 'NONE',  ( 9.405680759380551592, 3.491511168637497775, 4.057547006914373533 ) ) ;
#1450 = VECTOR ( 'NONE', #1306, 1000.000000000000000 ) ;
#1451 = ORIENTED_EDGE ( 'NONE', *, *, #4884, .T. ) ;
#1452 = CARTESIAN_POINT ( 'NONE',  ( 4.034331151969085205, -3.667821270315587245, 3.667821270315577475 ) ) ;
#1453 = CARTESIAN_POINT ( 'NONE',  ( 2.204350287663956909, -5.534266054402054991, 1.273898781568626459 ) ) ;
#1454 = B_SPLINE_CURVE_WITH_KNOTS ( 'NONE', 3,
 ( #644, #2678, #4368, #3150 ),
 .UNSPECIFIED., .F., .F.,
 ( 4, 4 ),
 ( 15.00000000000000000, 16.00000000000000000 ),
 .UNSPECIFIED. ) ;
#1455 = ADVANCED_FACE ( 'NONE', ( #3524 ), #2645, .T. ) ;
#1456 = CARTESIAN_POINT ( 'NONE',  ( 2.159331151969085205, -5.669459105745301380E-15, 5.187082584840810640 ) ) ;
#1457 = LINE ( 'NONE', #123, #1941 ) ;
#1458 = ORIENTED_EDGE ( 'NONE', *, *, #4688, .F. ) ;
#1459 = CARTESIAN_POINT ( 'NONE',  ( 0.9668813965247647912, 7.070052012334011593, 1.731663313342030145E-15 ) ) ;
#1460 = B_SPLINE_CURVE_WITH_KNOTS ( 'NONE', 3,
 ( #883, #3938, #2608, #5156 ),
 .UNSPECIFIED., .F., .F.,
 ( 4, 4 ),
 ( 4.000000000000000000, 5.000000000000000000 ),
 .UNSPECIFIED. ) ;
#1461 = CARTESIAN_POINT ( 'NONE',  ( -5.619661803323829474, 2.113893546485134056, 4.121490903010486484 ) ) ;
#1462 = EDGE_CURVE ( 'NONE', #1951, #1726, #2796, .T. ) ;
#1463 = COLOUR_RGB ( '',0.7921568627450980005, 0.8196078431372548767, 0.9333333333333333481 ) ;
#1464 = CARTESIAN_POINT ( 'NONE',  ( 3.659331149920694415, 2.484859455202465650, -5.998981397340810595 ) ) ;
#1465 = CARTESIAN_POINT ( 'NONE',  ( 5.721831151969086093, -3.667821270315577920, -3.667821270315587245 ) ) ;
#1466 = CARTESIAN_POINT ( 'NONE',  ( 7.315581149920695303, 0.0000000000000000000, 5.998981397340809707 ) ) ;
#1467 = ORIENTED_EDGE ( 'NONE', *, *, #3260, .T. ) ;
#1468 = LINE ( 'NONE', #4900, #4549 ) ;
#1469 = ADVANCED_FACE ( 'NONE', ( #5194 ), #1414, .T. ) ;
#1470 = CIRCLE ( 'NONE', #4487, 5.095037542935743957 ) ;
#1471 = AXIS2_PLACEMENT_3D ( 'NONE', #2780, #662, #2754 ) ;
#1472 = CARTESIAN_POINT ( 'NONE',  ( -5.519661803323828941, 0.2538955217638021455, -2.980927141325950380 ) ) ;
#1473 = VERTEX_POINT ( 'NONE', #3113 ) ;
#1474 = CARTESIAN_POINT ( 'NONE',  ( 9.190581151969087870, 5.187082584840813304, -2.148559955790347864 ) ) ;
#1475 = CARTESIAN_POINT ( 'NONE',  ( 7.503081151969087870, -2.148559955790347864, -5.187082584840814192 ) ) ;
#1476 = VERTEX_POINT ( 'NONE', #3972 ) ;
#1477 = CARTESIAN_POINT ( 'NONE',  ( 1.910678486889343608, 4.430120042458519869, -2.996621029653244062 ) ) ;
#1478 = DIRECTION ( 'NONE',  ( -1.000000000000000000, -0.0000000000000000000, -0.0000000000000000000 ) ) ;
#1479 = CARTESIAN_POINT ( 'NONE',  ( -5.619661803323829474, -0.8262907953548989104, -2.888901240419198047 ) ) ;
#1480 = LINE ( 'NONE', #1507, #4247 ) ;
#1481 = ORIENTED_EDGE ( 'NONE', *, *, #2822, .F. ) ;
#1482 = VECTOR ( 'NONE', #458, 1000.000000000000227 ) ;
#1483 = FACE_OUTER_BOUND ( 'NONE', #949, .T. ) ;
#1484 = CARTESIAN_POINT ( 'NONE',  ( 7.221831151969085205, -3.667821270315577920, -3.667821270315587245 ) ) ;
#1485 = CARTESIAN_POINT ( 'NONE',  ( 2.398096169733295646, -2.516685532749235232, -5.338180500058587796 ) ) ;
#1486 = CARTESIAN_POINT ( 'NONE',  ( 1.971831151969085205, 3.667821270315578364, 3.667821270315586357 ) ) ;
#1487 = CARTESIAN_POINT ( 'NONE',  ( 0.9668813965247646802, 5.095037542935744845, -10.19007508587148614 ) ) ;
#1488 = EDGE_CURVE ( 'NONE', #4412, #202, #5353, .T. ) ;
#1489 = ORIENTED_EDGE ( 'NONE', *, *, #3873, .T. ) ;
#1490 = CARTESIAN_POINT ( 'NONE',  ( 8.934263965116006290, -4.311122655785085023, 3.993571205677779901 ) ) ;
#1491 = CARTESIAN_POINT ( 'NONE',  ( 5.346831149920694415, 5.998981397340810595, -2.484859455202464762 ) ) ;
#1492 = CARTESIAN_POINT ( 'NONE',  ( 2.721831151969085649, -3.667821270315577920, -3.667821270315587245 ) ) ;
#1493 = ADVANCED_FACE ( 'NONE', ( #1892 ), #3140, .F. ) ;
#1494 = VERTEX_POINT ( 'NONE', #223 ) ;
#1495 = VECTOR ( 'NONE', #3827, 1000.000000000000000 ) ;
#1496 = LINE ( 'NONE', #2301, #2514 ) ;
#1497 = CARTESIAN_POINT ( 'NONE',  ( -5.519661803323828941, 0.2888415995490326016, -2.971609727710007309 ) ) ;
#1498 = ORIENTED_EDGE ( 'NONE', *, *, #1356, .T. ) ;
#1499 = CARTESIAN_POINT ( 'NONE',  ( 8.440581151969086093, -5.187082584840812416, 2.148559955790349640 ) ) ;
#1500 = AXIS2_PLACEMENT_3D ( 'NONE', #2278, #1887, #3941 ) ;
#1501 = CARTESIAN_POINT ( 'NONE',  ( 8.440581151969086093, -2.148559955790363407, 5.187082584840807087 ) ) ;
#1502 = EDGE_CURVE ( 'NONE', #328, #5486, #3576, .T. ) ;
#1503 = EDGE_LOOP ( 'NONE', ( #488, #1305, #3775, #2092 ) ) ;
#1504 = CARTESIAN_POINT ( 'NONE',  ( -5.619661803323829474, 0.3046836022590236337, -0.2901889096445826599 ) ) ;
#1505 = ORIENTED_EDGE ( 'NONE', *, *, #3966, .T. ) ;
#1506 = CARTESIAN_POINT ( 'NONE',  ( -5.519661803323828941, 0.3046836022590236337, 0.05391551072362760905 ) ) ;
#1507 = CARTESIAN_POINT ( 'NONE',  ( -5.519661803323828941, -1.159211031094126598, -3.417053907693038184 ) ) ;
#1508 = ORIENTED_EDGE ( 'NONE', *, *, #2079, .T. ) ;
#1509 = FACE_OUTER_BOUND ( 'NONE', #2300, .T. ) ;
#1510 = ORIENTED_EDGE ( 'NONE', *, *, #1539, .T. ) ;
#1511 = CARTESIAN_POINT ( 'NONE',  ( 7.878081151969085205, 5.187082584840807975, 2.148559955790359854 ) ) ;
#1512 = FACE_OUTER_BOUND ( 'NONE', #4871, .T. ) ;
#1513 = CARTESIAN_POINT ( 'NONE',  ( -5.619661803323829474, -0.1434427557374629292, -0.08284179633719475355 ) ) ;
#1514 = CARTESIAN_POINT ( 'NONE',  ( 2.059760904899035960, -1.846326890606482918, 5.194427990128766659 ) ) ;
#1515 = CARTESIAN_POINT ( 'NONE',  ( 5.440581149920694415, 5.998981397340809707, 3.673316683198969520E-16 ) ) ;
#1516 = CARTESIAN_POINT ( 'NONE',  ( -5.619661803323829474, 0.3046836022590236337, -1.637594987714158679 ) ) ;
#1517 = ORIENTED_EDGE ( 'NONE', *, *, #3320, .T. ) ;
#1518 = CARTESIAN_POINT ( 'NONE',  ( -5.619661803323829474, 0.3046836022590236337, 0.05391551072362760905 ) ) ;
#1519 = VERTEX_POINT ( 'NONE', #4499 ) ;
#1520 = CARTESIAN_POINT ( 'NONE',  ( 1.971831151969085205, 3.667821270315578364, 3.667821270315586357 ) ) ;
#1521 = EDGE_LOOP ( 'NONE', ( #2729, #112, #5196, #5201 ) ) ;
#1522 = B_SPLINE_SURFACE_WITH_KNOTS ( 'NONE', 3, 1, ( 
 ( #1400, #983 ),
 ( #2631, #3074 ),
 ( #1849, #3100 ),
 ( #508, #3987 ) ),
 .UNSPECIFIED., .F., .F., .F.,
 ( 4, 4 ),
 ( 2, 2 ),
 ( 10.00000000000000000, 11.00000000000000000 ),
 ( 0.0000000000000000000, 1.000000000000000000 ),
 .UNSPECIFIED. ) ;
#1523 = CARTESIAN_POINT ( 'NONE',  ( -5.619661803323829474, -1.159211031094126598, -3.417053907693038184 ) ) ;
#1524 = CARTESIAN_POINT ( 'NONE',  ( 2.002223813220709303, 0.3466362060677791734, 5.425629396572749563 ) ) ;
#1525 = ORIENTED_EDGE ( 'NONE', *, *, #732, .T. ) ;
#1526 = ADVANCED_FACE ( 'NONE', ( #5274 ), #4827, .F. ) ;
#1527 = CARTESIAN_POINT ( 'NONE',  ( 7.878081151969085205, 5.187082584840807975, 2.148559955790359854 ) ) ;
#1528 = CARTESIAN_POINT ( 'NONE',  ( 9.426377140867298721, 4.713091458625140895, -2.448770983301400417 ) ) ;
#1529 = VERTEX_POINT ( 'NONE', #1479 ) ;
#1530 = LINE ( 'NONE', #1135, #3071 ) ;
#1531 = CARTESIAN_POINT ( 'NONE',  ( -0.02048535258922726254, 6.082404292049763406, 0.0000000000000000000 ) ) ;
#1532 = ORIENTED_EDGE ( 'NONE', *, *, #2723, .T. ) ;
#1533 = ADVANCED_FACE ( 'NONE', ( #1953 ), #4420, .T. ) ;
#1534 = LINE ( 'NONE', #4502, #3671 ) ;
#1535 = EDGE_LOOP ( 'NONE', ( #974, #2458, #3258, #4137 ) ) ;
#1536 = CARTESIAN_POINT ( 'NONE',  ( 8.346831151969086093, -3.667821270315587245, 3.667821270315577475 ) ) ;
#1537 = DIRECTION ( 'NONE',  ( 0.0000000000000000000, -0.9658993164360788475, -0.2589179609612195510 ) ) ;
#1538 = CARTESIAN_POINT ( 'NONE',  ( 2.330131869708052861, -4.625185080942556759, -3.523790984423714079 ) ) ;
#1539 = EDGE_CURVE ( 'NONE', #265, #3711, #1530, .T. ) ;
#1540 = CARTESIAN_POINT ( 'NONE',  ( -5.519661803323828941, 1.679317601293971229, 4.121490903010486484 ) ) ;
#1541 = AXIS2_PLACEMENT_3D ( 'NONE', #1327, #1378, #5152 ) ;
#1542 = ORIENTED_EDGE ( 'NONE', *, *, #1764, .T. ) ;
#1543 = DIRECTION ( 'NONE',  ( -1.000000000000000000, -0.0000000000000000000, -0.0000000000000000000 ) ) ;
#1544 = VECTOR ( 'NONE', #35, 1000.000000000000000 ) ;
#1545 = EDGE_LOOP ( 'NONE', ( #248, #63, #4080, #5101 ) ) ;
#1546 = CARTESIAN_POINT ( 'NONE',  ( 8.721831154017477772, 5.998981397340810595, -2.484859455202464762 ) ) ;
#1547 = LINE ( 'NONE', #3238, #1857 ) ;
#1548 = DIRECTION ( 'NONE',  ( 0.0000000000000000000, 0.0000000000000000000, 1.000000000000000000 ) ) ;
#1549 = CARTESIAN_POINT ( 'NONE',  ( 5.909331149920695303, -2.484859455202468759, 5.998981397340807931 ) ) ;
#1550 = LINE ( 'NONE', #2914, #3155 ) ;
#1551 = VERTEX_POINT ( 'NONE', #2337 ) ;
#1552 = MECHANICAL_DESIGN_GEOMETRIC_PRESENTATION_REPRESENTATION (  '', ( #3066 ), #2263 ) ;
#1553 = CARTESIAN_POINT ( 'NONE',  ( 6.565581151969085205, 5.187082584840807975, 2.148559955790359854 ) ) ;
#1554 = VERTEX_POINT ( 'NONE', #3171 ) ;
#1555 = EDGE_CURVE ( 'NONE', #374, #330, #2852, .T. ) ;
#1556 = VECTOR ( 'NONE', #3956, 1000.000000000000000 ) ;
#1557 = DIRECTION ( 'NONE',  ( -1.000000000000000000, -0.0000000000000000000, -0.0000000000000000000 ) ) ;
#1558 = CARTESIAN_POINT ( 'NONE',  ( 0.0000000000000000000, 0.0000000000000000000, 0.0000000000000000000 ) ) ;
#1559 = EDGE_LOOP ( 'NONE', ( #2314, #1362, #274, #1221 ) ) ;
#1560 =( GEOMETRIC_REPRESENTATION_CONTEXT ( 3 ) GLOBAL_UNCERTAINTY_ASSIGNED_CONTEXT ( ( #3912 ) ) GLOBAL_UNIT_ASSIGNED_CONTEXT ( ( #5349, #2136, #5122 ) ) REPRESENTATION_CONTEXT ( 'NONE', 'WORKASPACE' ) );
#1561 = ORIENTED_EDGE ( 'NONE', *, *, #1488, .F. ) ;
#1562 = CARTESIAN_POINT ( 'NONE',  ( 5.065581151969085205, 2.148559955790348308, 5.187082584840812416 ) ) ;
#1563 = ADVANCED_FACE ( 'NONE', ( #3607 ), #2408, .F. ) ;
#1564 = CARTESIAN_POINT ( 'NONE',  ( -5.519661803323828941, 0.3046836022590236337, -2.224574270980792523 ) ) ;
#1565 = CARTESIAN_POINT ( 'NONE',  ( 8.534331151969086093, -3.667821270315587245, 3.667821270315577475 ) ) ;
#1566 = CARTESIAN_POINT ( 'NONE',  ( -5.519661803323828941, -0.7894806127375767479, -1.958869789523899119 ) ) ;
#1567 = CARTESIAN_POINT ( 'NONE',  ( -5.519661803323828941, 2.113893546485134056, -4.121490903010485596 ) ) ;
#1568 = VERTEX_POINT ( 'NONE', #1055 ) ;
#1569 = EDGE_CURVE ( 'NONE', #2666, #2869, #1739, .T. ) ;
#1570 = CARTESIAN_POINT ( 'NONE',  ( -5.519661803323828941, -1.159211031094126598, 0.5147382222986783828 ) ) ;
#1571 = ORIENTED_EDGE ( 'NONE', *, *, #3153, .T. ) ;
#1572 = CARTESIAN_POINT ( 'NONE',  ( 8.628081154017475995, 4.241920426271637901, -4.241920426271637012 ) ) ;
#1573 = CARTESIAN_POINT ( 'NONE',  ( -5.619661803323829474, 0.6376042823617330546, -2.973938192386992974 ) ) ;
#1574 = CARTESIAN_POINT ( 'NONE',  ( 0.9668813965247647912, -5.095037542935743957, -7.448968992601002410E-16 ) ) ;
#1575 = CARTESIAN_POINT ( 'NONE',  ( 5.815581149920695303, 0.0000000000000000000, 5.998981397340809707 ) ) ;
#1576 = DIRECTION ( 'NONE',  ( -1.000000000000000000, -0.0000000000000000000, -0.0000000000000000000 ) ) ;
#1577 = EDGE_LOOP ( 'NONE', ( #4896, #5483, #1961, #2350 ) ) ;
#1578 = CARTESIAN_POINT ( 'NONE',  ( -5.619661803323829474, 0.3046836022590236337, 1.018546880246989694 ) ) ;
#1579 = CARTESIAN_POINT ( 'NONE',  ( 4.971831151969085205, 5.187082584840810640, 5.987076309967214276E-15 ) ) ;
#1580 = CARTESIAN_POINT ( 'NONE',  ( -5.519661803323828941, -0.8262907953548989104, 1.326302367298428875 ) ) ;
#1581 = ORIENTED_EDGE ( 'NONE', *, *, #1041, .F. ) ;
#1582 = CARTESIAN_POINT ( 'NONE',  ( 9.857916077054870385, 0.0000000000000000000, 0.0000000000000000000 ) ) ;
#1583 = AXIS2_PLACEMENT_3D ( 'NONE', #3928, #588, #179 ) ;
#1584 = CARTESIAN_POINT ( 'NONE',  ( -5.619661803323829474, -1.159211031094126598, -2.115427933609108635 ) ) ;
#1585 = ORIENTED_EDGE ( 'NONE', *, *, #3484, .F. ) ;
#1586 = AXIS2_PLACEMENT_3D ( 'NONE', #1744, #1660, #4603 ) ;
#1587 = DIRECTION ( 'NONE',  ( 0.0000000000000000000, 0.9271337714083852655, -0.3747305297331189888 ) ) ;
#1588 = B_SPLINE_CURVE_WITH_KNOTS ( 'NONE', 3,
 ( #3681, #5467, #2112, #3328 ),
 .UNSPECIFIED., .F., .F.,
 ( 4, 4 ),
 ( 0.0000000000000000000, 1.000000000000000000 ),
 .UNSPECIFIED. ) ;
#1589 = ORIENTED_EDGE ( 'NONE', *, *, #3906, .F. ) ;
#1590 = CARTESIAN_POINT ( 'NONE',  ( 4.221831151969085205, -3.667821270315577920, -3.667821270315587245 ) ) ;
#1591 = CARTESIAN_POINT ( 'NONE',  ( -5.519661803323828941, 0.6376042823617330546, -2.135346082594348882 ) ) ;
#1592 = CARTESIAN_POINT ( 'NONE',  ( -5.519661803323828941, 0.3975240214392646854, -1.985428506473515542 ) ) ;
#1593 = CARTESIAN_POINT ( 'NONE',  ( 1.690581149920693971, -5.998981397340809707, -1.101995004959690659E-15 ) ) ;
#1594 = DIRECTION ( 'NONE',  ( -1.000000000000000000, -0.0000000000000000000, -0.0000000000000000000 ) ) ;
#1595 = EDGE_CURVE ( 'NONE', #843, #4042, #4445, .T. ) ;
#1596 = CARTESIAN_POINT ( 'NONE',  ( -5.519661803323828941, -0.1434427557374629292, 1.479134967900401332 ) ) ;
#1597 = ORIENTED_EDGE ( 'NONE', *, *, #1502, .T. ) ;
#1598 = CARTESIAN_POINT ( 'NONE',  ( 9.046391828641278110, -5.738220477794505392, -0.1699551647727686743 ) ) ;
#1599 = ADVANCED_FACE ( 'NONE', ( #4470 ), #1079, .T. ) ;
#1600 = ORIENTED_EDGE ( 'NONE', *, *, #4446, .T. ) ;
#1601 = CARTESIAN_POINT ( 'NONE',  ( 6.190581154017475995, 0.0000000000000000000, 5.998981397340809707 ) ) ;
#1602 = DIRECTION ( 'NONE',  ( 0.0000000000000000000, 0.9659055957817822557, 0.2588945345839501755 ) ) ;
#1603 = CARTESIAN_POINT ( 'NONE',  ( 1.909747138265209365, 3.445337311958989179, 4.067071262681208665 ) ) ;
#1604 = ORIENTED_EDGE ( 'NONE', *, *, #2445, .T. ) ;
#1605 = CARTESIAN_POINT ( 'NONE',  ( 7.315581151969087870, -5.187082584840807087, -2.148559955790362519 ) ) ;
#1606 = DIRECTION ( 'NONE',  ( -1.000000000000000000, -0.0000000000000000000, -0.0000000000000000000 ) ) ;
#1607 = VERTEX_POINT ( 'NONE', #2365 ) ;
#1608 = CARTESIAN_POINT ( 'NONE',  ( -5.519661803323828941, -1.027347499126436858, 0.2628943267589053390 ) ) ;
#1609 = CARTESIAN_POINT ( 'NONE',  ( 4.596831154017475995, 2.484859455202464762, 5.998981397340809707 ) ) ;
#1610 = ORIENTED_EDGE ( 'NONE', *, *, #2586, .F. ) ;
#1611 =( LENGTH_UNIT ( ) NAMED_UNIT ( * ) SI_UNIT ( .MILLI., .METRE. ) );
#1612 = VERTEX_POINT ( 'NONE', #2004 ) ;
#1613 = CARTESIAN_POINT ( 'NONE',  ( -5.619661803323829474, 0.6376042823617330546, -0.9442635246883085420 ) ) ;
#1614 = CARTESIAN_POINT ( 'NONE',  ( 1.596831151969084761, 3.667821270315586357, -3.667821270315577920 ) ) ;
#1615 = CARTESIAN_POINT ( 'NONE',  ( -5.519661803323828941, 0.2678738640052119035, 0.08152292550487844069 ) ) ;
#1616 = CARTESIAN_POINT ( 'NONE',  ( -5.519661803323828941, 0.6376042823617330546, -1.083466608386970176 ) ) ;
#1617 = CARTESIAN_POINT ( 'NONE',  ( 10.69058115196908609, 2.148559955790360299, -5.187082584840807975 ) ) ;
#1618 = VECTOR ( 'NONE', #1172, 1000.000000000000000 ) ;
#1619 = CARTESIAN_POINT ( 'NONE',  ( 5.721831149920695303, 2.484859455202464762, 5.998981397340809707 ) ) ;
#1620 = CARTESIAN_POINT ( 'NONE',  ( 8.534331151969086093, -3.667821270315587245, 3.667821270315577475 ) ) ;
#1621 = FACE_OUTER_BOUND ( 'NONE', #5210, .T. ) ;
#1622 = EDGE_CURVE ( 'NONE', #3028, #1251, #587, .T. ) ;
#1623 = VECTOR ( 'NONE', #3436, 1000.000000000000227 ) ;
#1624 = ORIENTED_EDGE ( 'NONE', *, *, #3335, .T. ) ;
#1625 = CARTESIAN_POINT ( 'NONE',  ( 1.221831151969084539, -3.667821270315577920, -3.667821270315587245 ) ) ;
#1626 = DIRECTION ( 'NONE',  ( -1.000000000000000000, -0.0000000000000000000, -0.0000000000000000000 ) ) ;
#1627 = EDGE_CURVE ( 'NONE', #3581, #4765, #2808, .T. ) ;
#1628 = CARTESIAN_POINT ( 'NONE',  ( -5.519661803323828941, 2.113893546485134056, 4.121490903010486484 ) ) ;
#1629 = CARTESIAN_POINT ( 'NONE',  ( -5.519661803323828941, 0.6803316091850086789, 2.657949538630267394 ) ) ;
#1630 = CARTESIAN_POINT ( 'NONE',  ( 6.284331154017476884, -2.484859455202468759, 5.998981397340807931 ) ) ;
#1631 = VERTEX_POINT ( 'NONE', #3656 ) ;
#1632 =( BOUNDED_CURVE ( )  B_SPLINE_CURVE ( 2, ( #3285, #4533, #3696, #5398, #727, #2427, #4945, #4116, #1146 ),
 .UNSPECIFIED., .F., .T. ) 
 B_SPLINE_CURVE_WITH_KNOTS ( ( 3, 2, 2, 2, 3 ),
 ( 0.2142857142857142738, 0.2321428571428571508, 0.2500000000000000000, 0.2678571428571429047, 0.2857142857142857539 ),
 .UNSPECIFIED. ) 
 CURVE ( )  GEOMETRIC_REPRESENTATION_ITEM ( )  RATIONAL_B_SPLINE_CURVE ( ( 1.000000000000000000, 0.9238795325112867385, 1.000000000000000000, 0.9238795325112867385, 1.000000000000000000, 0.9238795325112867385, 1.000000000000000000, 0.9238795325112865164, 1.000000000000000222 ) ) 
 REPRESENTATION_ITEM ( '' )  );
#1633 = CARTESIAN_POINT ( 'NONE',  ( 2.159331151969085205, 3.667821270315578364, 3.667821270315586357 ) ) ;
#1634 = LINE ( 'NONE', #743, #2103 ) ;
#1635 = ORIENTED_EDGE ( 'NONE', *, *, #4031, .F. ) ;
#1636 = EDGE_CURVE ( 'NONE', #1413, #4648, #2058, .T. ) ;
#1637 = CARTESIAN_POINT ( 'NONE',  ( 9.532670181029139655, 3.182009612060290760, 4.110499637486053182 ) ) ;
#1638 = AXIS2_PLACEMENT_3D ( 'NONE', #4559, #2537, #3746 ) ;
#1639 = CARTESIAN_POINT ( 'NONE',  ( 4.315581154017475995, 5.998981397340809707, 3.673316683198969520E-16 ) ) ;
#1640 = EDGE_LOOP ( 'NONE', ( #4363, #4443, #3751, #3034 ) ) ;
#1641 = CARTESIAN_POINT ( 'NONE',  ( 0.9668813965247647912, 5.095037542935743957, 0.0000000000000000000 ) ) ;
#1642 = VECTOR ( 'NONE', #5268, 1000.000000000000000 ) ;
#1643 = VERTEX_POINT ( 'NONE', #1163 ) ;
#1644 = CARTESIAN_POINT ( 'NONE',  ( -5.519661803323828941, -0.9191307701716237011, -1.213466035522574149 ) ) ;
#1645 = CARTESIAN_POINT ( 'NONE',  ( 1.503081151969085205, 2.148559955790360299, -5.187082584840807975 ) ) ;
#1646 = CARTESIAN_POINT ( 'NONE',  ( 7.315581149920695303, 0.0000000000000000000, 5.998981397340809707 ) ) ;
#1647 = CARTESIAN_POINT ( 'NONE',  ( 0.02024695280851037185, 0.0000000000000000000, 5.473914394502774172 ) ) ;
#1648 = CARTESIAN_POINT ( 'NONE',  ( 7.034331151969086093, -3.667821270315587245, 3.667821270315577475 ) ) ;
#1649 = TOROIDAL_SURFACE ( 'NONE', #4214, 7.507123992640686083, 0.9340800000000000214 ) ;
#1650 = CARTESIAN_POINT ( 'NONE',  ( -5.619661803323829474, -0.8262907953548989104, -3.252923809772649388 ) ) ;
#1651 = CARTESIAN_POINT ( 'NONE',  ( 8.909331151969086093, -3.667821270315577920, -3.667821270315587245 ) ) ;
#1652 = EDGE_LOOP ( 'NONE', ( #1979, #157, #2584, #2774, #2074, #2636, #491, #637, #4831, #192, #4563, #3741, #3968, #3251, #751, #368, #2918 ) ) ;
#1653 = VECTOR ( 'NONE', #5379, 1000.000000000000000 ) ;
#1654 = CARTESIAN_POINT ( 'NONE',  ( 9.142650399845452469, -4.347404952732179417, -3.595005040286105125 ) ) ;
#1655 = VECTOR ( 'NONE', #1275, 999.9999999999998863 ) ;
#1656 = AXIS2_PLACEMENT_3D ( 'NONE', #498, #3036, #88 ) ;
#1657 = B_SPLINE_CURVE_WITH_KNOTS ( 'NONE', 3,
 ( #5209, #3961, #4843, #2328 ),
 .UNSPECIFIED., .F., .F.,
 ( 4, 4 ),
 ( 3.000000000000000000, 4.000000000000000000 ),
 .UNSPECIFIED. ) ;
#1658 = CARTESIAN_POINT ( 'NONE',  ( 7.503081154017475995, 4.241920426271637901, 4.241920426271637901 ) ) ;
#1659 = DIRECTION ( 'NONE',  ( 0.0000000000000000000, -1.000000000000000000, 0.0000000000000000000 ) ) ;
#1660 = DIRECTION ( 'NONE',  ( 1.000000000000000000, 0.0000000000000000000, 0.0000000000000000000 ) ) ;
#1661 = CARTESIAN_POINT ( 'NONE',  ( -5.519661803323828941, -0.1274838854301168223, -0.02448087327981358224 ) ) ;
#1662 = LINE ( 'NONE', #3352, #1025 ) ;
#1663 = ORIENTED_EDGE ( 'NONE', *, *, #4266, .T. ) ;
#1664 = EDGE_CURVE ( 'NONE', #1096, #4194, #4177, .T. ) ;
#1665 = CARTESIAN_POINT ( 'NONE',  ( 5.815581151969085205, -5.187082584840807087, -2.148559955790362519 ) ) ;
#1666 = DIRECTION ( 'NONE',  ( -1.000000000000000000, 0.0000000000000000000, -0.0000000000000000000 ) ) ;
#1667 = ORIENTED_EDGE ( 'NONE', *, *, #841, .T. ) ;
#1668 = CARTESIAN_POINT ( 'NONE',  ( -5.519661803323828941, -0.8810394876184768354, 0.3020338627802104936 ) ) ;
#1669 = CYLINDRICAL_SURFACE ( 'NONE', #2923, 5.998981397340809707 ) ;
#1670 = VERTEX_POINT ( 'NONE', #3712 ) ;
#1671 = CARTESIAN_POINT ( 'NONE',  ( -5.619661803323829474, 1.479317601293971274, -3.027091175365248077 ) ) ;
#1672 = EDGE_CURVE ( 'NONE', #382, #5219, #4190, .T. ) ;
#1673 = EDGE_CURVE ( 'NONE', #3299, #5341, #2031, .T. ) ;
#1674 = ORIENTED_EDGE ( 'NONE', *, *, #841, .F. ) ;
#1675 = CARTESIAN_POINT ( 'NONE',  ( 1.512306037783867518, -7.070052012334010705, -14.14010402466802141 ) ) ;
#1676 = CARTESIAN_POINT ( 'NONE',  ( 2.909331151969084317, 6.304693514189128749E-15, -5.187082584840810640 ) ) ;
#1677 = VECTOR ( 'NONE', #3377, 1000.000000000000114 ) ;
#1678 = CARTESIAN_POINT ( 'NONE',  ( -5.619661803323829474, -0.4637826167685011880, 0.1522300437122748318 ) ) ;
#1679 = CARTESIAN_POINT ( 'NONE',  ( 1.596831149920693749, -5.998981397340809707, 2.484859455202466538 ) ) ;
#1680 = LINE ( 'NONE', #1706, #1544 ) ;
#1681 = VECTOR ( 'NONE', #1310, 1000.000000000000000 ) ;
#1682 = CARTESIAN_POINT ( 'NONE',  ( 7.221831151969085205, -5.187082584840810640, -6.622310718411043223E-15 ) ) ;
#1683 = VERTEX_POINT ( 'NONE', #3684 ) ;
#1684 = CARTESIAN_POINT ( 'NONE',  ( -5.519661803323828941, 0.6376042823617330546, 1.688348407857317879 ) ) ;
#1685 = EDGE_LOOP ( 'NONE', ( #4852, #3923 ) ) ;
#1686 = CARTESIAN_POINT ( 'NONE',  ( 3.284331154017475551, -2.484859455202468759, 5.998981397340808819 ) ) ;
#1687 = CARTESIAN_POINT ( 'NONE',  ( -5.619661803323829474, -0.9191307701716237011, -2.515095564514379323 ) ) ;
#1688 = CARTESIAN_POINT ( 'NONE',  ( -5.519661803323828941, 0.6376042823617330546, -0.3508782973789836279 ) ) ;
#1689 = FACE_OUTER_BOUND ( 'NONE', #4739, .T. ) ;
#1690 = FACE_OUTER_BOUND ( 'NONE', #1276, .T. ) ;
#1691 = CARTESIAN_POINT ( 'NONE',  ( -0.9526455239024034238, 2.375287617332010811E-16, 1.939569530566509714 ) ) ;
#1692 = DIRECTION ( 'NONE',  ( 0.0000000000000000000, -0.9659230871248957184, -0.2588292675860117686 ) ) ;
#1693 = ORIENTED_EDGE ( 'NONE', *, *, #4309, .T. ) ;
#1694 = DIRECTION ( 'NONE',  ( -1.000000000000000000, -0.0000000000000000000, -0.0000000000000000000 ) ) ;
#1695 = EDGE_CURVE ( 'NONE', #2863, #3824, #352, .T. ) ;
#1696 = PLANE ( 'NONE',  #2652 ) ;
#1697 = VERTEX_POINT ( 'NONE', #3332 ) ;
#1698 = CARTESIAN_POINT ( 'NONE',  ( -5.519661803323828941, 1.679317601293971229, 4.121490903010486484 ) ) ;
#1699 = DIRECTION ( 'NONE',  ( -1.000000000000000000, -0.0000000000000000000, -0.0000000000000000000 ) ) ;
#1700 = ORIENTED_EDGE ( 'NONE', *, *, #4283, .F. ) ;
#1701 = DIRECTION ( 'NONE',  ( 0.0000000000000000000, 0.0000000000000000000, 1.000000000000000000 ) ) ;
#1702 = CARTESIAN_POINT ( 'NONE',  ( 2.628081151969085649, -5.187082584840807087, -2.148559955790362519 ) ) ;
#1703 = CARTESIAN_POINT ( 'NONE',  ( 1.787875908728443708, 4.172531504011734782, -3.100080049670446591 ) ) ;
#1704 = EDGE_CURVE ( 'NONE', #1551, #2464, #2946, .T. ) ;
#1705 = CARTESIAN_POINT ( 'NONE',  ( 4.596831151969086093, 6.304693514189127961E-15, -5.187082584840810640 ) ) ;
#1706 = CARTESIAN_POINT ( 'NONE',  ( -5.519661803323828941, -0.1434427557374629292, -2.307165446310758927 ) ) ;
#1707 = CARTESIAN_POINT ( 'NONE',  ( 8.065581151969086093, 5.187082584840807975, 2.148559955790359854 ) ) ;
#1708 = CARTESIAN_POINT ( 'NONE',  ( 9.857916077054870385, 6.624001725624042659E-16, -4.818834368373729582 ) ) ;
#1709 = EDGE_CURVE ( 'NONE', #2867, #4743, #3580, .T. ) ;
#1710 = CARTESIAN_POINT ( 'NONE',  ( -5.619661803323829474, -0.5146871204975557168, 0.7449185090724820268 ) ) ;
#1711 = CARTESIAN_POINT ( 'NONE',  ( -5.519661803323828941, -0.4637826167685011880, -2.971375103788334027 ) ) ;
#1712 = FACE_OUTER_BOUND ( 'NONE', #1311, .T. ) ;
#1713 = DIRECTION ( 'NONE',  ( 0.0000000000000000000, 0.0000000000000000000, 1.000000000000000000 ) ) ;
#1714 = B_SPLINE_CURVE_WITH_KNOTS ( 'NONE', 3,
 ( #3579, #4801, #2700, #552 ),
 .UNSPECIFIED., .F., .F.,
 ( 4, 4 ),
 ( 0.0000000000000000000, 1.000000000000000000 ),
 .UNSPECIFIED. ) ;
#1715 = CARTESIAN_POINT ( 'NONE',  ( 6.284331151969085205, 5.187082584840810640, 5.987076309967215065E-15 ) ) ;
#1716 = CARTESIAN_POINT ( 'NONE',  ( 9.284331149920694415, -5.998981397340808819, -2.484859455202467871 ) ) ;
#1717 = CARTESIAN_POINT ( 'NONE',  ( 8.815581151969084317, -2.148559955790347864, -5.187082584840813304 ) ) ;
#1718 = PLANE ( 'NONE',  #3958 ) ;
#1719 = ORIENTED_EDGE ( 'NONE', *, *, #3369, .T. ) ;
#1720 = B_SPLINE_CURVE_WITH_KNOTS ( 'NONE', 3,
 ( #5012, #3761, #4572, #2913 ),
 .UNSPECIFIED., .F., .F.,
 ( 4, 4 ),
 ( 9.000000000000000000, 10.00000000000000000 ),
 .UNSPECIFIED. ) ;
#1721 = DIRECTION ( 'NONE',  ( 1.000000000000000000, 0.0000000000000000000, 0.0000000000000000000 ) ) ;
#1722 = LINE ( 'NONE', #2116, #1495 ) ;
#1723 = ORIENTED_EDGE ( 'NONE', *, *, #3975, .F. ) ;
#1724 = CARTESIAN_POINT ( 'NONE',  ( 3.190581154017475551, 0.0000000000000000000, 5.998981397340809707 ) ) ;
#1725 = EDGE_CURVE ( 'NONE', #2959, #4777, #745, .T. ) ;
#1726 = VERTEX_POINT ( 'NONE', #2526 ) ;
#1727 = DIRECTION ( 'NONE',  ( 0.0000000000000000000, 0.0000000000000000000, 1.000000000000000000 ) ) ;
#1728 = CARTESIAN_POINT ( 'NONE',  ( -5.619661803323829474, 0.3594327388860832362, 0.4506716720556348532 ) ) ;
#1729 = CARTESIAN_POINT ( 'NONE',  ( -5.519661803323828941, -0.1434427557374629292, 1.479134967900401332 ) ) ;
#1730 = CARTESIAN_POINT ( 'NONE',  ( 4.690581151969085205, 2.148559955790360299, -5.187082584840807975 ) ) ;
#1731 = AXIS2_PLACEMENT_3D ( 'NONE', #5200, #3551, #1393 ) ;
#1732 = CARTESIAN_POINT ( 'NONE',  ( -2.482082288789165148, 0.0000000000000000000, 0.0000000000000000000 ) ) ;
#1733 = VECTOR ( 'NONE', #5139, 1000.000000000000000 ) ;
#1734 = VECTOR ( 'NONE', #992, 1000.000000000000000 ) ;
#1735 = EDGE_CURVE ( 'NONE', #3387, #3, #5415, .T. ) ;
#1736 = CARTESIAN_POINT ( 'NONE',  ( 5.721831151969086093, -5.187082584840810640, -6.622310718411043223E-15 ) ) ;
#1737 = DIRECTION ( 'NONE',  ( 0.0000000000000000000, 0.0000000000000000000, -1.000000000000000000 ) ) ;
#1738 = VECTOR ( 'NONE', #1067, 1000.000000000000000 ) ;
#1739 = CIRCLE ( 'NONE', #757, 0.9340800000000003545 ) ;
#1740 = ADVANCED_FACE ( 'NONE', ( #4219 ), #1966, .T. ) ;
#1741 = AXIS2_PLACEMENT_3D ( 'NONE', #3264, #1478, #2726 ) ;
#1742 = CARTESIAN_POINT ( 'NONE',  ( 3.378081154017475551, -4.241920426271638789, 4.241920426271637012 ) ) ;
#1743 = DIRECTION ( 'NONE',  ( 0.0000000000000000000, -0.0000000000000000000, -1.000000000000000000 ) ) ;
#1744 = CARTESIAN_POINT ( 'NONE',  ( -5.519661803323828941, -0.3871339699087271158, 0.1903053291798716407 ) ) ;
#1745 = LINE ( 'NONE', #4237, #122 ) ;
#1746 = CARTESIAN_POINT ( 'NONE',  ( 3.753081151969085205, -2.148559955790363407, 5.187082584840807087 ) ) ;
#1747 = FACE_OUTER_BOUND ( 'NONE', #1640, .T. ) ;
#1748 = CARTESIAN_POINT ( 'NONE',  ( 10.22183115196908609, -3.667821270315577920, -3.667821270315587245 ) ) ;
#1749 = CARTESIAN_POINT ( 'NONE',  ( -5.619661803323829474, 2.113893546485134056, -4.121490903010485596 ) ) ;
#1750 = ORIENTED_EDGE ( 'NONE', *, *, #2546, .T. ) ;
#1751 = CARTESIAN_POINT ( 'NONE',  ( 4.878081149920695303, -4.241920426271637012, -4.241920426271638789 ) ) ;
#1752 = ORIENTED_EDGE ( 'NONE', *, *, #1331, .T. ) ;
#1753 = FACE_OUTER_BOUND ( 'NONE', #4920, .T. ) ;
#1754 = CARTESIAN_POINT ( 'NONE',  ( 3.471831154017475107, -5.998981397340808819, 2.484859455202466094 ) ) ;
#1755 = ORIENTED_EDGE ( 'NONE', *, *, #439, .T. ) ;
#1756 = DIRECTION ( 'NONE',  ( -1.000000000000000000, -0.0000000000000000000, -0.0000000000000000000 ) ) ;
#1757 = CARTESIAN_POINT ( 'NONE',  ( 5.346831154017475995, -2.484859455202464318, -5.998981397340811483 ) ) ;
#1758 = LINE ( 'NONE', #3548, #2527 ) ;
#1759 = CARTESIAN_POINT ( 'NONE',  ( 0.4220016690503199386, 7.070052012334011593, 0.0000000000000000000 ) ) ;
#1760 = ORIENTED_EDGE ( 'NONE', *, *, #5229, .T. ) ;
#1761 = DIRECTION ( 'NONE',  ( 0.0000000000000000000, -1.000000000000000000, 0.0000000000000000000 ) ) ;
#1762 = CARTESIAN_POINT ( 'NONE',  ( 3.284331151969084761, 3.667821270315586357, -3.667821270315577920 ) ) ;
#1763 = CARTESIAN_POINT ( 'NONE',  ( 9.857916077054870385, 4.150637904708960139E-16, -3.389253054512366692 ) ) ;
#1764 = EDGE_CURVE ( 'NONE', #1726, #5329, #2990, .T. ) ;
#1765 = VECTOR ( 'NONE', #4955, 1000.000000000000000 ) ;
#1766 = CARTESIAN_POINT ( 'NONE',  ( 1.971831154017476218, -5.998981397340809707, 2.484859455202466538 ) ) ;
#1767 = CARTESIAN_POINT ( 'NONE',  ( 9.857916077054870385, 0.0000000000000000000, 0.0000000000000000000 ) ) ;
#1768 = CYLINDRICAL_SURFACE ( 'NONE', #73, 5.042581076891417879 ) ;
#1769 = EDGE_CURVE ( 'NONE', #788, #1554, #380, .T. ) ;
#1770 = CARTESIAN_POINT ( 'NONE',  ( 4.690581151969085205, 5.187082584840813304, -2.148559955790347864 ) ) ;
#1771 = DIRECTION ( 'NONE',  ( 0.0000000000000000000, -0.0000000000000000000, 1.000000000000000000 ) ) ;
#1772 = LINE ( 'NONE', #962, #1623 ) ;
#1773 = FACE_BOUND ( 'NONE', #114, .T. ) ;
#1774 = ORIENTED_EDGE ( 'NONE', *, *, #4950, .F. ) ;
#1775 = CARTESIAN_POINT ( 'NONE',  ( -5.519661803323828941, 0.2538955217638021455, -1.679297612334133882 ) ) ;
#1776 = ADVANCED_FACE ( 'NONE', ( #1249 ), #2115, .F. ) ;
#1777 = ORIENTED_EDGE ( 'NONE', *, *, #5146, .F. ) ;
#1778 = DIRECTION ( 'NONE',  ( -1.000000000000000000, -0.0000000000000000000, -0.0000000000000000000 ) ) ;
#1779 = CARTESIAN_POINT ( 'NONE',  ( -5.519661803323828941, 0.3046836022590236337, -1.267514855292576126 ) ) ;
#1780 = ORIENTED_EDGE ( 'NONE', *, *, #1841, .T. ) ;
#1781 = CARTESIAN_POINT ( 'NONE',  ( -5.619661803323829474, -2.113893546485134056, -4.121490903010485596 ) ) ;
#1782 = CARTESIAN_POINT ( 'NONE',  ( -5.519661803323828941, 0.6803316091850086789, 2.657949538630267394 ) ) ;
#1783 = DIRECTION ( 'NONE',  ( -0.0000000000000000000, -0.0000000000000000000, 1.000000000000000000 ) ) ;
#1784 = CARTESIAN_POINT ( 'NONE',  ( 0.9668813965247646802, -7.070052012334010705, -14.14010402466802141 ) ) ;
#1785 = ORIENTED_EDGE ( 'NONE', *, *, #1871, .T. ) ;
#1786 = B_SPLINE_CURVE_WITH_KNOTS ( 'NONE', 3,
 ( #3103, #3286, #5263, #4787 ),
 .UNSPECIFIED., .F., .F.,
 ( 4, 4 ),
 ( 14.00000000000000000, 15.00000000000000000 ),
 .UNSPECIFIED. ) ;
#1787 = CARTESIAN_POINT ( 'NONE',  ( -5.519661803323828941, -0.4797410427123137699, 0.7542323677805267135 ) ) ;
#1788 = CARTESIAN_POINT ( 'NONE',  ( 3.659331151969084761, 3.667821270315578364, 3.667821270315586357 ) ) ;
#1789 = DIRECTION ( 'NONE',  ( 0.0000000000000000000, 0.0000000000000000000, -1.000000000000000000 ) ) ;
#1790 = B_SPLINE_CURVE_WITH_KNOTS ( 'NONE', 3,
 ( #4846, #2357, #5348, #1523 ),
 .UNSPECIFIED., .F., .F.,
 ( 4, 4 ),
 ( 2.000000000000000000, 3.000000000000000000 ),
 .UNSPECIFIED. ) ;
#1791 = CARTESIAN_POINT ( 'NONE',  ( 2.534331154017475107, 2.484859455202465650, -5.998981397340810595 ) ) ;
#1792 = EDGE_CURVE ( 'NONE', #2104, #2753, #5394, .T. ) ;
#1793 = CARTESIAN_POINT ( 'NONE',  ( 3.846831149920694415, 5.998981397340809707, -2.484859455202464762 ) ) ;
#1794 = CARTESIAN_POINT ( 'NONE',  ( -5.619661803323829474, 0.2538955217638021455, -1.679297612334133882 ) ) ;
#1795 = SHAPE_DEFINITION_REPRESENTATION ( #186, #418 ) ;
#1796 = CARTESIAN_POINT ( 'NONE',  ( 8.534331149920694415, 5.998981397340810595, 2.484859455202465206 ) ) ;
#1797 = CARTESIAN_POINT ( 'NONE',  ( 8.253081151969086093, -2.148559955790363407, 5.187082584840807087 ) ) ;
#1798 = DIRECTION ( 'NONE',  ( -1.000000000000000000, -0.0000000000000000000, -0.0000000000000000000 ) ) ;
#1799 = EDGE_CURVE ( 'NONE', #3299, #2227, #516, .T. ) ;
#1800 = ORIENTED_EDGE ( 'NONE', *, *, #3170, .T. ) ;
#1801 = UNCERTAINTY_MEASURE_WITH_UNIT (LENGTH_MEASURE( 1.000000000000000082E-05 ), #1611, 'distance_accuracy_value', 'NONE');
#1802 = CARTESIAN_POINT ( 'NONE',  ( -5.519661803323828941, -0.8104483482814262008, -1.528914343277910870 ) ) ;
#1803 = VERTEX_POINT ( 'NONE', #490 ) ;
#1804 = LINE ( 'NONE', #2333, #1642 ) ;
#1805 = CARTESIAN_POINT ( 'NONE',  ( 9.289756378843383899, 0.8063833242442230986, -5.417645140359487854 ) ) ;
#1806 = AXIS2_PLACEMENT_3D ( 'NONE', #3378, #4515, #291 ) ;
#1807 = ADVANCED_FACE ( 'NONE', ( #2142, #23 ), #3515, .F. ) ;
#1808 = ORIENTED_EDGE ( 'NONE', *, *, #5493, .T. ) ;
#1809 = CARTESIAN_POINT ( 'NONE',  ( -5.519661803323828941, -1.159211031094126598, 0.5147382222986783828 ) ) ;
#1810 = VERTEX_POINT ( 'NONE', #5211 ) ;
#1811 = CARTESIAN_POINT ( 'NONE',  ( 2.492805465814642130, 0.0000000000000000000, 0.0000000000000000000 ) ) ;
#1812 = CARTESIAN_POINT ( 'NONE',  ( 3.378081151969084317, 5.187082584840812416, -2.148559955790347864 ) ) ;
#1813 = ORIENTED_EDGE ( 'NONE', *, *, #1876, .T. ) ;
#1814 = LINE ( 'NONE', #1867, #3052 ) ;
#1815 =( BOUNDED_CURVE ( )  B_SPLINE_CURVE ( 2, ( #2494, #347, #1216, #3707, #2053, #5464, #2025, #1630, #3324 ),
 .UNSPECIFIED., .F., .T. ) 
 B_SPLINE_CURVE_WITH_KNOTS ( ( 3, 2, 2, 2, 3 ),
 ( 0.3571428571428570953, 0.3749999999999999445, 0.3928571428571427937, 0.4107142857142856984, 0.4285714285714285476 ),
 .UNSPECIFIED. ) 
 CURVE ( )  GEOMETRIC_REPRESENTATION_ITEM ( )  RATIONAL_B_SPLINE_CURVE ( ( 1.000000000000000222, 0.9238795325112865164, 1.000000000000000000, 0.9238795325112867385, 1.000000000000000000, 0.9238795325112867385, 1.000000000000000000, 0.9238795325112867385, 1.000000000000000000 ) ) 
 REPRESENTATION_ITEM ( '' )  );
#1816 = ORIENTED_EDGE ( 'NONE', *, *, #3126, .F. ) ;
#1817 = CARTESIAN_POINT ( 'NONE',  ( 2.815581151969085649, -5.187082584840807087, -2.148559955790362519 ) ) ;
#1818 = CARTESIAN_POINT ( 'NONE',  ( -5.619661803323829474, -1.027347499126436858, 0.2628943267589053390 ) ) ;
#1819 = AXIS2_PLACEMENT_3D ( 'NONE', #3636, #4525, #5417 ) ;
#1820 = PLANE ( 'NONE',  #4597 ) ;
#1821 = VECTOR ( 'NONE', #585, 1000.000000000000114 ) ;
#1822 = CARTESIAN_POINT ( 'NONE',  ( -0.02048535258922726254, -6.082404292049763406, -7.448796947378865107E-16 ) ) ;
#1823 = CARTESIAN_POINT ( 'NONE',  ( -5.619661803323829474, -0.1434427557374629292, 1.479134967900401332 ) ) ;
#1824 = AXIS2_PLACEMENT_3D ( 'NONE', #2463, #1157, #1243 ) ;
#1825 = CARTESIAN_POINT ( 'NONE',  ( 4.878081149920695303, -4.241920426271637012, -4.241920426271638789 ) ) ;
#1826 = CARTESIAN_POINT ( 'NONE',  ( 7.034331151969085205, -5.187082584840810640, -6.622310718411043223E-15 ) ) ;
#1827 = DIRECTION ( 'NONE',  ( 0.0000000000000000000, -0.9659257372882651405, -0.2588193772578116225 ) ) ;
#1828 = ORIENTED_EDGE ( 'NONE', *, *, #8, .F. ) ;
#1829 = DIRECTION ( 'NONE',  ( 0.0000000000000000000, 0.0000000000000000000, -1.000000000000000000 ) ) ;
#1830 = ORIENTED_EDGE ( 'NONE', *, *, #4592, .F. ) ;
#1831 = EDGE_CURVE ( 'NONE', #1266, #4750, #4689, .T. ) ;
#1832 = CARTESIAN_POINT ( 'NONE',  ( -4.723044281438539826, 0.0000000000000000000, 0.0000000000000000000 ) ) ;
#1833 = CARTESIAN_POINT ( 'NONE',  ( 8.909331151969086093, -3.667821270315577920, -3.667821270315587245 ) ) ;
#1834 = ORIENTED_EDGE ( 'NONE', *, *, #5131, .F. ) ;
#1835 = CYLINDRICAL_SURFACE ( 'NONE', #1059, 3.389253054512366692 ) ;
#1836 = CYLINDRICAL_SURFACE ( 'NONE', #1741, 8.573554286785633138 ) ;
#1837 = ORIENTED_EDGE ( 'NONE', *, *, #4377, .F. ) ;
#1838 = CARTESIAN_POINT ( 'NONE',  ( -5.619661803323829474, -1.159211031094126598, -1.526582323692980747 ) ) ;
#1839 = CARTESIAN_POINT ( 'NONE',  ( -5.619661803323829474, -0.8262907953548989104, 0.6989037811651391818 ) ) ;
#1840 = ORIENTED_EDGE ( 'NONE', *, *, #4650, .F. ) ;
#1841 = EDGE_CURVE ( 'NONE', #1643, #410, #54, .T. ) ;
#1842 = CARTESIAN_POINT ( 'NONE',  ( -5.519661803323828941, 0.2538955217638021455, -0.3578672463179419228 ) ) ;
#1843 = CARTESIAN_POINT ( 'NONE',  ( -5.519661803323828941, 0.3046836022590236337, -1.267514855292576126 ) ) ;
#1844 = CARTESIAN_POINT ( 'NONE',  ( 9.940581151969086093, -5.187082584840811528, 2.148559955790349640 ) ) ;
#1845 = CARTESIAN_POINT ( 'NONE',  ( -2.482082288789165148, 0.0000000000000000000, 0.0000000000000000000 ) ) ;
#1846 = ADVANCED_FACE ( 'NONE', ( #107 ), #4378, .F. ) ;
#1847 = DIRECTION ( 'NONE',  ( -0.0000000000000000000, -0.9659043439093818462, -0.2588992051300786357 ) ) ;
#1848 = CARTESIAN_POINT ( 'NONE',  ( 4.315581149920694415, 0.0000000000000000000, 5.998981397340809707 ) ) ;
#1849 = CARTESIAN_POINT ( 'NONE',  ( -5.519661803323828941, -0.8262907953548989104, -2.862808216404995054 ) ) ;
#1850 = CARTESIAN_POINT ( 'NONE',  ( 4.221831149920694415, 2.484859455202464762, 5.998981397340810595 ) ) ;
#1851 = CARTESIAN_POINT ( 'NONE',  ( 4.971831151969085205, 3.667821270315578364, 3.667821270315586357 ) ) ;
#1852 = CARTESIAN_POINT ( 'NONE',  ( -5.619661803323829474, -1.159211031094126598, -0.7364507184454957001 ) ) ;
#1853 = VERTEX_POINT ( 'NONE', #3886 ) ;
#1854 = CARTESIAN_POINT ( 'NONE',  ( 5.065581149920695303, 7.346633366397939041E-16, -5.998981397340809707 ) ) ;
#1855 = DIRECTION ( 'NONE',  ( 0.0000000000000000000, 0.0000000000000000000, 1.000000000000000000 ) ) ;
#1856 = ORIENTED_EDGE ( 'NONE', *, *, #1289, .T. ) ;
#1857 = VECTOR ( 'NONE', #4925, 1000.000000000000000 ) ;
#1858 = CARTESIAN_POINT ( 'NONE',  ( 9.322778287903309646, 1.974779921415461104, -5.056592416959155400 ) ) ;
#1859 = ORIENTED_EDGE ( 'NONE', *, *, #2019, .F. ) ;
#1860 = DIRECTION ( 'NONE',  ( 0.0000000000000000000, 0.0000000000000000000, 1.000000000000000000 ) ) ;
#1861 = CARTESIAN_POINT ( 'NONE',  ( -5.619661803323829474, -0.1434427557374629292, -0.4643367380380125642 ) ) ;
#1862 = ORIENTED_EDGE ( 'NONE', *, *, #1462, .T. ) ;
#1863 = EDGE_CURVE ( 'NONE', #5251, #935, #81, .T. ) ;
#1864 = DIRECTION ( 'NONE',  ( 0.0000000000000000000, 0.0000000000000000000, 1.000000000000000000 ) ) ;
#1865 = CARTESIAN_POINT ( 'NONE',  ( 0.9668813965247646802, -5.095037542935743069, -10.19007508587148614 ) ) ;
#1866 = ORIENTED_EDGE ( 'NONE', *, *, #1425, .T. ) ;
#1867 = CARTESIAN_POINT ( 'NONE',  ( -0.9526455239024034238, 0.0000000000000000000, -1.939569530566509714 ) ) ;
#1868 = CARTESIAN_POINT ( 'NONE',  ( -5.619661803323829474, -1.159211031094126598, -1.081138143709938548 ) ) ;
#1869 = ORIENTED_EDGE ( 'NONE', *, *, #5024, .T. ) ;
#1870 = CARTESIAN_POINT ( 'NONE',  ( 10.22183115196908609, -3.667821270315577920, -3.667821270315587245 ) ) ;
#1871 = EDGE_CURVE ( 'NONE', #1803, #5251, #1460, .T. ) ;
#1872 = CARTESIAN_POINT ( 'NONE',  ( 2.461438760289023531, 9.825086632993295911E-16, -5.962854963554218735 ) ) ;
#1873 = CARTESIAN_POINT ( 'NONE',  ( 2.440581151969085649, -5.187082584840812416, 2.148559955790349640 ) ) ;
#1874 = DIRECTION ( 'NONE',  ( -1.000000000000000000, -0.0000000000000000000, -0.0000000000000000000 ) ) ;
#1875 = CARTESIAN_POINT ( 'NONE',  ( -5.519661803323828941, -0.8262907953548989104, -1.951411592741663759 ) ) ;
#1876 = EDGE_CURVE ( 'NONE', #4473, #2667, #3465, .T. ) ;
#1877 = CARTESIAN_POINT ( 'NONE',  ( -5.519661803323828941, 0.3046836022590236337, -1.267514855292576126 ) ) ;
#1878 = CARTESIAN_POINT ( 'NONE',  ( -5.619661803323829474, 0.6376042823617330546, -1.083466608386970176 ) ) ;
#1879 = CARTESIAN_POINT ( 'NONE',  ( 3.003081149920695303, -4.241920426271638789, 4.241920426271637012 ) ) ;
#1880 = CARTESIAN_POINT ( 'NONE',  ( 3.284331151969084761, 5.187082584840810640, 5.987076309967215065E-15 ) ) ;
#1881 = CARTESIAN_POINT ( 'NONE',  ( 3.190581149920695303, -5.998981397340809707, -1.101995004959690659E-15 ) ) ;
#1882 = ORIENTED_EDGE ( 'NONE', *, *, #1113, .T. ) ;
#1883 = FACE_OUTER_BOUND ( 'NONE', #378, .T. ) ;
#1884 = CARTESIAN_POINT ( 'NONE',  ( 2.562627149921828718, 5.468658226787571408, 3.015182625755703505 ) ) ;
#1885 = ORIENTED_EDGE ( 'NONE', *, *, #1263, .T. ) ;
#1886 = CARTESIAN_POINT ( 'NONE',  ( -5.519661803323828941, 0.3594327388860832362, 0.4506716720556348532 ) ) ;
#1887 = DIRECTION ( 'NONE',  ( -1.000000000000000000, -0.0000000000000000000, -0.0000000000000000000 ) ) ;
#1888 = ORIENTED_EDGE ( 'NONE', *, *, #5459, .T. ) ;
#1889 = LINE ( 'NONE', #193, #174 ) ;
#1890 = CARTESIAN_POINT ( 'NONE',  ( -5.619661803323829474, -1.027347499126436858, 0.2628943267589053390 ) ) ;
#1891 = ORIENTED_EDGE ( 'NONE', *, *, #2320, .F. ) ;
#1892 = FACE_OUTER_BOUND ( 'NONE', #3416, .T. ) ;
#1893 = CARTESIAN_POINT ( 'NONE',  ( 0.9668813965247646802, 5.095037542935744845, -10.19007508587148614 ) ) ;
#1894 = EDGE_LOOP ( 'NONE', ( #1663, #1777, #3795, #3570 ) ) ;
#1895 = DIRECTION ( 'NONE',  ( 0.0000000000000000000, 0.9659096052786082520, 0.2588795751513107146 ) ) ;
#1896 = AXIS2_PLACEMENT_3D ( 'NONE', #1271, #401, #5491 ) ;
#1897 = ADVANCED_FACE ( 'NONE', ( #1353 ), #4271, .F. ) ;
#1898 = ORIENTED_EDGE ( 'NONE', *, *, #146, .F. ) ;
#1899 = CARTESIAN_POINT ( 'NONE',  ( 3.471831151969084761, 3.667821270315578364, 3.667821270315586357 ) ) ;
#1900 = CARTESIAN_POINT ( 'NONE',  ( -5.519661803323828941, -0.8262907953548989104, -3.252923809772649388 ) ) ;
#1901 = CARTESIAN_POINT ( 'NONE',  ( 6.096831151969085205, 3.667821270315586357, -3.667821270315577920 ) ) ;
#1902 = VECTOR ( 'NONE', #1444, 1000.000000000000000 ) ;
#1903 = EDGE_CURVE ( 'NONE', #1529, #1446, #2582, .T. ) ;
#1904 = LINE ( 'NONE', #4757, #4643 ) ;
#1905 = VERTEX_POINT ( 'NONE', #908 ) ;
#1906 = LINE ( 'NONE', #264, #5366 ) ;
#1907 = ADVANCED_FACE ( 'NONE', ( #2638 ), #1927, .T. ) ;
#1908 = VECTOR ( 'NONE', #2255, 1000.000000000000000 ) ;
#1909 = CARTESIAN_POINT ( 'NONE',  ( 5.628081149920694415, 4.241920426271637901, 4.241920426271637901 ) ) ;
#1910 = CARTESIAN_POINT ( 'NONE',  ( 4.315581151969085205, -2.148559955790347864, -5.187082584840813304 ) ) ;
#1911 = VERTEX_POINT ( 'NONE', #3105 ) ;
#1912 = B_SPLINE_CURVE_WITH_KNOTS ( 'NONE', 3,
 ( #1641, #4637, #4248, #4613, #777, #2924, #3773 ),
 .UNSPECIFIED., .F., .F.,
 ( 4, 3, 4 ),
 ( 0.0000000000000000000, 1.000000000000000000, 2.000000000000000000 ),
 .UNSPECIFIED. ) ;
#1913 = DIRECTION ( 'NONE',  ( -1.000000000000000000, -0.0000000000000000000, -0.0000000000000000000 ) ) ;
#1914 = AXIS2_PLACEMENT_3D ( 'NONE', #5205, #124, #925 ) ;
#1915 = VECTOR ( 'NONE', #2470, 1000.000000000000000 ) ;
#1916 = DIRECTION ( 'NONE',  ( 0.0000000000000000000, 0.0000000000000000000, 1.000000000000000000 ) ) ;
#1917 = ORIENTED_EDGE ( 'NONE', *, *, #4484, .F. ) ;
#1918 = CARTESIAN_POINT ( 'NONE',  ( 8.721831151969086093, -3.667821270315577920, -3.667821270315587245 ) ) ;
#1919 = CARTESIAN_POINT ( 'NONE',  ( -5.619661803323829474, -1.159211031094126598, -1.355580588794464969 ) ) ;
#1920 = VECTOR ( 'NONE', #4874, 1000.000000000000000 ) ;
#1921 = ORIENTED_EDGE ( 'NONE', *, *, #5116, .F. ) ;
#1922 = CARTESIAN_POINT ( 'NONE',  ( -5.519661803323828941, -0.8104483482814262008, -1.528914343277910870 ) ) ;
#1923 = ORIENTED_EDGE ( 'NONE', *, *, #69, .T. ) ;
#1924 = CARTESIAN_POINT ( 'NONE',  ( -5.619661803323829474, -0.7894806127375767479, 0.6712963663838882322 ) ) ;
#1925 = DIRECTION ( 'NONE',  ( 1.000000000000000000, 0.0000000000000000000, 0.0000000000000000000 ) ) ;
#1926 = ORIENTED_EDGE ( 'NONE', *, *, #3094, .T. ) ;
#1927 = B_SPLINE_SURFACE_WITH_KNOTS ( 'NONE', 3, 1, ( 
 ( #4328, #1406 ),
 ( #2223, #3913 ),
 ( #1802, #3489 ),
 ( #5184, #1381 ) ),
 .UNSPECIFIED., .F., .F., .F.,
 ( 4, 4 ),
 ( 2, 2 ),
 ( 0.0000000000000000000, 1.000000000000000000 ),
 ( 0.0000000000000000000, 1.000000000000000000 ),
 .UNSPECIFIED. ) ;
#1928 = CARTESIAN_POINT ( 'NONE',  ( -5.519661803323828941, -0.9191307701716237011, -2.515095564514379323 ) ) ;
#1929 = EDGE_LOOP ( 'NONE', ( #4518, #225, #1184, #2520, #413, #351, #1211, #1329 ) ) ;
#1930 = CARTESIAN_POINT ( 'NONE',  ( 8.534331151969086093, -5.187082584840810640, -6.622310718411043223E-15 ) ) ;
#1931 = FACE_OUTER_BOUND ( 'NONE', #4966, .T. ) ;
#1932 = CARTESIAN_POINT ( 'NONE',  ( 2.079630745934980762, -2.538408619566674407, 4.919324711858553911 ) ) ;
#1933 = CARTESIAN_POINT ( 'NONE',  ( 5.534331149920694415, 5.998981397340809707, 2.484859455202465206 ) ) ;
#1934 = LINE ( 'NONE', #3508, #2562 ) ;
#1935 = ORIENTED_EDGE ( 'NONE', *, *, #2120, .F. ) ;
#1936 = DIRECTION ( 'NONE',  ( -1.000000000000000000, -0.0000000000000000000, -0.0000000000000000000 ) ) ;
#1937 = EDGE_CURVE ( 'NONE', #135, #5045, #3080, .T. ) ;
#1938 = ORIENTED_EDGE ( 'NONE', *, *, #4446, .F. ) ;
#1939 = CARTESIAN_POINT ( 'NONE',  ( 6.284331151969085205, 5.187082584840810640, 5.987076309967215065E-15 ) ) ;
#1940 = EDGE_LOOP ( 'NONE', ( #4537, #3084, #3030, #1505 ) ) ;
#1941 = VECTOR ( 'NONE', #981, 1000.000000000000000 ) ;
#1942 = VECTOR ( 'NONE', #4220, 1000.000000000000114 ) ;
#1943 = ADVANCED_FACE ( 'NONE', ( #133 ), #1277, .T. ) ;
#1944 = CARTESIAN_POINT ( 'NONE',  ( -5.519661803323828941, -0.8262907953548989104, -3.252923809772649388 ) ) ;
#1945 = FACE_OUTER_BOUND ( 'NONE', #1535, .T. ) ;
#1946 = CARTESIAN_POINT ( 'NONE',  ( 2.006666950659109716, 0.1726279036386193788, 5.439073986454703302 ) ) ;
#1947 = VERTEX_POINT ( 'NONE', #3131 ) ;
#1948 = CARTESIAN_POINT ( 'NONE',  ( 7.784331151969086093, 5.187082584840810640, 5.987076309967215065E-15 ) ) ;
#1949 = AXIS2_PLACEMENT_3D ( 'NONE', #3577, #2256, #4799 ) ;
#1950 = CARTESIAN_POINT ( 'NONE',  ( 9.096831151969086093, 6.304693514189127961E-15, -5.187082584840810640 ) ) ;
#1951 = VERTEX_POINT ( 'NONE', #4017 ) ;
#1952 = EDGE_CURVE ( 'NONE', #2867, #3063, #1468, .T. ) ;
#1953 = FACE_OUTER_BOUND ( 'NONE', #4312, .T. ) ;
#1954 = CARTESIAN_POINT ( 'NONE',  ( -5.519661803323828941, 0.3975240214392646854, -3.287054480557445313 ) ) ;
#1955 = VERTEX_POINT ( 'NONE', #3186 ) ;
#1956 = CARTESIAN_POINT ( 'NONE',  ( -5.619661803323829474, 0.6376042823617330546, 1.688348407857317879 ) ) ;
#1957 = ORIENTED_EDGE ( 'NONE', *, *, #4623, .T. ) ;
#1958 = CARTESIAN_POINT ( 'NONE',  ( 5.253081151969085205, -2.148559955790363407, 5.187082584840807087 ) ) ;
#1959 = CARTESIAN_POINT ( 'NONE',  ( 2.452959343518443358, -0.3719435954087164653, -5.953088841056553449 ) ) ;
#1960 = DIRECTION ( 'NONE',  ( 0.0000000000000000000, 0.0000000000000000000, 1.000000000000000000 ) ) ;
#1961 = ORIENTED_EDGE ( 'NONE', *, *, #5024, .F. ) ;
#1962 = CARTESIAN_POINT ( 'NONE',  ( 8.824236173751373258, -0.3793599523380669081, 5.989182051282728736 ) ) ;
#1963 = ORIENTED_EDGE ( 'NONE', *, *, #5388, .T. ) ;
#1964 = CARTESIAN_POINT ( 'NONE',  ( 7.409331154017475995, 5.998981397340810595, 2.484859455202465206 ) ) ;
#1965 = VERTEX_POINT ( 'NONE', #2744 ) ;
#1966 = B_SPLINE_SURFACE_WITH_KNOTS ( 'NONE', 3, 1, ( 
 ( #5049, #4990 ),
 ( #2973, #1191 ),
 ( #4161, #2919 ),
 ( #5020, #2059 ) ),
 .UNSPECIFIED., .F., .F., .F.,
 ( 4, 4 ),
 ( 2, 2 ),
 ( 4.000000000000000000, 5.000000000000000000 ),
 ( 0.0000000000000000000, 1.000000000000000000 ),
 .UNSPECIFIED. ) ;
#1967 = CARTESIAN_POINT ( 'NONE',  ( -5.519661803323828941, -0.7755022704961843649, -1.519593374754033777 ) ) ;
#1968 = DIRECTION ( 'NONE',  ( 0.0000000000000000000, -0.0000000000000000000, 1.000000000000000000 ) ) ;
#1969 = CARTESIAN_POINT ( 'NONE',  ( -4.685581803323828787, 0.0000000000000000000, 0.0000000000000000000 ) ) ;
#1970 = ORIENTED_EDGE ( 'NONE', *, *, #99, .T. ) ;
#1971 = EDGE_CURVE ( 'NONE', #4750, #280, #1496, .T. ) ;
#1972 = CARTESIAN_POINT ( 'NONE',  ( 4.315581151969085205, -5.187082584840807087, -2.148559955790362519 ) ) ;
#1973 = ORIENTED_EDGE ( 'NONE', *, *, #1502, .F. ) ;
#1974 = DIRECTION ( 'NONE',  ( 0.0000000000000000000, -0.0000000000000000000, 1.000000000000000000 ) ) ;
#1975 = CARTESIAN_POINT ( 'NONE',  ( 3.940581154017475995, 7.346633366397939041E-16, -5.998981397340809707 ) ) ;
#1976 = ORIENTED_EDGE ( 'NONE', *, *, #1937, .T. ) ;
#1977 = FACE_OUTER_BOUND ( 'NONE', #3654, .T. ) ;
#1978 = ADVANCED_FACE ( 'NONE', ( #2718 ), #568, .T. ) ;
#1979 = ORIENTED_EDGE ( 'NONE', *, *, #4844, .T. ) ;
#1980 = CARTESIAN_POINT ( 'NONE',  ( 5.440581151969085205, -5.187082584840811528, 2.148559955790349640 ) ) ;
#1981 = PLANE ( 'NONE',  #2091 ) ;
#1982 = CARTESIAN_POINT ( 'NONE',  ( 10.87808115196908609, 5.187082584840812416, -2.148559955790347864 ) ) ;
#1983 = VECTOR ( 'NONE', #5478, 1000.000000000000114 ) ;
#1984 = DIRECTION ( 'NONE',  ( 0.0000000000000000000, -0.1391740617653174361, 0.9902679337087227918 ) ) ;
#1985 = CARTESIAN_POINT ( 'NONE',  ( -5.619661803323829474, 0.3975240214392646854, -0.6639945855494018279 ) ) ;
#1986 = EDGE_LOOP ( 'NONE', ( #3644, #5132, #5270, #2440 ) ) ;
#1987 = CARTESIAN_POINT ( 'NONE',  ( 3.565581149920693971, 7.346633366397939041E-16, -5.998981397340809707 ) ) ;
#1988 = ORIENTED_EDGE ( 'NONE', *, *, #1257, .T. ) ;
#1989 = CARTESIAN_POINT ( 'NONE',  ( 0.8468311519690842060, -3.667821270315587245, 3.667821270315577475 ) ) ;
#1990 =( BOUNDED_SURFACE ( )  B_SPLINE_SURFACE ( 3, 3, ( 
 ( #3422, #811, #4229, #1260 ),
 ( #5142, #2956, #4644, #362 ),
 ( #4200, #3809, #1316, #835 ),
 ( #2539, #419, #9, #2986 ),
 ( #4699, #893, #4284, #5085 ),
 ( #3343, #4673, #65, #3748 ),
 ( #867, #473, #3872, #4620 ) ),
 .UNSPECIFIED., .F., .F., .F. ) 
 B_SPLINE_SURFACE_WITH_KNOTS ( ( 4, 3, 4 ),
 ( 4, 4 ),
 ( 0.0000000000000000000, 1.000000000000000000, 2.000000000000000000 ),
 ( 0.0000000000000000000, 1.000000000000000000 ),
 .UNSPECIFIED. ) 
 GEOMETRIC_REPRESENTATION_ITEM ( )  RATIONAL_B_SPLINE_SURFACE ( (
 ( 1.000000000000000000, 0.3333333333333334259, 0.3333333333333334259, 1.000000000000000000),
 ( 1.000000000000000000, 0.3333333333333334259, 0.3333333333333334259, 1.000000000000000000),
 ( 1.000000000000000000, 0.3333333333333334259, 0.3333333333333334259, 1.000000000000000000),
 ( 1.000000000000000000, 0.3333333333333334259, 0.3333333333333334259, 1.000000000000000000),
 ( 1.000000000000000000, 0.3333333333333334259, 0.3333333333333334259, 1.000000000000000000),
 ( 1.000000000000000000, 0.3333333333333334259, 0.3333333333333334259, 1.000000000000000000),
 ( 1.000000000000000000, 0.3333333333333334259, 0.3333333333333334259, 1.000000000000000000) ) ) 
 REPRESENTATION_ITEM ( '' )  SURFACE ( )  );
#1991 = DIRECTION ( 'NONE',  ( -1.000000000000000000, -0.0000000000000000000, -0.0000000000000000000 ) ) ;
#1992 = CARTESIAN_POINT ( 'NONE',  ( 7.128081154017475995, 4.241920426271637901, -4.241920426271637012 ) ) ;
#1993 = CARTESIAN_POINT ( 'NONE',  ( -5.619661803323829474, -1.027347499126436858, -3.668901358140721047 ) ) ;
#1994 = CARTESIAN_POINT ( 'NONE',  ( -5.619661803323829474, 0.2863953785477003078, -1.235015887235658472 ) ) ;
#1995 = ORIENTED_EDGE ( 'NONE', *, *, #3098, .T. ) ;
#1996 = AXIS2_PLACEMENT_3D ( 'NONE', #754, #5083, #4590 ) ;
#1997 = VECTOR ( 'NONE', #975, 1000.000000000000000 ) ;
#1998 = DIRECTION ( 'NONE',  ( 0.0000000000000000000, 0.0000000000000000000, 1.000000000000000000 ) ) ;
#1999 = CARTESIAN_POINT ( 'NONE',  ( 2.440581151969085649, -2.148559955790363407, 5.187082584840807087 ) ) ;
#2000 = DIRECTION ( 'NONE',  ( 0.0000000000000000000, 0.0000000000000000000, -1.000000000000000000 ) ) ;
#2001 = ORIENTED_EDGE ( 'NONE', *, *, #177, .F. ) ;
#2002 = VECTOR ( 'NONE', #350, 1000.000000000000000 ) ;
#2003 = CIRCLE ( 'NONE', #3415, 5.042581076891417879 ) ;
#2004 = CARTESIAN_POINT ( 'NONE',  ( -2.820780263020862044, 9.974019369029721620E-16, 8.142672225902135352 ) ) ;
#2005 = EDGE_CURVE ( 'NONE', #1114, #5213, #4873, .T. ) ;
#2006 = CARTESIAN_POINT ( 'NONE',  ( -5.619661803323829474, -1.159211031094126598, -2.657210117786304782 ) ) ;
#2007 = VERTEX_POINT ( 'NONE', #627 ) ;
#2008 = CARTESIAN_POINT ( 'NONE',  ( 5.534331154017475995, 2.484859455202465206, -5.998981397340809707 ) ) ;
#2009 = ORIENTED_EDGE ( 'NONE', *, *, #4309, .F. ) ;
#2010 = CARTESIAN_POINT ( 'NONE',  ( 3.753081151969084761, -2.148559955790363407, 5.187082584840807087 ) ) ;
#2011 = CARTESIAN_POINT ( 'NONE',  ( 7.596831149920696191, -5.998981397340808819, 2.484859455202466094 ) ) ;
#2012 = EDGE_CURVE ( 'NONE', #1408, #2418, #4260, .T. ) ;
#2013 = CARTESIAN_POINT ( 'NONE',  ( 6.190581151969085205, 2.148559955790360299, -5.187082584840807975 ) ) ;
#2014 = EDGE_CURVE ( 'NONE', #5004, #1473, #5265, .T. ) ;
#2015 = CARTESIAN_POINT ( 'NONE',  ( 5.628081149920694415, 4.241920426271637901, 4.241920426271637901 ) ) ;
#2016 = CARTESIAN_POINT ( 'NONE',  ( 11.06558115196908609, 5.187082584840807975, 2.148559955790359854 ) ) ;
#2017 = ORIENTED_EDGE ( 'NONE', *, *, #2277, .T. ) ;
#2018 = CARTESIAN_POINT ( 'NONE',  ( 9.019043718452493863, -5.701798931683952354, 0.9537730669898750735 ) ) ;
#2019 = EDGE_CURVE ( 'NONE', #4016, #2117, #2770, .T. ) ;
#2020 = ORIENTED_EDGE ( 'NONE', *, *, #1144, .F. ) ;
#2021 = CARTESIAN_POINT ( 'NONE',  ( 7.596831154017475995, 2.484859455202464762, 5.998981397340810595 ) ) ;
#2022 = CARTESIAN_POINT ( 'NONE',  ( -5.519661803323828941, 0.6376042823617330546, -1.672425975356006678 ) ) ;
#2023 = CARTESIAN_POINT ( 'NONE',  ( 7.409331154017476884, 5.998981397340809707, 2.484859455202465206 ) ) ;
#2024 = PLANE ( 'NONE',  #1806 ) ;
#2025 = CARTESIAN_POINT ( 'NONE',  ( 6.378081154017476884, -4.241920426271638789, 4.241920426271637012 ) ) ;
#2026 = ORIENTED_EDGE ( 'NONE', *, *, #4475, .T. ) ;
#2027 =( BOUNDED_CURVE ( )  B_SPLINE_CURVE ( 2, ( #3861, #4667, #1386, #938, #4332, #1754, #519, #968, #1724 ),
 .UNSPECIFIED., .F., .T. ) 
 B_SPLINE_CURVE_WITH_KNOTS ( ( 3, 2, 2, 2, 3 ),
 ( 0.6428571428571427937, 0.6607142857142855874, 0.6785714285714284921, 0.6964285714285712858, 0.7142857142857141906 ),
 .UNSPECIFIED. ) 
 CURVE ( )  GEOMETRIC_REPRESENTATION_ITEM ( )  RATIONAL_B_SPLINE_CURVE ( ( 1.000000000000000444, 0.9238795325112862944, 1.000000000000000000, 0.9238795325112867385, 1.000000000000000000, 0.9238795325112867385, 1.000000000000000000, 0.9238795325112871826, 0.9999999999999995559 ) ) 
 REPRESENTATION_ITEM ( '' )  );
#2028 = CARTESIAN_POINT ( 'NONE',  ( 3.753081151969085205, 2.148559955790348752, 5.187082584840813304 ) ) ;
#2029 = DIRECTION ( 'NONE',  ( 0.0000000000000000000, -0.3745692609283527430, -0.9271989369965798478 ) ) ;
#2030 = VERTEX_POINT ( 'NONE', #3599 ) ;
#2031 = LINE ( 'NONE', #2085, #4306 ) ;
#2032 = FACE_OUTER_BOUND ( 'NONE', #1545, .T. ) ;
#2033 = ORIENTED_EDGE ( 'NONE', *, *, #1224, .F. ) ;
#2034 = CARTESIAN_POINT ( 'NONE',  ( -5.519661803323828941, -1.159211031094126598, -1.526582323692980747 ) ) ;
#2035 = EDGE_CURVE ( 'NONE', #3790, #620, #1790, .T. ) ;
#2036 = EDGE_LOOP ( 'NONE', ( #2084, #1383, #3007, #1070 ) ) ;
#2037 = CARTESIAN_POINT ( 'NONE',  ( -5.619661803323829474, 0.6376042823617330546, -1.083466608386970176 ) ) ;
#2038 = CARTESIAN_POINT ( 'NONE',  ( 2.159331151969085205, -5.669459105745301380E-15, 5.187082584840810640 ) ) ;
#2039 = CARTESIAN_POINT ( 'NONE',  ( -5.519661803323828941, -0.2004933423060529518, 3.938455804857458720 ) ) ;
#2040 = LINE ( 'NONE', #1258, #5451 ) ;
#2041 = CARTESIAN_POINT ( 'NONE',  ( 11.34683115196908609, -5.669459105745300591E-15, 5.187082584840810640 ) ) ;
#2042 = LINE ( 'NONE', #284, #3114 ) ;
#2043 = ADVANCED_FACE ( 'NONE', ( #1883 ), #3567, .F. ) ;
#2044 = CARTESIAN_POINT ( 'NONE',  ( 6.096831151969085205, 6.304693514189128749E-15, -5.187082584840810640 ) ) ;
#2045 = EDGE_LOOP ( 'NONE', ( #2172, #2020, #3325, #3609 ) ) ;
#2046 = CARTESIAN_POINT ( 'NONE',  ( -5.619661803323829474, 0.6376042823617330546, 0.7868522027061963797 ) ) ;
#2047 = ADVANCED_FACE ( 'NONE', ( #1945 ), #5323, .T. ) ;
#2048 = ORIENTED_EDGE ( 'NONE', *, *, #4844, .F. ) ;
#2049 = CARTESIAN_POINT ( 'NONE',  ( 0.7530811519690840949, -2.148559955790363407, 5.187082584840807087 ) ) ;
#2050 = DIRECTION ( 'NONE',  ( 0.0000000000000000000, -1.000000000000000000, 0.0000000000000000000 ) ) ;
#2051 = LINE ( 'NONE', #4872, #5217 ) ;
#2052 = LINE ( 'NONE', #737, #645 ) ;
#2053 = CARTESIAN_POINT ( 'NONE',  ( 6.565581154017475995, -5.998981397340809707, -1.101995004959690659E-15 ) ) ;
#2054 = ORIENTED_EDGE ( 'NONE', *, *, #2415, .F. ) ;
#2055 = CARTESIAN_POINT ( 'NONE',  ( 6.096831151969085205, 6.304693514189127961E-15, -5.187082584840810640 ) ) ;
#2056 = DIRECTION ( 'NONE',  ( -1.000000000000000000, -0.0000000000000000000, -0.0000000000000000000 ) ) ;
#2057 = ORIENTED_EDGE ( 'NONE', *, *, #4584, .F. ) ;
#2058 = B_SPLINE_CURVE_WITH_KNOTS ( 'NONE', 3,
 ( #1668, #1608, #773, #5471 ),
 .UNSPECIFIED., .F., .F.,
 ( 4, 4 ),
 ( 11.00000000000000000, 12.00000000000000000 ),
 .UNSPECIFIED. ) ;
#2059 = CARTESIAN_POINT ( 'NONE',  ( -5.619661803323829474, 0.2538955217638021455, -1.679297612334133882 ) ) ;
#2060 = CARTESIAN_POINT ( 'NONE',  ( 3.003081154017475107, 4.241920426271637901, 4.241920426271637901 ) ) ;
#2061 = EDGE_LOOP ( 'NONE', ( #2100, #5241, #4511, #4053, #3244, #5292, #1443, #2756, #2766, #3859, #5319, #4693, #2785, #4343 ) ) ;
#2062 = ORIENTED_EDGE ( 'NONE', *, *, #612, .T. ) ;
#2063 = CARTESIAN_POINT ( 'NONE',  ( 0.9668813965247647912, -7.070052012334011593, -8.658316566710150725E-16 ) ) ;
#2064 = LINE ( 'NONE', #3745, #1447 ) ;
#2065 = DIRECTION ( 'NONE',  ( -0.0000000000000000000, 0.9659277982239368177, 0.2588116856292571044 ) ) ;
#2066 = FACE_OUTER_BOUND ( 'NONE', #4496, .T. ) ;
#2067 = CARTESIAN_POINT ( 'NONE',  ( 1.503081149920693749, -4.241920426271638789, 4.241920426271637012 ) ) ;
#2068 = DIRECTION ( 'NONE',  ( -1.000000000000000000, -0.0000000000000000000, -0.0000000000000000000 ) ) ;
#2069 = CARTESIAN_POINT ( 'NONE',  ( 9.659331151969086093, 3.667821270315578364, 3.667821270315586357 ) ) ;
#2070 = ORIENTED_EDGE ( 'NONE', *, *, #3561, .F. ) ;
#2071 = LINE ( 'NONE', #3752, #2185 ) ;
#2072 = EDGE_CURVE ( 'NONE', #4103, #1905, #4072, .T. ) ;
#2073 = VECTOR ( 'NONE', #3240, 1000.000000000000000 ) ;
#2074 = ORIENTED_EDGE ( 'NONE', *, *, #4988, .T. ) ;
#2075 = CARTESIAN_POINT ( 'NONE',  ( 10.31558115401747600, 5.998981397340809707, 3.673316683198969520E-16 ) ) ;
#2076 = CARTESIAN_POINT ( 'NONE',  ( -5.519661803323828941, -1.074990763671786809, -2.288657262672883608 ) ) ;
#2077 = DIRECTION ( 'NONE',  ( 0.0000000000000000000, 0.0000000000000000000, 1.000000000000000000 ) ) ;
#2078 = CARTESIAN_POINT ( 'NONE',  ( -5.519661803323828941, 1.479317601293971274, -3.027091175365248077 ) ) ;
#2079 = EDGE_CURVE ( 'NONE', #496, #1380, #4929, .T. ) ;
#2080 = LINE ( 'NONE', #3732, #3953 ) ;
#2081 = ORIENTED_EDGE ( 'NONE', *, *, #5255, .F. ) ;
#2082 = DIRECTION ( 'NONE',  ( -1.000000000000000000, -0.0000000000000000000, -0.0000000000000000000 ) ) ;
#2083 = CARTESIAN_POINT ( 'NONE',  ( -5.519661803323828941, 0.3046836022590236337, 1.599233976523829703 ) ) ;
#2084 = ORIENTED_EDGE ( 'NONE', *, *, #3122, .F. ) ;
#2085 = CARTESIAN_POINT ( 'NONE',  ( -5.519661803323828941, -0.4637826167685011880, -2.971375103788334027 ) ) ;
#2086 = VECTOR ( 'NONE', #1874, 1000.000000000000000 ) ;
#2087 = VECTOR ( 'NONE', #2090, 1000.000000000000000 ) ;
#2088 = CARTESIAN_POINT ( 'NONE',  ( -5.519661803323828941, -0.2004933423060529518, 3.938455804857458720 ) ) ;
#2089 = ORIENTED_EDGE ( 'NONE', *, *, #1431, .F. ) ;
#2090 = DIRECTION ( 'NONE',  ( -1.000000000000000000, -0.0000000000000000000, -0.0000000000000000000 ) ) ;
#2091 = AXIS2_PLACEMENT_3D ( 'NONE', #1564, #3664, #5362 ) ;
#2092 = ORIENTED_EDGE ( 'NONE', *, *, #2989, .F. ) ;
#2093 = FACE_OUTER_BOUND ( 'NONE', #3527, .T. ) ;
#2094 = CARTESIAN_POINT ( 'NONE',  ( 2.534331151969085649, -5.187082584840810640, -6.622310718411043223E-15 ) ) ;
#2095 = CARTESIAN_POINT ( 'NONE',  ( -5.619661803323829474, -0.2238187790798542576, 0.2943410420762554436 ) ) ;
#2096 = CARTESIAN_POINT ( 'NONE',  ( 8.815581151969084317, -5.187082584840807087, -2.148559955790362519 ) ) ;
#2097 = VECTOR ( 'NONE', #1789, 1000.000000000000000 ) ;
#2098 = CARTESIAN_POINT ( 'NONE',  ( -5.519661803323828941, 0.3046836022590236337, 1.599233976523829703 ) ) ;
#2099 = CARTESIAN_POINT ( 'NONE',  ( 10.12808115196908609, -5.187082584840811528, 2.148559955790349640 ) ) ;
#2100 = ORIENTED_EDGE ( 'NONE', *, *, #2012, .F. ) ;
#2101 = CARTESIAN_POINT ( 'NONE',  ( -5.519661803323828941, 0.2538955217638021455, 0.9508614337578672471 ) ) ;
#2102 = CIRCLE ( 'NONE', #4926, 7.070052012334011593 ) ;
#2103 = VECTOR ( 'NONE', #4130, 1000.000000000000000 ) ;
#2104 = VERTEX_POINT ( 'NONE', #1854 ) ;
#2105 = CARTESIAN_POINT ( 'NONE',  ( 4.221831154017475107, 5.998981397340810595, -2.484859455202464762 ) ) ;
#2106 = EDGE_CURVE ( 'NONE', #3896, #3635, #3767, .T. ) ;
#2107 = CARTESIAN_POINT ( 'NONE',  ( -5.519661803323828941, -0.4637826167685011880, 0.8125968457457942717 ) ) ;
#2108 = CARTESIAN_POINT ( 'NONE',  ( -5.519661803323828941, -0.1434427557374629292, 1.479134967900401332 ) ) ;
#2109 = CARTESIAN_POINT ( 'NONE',  ( -5.519661803323828941, -0.09253780764491525979, -0.01504614770301610123 ) ) ;
#2110 = ORIENTED_EDGE ( 'NONE', *, *, #611, .T. ) ;
#2111 = CARTESIAN_POINT ( 'NONE',  ( 8.721831149920694415, 2.484859455202464762, 5.998981397340810595 ) ) ;
#2112 = CARTESIAN_POINT ( 'NONE',  ( -5.619661803323829474, -0.8104483482814262008, -1.528914343277910870 ) ) ;
#2113 = EDGE_CURVE ( 'NONE', #4972, #5329, #5239, .T. ) ;
#2114 = ORIENTED_EDGE ( 'NONE', *, *, #2269, .T. ) ;
#2115 = PLANE ( 'NONE',  #3319 ) ;
#2116 = CARTESIAN_POINT ( 'NONE',  ( -5.519661803323828941, -1.930845117427445246, -3.938406036146827827 ) ) ;
#2117 = VERTEX_POINT ( 'NONE', #1575 ) ;
#2118 = FACE_OUTER_BOUND ( 'NONE', #1336, .T. ) ;
#2119 = CARTESIAN_POINT ( 'NONE',  ( -5.619661803323829474, -0.1434427557374629292, -0.08284179633719475355 ) ) ;
#2120 = EDGE_CURVE ( 'NONE', #5219, #4765, #262, .T. ) ;
#2121 = ORIENTED_EDGE ( 'NONE', *, *, #3914, .F. ) ;
#2122 = PLANE ( 'NONE',  #3792 ) ;
#2123 = CARTESIAN_POINT ( 'NONE',  ( -5.519661803323828941, 0.3594327388860832362, -0.8708760059213880300 ) ) ;
#2124 = VECTOR ( 'NONE', #547, 1000.000000000000000 ) ;
#2125 = CARTESIAN_POINT ( 'NONE',  ( -5.519661803323828941, 0.5131958366318902787, -0.6330100082595085942 ) ) ;
#2126 = CARTESIAN_POINT ( 'NONE',  ( 3.284331151969084761, 3.667821270315586357, -3.667821270315577920 ) ) ;
#2127 = PLANE ( 'NONE',  #3847 ) ;
#2128 = AXIS2_PLACEMENT_3D ( 'NONE', #5385, #4991, #3246 ) ;
#2129 = CARTESIAN_POINT ( 'NONE',  ( 10.97183115196908609, 5.187082584840810640, 5.987076309967215065E-15 ) ) ;
#2130 = EDGE_LOOP ( 'NONE', ( #3053, #1076, #4448, #4029 ) ) ;
#2131 = DIRECTION ( 'NONE',  ( 0.0000000000000000000, -0.1391740617653174361, 0.9902679337087227918 ) ) ;
#2132 = CARTESIAN_POINT ( 'NONE',  ( 2.346831154017474663, -2.484859455202463430, -5.998981397340811483 ) ) ;
#2133 = DIRECTION ( 'NONE',  ( 1.000000000000000000, 0.0000000000000000000, 0.0000000000000000000 ) ) ;
#2134 = CARTESIAN_POINT ( 'NONE',  ( -5.519661803323828941, 0.6376042823617330546, -0.5218800322775110079 ) ) ;
#2135 = LINE ( 'NONE', #2191, #5439 ) ;
#2136 =( NAMED_UNIT ( * ) PLANE_ANGLE_UNIT ( ) SI_UNIT ( $, .RADIAN. ) );
#2137 = EDGE_CURVE ( 'NONE', #4296, #4122, #3677, .T. ) ;
#2138 = CARTESIAN_POINT ( 'NONE',  ( 10.12808114992069619, 4.241920426271637901, 4.241920426271637901 ) ) ;
#2139 = CARTESIAN_POINT ( 'NONE',  ( 9.753081151969086093, -2.148559955790363407, 5.187082584840807087 ) ) ;
#2140 = DIRECTION ( 'NONE',  ( -1.000000000000000000, -0.0000000000000000000, -0.0000000000000000000 ) ) ;
#2141 = ORIENTED_EDGE ( 'NONE', *, *, #5250, .T. ) ;
#2142 = FACE_BOUND ( 'NONE', #5325, .T. ) ;
#2143 = LINE ( 'NONE', #4272, #509 ) ;
#2144 = ORIENTED_EDGE ( 'NONE', *, *, #5006, .T. ) ;
#2145 = EDGE_CURVE ( 'NONE', #3651, #4231, #709, .T. ) ;
#2146 = PLANE ( 'NONE',  #4913 ) ;
#2147 = LINE ( 'NONE', #2, #4697 ) ;
#2148 = EDGE_LOOP ( 'NONE', ( #5435, #4419 ) ) ;
#2149 = CARTESIAN_POINT ( 'NONE',  ( 1.512306037783867296, 7.070052012334011593, 0.0000000000000000000 ) ) ;
#2150 = CARTESIAN_POINT ( 'NONE',  ( -5.519661803323828941, 0.3594327388860832362, 0.4506716720556348532 ) ) ;
#2151 = LINE ( 'NONE', #5057, #4825 ) ;
#2152 = CARTESIAN_POINT ( 'NONE',  ( 5.346831151969085205, -5.669459105745300591E-15, 5.187082584840810640 ) ) ;
#2153 = EDGE_CURVE ( 'NONE', #1057, #330, #2883, .T. ) ;
#2154 = DIRECTION ( 'NONE',  ( 0.0000000000000000000, -1.000000000000000000, 0.0000000000000000000 ) ) ;
#2155 = CARTESIAN_POINT ( 'NONE',  ( 5.815581151969085205, -5.187082584840807087, -2.148559955790362519 ) ) ;
#2156 = DIRECTION ( 'NONE',  ( 0.0000000000000000000, 0.0000000000000000000, 1.000000000000000000 ) ) ;
#2157 = CARTESIAN_POINT ( 'NONE',  ( 2.721831154017475107, 5.998981397340810595, -2.484859455202464762 ) ) ;
#2158 = DIRECTION ( 'NONE',  ( -1.000000000000000000, -0.0000000000000000000, -0.0000000000000000000 ) ) ;
#2159 = CARTESIAN_POINT ( 'NONE',  ( -5.519661803323828941, 2.113893546485134056, 4.121490903010486484 ) ) ;
#2160 = CARTESIAN_POINT ( 'NONE',  ( -5.619661803323829474, 0.6376042823617330546, -3.144939927285519854 ) ) ;
#2161 = CARTESIAN_POINT ( 'NONE',  ( 5.534331151969086093, -5.187082584840810640, -6.622310718411043223E-15 ) ) ;
#2162 = VECTOR ( 'NONE', #187, 1000.000000000000000 ) ;
#2163 = CARTESIAN_POINT ( 'NONE',  ( -5.519661803323828941, 0.2678738640052120701, -1.240024752472179026 ) ) ;
#2164 = CARTESIAN_POINT ( 'NONE',  ( 8.721831151969086093, -3.667821270315577920, -3.667821270315587245 ) ) ;
#2165 = CARTESIAN_POINT ( 'NONE',  ( -5.619661803323829474, 0.3046836022590236337, -0.3161646216979667745 ) ) ;
#2166 = ORIENTED_EDGE ( 'NONE', *, *, #5229, .F. ) ;
#2167 = CARTESIAN_POINT ( 'NONE',  ( 4.409331149920694415, -2.484859455202480749, 5.998981397340795496 ) ) ;
#2168 = VERTEX_POINT ( 'NONE', #1629 ) ;
#2169 = B_SPLINE_CURVE_WITH_KNOTS ( 'NONE', 3,
 ( #4458, #1962, #1094, #2821, #4509, #2351, #4488, #3592, #2850, #702, #2403, #1490, #286, #730, #3670, #1149, #4536, #2430, #314, #2018, #3700, #5401, #1598, #3288, #1040, #2738, #4432, #621, #209, #4176, #1654, #4596, #3840, #5005, #3373, #762, #1209, #366, #3813, #5484, #2542, #3346 ),
 .UNSPECIFIED., .F., .F.,
 ( 4, 2, 2, 2, 2, 2, 2, 2, 2, 2, 2, 2, 2, 2, 2, 2, 2, 2, 2, 2, 4 ),
 ( 2.619345576747816528E-17, 0.001122592463743041311, 0.001683888695614549390, 0.002245184927486057469, 0.003367777391229074060, 0.004490369854972090652, 0.005612962318715105509, 0.006174258550586613804, 0.006735554782458122967, 0.007858147246201138691, 0.008980739709944155283, 0.009542035941815662711, 0.01010333217368717014, 0.01122592463743018500, 0.01234851710117320159, 0.01347110956491621991, 0.01403240579678772734, 0.01459370202865923477, 0.01571629449240225310, 0.01683888695614527142, 0.01796147941988828628 ),
 .UNSPECIFIED. ) ;
#2170 = CARTESIAN_POINT ( 'NONE',  ( -5.519661803323828941, -0.7894806127375767479, 0.6712963663838882322 ) ) ;
#2171 = CARTESIAN_POINT ( 'NONE',  ( -5.519661803323828941, 0.2863953785477003078, -1.235015887235658472 ) ) ;
#2172 = ORIENTED_EDGE ( 'NONE', *, *, #3936, .T. ) ;
#2173 = CARTESIAN_POINT ( 'NONE',  ( -5.619661803323829474, -0.2004933423060529518, 3.938455804857458720 ) ) ;
#2174 = CARTESIAN_POINT ( 'NONE',  ( 4.878081154017475995, -4.241920426271638789, 4.241920426271637012 ) ) ;
#2175 = EDGE_CURVE ( 'NONE', #4668, #217, #1720, .T. ) ;
#2176 = DIRECTION ( 'NONE',  ( -1.000000000000000000, -0.0000000000000000000, -0.0000000000000000000 ) ) ;
#2177 = CARTESIAN_POINT ( 'NONE',  ( 3.471831151969084761, 5.187082584840810640, 5.987076309967214276E-15 ) ) ;
#2178 = ORIENTED_EDGE ( 'NONE', *, *, #325, .T. ) ;
#2179 = CARTESIAN_POINT ( 'NONE',  ( -5.519661803323828941, -1.159211031094126598, -1.526582323692980747 ) ) ;
#2180 = CONICAL_SURFACE ( 'NONE', #2528, 4.818834368373729582, 0.8473270703494337752 ) ;
#2181 = CARTESIAN_POINT ( 'NONE',  ( 3.003081151969084317, -2.148559955790347864, -5.187082584840813304 ) ) ;
#2182 = ADVANCED_FACE ( 'NONE', ( #4096 ), #1426, .F. ) ;
#2183 = CARTESIAN_POINT ( 'NONE',  ( -5.519661803323828941, -0.4637826167685011880, 0.8125968457457942717 ) ) ;
#2184 = EDGE_CURVE ( 'NONE', #4586, #2196, #3296, .T. ) ;
#2185 = VECTOR ( 'NONE', #4624, 1000.000000000000114 ) ;
#2186 = AXIS2_PLACEMENT_3D ( 'NONE', #2575, #3022, #959 ) ;
#2187 = CARTESIAN_POINT ( 'NONE',  ( 1.690581154017475995, 0.0000000000000000000, 5.998981397340809707 ) ) ;
#2188 = EDGE_CURVE ( 'NONE', #2620, #5414, #4956, .T. ) ;
#2189 = CARTESIAN_POINT ( 'NONE',  ( 3.940581149920694415, 5.998981397340809707, 3.673316683198969520E-16 ) ) ;
#2190 = LINE ( 'NONE', #16, #4944 ) ;
#2191 = CARTESIAN_POINT ( 'NONE',  ( -5.519661803323828941, 0.3594327388860832362, 0.4506716720556348532 ) ) ;
#2192 = AXIS2_PLACEMENT_3D ( 'NONE', #942, #468, #1338 ) ;
#2193 = CARTESIAN_POINT ( 'NONE',  ( 3.378081151969085205, 5.187082584840807975, 2.148559955790359854 ) ) ;
#2194 = CARTESIAN_POINT ( 'NONE',  ( 9.753081149920696191, 4.241920426271637901, -4.241920426271637012 ) ) ;
#2195 = FACE_OUTER_BOUND ( 'NONE', #4251, .T. ) ;
#2196 = VERTEX_POINT ( 'NONE', #3788 ) ;
#2197 = CARTESIAN_POINT ( 'NONE',  ( -5.519661803323828941, 0.6376042823617330546, -1.672425975356006678 ) ) ;
#2198 = ORIENTED_EDGE ( 'NONE', *, *, #1295, .F. ) ;
#2199 = CARTESIAN_POINT ( 'NONE',  ( 0.0000000000000000000, 0.0000000000000000000, 5.998981397340809707 ) ) ;
#2200 = DIRECTION ( 'NONE',  ( 0.0000000000000000000, 0.0000000000000000000, 1.000000000000000000 ) ) ;
#2201 = VERTEX_POINT ( 'NONE', #4154 ) ;
#2202 = DIRECTION ( 'NONE',  ( 0.0000000000000000000, 1.000000000000000000, 0.0000000000000000000 ) ) ;
#2203 = CARTESIAN_POINT ( 'NONE',  ( 4.690581154017475995, 0.0000000000000000000, 5.998981397340809707 ) ) ;
#2204 = CARTESIAN_POINT ( 'NONE',  ( 8.815581149920696191, 5.998981397340808819, -1.085858625741484250E-07 ) ) ;
#2205 = CARTESIAN_POINT ( 'NONE',  ( 1.784331151969084983, 3.667821270315586357, -3.667821270315577920 ) ) ;
#2206 = ORIENTED_EDGE ( 'NONE', *, *, #848, .F. ) ;
#2207 = DIRECTION ( 'NONE',  ( 0.0000000000000000000, -0.9659239901761212943, -0.2588258974721048822 ) ) ;
#2208 = EDGE_CURVE ( 'NONE', #217, #1413, #2052, .T. ) ;
#2209 = AXIS2_PLACEMENT_3D ( 'NONE', #3097, #1038, #2349 ) ;
#2210 = CARTESIAN_POINT ( 'NONE',  ( 0.9405811519690842060, -2.148559955790363407, 5.187082584840807087 ) ) ;
#2211 = AXIS2_PLACEMENT_3D ( 'NONE', #736, #4899, #1548 ) ;
#2212 = CARTESIAN_POINT ( 'NONE',  ( -5.519661803323828941, 1.479317601293971274, -3.027091175365248077 ) ) ;
#2213 = VECTOR ( 'NONE', #3304, 1000.000000000000000 ) ;
#2214 = EDGE_CURVE ( 'NONE', #4903, #2524, #825, .T. ) ;
#2215 = CARTESIAN_POINT ( 'NONE',  ( 4.784331154017475995, -2.484859455202468759, 5.998981397340808819 ) ) ;
#2216 = DIRECTION ( 'NONE',  ( -1.000000000000000000, -0.0000000000000000000, -0.0000000000000000000 ) ) ;
#2217 = CARTESIAN_POINT ( 'NONE',  ( -5.519661803323828941, 0.6376042823617330546, 0.2379602027213579829 ) ) ;
#2218 = ADVANCED_FACE ( 'NONE', ( #4981, #5043 ), #4629, .F. ) ;
#2219 = CARTESIAN_POINT ( 'NONE',  ( 10.87808114992069441, -4.241920426271637012, -4.241920426271638789 ) ) ;
#2220 = CARTESIAN_POINT ( 'NONE',  ( -0.9526455239024034238, 0.0000000000000000000, -1.939569530566509714 ) ) ;
#2221 = PLANE ( 'NONE',  #854 ) ;
#2222 = ORIENTED_EDGE ( 'NONE', *, *, #3256, .F. ) ;
#2223 = CARTESIAN_POINT ( 'NONE',  ( -5.519661803323828941, -0.8262907953548989104, -1.561295999374009424 ) ) ;
#2224 = EDGE_LOOP ( 'NONE', ( #1359, #800, #2070, #5301 ) ) ;
#2225 = DIRECTION ( 'NONE',  ( 0.0000000000000000000, -0.2585716092343993133, 0.9659920925649098100 ) ) ;
#2226 = LINE ( 'NONE', #3056, #1681 ) ;
#2227 = VERTEX_POINT ( 'NONE', #4209 ) ;
#2228 = CARTESIAN_POINT ( 'NONE',  ( 1.459023686784834517, 0.0000000000000000000, 0.0000000000000000000 ) ) ;
#2229 = ORIENTED_EDGE ( 'NONE', *, *, #4851, .F. ) ;
#2230 = DIRECTION ( 'NONE',  ( 0.0000000000000000000, 0.0000000000000000000, 1.000000000000000000 ) ) ;
#2231 = CARTESIAN_POINT ( 'NONE',  ( 3.003081151969084317, -2.148559955790347864, -5.187082584840813304 ) ) ;
#2232 = ORIENTED_EDGE ( 'NONE', *, *, #3390, .T. ) ;
#2233 = CARTESIAN_POINT ( 'NONE',  ( -5.619661803323829474, -0.5146871204975557168, 0.7449185090724820268 ) ) ;
#2234 = VERTEX_POINT ( 'NONE', #2410 ) ;
#2235 = CARTESIAN_POINT ( 'NONE',  ( 4.971831151969085205, 5.187082584840810640, 5.987076309967215065E-15 ) ) ;
#2236 = DIRECTION ( 'NONE',  ( 0.0000000000000000000, 0.0000000000000000000, 1.000000000000000000 ) ) ;
#2237 =( BOUNDED_SURFACE ( )  B_SPLINE_SURFACE ( 1, 2, ( 
 ( #2428, #4117, #311, #2016, #2129, #4700, #5061, #3750, #3811, #5032, #5426, #894, #3839, #2099, #4146, #787, #837, #11, #2069, #1236, #420, #4174, #3781, #5452, #3344, #813, #1651, #3014, #364, #2540, #1620, #2932, #4621, #2987, #4647, #1707, #4201, #4230, #2567, #2510, #5482, #2958, #2485, #392, #1682, #3393, #4594, #3371, #339, #1261, #1206, #37, #5087, #1291, #4674, #868, #2044, #4258, #448, #2155, #1736, #3425, #1317, #3315, #5114, #3724, #2906, #5003, #2235, #3529, #5143, #4753, #2596, #94, #950, #474, #4802, #4315, #1452, #978, #2675, #3926, #1788, #175, #554, #4285, #1762, #3980, #67, #2181, #920, #1817, #4778, #120, #504, #1004, #5202, #584, #4366, #2622, #1343, #2702, #3068, #3505, #3145, #3041, #4726, #2651, #1421, #4344, #1395, #2210, #2260 ),
 ( #3555, #3899, #3477, #4832, #3093, #3874, #3951, #5228, #3119, #5170, #1870, #1369, #149, #1844, #529, #4397, #2289, #5252, #3451, #640, #229, #3200, #2344, #5390, #1061, #4915, #2317, #2760, #1930, #5361, #1536, #4083, #1085, #3226, #4939, #1511, #2372, #5337, #3175, #4034, #4452, #4504, #1484, #4887, #2732, #3612, #3582, #2422, #5311, #2786, #1115, #4478, #4426, #281, #4059, #669, #4861, #258, #3691, #4006, #3663, #1980, #5282, #1958, #3638, #1562, #2814, #695, #1035, #2397, #3252, #616, #1140, #2844, #1590, #4527, #721, #4111, #305, #2010, #3279, #203, #1899, #864, #2449, #2870, #3309, #4196, #1676, #4616, #1199, #1702, #2094, #2983, #1256, #4996, #2038, #3389, #5446, #2505, #3834, #5420, #1614, #1645, #3806, #3338, #808, #2900, #3366, #386, #358, #5056, #4588 ) ),
 .UNSPECIFIED., .F., .F., .T. ) 
 B_SPLINE_SURFACE_WITH_KNOTS ( ( 2, 2 ),
 ( 3, 2, 2, 2, 2, 2, 2, 2, 2, 2, 2, 2, 2, 2, 2, 2, 2, 2, 2, 2, 2, 2, 2, 2, 2, 2, 2, 2, 2, 2, 2, 2, 2, 2, 2, 2, 2, 2, 2, 2, 2, 2, 2, 2, 2, 2, 2, 2, 2, 2, 2, 2, 2, 2, 2, 2, 3 ),
 ( 0.0000000000000000000, 1.000000000000000000 ),
 ( 0.0000000000000000000, 0.01785714285714285615, 0.03571428571428571230, 0.05357142857142856845, 0.07142857142857142461, 0.08928571428571428770, 0.1071428571428571369, 0.1250000000000000000, 0.1428571428571428492, 0.1607142857142857262, 0.1785714285714285754, 0.1964285714285714246, 0.2142857142857142738, 0.2321428571428571508, 0.2500000000000000000, 0.2678571428571428492, 0.2857142857142856984, 0.3035714285714285476, 0.3214285714285714524, 0.3392857142857143016, 0.3571428571428571508, 0.3750000000000000000, 0.3928571428571428492, 0.4107142857142856984, 0.4285714285714285476, 0.4464285714285714524, 0.4642857142857143016, 0.4821428571428571508, 0.5000000000000000000, 0.5178571428571429047, 0.5357142857142856984, 0.5535714285714286031, 0.5714285714285713969, 0.5892857142857143016, 0.6071428571428570953, 0.6250000000000000000, 0.6428571428571429047, 0.6607142857142856984, 0.6785714285714286031, 0.6964285714285713969, 0.7142857142857143016, 0.7321428571428570953, 0.7500000000000000000, 0.7678571428571429047, 0.7857142857142856984, 0.8035714285714286031, 0.8214285714285713969, 0.8392857142857143016, 0.8571428571428570953, 0.8750000000000000000, 0.8928571428571429047, 0.9107142857142856984, 0.9285714285714286031, 0.9464285714285713969, 0.9642857142857143016, 0.9821428571428570953, 1.000000000000000000 ),
 .UNSPECIFIED. ) 
 GEOMETRIC_REPRESENTATION_ITEM ( )  RATIONAL_B_SPLINE_SURFACE ( (
 ( 1.000000000000000000, 0.9238795325112867385, 1.000000000000000000, 0.9238795325112867385, 1.000000000000000000, 0.9238795325112867385, 1.000000000000000000, 0.9238795325112867385, 1.000000000000000000, 0.9238795325112867385, 1.000000000000000000, 0.9238795325112867385, 1.000000000000000000, 0.9238795325112867385, 1.000000000000000000, 0.9238795325112867385, 1.000000000000000000, 0.9238795325112867385, 1.000000000000000000, 0.9238795325112867385, 1.000000000000000000, 0.9238795325112867385, 1.000000000000000000, 0.9238795325112867385, 1.000000000000000000, 0.9238795325112867385, 1.000000000000000000, 0.9238795325112867385, 1.000000000000000000, 0.9238795325112867385, 1.000000000000000000, 0.9238795325112867385, 1.000000000000000000, 0.9238795325112867385, 1.000000000000000000, 0.9238795325112867385, 1.000000000000000000, 0.9238795325112867385, 1.000000000000000000, 0.9238795325112867385, 1.000000000000000000, 0.9238795325112867385, 1.000000000000000000, 0.9238795325112867385, 1.000000000000000000, 0.9238795325112867385, 1.000000000000000000, 0.9238795325112867385, 1.000000000000000000, 0.9238795325112867385, 1.000000000000000000, 0.9238795325112867385, 1.000000000000000000, 0.9238795325112867385, 1.000000000000000000, 0.9238795325112867385, 1.000000000000000000, 0.9238795325112867385, 1.000000000000000000, 0.9238795325112867385, 1.000000000000000000, 0.9238795325112867385, 1.000000000000000000, 0.9238795325112867385, 1.000000000000000000, 0.9238795325112867385, 1.000000000000000000, 0.9238795325112867385, 1.000000000000000000, 0.9238795325112867385, 1.000000000000000000, 0.9238795325112867385, 1.000000000000000000, 0.9238795325112867385, 1.000000000000000000, 0.9238795325112867385, 1.000000000000000000, 0.9238795325112867385, 1.000000000000000000, 0.9238795325112867385, 1.000000000000000000, 0.9238795325112867385, 1.000000000000000000, 0.9238795325112867385, 1.000000000000000000, 0.9238795325112867385, 1.000000000000000000, 0.9238795325112867385, 1.000000000000000000, 0.9238795325112867385, 1.000000000000000000, 0.9238795325112867385, 1.000000000000000000, 0.9238795325112867385, 1.000000000000000000, 0.9238795325112867385, 1.000000000000000000, 0.9238795325112867385, 1.000000000000000000, 0.9238795325112867385, 1.000000000000000000, 0.9238795325112867385, 1.000000000000000000, 0.9238795325112867385, 1.000000000000000000, 0.9238795325112867385, 1.000000000000000000, 0.9238795325112867385, 1.000000000000000000, 0.9238795325112867385, 1.000000000000000000, 0.9238795325112867385, 1.000000000000000000),
 ( 1.000000000000000000, 0.9238795325112867385, 1.000000000000000000, 0.9238795325112867385, 1.000000000000000000, 0.9238795325112867385, 1.000000000000000000, 0.9238795325112867385, 1.000000000000000000, 0.9238795325112867385, 1.000000000000000000, 0.9238795325112867385, 1.000000000000000000, 0.9238795325112867385, 1.000000000000000000, 0.9238795325112867385, 1.000000000000000000, 0.9238795325112867385, 1.000000000000000000, 0.9238795325112867385, 1.000000000000000000, 0.9238795325112867385, 1.000000000000000000, 0.9238795325112867385, 1.000000000000000000, 0.9238795325112867385, 1.000000000000000000, 0.9238795325112867385, 1.000000000000000000, 0.9238795325112867385, 1.000000000000000000, 0.9238795325112867385, 1.000000000000000000, 0.9238795325112867385, 1.000000000000000000, 0.9238795325112867385, 1.000000000000000000, 0.9238795325112867385, 1.000000000000000000, 0.9238795325112867385, 1.000000000000000000, 0.9238795325112867385, 1.000000000000000000, 0.9238795325112867385, 1.000000000000000000, 0.9238795325112867385, 1.000000000000000000, 0.9238795325112867385, 1.000000000000000000, 0.9238795325112867385, 1.000000000000000000, 0.9238795325112867385, 1.000000000000000000, 0.9238795325112867385, 1.000000000000000000, 0.9238795325112867385, 1.000000000000000000, 0.9238795325112867385, 1.000000000000000000, 0.9238795325112867385, 1.000000000000000000, 0.9238795325112867385, 1.000000000000000000, 0.9238795325112867385, 1.000000000000000000, 0.9238795325112867385, 1.000000000000000000, 0.9238795325112867385, 1.000000000000000000, 0.9238795325112867385, 1.000000000000000000, 0.9238795325112867385, 1.000000000000000000, 0.9238795325112867385, 1.000000000000000000, 0.9238795325112867385, 1.000000000000000000, 0.9238795325112867385, 1.000000000000000000, 0.9238795325112867385, 1.000000000000000000, 0.9238795325112867385, 1.000000000000000000, 0.9238795325112867385, 1.000000000000000000, 0.9238795325112867385, 1.000000000000000000, 0.9238795325112867385, 1.000000000000000000, 0.9238795325112867385, 1.000000000000000000, 0.9238795325112867385, 1.000000000000000000, 0.9238795325112867385, 1.000000000000000000, 0.9238795325112867385, 1.000000000000000000, 0.9238795325112867385, 1.000000000000000000, 0.9238795325112867385, 1.000000000000000000, 0.9238795325112867385, 1.000000000000000000, 0.9238795325112867385, 1.000000000000000000, 0.9238795325112867385, 1.000000000000000000, 0.9238795325112867385, 1.000000000000000000, 0.9238795325112867385, 1.000000000000000000, 0.9238795325112867385, 1.000000000000000000) ) ) 
 REPRESENTATION_ITEM ( '' )  SURFACE ( )  );
#2238 = CARTESIAN_POINT ( 'NONE',  ( -5.519661803323828941, -1.159211031094126598, -2.115427933609108635 ) ) ;
#2239 = CARTESIAN_POINT ( 'NONE',  ( 0.4220016690503198831, 7.070052012334008040, 14.14010402466802141 ) ) ;
#2240 = EDGE_CURVE ( 'NONE', #5469, #2720, #4287, .T. ) ;
#2241 = CARTESIAN_POINT ( 'NONE',  ( -5.519661803323828941, 0.2538955217638021455, -2.980927141325950380 ) ) ;
#2242 = CARTESIAN_POINT ( 'NONE',  ( 6.565581149920694415, 7.346633366397939041E-16, -5.998981397340809707 ) ) ;
#2243 = CARTESIAN_POINT ( 'NONE',  ( 8.065581151969086093, 2.148559955790348308, 5.187082584840812416 ) ) ;
#2244 = CARTESIAN_POINT ( 'NONE',  ( -5.619661803323829474, 0.6376042823617330546, -0.5218800322775110079 ) ) ;
#2245 = ORIENTED_EDGE ( 'NONE', *, *, #2762, .F. ) ;
#2246 = ADVANCED_FACE ( 'NONE', ( #1689, #319 ), #2024, .F. ) ;
#2247 = EDGE_CURVE ( 'NONE', #2196, #2530, #2135, .T. ) ;
#2248 = CARTESIAN_POINT ( 'NONE',  ( -5.619661803323829474, -1.159211031094126598, 0.5147382222986783828 ) ) ;
#2249 = ORIENTED_EDGE ( 'NONE', *, *, #4979, .F. ) ;
#2250 = FACE_OUTER_BOUND ( 'NONE', #4068, .T. ) ;
#2251 = AXIS2_PLACEMENT_3D ( 'NONE', #4790, #4815, #2802 ) ;
#2252 = ORIENTED_EDGE ( 'NONE', *, *, #3362, .T. ) ;
#2253 = CARTESIAN_POINT ( 'NONE',  ( -5.619661803323829474, 0.3046836022590236337, 1.599233976523829703 ) ) ;
#2254 = ORIENTED_EDGE ( 'NONE', *, *, #177, .T. ) ;
#2255 = DIRECTION ( 'NONE',  ( 0.0000000000000000000, 0.0000000000000000000, 1.000000000000000000 ) ) ;
#2256 = DIRECTION ( 'NONE',  ( 0.0000000000000000000, 0.0000000000000000000, 1.000000000000000000 ) ) ;
#2257 = EDGE_LOOP ( 'NONE', ( #4383, #278, #5226, #4159 ) ) ;
#2258 = CARTESIAN_POINT ( 'NONE',  ( -5.619661803323829474, 0.6376042823617330546, 0.7868522027061963797 ) ) ;
#2259 = ORIENTED_EDGE ( 'NONE', *, *, #2681, .F. ) ;
#2260 = CARTESIAN_POINT ( 'NONE',  ( 0.8468311519690842060, -5.669459105745301380E-15, 5.187082584840810640 ) ) ;
#2261 = CARTESIAN_POINT ( 'NONE',  ( -5.519661803323828941, -0.5146871204975557168, 0.7449185090724820268 ) ) ;
#2262 = VECTOR ( 'NONE', #469, 1000.000000000000000 ) ;
#2263 =( GEOMETRIC_REPRESENTATION_CONTEXT ( 3 ) GLOBAL_UNCERTAINTY_ASSIGNED_CONTEXT ( ( #515 ) ) GLOBAL_UNIT_ASSIGNED_CONTEXT ( ( #3940, #572, #162 ) ) REPRESENTATION_CONTEXT ( 'NONE', 'WORKASPACE' ) );
#2264 = CARTESIAN_POINT ( 'NONE',  ( 9.857916077054870385, 0.0000000000000000000, 3.389253054512366692 ) ) ;
#2265 = AXIS2_PLACEMENT_3D ( 'NONE', #3376, #2133, #2572 ) ;
#2266 = CARTESIAN_POINT ( 'NONE',  ( -5.619661803323829474, 0.3046836022590236337, -1.267514855292576126 ) ) ;
#2267 = CARTESIAN_POINT ( 'NONE',  ( -5.519661803323828941, -0.8262907953548989104, -2.888901240419198047 ) ) ;
#2268 = MECHANICAL_DESIGN_GEOMETRIC_PRESENTATION_REPRESENTATION (  '', ( #3774 ), #3507 ) ;
#2269 = EDGE_CURVE ( 'NONE', #1607, #3790, #3880, .T. ) ;
#2270 = CARTESIAN_POINT ( 'NONE',  ( 3.846831149920694859, 5.998981397340810595, -2.484859455202464762 ) ) ;
#2271 = CARTESIAN_POINT ( 'NONE',  ( 6.940581151969086982, -5.187082584840811528, 2.148559955790349640 ) ) ;
#2272 = CARTESIAN_POINT ( 'NONE',  ( -5.519661803323828941, -1.159211031094126598, -1.526582323692980747 ) ) ;
#2273 = ORIENTED_EDGE ( 'NONE', *, *, #2716, .F. ) ;
#2274 = DIRECTION ( 'NONE',  ( -1.000000000000000000, -0.0000000000000000000, -0.0000000000000000000 ) ) ;
#2275 = CARTESIAN_POINT ( 'NONE',  ( -5.519661803323828941, -0.1434427557374629292, -2.885524077910556429 ) ) ;
#2276 = ORIENTED_EDGE ( 'NONE', *, *, #954, .F. ) ;
#2277 = EDGE_CURVE ( 'NONE', #1810, #3701, #1745, .T. ) ;
#2278 = CARTESIAN_POINT ( 'NONE',  ( 9.857916077054870385, 0.0000000000000000000, 0.0000000000000000000 ) ) ;
#2279 = VERTEX_POINT ( 'NONE', #3402 ) ;
#2280 = LINE ( 'NONE', #2643, #3016 ) ;
#2281 = CARTESIAN_POINT ( 'NONE',  ( -5.619661803323829474, -0.8810394876184768354, 0.3020338627802104936 ) ) ;
#2282 = CARTESIAN_POINT ( 'NONE',  ( -5.519661803323828941, -1.159211031094126598, -1.526582323692980747 ) ) ;
#2283 = CARTESIAN_POINT ( 'NONE',  ( -5.519661803323828941, -1.159211031094126598, -2.657210117786304782 ) ) ;
#2284 = ORIENTED_EDGE ( 'NONE', *, *, #3906, .T. ) ;
#2285 = CARTESIAN_POINT ( 'NONE',  ( 9.286484145271563406, 4.255558976272757477, 3.438601608514846752 ) ) ;
#2286 = EDGE_CURVE ( 'NONE', #393, #2007, #428, .T. ) ;
#2287 = LINE ( 'NONE', #2733, #2739 ) ;
#2288 = EDGE_LOOP ( 'NONE', ( #5022, #3971, #3690, #997 ) ) ;
#2289 = CARTESIAN_POINT ( 'NONE',  ( 9.659331151969086093, -5.669459105745301380E-15, 5.187082584840810640 ) ) ;
#2290 = FACE_OUTER_BOUND ( 'NONE', #2257, .T. ) ;
#2291 = CARTESIAN_POINT ( 'NONE',  ( 2.909331151969084317, 6.304693514189128749E-15, -5.187082584840810640 ) ) ;
#2292 = DIRECTION ( 'NONE',  ( 0.0000000000000000000, 0.0000000000000000000, 1.000000000000000000 ) ) ;
#2293 = CARTESIAN_POINT ( 'NONE',  ( 0.4220016690503198831, 5.095037542935742181, 10.19007508587148969 ) ) ;
#2294 = AXIS2_PLACEMENT_3D ( 'NONE', #4, #4252, #1701 ) ;
#2295 = CARTESIAN_POINT ( 'NONE',  ( -5.619661803323829474, 0.6376042823617330546, -0.9442635246883085420 ) ) ;
#2296 = AXIS2_PLACEMENT_3D ( 'NONE', #3457, #181, #3560 ) ;
#2297 = CARTESIAN_POINT ( 'NONE',  ( 6.846831149920696191, 5.998981397340810595, -2.484859455202464762 ) ) ;
#2298 = CARTESIAN_POINT ( 'NONE',  ( 5.159331151969085205, -5.669459105745301380E-15, 5.187082584840810640 ) ) ;
#2299 = LINE ( 'NONE', #4562, #2686 ) ;
#2300 = EDGE_LOOP ( 'NONE', ( #2880, #4821, #2810, #2367 ) ) ;
#2301 = CARTESIAN_POINT ( 'NONE',  ( -5.519661803323828941, 0.6376042823617330546, -1.672425975356006678 ) ) ;
#2302 = VECTOR ( 'NONE', #3008, 999.9999999999998863 ) ;
#2303 = EDGE_CURVE ( 'NONE', #466, #1697, #4681, .T. ) ;
#2304 = CARTESIAN_POINT ( 'NONE',  ( 2.492805465815127963, 5.851270651821511848, 1.323030447409795807 ) ) ;
#2305 = EDGE_LOOP ( 'NONE', ( #3738, #2166, #4599, #5418 ) ) ;
#2306 = CARTESIAN_POINT ( 'NONE',  ( -5.619661803323829474, 1.930822899253078262, 3.938455804857458720 ) ) ;
#2307 = CARTESIAN_POINT ( 'NONE',  ( -5.619661803323829474, -1.159211031094126598, -1.526582323692980747 ) ) ;
#2308 = ORIENTED_EDGE ( 'NONE', *, *, #2175, .F. ) ;
#2309 = CARTESIAN_POINT ( 'NONE',  ( -5.519661803323828941, -0.8262907953548989104, -2.888901240419198047 ) ) ;
#2310 = CARTESIAN_POINT ( 'NONE',  ( -5.619661803323829474, 0.3046836022590236337, 0.9925676132857181866 ) ) ;
#2311 = CARTESIAN_POINT ( 'NONE',  ( -5.519661803323828941, -0.4637826167685011880, -0.01865793413329725273 ) ) ;
#2312 = ADVANCED_FACE ( 'NONE', ( #2574 ), #4885, .F. ) ;
#2313 = CARTESIAN_POINT ( 'NONE',  ( 0.4220016690503199386, -5.095037542935743957, -6.239621418491854095E-16 ) ) ;
#2314 = ORIENTED_EDGE ( 'NONE', *, *, #542, .T. ) ;
#2315 = CARTESIAN_POINT ( 'NONE',  ( 1.787875908728443930, 5.186450471978243826, 0.08097680949191894684 ) ) ;
#2316 = ORIENTED_EDGE ( 'NONE', *, *, #1555, .F. ) ;
#2317 = CARTESIAN_POINT ( 'NONE',  ( 8.721831151969086093, -3.667821270315577920, -3.667821270315587245 ) ) ;
#2318 = DIRECTION ( 'NONE',  ( 0.0000000000000000000, -0.9659277982239368177, -0.2588116856292571044 ) ) ;
#2319 = CARTESIAN_POINT ( 'NONE',  ( -5.519661803323828941, -0.7755022704961843649, -2.821222903745839172 ) ) ;
#2320 = EDGE_CURVE ( 'NONE', #661, #1110, #3021, .T. ) ;
#2321 = CARTESIAN_POINT ( 'NONE',  ( 7.409331151969086093, 6.304693514189128749E-15, -5.187082584840810640 ) ) ;
#2322 = FACE_OUTER_BOUND ( 'NONE', #4469, .T. ) ;
#2323 = EDGE_LOOP ( 'NONE', ( #5073, #3381, #86, #1354 ) ) ;
#2324 = CYLINDRICAL_SURFACE ( 'NONE', #4658, 5.998981397340809707 ) ;
#2325 = CARTESIAN_POINT ( 'NONE',  ( 5.159331149920695303, 2.484859455202465650, -5.998981397340810595 ) ) ;
#2326 = VECTOR ( 'NONE', #948, 1000.000000000000114 ) ;
#2327 = CARTESIAN_POINT ( 'NONE',  ( 4.878081151969085205, 5.187082584840807975, 2.148559955790359854 ) ) ;
#2328 = CARTESIAN_POINT ( 'NONE',  ( -5.519661803323828941, -0.2238187790798542576, 0.2943410420762554436 ) ) ;
#2329 = EDGE_LOOP ( 'NONE', ( #3247, #3236, #403, #4579 ) ) ;
#2330 = CARTESIAN_POINT ( 'NONE',  ( 8.628081154017475995, 4.241920426271637901, -4.241920426271637012 ) ) ;
#2331 = CARTESIAN_POINT ( 'NONE',  ( -5.519661803323828941, 0.3046836022590236337, -0.2901889096445826599 ) ) ;
#2332 = ORIENTED_EDGE ( 'NONE', *, *, #4776, .F. ) ;
#2333 = CARTESIAN_POINT ( 'NONE',  ( -5.519661803323828941, -0.8262907953548989104, -3.232888348826577829 ) ) ;
#2334 = CARTESIAN_POINT ( 'NONE',  ( -5.519661803323828941, -2.113893546485134056, 4.121490903010486484 ) ) ;
#2335 = EDGE_LOOP ( 'NONE', ( #1217, #2685, #1917, #4396 ) ) ;
#2336 = CARTESIAN_POINT ( 'NONE',  ( 2.382262036079261680, 5.877190987269676370, 0.3867257311003697295 ) ) ;
#2337 = CARTESIAN_POINT ( 'NONE',  ( -5.519661803323828941, 0.2538955217638021455, -0.3578672463179419228 ) ) ;
#2338 = DIRECTION ( 'NONE',  ( 0.0000000000000000000, -0.0000000000000000000, -1.000000000000000000 ) ) ;
#2339 = ORIENTED_EDGE ( 'NONE', *, *, #980, .F. ) ;
#2340 = FACE_OUTER_BOUND ( 'NONE', #4746, .T. ) ;
#2341 = VECTOR ( 'NONE', #3351, 1000.000000000000000 ) ;
#2342 = ADVANCED_FACE ( 'NONE', ( #2601 ), #2968, .F. ) ;
#2343 = ORIENTED_EDGE ( 'NONE', *, *, #749, .F. ) ;
#2344 = CARTESIAN_POINT ( 'NONE',  ( 9.096831151969086093, 3.667821270315586357, -3.667821270315577920 ) ) ;
#2345 = DIRECTION ( 'NONE',  ( 0.0000000000000000000, 0.9659920063596649786, 0.2585719312864969699 ) ) ;
#2346 = CARTESIAN_POINT ( 'NONE',  ( 2.089459834186092824, -2.868609414249640110, 4.747841367674720203 ) ) ;
#2347 = CARTESIAN_POINT ( 'NONE',  ( -5.519661803323828941, -0.7894806127375767479, 0.6712963663838882322 ) ) ;
#2348 = EDGE_CURVE ( 'NONE', #2959, #5008, #2548, .T. ) ;
#2349 = DIRECTION ( 'NONE',  ( 0.0000000000000000000, 0.0000000000000000000, 1.000000000000000000 ) ) ;
#2350 = ORIENTED_EDGE ( 'NONE', *, *, #4316, .T. ) ;
#2351 = CARTESIAN_POINT ( 'NONE',  ( 8.860654719460265838, -1.839513202972966388, 5.659479996832051718 ) ) ;
#2352 = EDGE_CURVE ( 'NONE', #214, #4042, #1772, .T. ) ;
#2353 = AXIS2_PLACEMENT_3D ( 'NONE', #1240, #15, #4703 ) ;
#2354 = CARTESIAN_POINT ( 'NONE',  ( 5.909331149920695303, -2.484859455202468759, 5.998981397340808819 ) ) ;
#2355 = CARTESIAN_POINT ( 'NONE',  ( 5.909331151969085205, 6.304693514189128749E-15, -5.187082584840810640 ) ) ;
#2356 = VERTEX_POINT ( 'NONE', #50 ) ;
#2357 = CARTESIAN_POINT ( 'NONE',  ( -5.619661803323829474, -1.027347499126436858, -3.668901358140721047 ) ) ;
#2358 = AXIS2_PLACEMENT_3D ( 'NONE', #2597, #4727, #95 ) ;
#2359 = AXIS2_PLACEMENT_3D ( 'NONE', #1811, #549, #3498 ) ;
#2360 = CARTESIAN_POINT ( 'NONE',  ( -5.519661803323828941, 0.2888415995490326016, -0.3485498327019522780 ) ) ;
#2361 = ORIENTED_EDGE ( 'NONE', *, *, #3098, .F. ) ;
#2362 = CARTESIAN_POINT ( 'NONE',  ( 8.253081151969086093, -2.148559955790363407, 5.187082584840807087 ) ) ;
#2363 = CARTESIAN_POINT ( 'NONE',  ( 9.454768893854774703, 5.062750267968945117, -1.496270755232937733 ) ) ;
#2364 = ORIENTED_EDGE ( 'NONE', *, *, #4213, .T. ) ;
#2365 = CARTESIAN_POINT ( 'NONE',  ( -5.519661803323828941, -0.8810394876184768354, -3.629644510158597015 ) ) ;
#2366 = CARTESIAN_POINT ( 'NONE',  ( -5.519661803323828941, 0.6376042823617330546, -2.973938192386992974 ) ) ;
#2367 = ORIENTED_EDGE ( 'NONE', *, *, #4688, .T. ) ;
#2368 = B_SPLINE_SURFACE_WITH_KNOTS ( 'NONE', 3, 1, ( 
 ( #4369, #3903 ),
 ( #1374, #3878 ),
 ( #180, #559 ),
 ( #1877, #2266 ) ),
 .UNSPECIFIED., .F., .F., .F.,
 ( 4, 4 ),
 ( 2, 2 ),
 ( 2.000000000000000000, 3.000000000000000000 ),
 ( 0.0000000000000000000, 1.000000000000000000 ),
 .UNSPECIFIED. ) ;
#2369 = CARTESIAN_POINT ( 'NONE',  ( 2.815581149920694859, 0.0000000000000000000, 5.998981397340809707 ) ) ;
#2370 = VECTOR ( 'NONE', #1606, 1000.000000000000000 ) ;
#2371 = VERTEX_POINT ( 'NONE', #2220 ) ;
#2372 = CARTESIAN_POINT ( 'NONE',  ( 7.784331151969086093, 5.187082584840810640, 5.987076309967215065E-15 ) ) ;
#2373 = DIRECTION ( 'NONE',  ( 0.0000000000000000000, -0.2588116856292571599, 0.9659277982239369287 ) ) ;
#2374 = CARTESIAN_POINT ( 'NONE',  ( 2.425861834681187990, -1.477933612105671424, -5.746619033559353440 ) ) ;
#2375 = EDGE_CURVE ( 'NONE', #3974, #1476, #4761, .T. ) ;
#2376 = DIRECTION ( 'NONE',  ( -1.000000000000000000, -0.0000000000000000000, -0.0000000000000000000 ) ) ;
#2377 = CARTESIAN_POINT ( 'NONE',  ( 0.9668813965247646802, -7.070052012334010705, -14.14010402466802141 ) ) ;
#2378 = VERTEX_POINT ( 'NONE', #5127 ) ;
#2379 = CARTESIAN_POINT ( 'NONE',  ( -5.519661803323828941, -1.542127935956492557, 1.214671149301984832 ) ) ;
#2380 = EDGE_CURVE ( 'NONE', #472, #788, #538, .T. ) ;
#2381 = ORIENTED_EDGE ( 'NONE', *, *, #3976, .F. ) ;
#2382 = CARTESIAN_POINT ( 'NONE',  ( 6.003081154017475995, 4.241920426271637901, 4.241920426271637901 ) ) ;
#2383 =( BOUNDED_CURVE ( )  B_SPLINE_CURVE ( 2, ( #2644, #1757, #2590, #2616, #4308, #4279, #2174, #60, #2203 ),
 .UNSPECIFIED., .F., .T. ) 
 B_SPLINE_CURVE_WITH_KNOTS ( ( 3, 2, 2, 2, 3 ),
 ( 0.5000000000000000000, 0.5178571428571429047, 0.5357142857142856984, 0.5535714285714286031, 0.5714285714285713969 ),
 .UNSPECIFIED. ) 
 CURVE ( )  GEOMETRIC_REPRESENTATION_ITEM ( )  RATIONAL_B_SPLINE_CURVE ( ( 1.000000000000000000, 0.9238795325112867385, 1.000000000000000000, 0.9238795325112867385, 1.000000000000000000, 0.9238795325112867385, 1.000000000000000000, 0.9238795325112867385, 1.000000000000000000 ) ) 
 REPRESENTATION_ITEM ( '' )  );
#2384 = ORIENTED_EDGE ( 'NONE', *, *, #2957, .F. ) ;
#2385 = VECTOR ( 'NONE', #3123, 1000.000000000000000 ) ;
#2386 = VECTOR ( 'NONE', #3322, 999.9999999999998863 ) ;
#2387 = CARTESIAN_POINT ( 'NONE',  ( 5.815581149920695303, 0.0000000000000000000, 5.998981397340809707 ) ) ;
#2388 = ADVANCED_FACE ( 'NONE', ( #3077 ), #3461, .F. ) ;
#2389 = CARTESIAN_POINT ( 'NONE',  ( -5.519661803323828941, 0.3046836022590236337, 1.018546880246989694 ) ) ;
#2390 = ORIENTED_EDGE ( 'NONE', *, *, #647, .T. ) ;
#2391 = AXIS2_PLACEMENT_3D ( 'NONE', #3967, #2692, #631 ) ;
#2392 = CARTESIAN_POINT ( 'NONE',  ( 4.596831151969086093, 6.304693514189127961E-15, -5.187082584840810640 ) ) ;
#2393 = VERTEX_POINT ( 'NONE', #4325 ) ;
#2394 = DIRECTION ( 'NONE',  ( -1.000000000000000000, -0.0000000000000000000, -0.0000000000000000000 ) ) ;
#2395 = ORIENTED_EDGE ( 'NONE', *, *, #1952, .F. ) ;
#2396 = CARTESIAN_POINT ( 'NONE',  ( -5.519661803323828941, -1.159211031094126598, 0.2206051423347873408 ) ) ;
#2397 = CARTESIAN_POINT ( 'NONE',  ( 4.690581151969084317, 5.187082584840812416, -2.148559955790347864 ) ) ;
#2398 = CARTESIAN_POINT ( 'NONE',  ( -5.519661803323828941, -0.9191307701716237011, -2.515095564514379323 ) ) ;
#2399 = CARTESIAN_POINT ( 'NONE',  ( 2.049616625954514326, -1.480417594012136684, 5.298249783699709781 ) ) ;
#2400 = CARTESIAN_POINT ( 'NONE',  ( -5.619661803323829474, -0.8104483482814262008, -2.830540317361817326 ) ) ;
#2401 = DIRECTION ( 'NONE',  ( 0.0000000000000000000, 0.9659265600413341479, 0.2588163066862571027 ) ) ;
#2402 = ORIENTED_EDGE ( 'NONE', *, *, #4748, .F. ) ;
#2403 = CARTESIAN_POINT ( 'NONE',  ( 8.916601170635708229, -3.780838428355528524, 4.524888060071149631 ) ) ;
#2404 = ORIENTED_EDGE ( 'NONE', *, *, #4242, .F. ) ;
#2405 = CARTESIAN_POINT ( 'NONE',  ( 9.096831154017475995, 2.484859455202464762, 5.998981397340810595 ) ) ;
#2406 = ADVANCED_FACE ( 'NONE', ( #3883 ), #3339, .F. ) ;
#2407 = DIRECTION ( 'NONE',  ( 0.0000000000000000000, -1.000000000000000000, 0.0000000000000000000 ) ) ;
#2408 = B_SPLINE_SURFACE_WITH_KNOTS ( 'NONE', 3, 1, ( 
 ( #2311, #716 ),
 ( #3219, #4908 ),
 ( #634, #2417 ),
 ( #4078, #299 ) ),
 .UNSPECIFIED., .F., .F., .F.,
 ( 4, 4 ),
 ( 2, 2 ),
 ( 3.000000000000000000, 4.000000000000000000 ),
 ( 0.0000000000000000000, 1.000000000000000000 ),
 .UNSPECIFIED. ) ;
#2409 = CARTESIAN_POINT ( 'NONE',  ( 7.315581154017476884, 5.998981397340809707, 3.673316683198969520E-16 ) ) ;
#2410 = CARTESIAN_POINT ( 'NONE',  ( -5.619661803323829474, 0.6803316091850086789, 2.657949538630267394 ) ) ;
#2411 = CARTESIAN_POINT ( 'NONE',  ( 1.835292353282332423, 4.940415705085483999, 1.784858067434702322 ) ) ;
#2412 = VERTEX_POINT ( 'NONE', #2629 ) ;
#2413 = CARTESIAN_POINT ( 'NONE',  ( 3.003081151969084317, -2.148559955790347864, -5.187082584840814192 ) ) ;
#2414 = DIRECTION ( 'NONE',  ( 0.0000000000000000000, 0.9271989369965797367, -0.3745692609283526875 ) ) ;
#2415 = EDGE_CURVE ( 'NONE', #1905, #1380, #1190, .T. ) ;
#2416 = ORIENTED_EDGE ( 'NONE', *, *, #3810, .T. ) ;
#2417 = CARTESIAN_POINT ( 'NONE',  ( -5.619661803323829474, -0.3393741710386526944, 0.2633564647863967934 ) ) ;
#2418 = VERTEX_POINT ( 'NONE', #2598 ) ;
#2419 = CARTESIAN_POINT ( 'NONE',  ( 5.815581154017475995, 5.998981397340809707, 3.673316683198969520E-16 ) ) ;
#2420 = EDGE_CURVE ( 'NONE', #3682, #459, #4040, .T. ) ;
#2421 = ORIENTED_EDGE ( 'NONE', *, *, #1301, .F. ) ;
#2422 = CARTESIAN_POINT ( 'NONE',  ( 6.753081151969085205, -2.148559955790363407, 5.187082584840807087 ) ) ;
#2423 = DIRECTION ( 'NONE',  ( -1.000000000000000000, -0.0000000000000000000, -0.0000000000000000000 ) ) ;
#2424 = CARTESIAN_POINT ( 'NONE',  ( -5.519661803323828941, -1.159211031094126598, -0.7364507184454957001 ) ) ;
#2425 = CARTESIAN_POINT ( 'NONE',  ( 8.346831151969086093, -5.669459105745300591E-15, 5.187082584840810640 ) ) ;
#2426 = DIRECTION ( 'NONE',  ( 0.0000000000000000000, 0.0000000000000000000, -1.000000000000000000 ) ) ;
#2427 = CARTESIAN_POINT ( 'NONE',  ( 7.971831154017475995, -5.998981397340808819, 2.484859455202466094 ) ) ;
#2428 = CARTESIAN_POINT ( 'NONE',  ( 11.34683115196908609, -5.669459105745301380E-15, 5.187082584840810640 ) ) ;
#2429 = VERTEX_POINT ( 'NONE', #3877 ) ;
#2430 = CARTESIAN_POINT ( 'NONE',  ( 8.990339058141506356, -5.438426559513379388, 2.053420562621600887 ) ) ;
#2431 = ORIENTED_EDGE ( 'NONE', *, *, #4890, .T. ) ;
#2432 = CARTESIAN_POINT ( 'NONE',  ( 6.284331154017476884, -2.484859455202468759, 5.998981397340808819 ) ) ;
#2433 = CARTESIAN_POINT ( 'NONE',  ( -5.519661803323828941, 1.679317601293971229, 3.938455804857458720 ) ) ;
#2434 = CARTESIAN_POINT ( 'NONE',  ( -5.619661803323829474, 0.3975240214392646854, -3.287054480557444425 ) ) ;
#2435 = CARTESIAN_POINT ( 'NONE',  ( 1.923502307245487319, 3.045284102130862536, 4.393897259478904083 ) ) ;
#2436 = ORIENTED_EDGE ( 'NONE', *, *, #2716, .T. ) ;
#2437 = EDGE_CURVE ( 'NONE', #3828, #1057, #1454, .T. ) ;
#2438 = CARTESIAN_POINT ( 'NONE',  ( 6.753081151969085205, 2.148559955790348752, 5.187082584840813304 ) ) ;
#2439 = CARTESIAN_POINT ( 'NONE',  ( -5.619661803323829474, 0.3046836022590236337, -2.913248804652626145 ) ) ;
#2440 = ORIENTED_EDGE ( 'NONE', *, *, #1050, .T. ) ;
#2441 = VECTOR ( 'NONE', #2512, 1000.000000000000000 ) ;
#2442 = DIRECTION ( 'NONE',  ( -0.0000000000000000000, -0.9659239901761280667, -0.2588258974720788474 ) ) ;
#2443 = CARTESIAN_POINT ( 'NONE',  ( 2.721831154017475107, 5.998981397340809707, -2.484859455202464762 ) ) ;
#2444 = ORIENTED_EDGE ( 'NONE', *, *, #3836, .F. ) ;
#2445 = EDGE_CURVE ( 'NONE', #4305, #2833, #1904, .T. ) ;
#2446 = CARTESIAN_POINT ( 'NONE',  ( -5.619661803323829474, -1.159211031094126598, -2.657210117786304782 ) ) ;
#2447 = TOROIDAL_SURFACE ( 'NONE', #3594, 7.507123992640686083, 0.9340800000000000214 ) ;
#2448 = ORIENTED_EDGE ( 'NONE', *, *, #3064, .F. ) ;
#2449 = CARTESIAN_POINT ( 'NONE',  ( 3.284331151969084761, 5.187082584840810640, 5.987076309967215065E-15 ) ) ;
#2450 = DIRECTION ( 'NONE',  ( -1.000000000000000000, -0.0000000000000000000, -0.0000000000000000000 ) ) ;
#2451 = LINE ( 'NONE', #1286, #750 ) ;
#2452 = CARTESIAN_POINT ( 'NONE',  ( 6.284331151969085205, 3.667821270315586357, -3.667821270315577920 ) ) ;
#2453 = ADVANCED_FACE ( 'NONE', ( #2657 ), #4330, .T. ) ;
#2454 = LINE ( 'NONE', #2566, #2609 ) ;
#2455 = CARTESIAN_POINT ( 'NONE',  ( 0.0000000000000000000, 7.346633366397939041E-16, -5.998981397340809707 ) ) ;
#2456 = ORIENTED_EDGE ( 'NONE', *, *, #984, .T. ) ;
#2457 = LINE ( 'NONE', #4203, #309 ) ;
#2458 = ORIENTED_EDGE ( 'NONE', *, *, #5089, .F. ) ;
#2459 = CARTESIAN_POINT ( 'NONE',  ( 5.815581154017475995, 5.998981397340809707, 3.673316683198969520E-16 ) ) ;
#2460 = CARTESIAN_POINT ( 'NONE',  ( -5.519661803323828941, 0.3046836022590236337, 0.9925676132857181866 ) ) ;
#2461 = CARTESIAN_POINT ( 'NONE',  ( 0.02024695280851037185, 0.0000000000000000000, 8.573554286785633138 ) ) ;
#2462 = CARTESIAN_POINT ( 'NONE',  ( -5.619661803323829474, -1.159211031094126598, 0.2206051423347873408 ) ) ;
#2463 = CARTESIAN_POINT ( 'NONE',  ( 0.9668813965247647912, 0.0000000000000000000, 0.0000000000000000000 ) ) ;
#2464 = VERTEX_POINT ( 'NONE', #4347 ) ;
#2465 = CARTESIAN_POINT ( 'NONE',  ( 1.787875908728452590, 3.724633550134710092, -3.610115047913255992 ) ) ;
#2466 = VECTOR ( 'NONE', #452, 1000.000000000000000 ) ;
#2467 = LINE ( 'NONE', #4216, #5277 ) ;
#2468 = ORIENTED_EDGE ( 'NONE', *, *, #1301, .T. ) ;
#2469 = EDGE_CURVE ( 'NONE', #4946, #197, #1457, .T. ) ;
#2470 = DIRECTION ( 'NONE',  ( 0.0000000000000000000, 0.0000000000000000000, -1.000000000000000000 ) ) ;
#2471 = B_SPLINE_CURVE_WITH_KNOTS ( 'NONE', 3,
 ( #2119, #493, #57, #111 ),
 .UNSPECIFIED., .F., .F.,
 ( 4, 4 ),
 ( 5.000000000000000000, 6.000000000000000000 ),
 .UNSPECIFIED. ) ;
#2472 = DIRECTION ( 'NONE',  ( -1.000000000000000000, -0.0000000000000000000, -0.0000000000000000000 ) ) ;
#2473 = ORIENTED_EDGE ( 'NONE', *, *, #2896, .F. ) ;
#2474 = VECTOR ( 'NONE', #4421, 1000.000000000000114 ) ;
#2475 = CARTESIAN_POINT ( 'NONE',  ( -5.519661803323828941, -0.8810394876184768354, -3.629644510158597015 ) ) ;
#2476 = ORIENTED_EDGE ( 'NONE', *, *, #4100, .T. ) ;
#2477 = CARTESIAN_POINT ( 'NONE',  ( 1.954793059423414192, -6.628118418756895558, -13.25623683751379112 ) ) ;
#2478 = CARTESIAN_POINT ( 'NONE',  ( 0.9668813965247647912, 5.095037542935743957, 0.0000000000000000000 ) ) ;
#2479 = EDGE_CURVE ( 'NONE', #806, #843, #3617, .T. ) ;
#2480 = CARTESIAN_POINT ( 'NONE',  ( -5.519661803323828941, 0.6376042823617330546, -1.672425975356006678 ) ) ;
#2481 = DIRECTION ( 'NONE',  ( -0.0000000000000000000, 1.000000000000000000, 0.0000000000000000000 ) ) ;
#2482 = CARTESIAN_POINT ( 'NONE',  ( 7.596831151969086093, 6.304693514189127961E-15, -5.187082584840810640 ) ) ;
#2483 = AXIS2_PLACEMENT_3D ( 'NONE', #3919, #113, #1727 ) ;
#2484 = FACE_OUTER_BOUND ( 'NONE', #3887, .T. ) ;
#2485 = CARTESIAN_POINT ( 'NONE',  ( 7.409331151969086093, -3.667821270315577920, -3.667821270315587245 ) ) ;
#2486 = ORIENTED_EDGE ( 'NONE', *, *, #5154, .F. ) ;
#2487 = ADVANCED_FACE ( 'NONE', ( #3955 ), #1820, .F. ) ;
#2488 = LINE ( 'NONE', #422, #756 ) ;
#2489 = ORIENTED_EDGE ( 'NONE', *, *, #1704, .T. ) ;
#2490 = CARTESIAN_POINT ( 'NONE',  ( 7.034331154017475995, 2.484859455202465650, -5.998981397340810595 ) ) ;
#2491 = DIRECTION ( 'NONE',  ( 0.0000000000000000000, 0.0000000000000000000, 1.000000000000000000 ) ) ;
#2492 = FACE_OUTER_BOUND ( 'NONE', #5404, .T. ) ;
#2493 = CARTESIAN_POINT ( 'NONE',  ( -5.619661803323829474, 0.5131958366318902787, -3.256069903267517329 ) ) ;
#2494 = CARTESIAN_POINT ( 'NONE',  ( 6.940581154017475995, 7.346633366397939041E-16, -5.998981397340809707 ) ) ;
#2495 = VERTEX_POINT ( 'NONE', #2707 ) ;
#2496 = CARTESIAN_POINT ( 'NONE',  ( 5.065581151969085205, 5.187082584840807975, 2.148559955790359854 ) ) ;
#2497 = CARTESIAN_POINT ( 'NONE',  ( 1.954793059423414414, -6.628118418756897334, -8.117104005900251190E-16 ) ) ;
#2498 = ORIENTED_EDGE ( 'NONE', *, *, #872, .T. ) ;
#2499 = CARTESIAN_POINT ( 'NONE',  ( 2.461438760289023531, 9.825086632993295911E-16, -5.962854963554218735 ) ) ;
#2500 = CARTESIAN_POINT ( 'NONE',  ( -5.519661803323828941, -0.4637826167685011880, 0.8125968457457942717 ) ) ;
#2501 = ORIENTED_EDGE ( 'NONE', *, *, #566, .T. ) ;
#2502 = PLANE ( 'NONE',  #128 ) ;
#2503 = EDGE_LOOP ( 'NONE', ( #4076, #4002, #3287, #1034 ) ) ;
#2504 = CARTESIAN_POINT ( 'NONE',  ( -5.619661803323829474, -0.8810394876184768354, -2.328132293127599173 ) ) ;
#2505 = CARTESIAN_POINT ( 'NONE',  ( 1.878081151969085205, 5.187082584840807975, 2.148559955790359854 ) ) ;
#2506 = DIRECTION ( 'NONE',  ( 0.0000000000000000000, 0.0000000000000000000, 1.000000000000000000 ) ) ;
#2507 = CARTESIAN_POINT ( 'NONE',  ( 9.096831151969086093, 6.304693514189127961E-15, -5.187082584840810640 ) ) ;
#2508 = DIRECTION ( 'NONE',  ( 0.0000000000000000000, 0.0000000000000000000, -1.000000000000000000 ) ) ;
#2509 = EDGE_CURVE ( 'NONE', #5015, #4118, #533, .T. ) ;
#2510 = CARTESIAN_POINT ( 'NONE',  ( 7.690581151969086982, 2.148559955790360299, -5.187082584840807975 ) ) ;
#2511 = ORIENTED_EDGE ( 'NONE', *, *, #3018, .F. ) ;
#2512 = DIRECTION ( 'NONE',  ( -1.000000000000000000, -0.0000000000000000000, -0.0000000000000000000 ) ) ;
#2513 = EDGE_CURVE ( 'NONE', #3166, #935, #200, .T. ) ;
#2514 = VECTOR ( 'NONE', #1018, 1000.000000000000000 ) ;
#2515 = CARTESIAN_POINT ( 'NONE',  ( 5.065581154017475995, -5.998981397340809707, -1.101995004959690659E-15 ) ) ;
#2516 = CARTESIAN_POINT ( 'NONE',  ( -5.619661803323829474, 0.3975240214392646854, -1.985428506473515542 ) ) ;
#2517 = FACE_OUTER_BOUND ( 'NONE', #3673, .T. ) ;
#2518 = DIRECTION ( 'NONE',  ( -0.0000000000000000000, 0.0000000000000000000, 1.000000000000000000 ) ) ;
#2519 = CARTESIAN_POINT ( 'NONE',  ( 1.797042494190053574, 5.191580767817707276, 0.4286681812894026500 ) ) ;
#2520 = ORIENTED_EDGE ( 'NONE', *, *, #1431, .T. ) ;
#2521 = ADVANCED_FACE ( 'NONE', ( #4456 ), #557, .T. ) ;
#2522 = CARTESIAN_POINT ( 'NONE',  ( 9.471831149920696191, -2.484859455202463430, -5.998981397340811483 ) ) ;
#2523 = CARTESIAN_POINT ( 'NONE',  ( -5.519661803323828941, 0.3046836022590236337, 1.018546880246989694 ) ) ;
#2524 = VERTEX_POINT ( 'NONE', #2264 ) ;
#2525 = B_SPLINE_CURVE_WITH_KNOTS ( 'NONE', 3,
 ( #4582, #2006, #277, #5472 ),
 .UNSPECIFIED., .F., .F.,
 ( 4, 4 ),
 ( 4.000000000000000000, 5.000000000000000000 ),
 .UNSPECIFIED. ) ;
#2526 = CARTESIAN_POINT ( 'NONE',  ( 2.492805465815127075, 1.323030348122933963, -5.851270674271256134 ) ) ;
#2527 = VECTOR ( 'NONE', #1783, 1000.000000000000000 ) ;
#2528 = AXIS2_PLACEMENT_3D ( 'NONE', #1167, #4057, #2868 ) ;
#2529 = DIRECTION ( 'NONE',  ( 0.9991954193015203378, 0.0000000000000000000, -0.04010628438111437516 ) ) ;
#2530 = VERTEX_POINT ( 'NONE', #3533 ) ;
#2531 = SURFACE_SIDE_STYLE ('',( #829 ) ) ;
#2532 = VECTOR ( 'NONE', #2908, 1000.000000000000000 ) ;
#2533 = ORIENTED_EDGE ( 'NONE', *, *, #5255, .T. ) ;
#2534 = AXIS2_PLACEMENT_3D ( 'NONE', #4027, #195, #1974 ) ;
#2535 = DIRECTION ( 'NONE',  ( 0.0000000000000000000, -0.9659265600413408093, -0.2588163066862322892 ) ) ;
#2536 = DIRECTION ( 'NONE',  ( -1.000000000000000000, -0.0000000000000000000, -0.0000000000000000000 ) ) ;
#2537 = DIRECTION ( 'NONE',  ( -0.0000000000000000000, 1.000000000000000000, 0.0000000000000000000 ) ) ;
#2538 = CARTESIAN_POINT ( 'NONE',  ( 0.8468311519690842060, -5.669459105745300591E-15, 5.187082584840810640 ) ) ;
#2539 = CARTESIAN_POINT ( 'NONE',  ( 1.954793059423414414, -6.082404292049763406, -7.448796947378865107E-16 ) ) ;
#2540 = CARTESIAN_POINT ( 'NONE',  ( 8.628081151969086093, -5.187082584840811528, 2.148559955790349640 ) ) ;
#2541 = ORIENTED_EDGE ( 'NONE', *, *, #2793, .F. ) ;
#2542 = CARTESIAN_POINT ( 'NONE',  ( 9.259745332767218784, -0.3754840174916539985, -5.496092136782594118 ) ) ;
#2543 = EDGE_CURVE ( 'NONE', #5273, #964, #4041, .T. ) ;
#2544 = CARTESIAN_POINT ( 'NONE',  ( 0.6593311540174752183, -5.998981397340808819, -2.484859455202467871 ) ) ;
#2545 = DIRECTION ( 'NONE',  ( 0.0000000000000000000, 0.9658993164360788475, 0.2589179609612195510 ) ) ;
#2546 = EDGE_CURVE ( 'NONE', #4964, #406, #4807, .T. ) ;
#2547 = CARTESIAN_POINT ( 'NONE',  ( -5.619661803323829474, -0.4637826167685011880, 1.393283942022635058 ) ) ;
#2548 = LINE ( 'NONE', #852, #4018 ) ;
#2549 = CARTESIAN_POINT ( 'NONE',  ( 10.69058114992069441, -5.998981397340809707, -1.101995004959690659E-15 ) ) ;
#2550 = CARTESIAN_POINT ( 'NONE',  ( 10.69058115196908609, 5.187082584840812416, -2.148559955790347864 ) ) ;
#2551 = CARTESIAN_POINT ( 'NONE',  ( -5.619661803323829474, 0.2888415995490326016, -0.3485498327019522780 ) ) ;
#2552 = ORIENTED_EDGE ( 'NONE', *, *, #4164, .F. ) ;
#2553 = ADVANCED_FACE ( 'NONE', ( #237 ), #4401, .F. ) ;
#2554 = CARTESIAN_POINT ( 'NONE',  ( 4.971831149920695303, -2.484859455202451439, -5.998981397340823918 ) ) ;
#2555 = CARTESIAN_POINT ( 'NONE',  ( -5.619661803323829474, 0.3975240214392646854, -3.287054480557445313 ) ) ;
#2556 = ORIENTED_EDGE ( 'NONE', *, *, #106, .T. ) ;
#2557 = CARTESIAN_POINT ( 'NONE',  ( -5.519661803323828941, -0.8262907953548989104, 1.326302367298428875 ) ) ;
#2558 = CARTESIAN_POINT ( 'NONE',  ( -5.619661803323829474, -0.7894806127375767479, -1.958869789523899119 ) ) ;
#2559 = ORIENTED_EDGE ( 'NONE', *, *, #1488, .T. ) ;
#2560 = CARTESIAN_POINT ( 'NONE',  ( -4.723044281438539826, 1.033657307612773592E-15, -8.440452449901849619 ) ) ;
#2561 = CARTESIAN_POINT ( 'NONE',  ( -5.519661803323828941, -0.8810394876184768354, -2.328132293127599173 ) ) ;
#2562 = VECTOR ( 'NONE', #3559, 1000.000000000000000 ) ;
#2563 = AXIS2_PLACEMENT_3D ( 'NONE', #5051, #5075, #3360 ) ;
#2564 = PLANE ( 'NONE',  #4653 ) ;
#2565 = CARTESIAN_POINT ( 'NONE',  ( 1.503081151969085205, -2.148559955790347864, -5.187082584840813304 ) ) ;
#2566 = CARTESIAN_POINT ( 'NONE',  ( -5.519661803323828941, 0.3046836022590236337, -0.2901889096445826599 ) ) ;
#2567 = CARTESIAN_POINT ( 'NONE',  ( 7.784331151969086093, 3.667821270315586357, -3.667821270315577920 ) ) ;
#2568 = DIRECTION ( 'NONE',  ( -0.0000000000000000000, -0.9659239901761280667, -0.2588258974720788474 ) ) ;
#2569 = VECTOR ( 'NONE', #1335, 1000.000000000000000 ) ;
#2570 = B_SPLINE_CURVE_WITH_KNOTS ( 'NONE', 3,
 ( #4145, #1650, #2593, #2931 ),
 .UNSPECIFIED., .F., .F.,
 ( 4, 4 ),
 ( 12.00000000000000000, 13.00000000000000000 ),
 .UNSPECIFIED. ) ;
#2571 = CARTESIAN_POINT ( 'NONE',  ( 0.9405811540174752183, 7.346633366397939041E-16, -5.998981397340809707 ) ) ;
#2572 = DIRECTION ( 'NONE',  ( 0.0000000000000000000, 0.0000000000000000000, -1.000000000000000000 ) ) ;
#2573 = DIRECTION ( 'NONE',  ( 0.0000000000000000000, 0.0000000000000000000, -1.000000000000000000 ) ) ;
#2574 = FACE_OUTER_BOUND ( 'NONE', #4356, .T. ) ;
#2575 = CARTESIAN_POINT ( 'NONE',  ( 0.0000000000000000000, 0.0000000000000000000, 0.0000000000000000000 ) ) ;
#2576 = CARTESIAN_POINT ( 'NONE',  ( 5.721831151969086093, -3.667821270315577920, -3.667821270315587245 ) ) ;
#2577 = EDGE_CURVE ( 'NONE', #3896, #4769, #1934, .T. ) ;
#2578 = CARTESIAN_POINT ( 'NONE',  ( 10.59683114992069441, -5.998981397340809707, 2.484859455202466538 ) ) ;
#2579 = CARTESIAN_POINT ( 'NONE',  ( 7.690581151969086982, 5.187082584840812416, -2.148559955790347864 ) ) ;
#2580 = DIRECTION ( 'NONE',  ( 0.0000000000000000000, 0.0000000000000000000, 1.000000000000000000 ) ) ;
#2581 = EDGE_LOOP ( 'NONE', ( #1988, #4711 ) ) ;
#2582 = LINE ( 'NONE', #4712, #2962 ) ;
#2583 = CARTESIAN_POINT ( 'NONE',  ( -5.619661803323829474, 0.5057407503940546389, 0.4898112080769400634 ) ) ;
#2584 = ORIENTED_EDGE ( 'NONE', *, *, #805, .T. ) ;
#2585 = PLANE ( 'NONE',  #303 ) ;
#2586 = EDGE_CURVE ( 'NONE', #4005, #971, #5256, .T. ) ;
#2587 = CARTESIAN_POINT ( 'NONE',  ( -5.519661803323828941, -0.8262907953548989104, -1.951411592741663759 ) ) ;
#2588 = ORIENTED_EDGE ( 'NONE', *, *, #3631, .F. ) ;
#2589 = DIRECTION ( 'NONE',  ( -1.000000000000000000, -0.0000000000000000000, -0.0000000000000000000 ) ) ;
#2590 = CARTESIAN_POINT ( 'NONE',  ( 5.253081154017476884, -4.241920426271637012, -4.241920426271638789 ) ) ;
#2591 = LINE ( 'NONE', #3011, #836 ) ;
#2592 = CARTESIAN_POINT ( 'NONE',  ( 0.9405811519690842060, -2.148559955790363407, 5.187082584840807087 ) ) ;
#2593 = CARTESIAN_POINT ( 'NONE',  ( -5.619661803323829474, -0.8080021272800940180, -3.265387316883495927 ) ) ;
#2594 = ADVANCED_FACE ( 'NONE', ( #2322 ), #2626, .F. ) ;
#2595 =( BOUNDED_CURVE ( )  B_SPLINE_CURVE ( 2, ( #138, #4052, #164, #4358, #3544, #250, #1950, #5243, #1833, #1024, #2722, #4415, #1051, #1501, #5298, #5328, #3192, #3572, #3519, #5218, #3995, #1409, #5269, #1475, #2750, #1605, #712, #4984, #4960, #2806, #4157, #2438, #296, #1553, #2887, #2837, #349, #5381, #2055, #5351, #3242, #1665, #5017, #3736, #5436, #1105, #4497, #322, #3270, #2496, #1579, #272, #1160, #688, #2392, #4075, #4607, #1972, #2861, #3356, #3653, #4931, #1132, #2028, #3300, #742, #4519, #3327, #3709, #798, #4577, #2413, #4101, #1219, #4545, #4129, #5466, #1999, #3680, #5412, #1633, #1185, #2916, #770, #2465 ),
 .UNSPECIFIED., .F., .T. ) 
 B_SPLINE_CURVE_WITH_KNOTS ( ( 3, 2, 2, 2, 2, 2, 2, 2, 2, 2, 2, 2, 2, 2, 2, 2, 2, 2, 2, 2, 2, 2, 2, 2, 2, 2, 2, 2, 2, 2, 2, 2, 2, 2, 2, 2, 2, 2, 2, 2, 2, 2, 3 ),
 ( 0.1726716680331009390, 0.1785714285714285754, 0.1964285714285714246, 0.2142857142857142738, 0.2321428571428571508, 0.2500000000000000000, 0.2678571428571428492, 0.2857142857142856984, 0.3035714285714285476, 0.3214285714285714524, 0.3392857142857143016, 0.3571428571428571508, 0.3750000000000000000, 0.3928571428571427937, 0.4107142857142856984, 0.4285714285714286031, 0.4464285714285715079, 0.4642857142857143016, 0.4821428571428572063, 0.5000000000000000000, 0.5178571428571429047, 0.5357142857142856984, 0.5535714285714286031, 0.5714285714285713969, 0.5892857142857141906, 0.6071428571428569843, 0.6250000000000000000, 0.6428571428571429047, 0.6607142857142856984, 0.6785714285714286031, 0.6964285714285713969, 0.7142857142857143016, 0.7321428571428570953, 0.7500000000000000000, 0.7678571428571429047, 0.7857142857142856984, 0.8035714285714286031, 0.8214285714285713969, 0.8392857142857143016, 0.8571428571428570953, 0.8750000000000000000, 0.8928571428571429047, 0.9103505947931368469 ),
 .UNSPECIFIED. ) 
 CURVE ( )  GEOMETRIC_REPRESENTATION_ITEM ( )  RATIONAL_B_SPLINE_CURVE ( ( 0.9663195413817808888, 0.9748508183060580201, 1.000000000000000000, 0.9238795325112867385, 1.000000000000000000, 0.9238795325112867385, 1.000000000000000000, 0.9238795325112867385, 1.000000000000000000, 0.9238795325112867385, 1.000000000000000000, 0.9238795325112867385, 1.000000000000000000, 0.9238795325112867385, 1.000000000000000000, 0.9238795325112867385, 1.000000000000000000, 0.9238795325112867385, 1.000000000000000000, 0.9238795325112867385, 1.000000000000000000, 0.9238795325112867385, 1.000000000000000000, 0.9238795325112867385, 1.000000000000000000, 0.9238795325112867385, 1.000000000000000000, 0.9238795325112867385, 1.000000000000000000, 0.9238795325112867385, 1.000000000000000000, 0.9238795325112867385, 1.000000000000000000, 0.9238795325112867385, 1.000000000000000000, 0.9238795325112867385, 1.000000000000000000, 0.9238795325112867385, 1.000000000000000000, 0.9238795325112867385, 1.000000000000000000, 0.9238795325112867385, 1.000000000000000000, 0.9238795325112867385, 1.000000000000000000, 0.9238795325112867385, 1.000000000000000000, 0.9238795325112867385, 1.000000000000000000, 0.9238795325112867385, 1.000000000000000000, 0.9238795325112867385, 1.000000000000000000, 0.9238795325112867385, 1.000000000000000000, 0.9238795325112867385, 1.000000000000000000, 0.9238795325112867385, 1.000000000000000000, 0.9238795325112867385, 1.000000000000000000, 0.9238795325112867385, 1.000000000000000000, 0.9238795325112867385, 1.000000000000000000, 0.9238795325112867385, 1.000000000000000000, 0.9238795325112867385, 1.000000000000000000, 0.9238795325112867385, 1.000000000000000000, 0.9238795325112867385, 1.000000000000000000, 0.9238795325112867385, 1.000000000000000000, 0.9238795325112867385, 1.000000000000000000, 0.9238795325112867385, 1.000000000000000000, 0.9238795325112867385, 1.000000000000000000, 0.9238795325112867385, 1.000000000000000000, 0.9254298545958847821, 0.9969625056943106634 ) ) 
 REPRESENTATION_ITEM ( '' )  );
#2596 = CARTESIAN_POINT ( 'NONE',  ( 4.596831151969086093, 6.304693514189128749E-15, -5.187082584840810640 ) ) ;
#2597 = CARTESIAN_POINT ( 'NONE',  ( -0.9526455239024034238, 0.0000000000000000000, 0.0000000000000000000 ) ) ;
#2598 = CARTESIAN_POINT ( 'NONE',  ( 8.440581154017475995, 7.346633366397939041E-16, -5.998981397340809707 ) ) ;
#2599 = CARTESIAN_POINT ( 'NONE',  ( 0.9668813965247647912, 5.095037542935743957, 1.247924283698370819E-15 ) ) ;
#2600 = CARTESIAN_POINT ( 'NONE',  ( -5.619661803323829474, 0.3046836022590236337, 0.07395097166969916147 ) ) ;
#2601 = FACE_OUTER_BOUND ( 'NONE', #1521, .T. ) ;
#2602 = CARTESIAN_POINT ( 'NONE',  ( 6.659331151969086093, -5.669459105745301380E-15, 5.187082584840810640 ) ) ;
#2603 = VECTOR ( 'NONE', #965, 1000.000000000000000 ) ;
#2604 = CARTESIAN_POINT ( 'NONE',  ( 9.378081149920696191, -4.241920426271637012, -4.241920426271638789 ) ) ;
#2605 = CARTESIAN_POINT ( 'NONE',  ( 7.784331151969086093, 5.187082584840810640, 5.987076309967215065E-15 ) ) ;
#2606 = LINE ( 'NONE', #3884, #4492 ) ;
#2607 = ORIENTED_EDGE ( 'NONE', *, *, #5288, .T. ) ;
#2608 = CARTESIAN_POINT ( 'NONE',  ( -5.519661803323828941, 0.2888415995490326016, -1.669980198718155728 ) ) ;
#2609 = VECTOR ( 'NONE', #390, 1000.000000000000000 ) ;
#2610 = ADVANCED_FACE ( 'NONE', ( #831 ), #2122, .F. ) ;
#2611 = EDGE_LOOP ( 'NONE', ( #4535, #2849 ) ) ;
#2612 = DIRECTION ( 'NONE',  ( 0.0000000000000000000, 0.0000000000000000000, 1.000000000000000000 ) ) ;
#2613 = DIRECTION ( 'NONE',  ( -1.000000000000000000, -0.0000000000000000000, -0.0000000000000000000 ) ) ;
#2614 = ORIENTED_EDGE ( 'NONE', *, *, #2688, .T. ) ;
#2615 = LINE ( 'NONE', #4307, #2302 ) ;
#2616 = CARTESIAN_POINT ( 'NONE',  ( 5.159331154017475107, -5.998981397340807931, -2.484859455202467871 ) ) ;
#2617 = CARTESIAN_POINT ( 'NONE',  ( -0.9526455239024034238, 0.0000000000000000000, 0.0000000000000000000 ) ) ;
#2618 = ADVANCED_FACE ( 'NONE', ( #2791 ), #5377, .F. ) ;
#2619 = CARTESIAN_POINT ( 'NONE',  ( 2.534331151969085649, -3.667821270315587245, 3.667821270315577475 ) ) ;
#2620 = VERTEX_POINT ( 'NONE', #1644 ) ;
#2621 = PLANE ( 'NONE',  #4476 ) ;
#2622 = CARTESIAN_POINT ( 'NONE',  ( 2.065581151969085205, 5.187082584840807975, 2.148559955790359854 ) ) ;
#2623 = CARTESIAN_POINT ( 'NONE',  ( -5.519661803323828941, 0.5131958366318902787, -1.954557686236566338 ) ) ;
#2624 = AXIS2_PLACEMENT_3D ( 'NONE', #4932, #2056, #405 ) ;
#2625 = ADVANCED_FACE ( 'NONE', ( #3337 ), #5198, .F. ) ;
#2626 =( BOUNDED_SURFACE ( )  B_SPLINE_SURFACE ( 3, 3, ( 
 ( #3588, #1487, #4865, #1065 ),
 ( #2899, #2951, #4166, #4485 ),
 ( #2982, #1227, #3833, #5419 ),
 ( #1255, #1198, #357, #5055 ),
 ( #2926, #4587, #2477, #5445 ),
 ( #2149, #3308, #1675, #678 ),
 ( #414, #779, #2377, #2063 ) ),
 .UNSPECIFIED., .F., .F., .F. ) 
 B_SPLINE_SURFACE_WITH_KNOTS ( ( 4, 3, 4 ),
 ( 4, 4 ),
 ( 0.0000000000000000000, 1.000000000000000000, 2.000000000000000000 ),
 ( 0.0000000000000000000, 1.000000000000000000 ),
 .UNSPECIFIED. ) 
 GEOMETRIC_REPRESENTATION_ITEM ( )  RATIONAL_B_SPLINE_SURFACE ( (
 ( 1.000000000000000000, 0.3333333333333334259, 0.3333333333333334259, 1.000000000000000000),
 ( 1.000000000000000000, 0.3333333333333334259, 0.3333333333333334259, 1.000000000000000000),
 ( 1.000000000000000000, 0.3333333333333334259, 0.3333333333333334259, 1.000000000000000000),
 ( 1.000000000000000000, 0.3333333333333334259, 0.3333333333333334259, 1.000000000000000000),
 ( 1.000000000000000000, 0.3333333333333334259, 0.3333333333333334259, 1.000000000000000000),
 ( 1.000000000000000000, 0.3333333333333334259, 0.3333333333333334259, 1.000000000000000000),
 ( 1.000000000000000000, 0.3333333333333334259, 0.3333333333333334259, 1.000000000000000000) ) ) 
 REPRESENTATION_ITEM ( '' )  SURFACE ( )  );
#2627 = LINE ( 'NONE', #3479, #5358 ) ;
#2628 = VECTOR ( 'NONE', #292, 1000.000000000000000 ) ;
#2629 = CARTESIAN_POINT ( 'NONE',  ( 0.4256287514289406326, 6.439496258645265796E-16, -5.042581076891417879 ) ) ;
#2630 = CARTESIAN_POINT ( 'NONE',  ( 0.4220016690503199386, -5.095037542935743957, -6.239621418491854095E-16 ) ) ;
#2631 = CARTESIAN_POINT ( 'NONE',  ( -5.519661803323828941, -0.8104483482814262008, -2.830540317361817326 ) ) ;
#2632 = APPLICATION_PROTOCOL_DEFINITION ( 'draft international standard', 'automotive_design', 1998, #3293 ) ;
#2633 = CARTESIAN_POINT ( 'NONE',  ( -5.619661803323829474, -0.2004933423060529518, 3.938455804857458720 ) ) ;
#2634 = DIRECTION ( 'NONE',  ( 0.0000000000000000000, 0.4999992319065446056, 0.8660258472429476218 ) ) ;
#2635 = FACE_BOUND ( 'NONE', #108, .T. ) ;
#2636 = ORIENTED_EDGE ( 'NONE', *, *, #4484, .T. ) ;
#2637 = UNCERTAINTY_MEASURE_WITH_UNIT (LENGTH_MEASURE( 1.000000000000000082E-05 ), #849, 'distance_accuracy_value', 'NONE');
#2638 = FACE_OUTER_BOUND ( 'NONE', #1394, .T. ) ;
#2639 = EDGE_LOOP ( 'NONE', ( #3005, #639, #238, #3060 ) ) ;
#2640 = DIRECTION ( 'NONE',  ( 0.0000000000000000000, 0.0000000000000000000, 1.000000000000000000 ) ) ;
#2641 = CARTESIAN_POINT ( 'NONE',  ( -5.619661803323829474, 0.3975240214392646854, 0.6447340945263959622 ) ) ;
#2642 = ORIENTED_EDGE ( 'NONE', *, *, #741, .F. ) ;
#2643 = CARTESIAN_POINT ( 'NONE',  ( -5.519661803323828941, -1.159211031094126598, -2.828094540723978145 ) ) ;
#2644 = CARTESIAN_POINT ( 'NONE',  ( 5.440581154017475995, 7.346633366397939041E-16, -5.998981397340809707 ) ) ;
#2645 = CYLINDRICAL_SURFACE ( 'NONE', #5185, 5.042581076891417879 ) ;
#2646 = CARTESIAN_POINT ( 'NONE',  ( 3.096831151969084317, 6.304693514189127961E-15, -5.187082584840810640 ) ) ;
#2647 = ORIENTED_EDGE ( 'NONE', *, *, #4780, .F. ) ;
#2648 = CARTESIAN_POINT ( 'NONE',  ( 9.532670181029274659, 2.610811709521125401, 4.482129846332679080 ) ) ;
#2649 = ADVANCED_FACE ( 'NONE', ( #2093 ), #3776, .T. ) ;
#2650 = AXIS2_PLACEMENT_3D ( 'NONE', #4384, #4694, #3110 ) ;
#2651 = CARTESIAN_POINT ( 'NONE',  ( 1.315581151969084761, -5.187082584840807087, -2.148559955790362519 ) ) ;
#2652 = AXIS2_PLACEMENT_3D ( 'NONE', #3383, #1279, #884 ) ;
#2653 = DIRECTION ( 'NONE',  ( -1.000000000000000000, -0.0000000000000000000, -0.0000000000000000000 ) ) ;
#2654 = CONICAL_SURFACE ( 'NONE', #696, 8.146137537000969431, 0.01023091501882309080 ) ;
#2655 = ADVANCED_FACE ( 'NONE', ( #4225 ), #3979, .T. ) ;
#2656 = EDGE_CURVE ( 'NONE', #4246, #3978, #3388, .T. ) ;
#2657 = FACE_OUTER_BOUND ( 'NONE', #5321, .T. ) ;
#2658 = FACE_OUTER_BOUND ( 'NONE', #2843, .T. ) ;
#2659 = CARTESIAN_POINT ( 'NONE',  ( -5.619661803323829474, -0.8262907953548989104, -1.931376131795591533 ) ) ;
#2660 = CLOSED_SHELL ( 'NONE', ( #2594, #294, #4547, #3802 ) ) ;
#2661 = CARTESIAN_POINT ( 'NONE',  ( 2.346831149920694415, 5.998981397340810595, -2.484859455202464762 ) ) ;
#2662 = CARTESIAN_POINT ( 'NONE',  ( 10.59683115196908609, 3.667821270315586357, -3.667821270315577920 ) ) ;
#2663 = CARTESIAN_POINT ( 'NONE',  ( -5.519661803323828941, -0.7755022704961843649, -1.519593374754033777 ) ) ;
#2664 = VERTEX_POINT ( 'NONE', #2037 ) ;
#2665 = DIRECTION ( 'NONE',  ( -0.0000000000000000000, -0.0000000000000000000, -1.000000000000000000 ) ) ;
#2666 = VERTEX_POINT ( 'NONE', #2560 ) ;
#2667 = VERTEX_POINT ( 'NONE', #443 ) ;
#2668 = LINE ( 'NONE', #4360, #614 ) ;
#2669 = VERTEX_POINT ( 'NONE', #3717 ) ;
#2670 = DIRECTION ( 'NONE',  ( -1.000000000000000000, -0.0000000000000000000, -0.0000000000000000000 ) ) ;
#2671 = FACE_OUTER_BOUND ( 'NONE', #2747, .T. ) ;
#2672 = ORIENTED_EDGE ( 'NONE', *, *, #66, .F. ) ;
#2673 = CARTESIAN_POINT ( 'NONE',  ( -5.519661803323828941, -0.8262907953548989104, 0.6989037811651391818 ) ) ;
#2674 = ORIENTED_EDGE ( 'NONE', *, *, #1673, .F. ) ;
#2675 = CARTESIAN_POINT ( 'NONE',  ( 3.846831151969085205, -5.669459105745301380E-15, 5.187082584840810640 ) ) ;
#2676 = CARTESIAN_POINT ( 'NONE',  ( -5.519661803323828941, -0.8104483482814262008, -2.830540317361817326 ) ) ;
#2677 = EDGE_CURVE ( 'NONE', #4648, #1643, #3891, .T. ) ;
#2678 = CARTESIAN_POINT ( 'NONE',  ( -5.519661803323828941, -0.8262907953548989104, 0.6787474533503380369 ) ) ;
#2679 = CARTESIAN_POINT ( 'NONE',  ( 0.9668813965247646802, 5.095037542935742181, 10.19007508587148969 ) ) ;
#2680 = DIRECTION ( 'NONE',  ( 0.0000000000000000000, 0.0000000000000000000, -1.000000000000000000 ) ) ;
#2681 = EDGE_CURVE ( 'NONE', #2356, #2699, #5220, .T. ) ;
#2682 = CARTESIAN_POINT ( 'NONE',  ( 6.378081149920695303, -4.241920426271637012, -4.241920426271638789 ) ) ;
#2683 = CARTESIAN_POINT ( 'NONE',  ( 4.128081151969085205, -5.187082584840807087, -2.148559955790362519 ) ) ;
#2684 = CARTESIAN_POINT ( 'NONE',  ( 3.096831149920695303, -5.998981397340808819, 2.484859455202466094 ) ) ;
#2685 = ORIENTED_EDGE ( 'NONE', *, *, #5293, .F. ) ;
#2686 = VECTOR ( 'NONE', #1827, 1000.000000000000000 ) ;
#2687 = CARTESIAN_POINT ( 'NONE',  ( 4.315581149920694415, 0.0000000000000000000, 5.998981397340809707 ) ) ;
#2688 = EDGE_CURVE ( 'NONE', #2464, #3896, #1411, .T. ) ;
#2689 = FACE_OUTER_BOUND ( 'NONE', #828, .T. ) ;
#2690 = ORIENTED_EDGE ( 'NONE', *, *, #812, .F. ) ;
#2691 = PLANE ( 'NONE',  #3326 ) ;
#2692 = DIRECTION ( 'NONE',  ( 0.0000000000000000000, -1.000000000000000000, 0.0000000000000000000 ) ) ;
#2693 = ORIENTED_EDGE ( 'NONE', *, *, #647, .F. ) ;
#2694 = CARTESIAN_POINT ( 'NONE',  ( -5.619661803323829474, 0.3594327388860832362, -0.8708760059213880300 ) ) ;
#2695 = CARTESIAN_POINT ( 'NONE',  ( 8.253081149920696191, 4.241920426271637901, -4.241920426271637012 ) ) ;
#2696 = CARTESIAN_POINT ( 'NONE',  ( -5.619661803323829474, 0.3046836022590236337, -1.267514855292576126 ) ) ;
#2697 = CARTESIAN_POINT ( 'NONE',  ( -5.519661803323828941, -1.159211031094126598, -2.828094540723978145 ) ) ;
#2698 = B_SPLINE_CURVE_WITH_KNOTS ( 'NONE', 3,
 ( #475, #3426, #2623, #3042 ),
 .UNSPECIFIED., .F., .F.,
 ( 4, 4 ),
 ( 2.000000000000000000, 3.000000000000000000 ),
 .UNSPECIFIED. ) ;
#2699 = VERTEX_POINT ( 'NONE', #2173 ) ;
#2700 = CARTESIAN_POINT ( 'NONE',  ( -5.619661803323829474, -1.159211031094126598, -2.254627462399870996 ) ) ;
#2701 = VERTEX_POINT ( 'NONE', #1337 ) ;
#2702 = CARTESIAN_POINT ( 'NONE',  ( 1.878081151969085205, 5.187082584840812416, -2.148559955790347864 ) ) ;
#2703 = CARTESIAN_POINT ( 'NONE',  ( -5.519661803323828941, -1.159211031094126598, -2.115427933609108635 ) ) ;
#2704 = CIRCLE ( 'NONE', #3496, 8.573554286785633138 ) ;
#2705 = AXIS2_PLACEMENT_3D ( 'NONE', #256, #4937, #3198 ) ;
#2706 = CARTESIAN_POINT ( 'NONE',  ( 4.971831151969085205, 3.667821270315578364, 3.667821270315586357 ) ) ;
#2707 = CARTESIAN_POINT ( 'NONE',  ( -5.519661803323828941, 1.679317601293971229, 3.938455804857458720 ) ) ;
#2708 = ADVANCED_FACE ( 'NONE', ( #1388 ), #3495, .T. ) ;
#2709 = VECTOR ( 'NONE', #1737, 1000.000000000000000 ) ;
#2710 = DIRECTION ( 'NONE',  ( 1.000000000000000000, 0.0000000000000000000, 0.0000000000000000000 ) ) ;
#2711 = CARTESIAN_POINT ( 'NONE',  ( -5.519661803323828941, -0.8080021272800940180, 0.6662839462394918311 ) ) ;
#2712 = VECTOR ( 'NONE', #796, 1000.000000000000000 ) ;
#2713 = CARTESIAN_POINT ( 'NONE',  ( 4.784331149920694415, -5.998981397340808819, -2.484859455202467871 ) ) ;
#2714 = CARTESIAN_POINT ( 'NONE',  ( 2.815581151969083873, -2.148559955790347864, -5.187082584840813304 ) ) ;
#2715 = CARTESIAN_POINT ( 'NONE',  ( 6.846831149920696191, 5.998981397340809707, -2.484859455202464762 ) ) ;
#2716 = EDGE_CURVE ( 'NONE', #4666, #3353, #3035, .T. ) ;
#2717 = ORIENTED_EDGE ( 'NONE', *, *, #5293, .T. ) ;
#2718 = FACE_OUTER_BOUND ( 'NONE', #1066, .T. ) ;
#2719 = CARTESIAN_POINT ( 'NONE',  ( 2.721831149920694859, 2.484859455202464762, 5.998981397340809707 ) ) ;
#2720 = VERTEX_POINT ( 'NONE', #3085 ) ;
#2721 = DIRECTION ( 'NONE',  ( 0.0000000000000000000, -0.0000000000000000000, -1.000000000000000000 ) ) ;
#2722 = CARTESIAN_POINT ( 'NONE',  ( 8.721831151969086093, -5.187082584840810640, -6.622310718411041645E-15 ) ) ;
#2723 = EDGE_CURVE ( 'NONE', #3466, #4010, #914, .T. ) ;
#2724 = ORIENTED_EDGE ( 'NONE', *, *, #4592, .T. ) ;
#2725 = PLANE ( 'NONE',  #4430 ) ;
#2726 = DIRECTION ( 'NONE',  ( 0.0000000000000000000, 0.0000000000000000000, 1.000000000000000000 ) ) ;
#2727 = DIRECTION ( 'NONE',  ( -0.0000000000000000000, 1.000000000000000000, 0.0000000000000000000 ) ) ;
#2728 = LINE ( 'NONE', #4390, #2474 ) ;
#2729 = ORIENTED_EDGE ( 'NONE', *, *, #3126, .T. ) ;
#2730 = CARTESIAN_POINT ( 'NONE',  ( -5.519661803323828941, 0.5131958366318902787, 0.6757186718162545569 ) ) ;
#2731 = EDGE_LOOP ( 'NONE', ( #4633, #3305, #1785, #3864 ) ) ;
#2732 = CARTESIAN_POINT ( 'NONE',  ( 7.034331151969085205, -5.187082584840810640, -6.622310718411043223E-15 ) ) ;
#2733 = CARTESIAN_POINT ( 'NONE',  ( -5.619661803323829474, -1.159211031094126598, 1.237187935964929153 ) ) ;
#2734 = CARTESIAN_POINT ( 'NONE',  ( 2.029938337140070104, -0.7457056124877026182, 5.427590189365017359 ) ) ;
#2735 = CARTESIAN_POINT ( 'NONE',  ( 7.221831151969085205, -3.667821270315577920, -3.667821270315587245 ) ) ;
#2736 = DIRECTION ( 'NONE',  ( 0.0000000000000000000, 0.9659277383819540042, 0.2588119089692809127 ) ) ;
#2737 = ORIENTED_EDGE ( 'NONE', *, *, #3726, .T. ) ;
#2738 = CARTESIAN_POINT ( 'NONE',  ( 9.074601922094691631, -5.570878356715786239, -1.289535594420436526 ) ) ;
#2739 = VECTOR ( 'NONE', #2345, 1000.000000000000114 ) ;
#2740 = CARTESIAN_POINT ( 'NONE',  ( 3.471831149920694415, -2.484859455202463430, -5.998981397340811483 ) ) ;
#2741 = CARTESIAN_POINT ( 'NONE',  ( 3.846831151969085205, -3.667821270315587245, 3.667821270315577475 ) ) ;
#2742 = FACE_OUTER_BOUND ( 'NONE', #1929, .T. ) ;
#2743 = EDGE_LOOP ( 'NONE', ( #3669, #598, #5065, #220 ) ) ;
#2744 = CARTESIAN_POINT ( 'NONE',  ( -5.619661803323829474, 1.679317601293971229, 3.938455804857458720 ) ) ;
#2745 = AXIS2_PLACEMENT_3D ( 'NONE', #2228, #2589, #4278 ) ;
#2746 = CARTESIAN_POINT ( 'NONE',  ( -5.519661803323828941, 0.3046836022590236337, -2.913248804652626145 ) ) ;
#2747 = EDGE_LOOP ( 'NONE', ( #859, #553, #4131, #2254 ) ) ;
#2748 = ADVANCED_FACE ( 'NONE', ( #4744 ), #5193, .F. ) ;
#2749 = CARTESIAN_POINT ( 'NONE',  ( 9.471831151969086093, 3.667821270315578364, 3.667821270315586357 ) ) ;
#2750 = CARTESIAN_POINT ( 'NONE',  ( 7.409331151969086093, -3.667821270315577920, -3.667821270315587245 ) ) ;
#2751 = EDGE_LOOP ( 'NONE', ( #1126, #714, #1032, #4224 ) ) ;
#2752 = CARTESIAN_POINT ( 'NONE',  ( -2.820780263020862044, 8.142672225902135352, 0.0000000000000000000 ) ) ;
#2753 = VERTEX_POINT ( 'NONE', #521 ) ;
#2754 = DIRECTION ( 'NONE',  ( 0.0000000000000000000, 0.0000000000000000000, 1.000000000000000000 ) ) ;
#2755 = PLANE ( 'NONE',  #1949 ) ;
#2756 = ORIENTED_EDGE ( 'NONE', *, *, #106, .F. ) ;
#2757 = EDGE_CURVE ( 'NONE', #1093, #3179, #497, .T. ) ;
#2758 = CARTESIAN_POINT ( 'NONE',  ( -5.619661803323829474, 0.3046836022590236337, -0.2901889096445826599 ) ) ;
#2759 = ORIENTED_EDGE ( 'NONE', *, *, #4516, .T. ) ;
#2760 = CARTESIAN_POINT ( 'NONE',  ( 8.628081151969086093, -5.187082584840807087, -2.148559955790362519 ) ) ;
#2761 = CARTESIAN_POINT ( 'NONE',  ( 2.118244304802682443, -3.781362956863838498, 4.090734116443461410 ) ) ;
#2762 = EDGE_CURVE ( 'NONE', #2699, #2667, #4719, .T. ) ;
#2763 = CARTESIAN_POINT ( 'NONE',  ( 7.034331151969085205, -5.187082584840810640, -6.622310718411043223E-15 ) ) ;
#2764 = B_SPLINE_SURFACE_WITH_KNOTS ( 'NONE', 3, 1, ( 
 ( #748, #3174 ),
 ( #4030, #2446 ),
 ( #4450, #226 ),
 ( #1928, #3610 ) ),
 .UNSPECIFIED., .F., .F., .F.,
 ( 4, 4 ),
 ( 2, 2 ),
 ( 4.000000000000000000, 5.000000000000000000 ),
 ( 0.0000000000000000000, 1.000000000000000000 ),
 .UNSPECIFIED. ) ;
#2765 = CARTESIAN_POINT ( 'NONE',  ( -5.519661803323828941, -0.4637826167685011880, -2.737700342545092980 ) ) ;
#2766 = ORIENTED_EDGE ( 'NONE', *, *, #430, .F. ) ;
#2767 = CARTESIAN_POINT ( 'NONE',  ( 0.0000000000000000000, 0.0000000000000000000, 0.0000000000000000000 ) ) ;
#2768 = CARTESIAN_POINT ( 'NONE',  ( 2.159331149920694415, 2.484859455202465650, -5.998981397340810595 ) ) ;
#2769 = CARTESIAN_POINT ( 'NONE',  ( 5.253081151969085205, -2.148559955790363407, 5.187082584840807087 ) ) ;
#2770 =( BOUNDED_CURVE ( )  B_SPLINE_CURVE ( 2, ( #3540, #653, #4410, #215, #3161, #1046, #158, #1549, #2387 ),
 .UNSPECIFIED., .F., .T. ) 
 B_SPLINE_CURVE_WITH_KNOTS ( ( 3, 2, 2, 2, 3 ),
 ( 0.5000000000000000000, 0.5178571428571429047, 0.5357142857142856984, 0.5535714285714286031, 0.5714285714285713969 ),
 .UNSPECIFIED. ) 
 CURVE ( )  GEOMETRIC_REPRESENTATION_ITEM ( )  RATIONAL_B_SPLINE_CURVE ( ( 1.000000000000000000, 0.9238795325112867385, 1.000000000000000000, 0.9238795325112867385, 1.000000000000000000, 0.9238795325112867385, 1.000000000000000000, 0.9238795325112867385, 1.000000000000000000 ) ) 
 REPRESENTATION_ITEM ( '' )  );
#2771 = VERTEX_POINT ( 'NONE', #4796 ) ;
#2772 = CARTESIAN_POINT ( 'NONE',  ( -5.519661803323828941, 1.930822899253078262, 3.938455804857458720 ) ) ;
#2773 = FACE_OUTER_BOUND ( 'NONE', #5062, .T. ) ;
#2774 = ORIENTED_EDGE ( 'NONE', *, *, #774, .T. ) ;
#2775 = CARTESIAN_POINT ( 'NONE',  ( 8.815581151969086093, -2.148559955790347864, -5.187082584840814192 ) ) ;
#2776 = CARTESIAN_POINT ( 'NONE',  ( 9.404015646370339709, 4.305252792929446848, -3.153506678046153588 ) ) ;
#2777 = EDGE_LOOP ( 'NONE', ( #1174, #913, #321, #830, #1016, #548, #1052, #1082, #2820, #947, #4486, #1121 ) ) ;
#2778 = ORIENTED_EDGE ( 'NONE', *, *, #3191, .F. ) ;
#2779 = EDGE_CURVE ( 'NONE', #3353, #4923, #3444, .T. ) ;
#2780 = CARTESIAN_POINT ( 'NONE',  ( 0.0000000000000000000, 0.0000000000000000000, 0.0000000000000000000 ) ) ;
#2781 = LINE ( 'NONE', #3634, #3799 ) ;
#2782 = ORIENTED_EDGE ( 'NONE', *, *, #5016, .F. ) ;
#2783 = LINE ( 'NONE', #3223, #3148 ) ;
#2784 = AXIS2_PLACEMENT_3D ( 'NONE', #3051, #3029, #4736 ) ;
#2785 = ORIENTED_EDGE ( 'NONE', *, *, #732, .F. ) ;
#2786 = CARTESIAN_POINT ( 'NONE',  ( 6.565581151969085205, 2.148559955790348308, 5.187082584840812416 ) ) ;
#2787 = CARTESIAN_POINT ( 'NONE',  ( -5.519661803323828941, -0.1434427557374629292, -0.08284179633719475355 ) ) ;
#2788 = EDGE_CURVE ( 'NONE', #1947, #1473, #2615, .T. ) ;
#2789 = CARTESIAN_POINT ( 'NONE',  ( 2.250219353677263001, -5.693335863222108273, -0.5784626287924149457 ) ) ;
#2790 = LINE ( 'NONE', #1540, #1618 ) ;
#2791 = FACE_OUTER_BOUND ( 'NONE', #2130, .T. ) ;
#2792 = ORIENTED_EDGE ( 'NONE', *, *, #1289, .F. ) ;
#2793 = EDGE_CURVE ( 'NONE', #1223, #940, #5289, .T. ) ;
#2794 = CARTESIAN_POINT ( 'NONE',  ( -5.519661803323828941, 0.3046836022590236337, 0.07395097166969916147 ) ) ;
#2795 = VECTOR ( 'NONE', #2612, 1000.000000000000000 ) ;
#2796 = CIRCLE ( 'NONE', #2359, 5.998981397340808819 ) ;
#2797 = VECTOR ( 'NONE', #2545, 1000.000000000000000 ) ;
#2798 = VERTEX_POINT ( 'NONE', #2694 ) ;
#2799 = CARTESIAN_POINT ( 'NONE',  ( 5.628081151969085205, -5.187082584840807087, -2.148559955790362519 ) ) ;
#2800 = ORIENTED_EDGE ( 'NONE', *, *, #4737, .T. ) ;
#2801 = DIRECTION ( 'NONE',  ( 0.0000000000000000000, 0.0000000000000000000, -1.000000000000000000 ) ) ;
#2802 = DIRECTION ( 'NONE',  ( 0.0000000000000000000, 0.0000000000000000000, -1.000000000000000000 ) ) ;
#2803 = VECTOR ( 'NONE', #1557, 1000.000000000000000 ) ;
#2804 = CARTESIAN_POINT ( 'NONE',  ( 1.993287515359289719, 0.6889094800710916511, 5.382496120606200307 ) ) ;
#2805 = ORIENTED_EDGE ( 'NONE', *, *, #4507, .F. ) ;
#2806 = CARTESIAN_POINT ( 'NONE',  ( 6.940581151969086982, -2.148559955790363407, 5.187082584840807087 ) ) ;
#2807 = ORIENTED_EDGE ( 'NONE', *, *, #3901, .T. ) ;
#2808 = LINE ( 'NONE', #690, #4394 ) ;
#2809 = LINE ( 'NONE', #858, #3532 ) ;
#2810 = ORIENTED_EDGE ( 'NONE', *, *, #1952, .T. ) ;
#2811 = B_SPLINE_SURFACE_WITH_KNOTS ( 'NONE', 3, 1, ( 
 ( #1071, #5407 ),
 ( #1944, #2857 ),
 ( #4514, #3648 ),
 ( #4541, #3625 ) ),
 .UNSPECIFIED., .F., .F., .F.,
 ( 4, 4 ),
 ( 2, 2 ),
 ( 12.00000000000000000, 13.00000000000000000 ),
 ( 0.0000000000000000000, 1.000000000000000000 ),
 .UNSPECIFIED. ) ;
#2812 = DIRECTION ( 'NONE',  ( -0.0000000000000000000, -0.0000000000000000000, -1.000000000000000000 ) ) ;
#2813 = ORIENTED_EDGE ( 'NONE', *, *, #2920, .F. ) ;
#2814 = CARTESIAN_POINT ( 'NONE',  ( 4.971831151969085205, 3.667821270315578364, 3.667821270315586357 ) ) ;
#2815 = CARTESIAN_POINT ( 'NONE',  ( -5.619661803323829474, -0.1274838854301168223, -0.02448087327981358224 ) ) ;
#2816 = CARTESIAN_POINT ( 'NONE',  ( -5.519661803323828941, 0.6376042823617330546, -2.135346082594348882 ) ) ;
#2817 = CARTESIAN_POINT ( 'NONE',  ( -5.519661803323828941, -0.09253780764491527366, -0.01504614770301610123 ) ) ;
#2818 = CARTESIAN_POINT ( 'NONE',  ( -5.519661803323828941, 0.0000000000000000000, 0.0000000000000000000 ) ) ;
#2819 = EDGE_CURVE ( 'NONE', #581, #3290, #2280, .T. ) ;
#2820 = ORIENTED_EDGE ( 'NONE', *, *, #4234, .T. ) ;
#2821 = CARTESIAN_POINT ( 'NONE',  ( 8.846743761301727460, -1.299882259886549818, 5.823313662016350811 ) ) ;
#2822 = EDGE_CURVE ( 'NONE', #1476, #2378, #877, .T. ) ;
#2823 = EDGE_CURVE ( 'NONE', #3978, #2412, #5135, .T. ) ;
#2824 = ORIENTED_EDGE ( 'NONE', *, *, #1903, .F. ) ;
#2825 = CARTESIAN_POINT ( 'NONE',  ( 5.628081154017475995, 4.241920426271637901, -4.241920426271637012 ) ) ;
#2826 = AXIS2_PLACEMENT_3D ( 'NONE', #3178, #5231, #2292 ) ;
#2827 = B_SPLINE_CURVE_WITH_KNOTS ( 'NONE', 3,
 ( #4113, #1900, #260, #3146 ),
 .UNSPECIFIED., .F., .F.,
 ( 4, 4 ),
 ( 12.00000000000000000, 13.00000000000000000 ),
 .UNSPECIFIED. ) ;
#2828 = FACE_OUTER_BOUND ( 'NONE', #2335, .T. ) ;
#2829 = VECTOR ( 'NONE', #2801, 1000.000000000000000 ) ;
#2830 = CARTESIAN_POINT ( 'NONE',  ( -0.02048535258922726254, -6.082404292049763406, -7.448796947378865107E-16 ) ) ;
#2831 = CARTESIAN_POINT ( 'NONE',  ( -5.519661803323828941, -0.4637826167685011880, 0.8125968457457942717 ) ) ;
#2832 = CARTESIAN_POINT ( 'NONE',  ( 1.937408119932179984, 2.622433663651357438, 4.686403474904555111 ) ) ;
#2833 = VERTEX_POINT ( 'NONE', #970 ) ;
#2834 = EDGE_CURVE ( 'NONE', #1413, #4848, #2668, .T. ) ;
#2835 = VECTOR ( 'NONE', #4022, 1000.000000000000000 ) ;
#2836 = CARTESIAN_POINT ( 'NONE',  ( -5.619661803323829474, -0.9191307701716237011, -2.515095564514379323 ) ) ;
#2837 = CARTESIAN_POINT ( 'NONE',  ( 6.378081151969084317, 5.187082584840813304, -2.148559955790347864 ) ) ;
#2838 = FACE_OUTER_BOUND ( 'NONE', #1894, .T. ) ;
#2839 = ORIENTED_EDGE ( 'NONE', *, *, #5050, .T. ) ;
#2840 = DIRECTION ( 'NONE',  ( -1.000000000000000000, -0.0000000000000000000, -0.0000000000000000000 ) ) ;
#2841 = VERTEX_POINT ( 'NONE', #3944 ) ;
#2842 = CARTESIAN_POINT ( 'NONE',  ( 6.003081154017475995, 4.241920426271637901, 4.241920426271637901 ) ) ;
#2843 = EDGE_LOOP ( 'NONE', ( #4893, #3334, #1970, #1280 ) ) ;
#2844 = CARTESIAN_POINT ( 'NONE',  ( 4.315581151969085205, -2.148559955790347864, -5.187082584840813304 ) ) ;
#2845 = CARTESIAN_POINT ( 'NONE',  ( -5.519661803323828941, 0.6376042823617330546, 0.9577366256439050485 ) ) ;
#2846 = CARTESIAN_POINT ( 'NONE',  ( 10.03433115196908787, -3.667821270315587245, 3.667821270315577475 ) ) ;
#2847 = CARTESIAN_POINT ( 'NONE',  ( -5.519661803323828941, 2.113893546485134056, -4.121490903010485596 ) ) ;
#2848 = DIRECTION ( 'NONE',  ( 0.0000000000000000000, -1.000000000000000000, 0.0000000000000000000 ) ) ;
#2849 = ORIENTED_EDGE ( 'NONE', *, *, #170, .F. ) ;
#2850 = CARTESIAN_POINT ( 'NONE',  ( 8.888824176329407578, -2.865609686309361415, 5.189256277529669781 ) ) ;
#2851 = ADVANCED_FACE ( 'NONE', ( #140 ), #1835, .F. ) ;
#2852 = B_SPLINE_CURVE_WITH_KNOTS ( 'NONE', 3,
 ( #4522, #4105, #4856, #1924 ),
 .UNSPECIFIED., .F., .F.,
 ( 4, 4 ),
 ( 15.00000000000000000, 16.00000000000000000 ),
 .UNSPECIFIED. ) ;
#2853 = ORIENTED_EDGE ( 'NONE', *, *, #4266, .F. ) ;
#2854 = CARTESIAN_POINT ( 'NONE',  ( 7.128081154017475995, 4.241920426271637901, -4.241920426271637012 ) ) ;
#2855 = DIRECTION ( 'NONE',  ( -0.6848458604926473958, 8.923853814189345725E-17, -0.7286879629622582399 ) ) ;
#2856 = EDGE_CURVE ( 'NONE', #1380, #776, #1889, .T. ) ;
#2857 = CARTESIAN_POINT ( 'NONE',  ( -5.619661803323829474, -0.8262907953548989104, -3.252923809772649388 ) ) ;
#2858 = CARTESIAN_POINT ( 'NONE',  ( 2.492805465814642130, 0.0000000000000000000, -5.998981397340808819 ) ) ;
#2859 = CARTESIAN_POINT ( 'NONE',  ( 1.864252768324960119, 4.523955571788525809, 2.734540268697895460 ) ) ;
#2860 = ORIENTED_EDGE ( 'NONE', *, *, #4974, .F. ) ;
#2861 = CARTESIAN_POINT ( 'NONE',  ( 4.221831151969085205, -5.187082584840810640, -6.622310718411041645E-15 ) ) ;
#2862 = DIRECTION ( 'NONE',  ( -1.000000000000000000, -0.0000000000000000000, -0.0000000000000000000 ) ) ;
#2863 = VERTEX_POINT ( 'NONE', #2309 ) ;
#2864 = EDGE_CURVE ( 'NONE', #4212, #661, #5357, .T. ) ;
#2865 = CARTESIAN_POINT ( 'NONE',  ( -5.519661803323828941, 0.6376042823617330546, -2.973938192386992974 ) ) ;
#2866 = CARTESIAN_POINT ( 'NONE',  ( 2.815581154017475107, 5.998981397340809707, 3.673316683198969520E-16 ) ) ;
#2867 = VERTEX_POINT ( 'NONE', #605 ) ;
#2868 = DIRECTION ( 'NONE',  ( 0.0000000000000000000, 0.0000000000000000000, 1.000000000000000000 ) ) ;
#2869 = VERTEX_POINT ( 'NONE', #1077 ) ;
#2870 = CARTESIAN_POINT ( 'NONE',  ( 3.190581151969084317, 5.187082584840812416, -2.148559955790347864 ) ) ;
#2871 = LINE ( 'NONE', #753, #313 ) ;
#2872 = CARTESIAN_POINT ( 'NONE',  ( -5.619661803323829474, 0.6376042823617330546, -0.5218800322775110079 ) ) ;
#2873 = CARTESIAN_POINT ( 'NONE',  ( 8.159331151969086093, 3.667821270315578364, 3.667821270315586357 ) ) ;
#2874 = AXIS2_PLACEMENT_3D ( 'NONE', #3213, #3963, #1100 ) ;
#2875 = CARTESIAN_POINT ( 'NONE',  ( -5.619661803323829474, 0.2678738640052118480, -1.240024752472179026 ) ) ;
#2876 = CARTESIAN_POINT ( 'NONE',  ( -5.619661803323829474, 0.3594327388860832362, -0.8708760059213880300 ) ) ;
#2877 = ORIENTED_EDGE ( 'NONE', *, *, #2656, .T. ) ;
#2878 = CARTESIAN_POINT ( 'NONE',  ( -5.619661803323829474, -0.1434427557374629292, -0.4643367380380125642 ) ) ;
#2879 = ADVANCED_FACE ( 'NONE', ( #3574, #166 ), #2725, .F. ) ;
#2880 = ORIENTED_EDGE ( 'NONE', *, *, #4387, .F. ) ;
#2881 = CARTESIAN_POINT ( 'NONE',  ( 6.846831154017475995, -2.484859455202463430, -5.998981397340811483 ) ) ;
#2882 = CARTESIAN_POINT ( 'NONE',  ( -5.519661803323828941, 0.2888415995490326016, 0.9601824022817211368 ) ) ;
#2883 = LINE ( 'NONE', #1242, #2341 ) ;
#2884 = CARTESIAN_POINT ( 'NONE',  ( 1.787875908728443930, 5.186450471978243826, 0.08097680949191894684 ) ) ;
#2885 = VERTEX_POINT ( 'NONE', #4822 ) ;
#2886 = EDGE_CURVE ( 'NONE', #3278, #1951, #3043, .T. ) ;
#2887 = CARTESIAN_POINT ( 'NONE',  ( 6.471831151969086093, 5.187082584840810640, 5.987076309967214276E-15 ) ) ;
#2888 = LINE ( 'NONE', #1580, #3075 ) ;
#2889 = ORIENTED_EDGE ( 'NONE', *, *, #146, .T. ) ;
#2890 = VECTOR ( 'NONE', #1133, 1000.000000000000000 ) ;
#2891 = AXIS2_PLACEMENT_3D ( 'NONE', #3095, #176, #2236 ) ;
#2892 = DIRECTION ( 'NONE',  ( -1.000000000000000000, -0.0000000000000000000, -0.0000000000000000000 ) ) ;
#2893 = CARTESIAN_POINT ( 'NONE',  ( 9.857916077054870385, 0.0000000000000000000, 0.0000000000000000000 ) ) ;
#2894 = EDGE_LOOP ( 'NONE', ( #2436, #2001, #2690, #607 ) ) ;
#2895 = CARTESIAN_POINT ( 'NONE',  ( -5.519661803323828941, 2.113893546485134056, -4.121490903010485596 ) ) ;
#2896 = EDGE_CURVE ( 'NONE', #4465, #4788, #64, .T. ) ;
#2897 = CIRCLE ( 'NONE', #232, 8.516806624687751182 ) ;
#2898 = ORIENTED_EDGE ( 'NONE', *, *, #715, .F. ) ;
#2899 = CARTESIAN_POINT ( 'NONE',  ( 1.512306037783867296, 5.095037542935743957, 0.0000000000000000000 ) ) ;
#2900 = CARTESIAN_POINT ( 'NONE',  ( 1.128081151969084761, -5.187082584840807087, -2.148559955790362519 ) ) ;
#2901 = CARTESIAN_POINT ( 'NONE',  ( -5.519661803323828941, 0.6376042823617330546, -1.843313953201624944 ) ) ;
#2902 = CARTESIAN_POINT ( 'NONE',  ( -5.519661803323828941, -1.159211031094126598, -3.417053907693038184 ) ) ;
#2903 = AXIS2_PLACEMENT_3D ( 'NONE', #3000, #963, #2580 ) ;
#2904 = CARTESIAN_POINT ( 'NONE',  ( 10.31558115196908609, -5.187082584840807087, -2.148559955790362519 ) ) ;
#2905 = DIRECTION ( 'NONE',  ( 0.0000000000000000000, 0.0000000000000000000, 1.000000000000000000 ) ) ;
#2906 = CARTESIAN_POINT ( 'NONE',  ( 5.159331151969085205, 3.667821270315578364, 3.667821270315586357 ) ) ;
#2907 = EDGE_LOOP ( 'NONE', ( #5410, #2950, #1837, #3621 ) ) ;
#2908 = DIRECTION ( 'NONE',  ( -1.000000000000000000, -0.0000000000000000000, -0.0000000000000000000 ) ) ;
#2909 = EDGE_LOOP ( 'NONE', ( #5473, #5141, #3469, #2017 ) ) ;
#2910 = CARTESIAN_POINT ( 'NONE',  ( 8.253081154017475995, -4.241920426271637012, -4.241920426271638789 ) ) ;
#2911 = FACE_BOUND ( 'NONE', #763, .T. ) ;
#2912 = DIRECTION ( 'NONE',  ( -0.0000000000000000000, 1.000000000000000000, 0.0000000000000000000 ) ) ;
#2913 = CARTESIAN_POINT ( 'NONE',  ( -5.519661803323828941, 0.3975240214392646854, 0.6447340945263959622 ) ) ;
#2914 = CARTESIAN_POINT ( 'NONE',  ( 0.0000000000000000000, 7.346633366397939041E-16, -5.998981397340809707 ) ) ;
#2915 = EDGE_LOOP ( 'NONE', ( #5104, #4359, #567, #384, #324, #148, #1816, #3500 ) ) ;
#2916 = CARTESIAN_POINT ( 'NONE',  ( 1.971831151969085205, 5.187082584840810640, 5.987076309967214276E-15 ) ) ;
#2917 = DIRECTION ( 'NONE',  ( 0.0000000000000000000, 0.9659230871248956074, 0.2588292675860117686 ) ) ;
#2918 = ORIENTED_EDGE ( 'NONE', *, *, #3683, .T. ) ;
#2919 = CARTESIAN_POINT ( 'NONE',  ( -5.619661803323829474, 0.2888415995490326016, -1.669980198718155728 ) ) ;
#2920 = EDGE_CURVE ( 'NONE', #2371, #3974, #85, .T. ) ;
#2921 = DIRECTION ( 'NONE',  ( -1.000000000000000000, -0.0000000000000000000, -0.0000000000000000000 ) ) ;
#2922 = ORIENTED_EDGE ( 'NONE', *, *, #1150, .F. ) ;
#2923 = AXIS2_PLACEMENT_3D ( 'NONE', #4909, #2921, #802 ) ;
#2924 = CARTESIAN_POINT ( 'NONE',  ( 1.512306037783867296, 7.070052012334011593, 0.0000000000000000000 ) ) ;
#2925 = ORIENTED_EDGE ( 'NONE', *, *, #677, .F. ) ;
#2926 = CARTESIAN_POINT ( 'NONE',  ( 1.954793059423414414, 6.628118418756897334, 0.0000000000000000000 ) ) ;
#2927 = CARTESIAN_POINT ( 'NONE',  ( -5.519661803323828941, 0.2538955217638021455, -2.980927141325950380 ) ) ;
#2928 = PLANE ( 'NONE',  #1996 ) ;
#2929 = ADVANCED_FACE ( 'NONE', ( #2195 ), #487, .F. ) ;
#2930 = CARTESIAN_POINT ( 'NONE',  ( 8.628081151969086093, -5.187082584840811528, 2.148559955790349640 ) ) ;
#2931 = CARTESIAN_POINT ( 'NONE',  ( -5.619661803323829474, -0.7894806127375767479, -3.260495763607829112 ) ) ;
#2932 = CARTESIAN_POINT ( 'NONE',  ( 8.440581151969086093, -2.148559955790363407, 5.187082584840807087 ) ) ;
#2933 = ORIENTED_EDGE ( 'NONE', *, *, #5475, .F. ) ;
#2934 = CARTESIAN_POINT ( 'NONE',  ( -5.619661803323829474, -0.1434427557374629292, -0.08284179633719475355 ) ) ;
#2935 = EDGE_CURVE ( 'NONE', #4409, #776, #4295, .T. ) ;
#2936 = VERTEX_POINT ( 'NONE', #5072 ) ;
#2937 = CARTESIAN_POINT ( 'NONE',  ( 1.034331151969084317, -5.187082584840810640, -6.622310718411043223E-15 ) ) ;
#2938 = FACE_OUTER_BOUND ( 'NONE', #4662, .T. ) ;
#2939 = CARTESIAN_POINT ( 'NONE',  ( -5.519661803323828941, -0.8810394876184768354, -2.328132293127599173 ) ) ;
#2940 = DIRECTION ( 'NONE',  ( 0.0000000000000000000, -0.9659050154978094938, -0.2588966995467043564 ) ) ;
#2941 = CARTESIAN_POINT ( 'NONE',  ( -5.619661803323829474, 0.3046836022590236337, 0.05391551072362760905 ) ) ;
#2942 = ORIENTED_EDGE ( 'NONE', *, *, #536, .F. ) ;
#2943 = PLANE ( 'NONE',  #1141 ) ;
#2944 = FACE_OUTER_BOUND ( 'NONE', #1022, .T. ) ;
#2945 = ORIENTED_EDGE ( 'NONE', *, *, #3561, .T. ) ;
#2946 = LINE ( 'NONE', #801, #667 ) ;
#2947 = DIRECTION ( 'NONE',  ( 0.0000000000000000000, -0.9659265600413342590, -0.2588163066862571027 ) ) ;
#2948 = ORIENTED_EDGE ( 'NONE', *, *, #2072, .F. ) ;
#2949 = FILL_AREA_STYLE_COLOUR ( '', #5178 ) ;
#2950 = ORIENTED_EDGE ( 'NONE', *, *, #2375, .T. ) ;
#2951 = CARTESIAN_POINT ( 'NONE',  ( 1.512306037783867518, 5.095037542935744845, -10.19007508587148614 ) ) ;
#2952 = CARTESIAN_POINT ( 'NONE',  ( -0.02048535258922726254, 6.082404292049763406, 0.0000000000000000000 ) ) ;
#2953 =( BOUNDED_CURVE ( )  B_SPLINE_CURVE ( 2, ( #1164, #1609, #3740, #353, #1639, #1192, #327, #691, #1975 ),
 .UNSPECIFIED., .F., .T. ) 
 B_SPLINE_CURVE_WITH_KNOTS ( ( 3, 2, 2, 2, 3 ),
 ( 0.5714285714285713969, 0.5892857142857143016, 0.6071428571428569843, 0.6249999999999998890, 0.6428571428571427937 ),
 .UNSPECIFIED. ) 
 CURVE ( )  GEOMETRIC_REPRESENTATION_ITEM ( )  RATIONAL_B_SPLINE_CURVE ( ( 1.000000000000000000, 0.9238795325112867385, 1.000000000000000000, 0.9238795325112867385, 1.000000000000000000, 0.9238795325112867385, 1.000000000000000000, 0.9238795325112871826, 0.9999999999999995559 ) ) 
 REPRESENTATION_ITEM ( '' )  );
#2954 = CARTESIAN_POINT ( 'NONE',  ( -5.519661803323828941, 0.5609410825977334536, -3.183002770575443563 ) ) ;
#2955 = CARTESIAN_POINT ( 'NONE',  ( 9.378081151969087870, 5.187082584840812416, -2.148559955790347864 ) ) ;
#2956 = CARTESIAN_POINT ( 'NONE',  ( 1.512306037783867518, -5.095037542935744845, 10.19007508587148614 ) ) ;
#2957 = EDGE_CURVE ( 'NONE', #12, #3632, #2606, .T. ) ;
#2958 = CARTESIAN_POINT ( 'NONE',  ( 7.503081151969086982, -2.148559955790347864, -5.187082584840813304 ) ) ;
#2959 = VERTEX_POINT ( 'NONE', #880 ) ;
#2960 = CARTESIAN_POINT ( 'NONE',  ( -2.482082288789165148, 0.0000000000000000000, 0.0000000000000000000 ) ) ;
#2961 = VECTOR ( 'NONE', #2848, 1000.000000000000000 ) ;
#2962 = VECTOR ( 'NONE', #1829, 1000.000000000000000 ) ;
#2963 = EDGE_CURVE ( 'NONE', #197, #4074, #4686, .T. ) ;
#2964 = ORIENTED_EDGE ( 'NONE', *, *, #4213, .F. ) ;
#2965 = CARTESIAN_POINT ( 'NONE',  ( 1.596831154017475773, 2.484859455202464762, 5.998981397340810595 ) ) ;
#2966 = FACE_OUTER_BOUND ( 'NONE', #3269, .T. ) ;
#2967 = PLANE ( 'NONE',  #4684 ) ;
#2968 = PLANE ( 'NONE',  #3224 ) ;
#2969 = CARTESIAN_POINT ( 'NONE',  ( 8.253081149920696191, 4.241920426271637901, -4.241920426271637012 ) ) ;
#2970 = CARTESIAN_POINT ( 'NONE',  ( 8.346831151969086093, -3.667821270315587245, 3.667821270315577475 ) ) ;
#2971 = FACE_OUTER_BOUND ( 'NONE', #4431, .T. ) ;
#2972 = ORIENTED_EDGE ( 'NONE', *, *, #4804, .F. ) ;
#2973 = CARTESIAN_POINT ( 'NONE',  ( -5.519661803323828941, 0.3046836022590236337, -1.637594987714158679 ) ) ;
#2974 = CIRCLE ( 'NONE', #3857, 1.939569530566509714 ) ;
#2975 = VECTOR ( 'NONE', #1587, 1000.000000000000000 ) ;
#2976 = LINE ( 'NONE', #1128, #1765 ) ;
#2977 = ORIENTED_EDGE ( 'NONE', *, *, #1664, .T. ) ;
#2978 = SURFACE_STYLE_USAGE ( .BOTH. , #2531 ) ;
#2979 = DIRECTION ( 'NONE',  ( 0.0000000000000000000, 0.0000000000000000000, 1.000000000000000000 ) ) ;
#2980 = CONICAL_SURFACE ( 'NONE', #3863, 4.818834368373729582, 0.8473270703494337752 ) ;
#2981 = ORIENTED_EDGE ( 'NONE', *, *, #3220, .F. ) ;
#2982 = CARTESIAN_POINT ( 'NONE',  ( 1.954793059423414414, 5.536962622234972820, 0.0000000000000000000 ) ) ;
#2983 = CARTESIAN_POINT ( 'NONE',  ( 2.440581151969085649, -5.187082584840811528, 2.148559955790349640 ) ) ;
#2984 = CARTESIAN_POINT ( 'NONE',  ( -5.619661803323829474, 0.5131958366318902787, -0.6330100082595085942 ) ) ;
#2985 = CARTESIAN_POINT ( 'NONE',  ( 4.971831151969085205, 5.187082584840810640, 5.987076309967214276E-15 ) ) ;
#2986 = CARTESIAN_POINT ( 'NONE',  ( 1.954793059423414414, 6.082404292049763406, 1.489759389475773021E-15 ) ) ;
#2987 = CARTESIAN_POINT ( 'NONE',  ( 8.253081151969086093, 2.148559955790348308, 5.187082584840812416 ) ) ;
#2988 = LINE ( 'NONE', #5427, #3331 ) ;
#2989 = EDGE_CURVE ( 'NONE', #4333, #2030, #2102, .T. ) ;
#2990 = B_SPLINE_CURVE_WITH_KNOTS ( 'NONE', 3,
 ( #4664, #1222, #5440, #2499 ),
 .UNSPECIFIED., .F., .F.,
 ( 4, 4 ),
 ( 1.184711539682530971E-14, 0.001325829571645831739 ),
 .UNSPECIFIED. ) ;
#2991 = CARTESIAN_POINT ( 'NONE',  ( 4.878081154017475995, -4.241920426271638789, 4.241920426271637012 ) ) ;
#2992 = CARTESIAN_POINT ( 'NONE',  ( -5.619661803323829474, 0.5131958366318902787, -1.954557686236566338 ) ) ;
#2993 = FACE_BOUND ( 'NONE', #4202, .T. ) ;
#2994 = DIRECTION ( 'NONE',  ( -1.000000000000000000, -0.0000000000000000000, -0.0000000000000000000 ) ) ;
#2995 = ADVANCED_FACE ( 'NONE', ( #5100, #513, #79, #21, #2635, #1773, #4762 ), #2221, .F. ) ;
#2996 = EDGE_CURVE ( 'NONE', #776, #977, #1304, .T. ) ;
#2997 = CARTESIAN_POINT ( 'NONE',  ( 6.565581151969085205, 2.148559955790348752, 5.187082584840813304 ) ) ;
#2998 = CARTESIAN_POINT ( 'NONE',  ( 11.06558114992069619, 7.346633366397939041E-16, -5.998981397340809707 ) ) ;
#2999 = CARTESIAN_POINT ( 'NONE',  ( 8.534331151969086093, -5.187082584840810640, -6.622310718411043223E-15 ) ) ;
#3000 = CARTESIAN_POINT ( 'NONE',  ( 0.0000000000000000000, 0.0000000000000000000, 0.0000000000000000000 ) ) ;
#3001 = ORIENTED_EDGE ( 'NONE', *, *, #3593, .F. ) ;
#3002 = DIRECTION ( 'NONE',  ( -1.000000000000000000, -0.0000000000000000000, -0.0000000000000000000 ) ) ;
#3003 = ADVANCED_FACE ( 'NONE', ( #3026 ), #1718, .F. ) ;
#3004 = LINE ( 'NONE', #2555, #1942 ) ;
#3005 = ORIENTED_EDGE ( 'NONE', *, *, #4424, .T. ) ;
#3006 = DIRECTION ( 'NONE',  ( 0.0000000000000000000, -0.9659050154978094938, -0.2588966995467043564 ) ) ;
#3007 = ORIENTED_EDGE ( 'NONE', *, *, #4810, .T. ) ;
#3008 = DIRECTION ( 'NONE',  ( 0.0000000000000000000, -0.9659277383819541152, -0.2588119089692809127 ) ) ;
#3009 = LINE ( 'NONE', #3867, #939 ) ;
#3010 = VECTOR ( 'NONE', #125, 1000.000000000000000 ) ;
#3011 = CARTESIAN_POINT ( 'NONE',  ( -5.619661803323829474, 0.3046836022590236337, -2.913248804652626145 ) ) ;
#3012 = CARTESIAN_POINT ( 'NONE',  ( 1.221831151969084539, -5.187082584840810640, -6.622310718411041645E-15 ) ) ;
#3013 = DIRECTION ( 'NONE',  ( 1.000000000000000000, 0.0000000000000000000, 0.0000000000000000000 ) ) ;
#3014 = CARTESIAN_POINT ( 'NONE',  ( 8.815581151969084317, -5.187082584840807087, -2.148559955790362519 ) ) ;
#3015 = CARTESIAN_POINT ( 'NONE',  ( -5.619661803323829474, 2.113893546485134056, 4.121490903010486484 ) ) ;
#3016 = VECTOR ( 'NONE', #4334, 1000.000000000000000 ) ;
#3017 = CARTESIAN_POINT ( 'NONE',  ( 1.034331154017475329, 2.484859455202465650, -5.998981397340810595 ) ) ;
#3018 = EDGE_CURVE ( 'NONE', #3387, #466, #3406, .T. ) ;
#3019 = LINE ( 'NONE', #1687, #2797 ) ;
#3020 = CARTESIAN_POINT ( 'NONE',  ( -5.519661803323828941, 0.2863953785477003078, 0.08641447878054527021 ) ) ;
#3021 = LINE ( 'NONE', #4705, #4901 ) ;
#3022 = DIRECTION ( 'NONE',  ( 0.0000000000000000000, 0.0000000000000000000, 1.000000000000000000 ) ) ;
#3023 = CARTESIAN_POINT ( 'NONE',  ( 3.096831151969084317, 3.667821270315586357, -3.667821270315577920 ) ) ;
#3024 = CARTESIAN_POINT ( 'NONE',  ( 11.72183114992069441, 2.484859455202464762, 5.998981397340810595 ) ) ;
#3025 = CARTESIAN_POINT ( 'NONE',  ( 9.940581151969086093, -5.187082584840811528, 2.148559955790349640 ) ) ;
#3026 = FACE_OUTER_BOUND ( 'NONE', #2288, .T. ) ;
#3027 = ADVANCED_FACE ( 'NONE', ( #2971 ), #3854, .F. ) ;
#3028 = VERTEX_POINT ( 'NONE', #853 ) ;
#3029 = DIRECTION ( 'NONE',  ( 0.0000000000000000000, -0.2588945345839501755, 0.9659055957817823668 ) ) ;
#3030 = ORIENTED_EDGE ( 'NONE', *, *, #611, .F. ) ;
#3031 = DIRECTION ( 'NONE',  ( 0.0000000000000000000, -1.000000000000000000, 0.0000000000000000000 ) ) ;
#3032 = CARTESIAN_POINT ( 'NONE',  ( -5.519661803323828941, -0.7894806127375767479, -1.958869789523899119 ) ) ;
#3033 = EDGE_CURVE ( 'NONE', #661, #265, #931, .T. ) ;
#3034 = ORIENTED_EDGE ( 'NONE', *, *, #2681, .T. ) ;
#3035 = LINE ( 'NONE', #1781, #3355 ) ;
#3036 = DIRECTION ( 'NONE',  ( -1.000000000000000000, -0.0000000000000000000, -0.0000000000000000000 ) ) ;
#3037 = LINE ( 'NONE', #3087, #3757 ) ;
#3038 = CARTESIAN_POINT ( 'NONE',  ( 2.721831151969085649, -5.187082584840810640, -6.622310718411041645E-15 ) ) ;
#3039 = EDGE_LOOP ( 'NONE', ( #4875, #2259, #4552, #4107 ) ) ;
#3040 = DIRECTION ( 'NONE',  ( -1.000000000000000000, -0.0000000000000000000, -0.0000000000000000000 ) ) ;
#3041 = CARTESIAN_POINT ( 'NONE',  ( 1.503081151969085205, -2.148559955790347864, -5.187082584840813304 ) ) ;
#3042 = CARTESIAN_POINT ( 'NONE',  ( -5.519661803323828941, 0.3975240214392646854, -1.985428506473515542 ) ) ;
#3043 = B_SPLINE_CURVE_WITH_KNOTS ( 'NONE', 3,
 ( #3546, #4880, #1477, #3606, #3137, #1053, #4417, #3167, #5271, #633, #2336, #5245, #221 ),
 .UNSPECIFIED., .F., .F.,
 ( 4, 2, 2, 1, 2, 2, 4 ),
 ( 1.965570927487276599E-16, 0.001406698750476798390, 0.002110048125715098706, 0.002813397500953399022, 0.003516746876191699338, 0.004220096251429999654, 0.005626795001906599418 ),
 .UNSPECIFIED. ) ;
#3044 = CARTESIAN_POINT ( 'NONE',  ( 1.409331154017475551, 5.998981397340810595, 2.484859455202465206 ) ) ;
#3045 = LINE ( 'NONE', #4371, #958 ) ;
#3046 = AXIS2_PLACEMENT_3D ( 'NONE', #5294, #4437, #1968 ) ;
#3047 = CARTESIAN_POINT ( 'NONE',  ( 11.62808114992069619, 4.241920426271637901, 4.241920426271637901 ) ) ;
#3048 = CARTESIAN_POINT ( 'NONE',  ( 10.03433115196908787, -5.187082584840810640, -6.622310718411043223E-15 ) ) ;
#3049 = DIRECTION ( 'NONE',  ( -1.000000000000000000, -0.0000000000000000000, -0.0000000000000000000 ) ) ;
#3050 = EDGE_LOOP ( 'NONE', ( #5465, #165, #821, #5476 ) ) ;
#3051 = CARTESIAN_POINT ( 'NONE',  ( -5.519661803323828941, -0.2238187790798542576, 0.2943410420762554436 ) ) ;
#3052 = VECTOR ( 'NONE', #3501, 1000.000000000000000 ) ;
#3053 = ORIENTED_EDGE ( 'NONE', *, *, #1009, .T. ) ;
#3054 = EDGE_CURVE ( 'NONE', #5080, #2104, #51, .T. ) ;
#3055 = FACE_OUTER_BOUND ( 'NONE', #3565, .T. ) ;
#3056 = CARTESIAN_POINT ( 'NONE',  ( -5.619661803323829474, 1.679317601293971229, 4.121490903010486484 ) ) ;
#3057 = VERTEX_POINT ( 'NONE', #1749 ) ;
#3058 = CARTESIAN_POINT ( 'NONE',  ( -5.519661803323828941, -0.2004933423060529518, 3.938455804857458720 ) ) ;
#3059 = DIRECTION ( 'NONE',  ( 0.9999476646454433792, 0.0000000000000000000, -0.01023073653867871344 ) ) ;
#3060 = ORIENTED_EDGE ( 'NONE', *, *, #703, .T. ) ;
#3061 = LINE ( 'NONE', #523, #478 ) ;
#3062 = CARTESIAN_POINT ( 'NONE',  ( 4.128081151969085205, -5.187082584840811528, 2.148559955790349640 ) ) ;
#3063 = VERTEX_POINT ( 'NONE', #3437 ) ;
#3064 = EDGE_CURVE ( 'NONE', #4118, #3, #3907, .T. ) ;
#3065 = CARTESIAN_POINT ( 'NONE',  ( 8.925716112385813972, 5.814073839437551960, 0.9710097213086856804 ) ) ;
#3066 = STYLED_ITEM ( 'NONE', ( #5216 ), #4297 ) ;
#3067 = ORIENTED_EDGE ( 'NONE', *, *, #3492, .T. ) ;
#3068 = CARTESIAN_POINT ( 'NONE',  ( 1.784331151969084983, 3.667821270315586357, -3.667821270315577920 ) ) ;
#3069 = LINE ( 'NONE', #5144, #5456 ) ;
#3070 = CIRCLE ( 'NONE', #666, 8.573554286785633138 ) ;
#3071 = VECTOR ( 'NONE', #2840, 1000.000000000000000 ) ;
#3072 = CARTESIAN_POINT ( 'NONE',  ( 3.753081154017475995, -4.241920426271637012, -4.241920426271638789 ) ) ;
#3073 = CARTESIAN_POINT ( 'NONE',  ( -0.02048535258922726254, -5.536962622234972820, -6.780823552318594689E-16 ) ) ;
#3074 = CARTESIAN_POINT ( 'NONE',  ( -5.619661803323829474, -0.8104483482814262008, -2.830540317361817326 ) ) ;
#3075 = VECTOR ( 'NONE', #1247, 1000.000000000000000 ) ;
#3076 = CARTESIAN_POINT ( 'NONE',  ( 4.503081149920694415, -4.241920426271638789, 4.241920426271637012 ) ) ;
#3077 = FACE_OUTER_BOUND ( 'NONE', #5054, .T. ) ;
#3078 = CARTESIAN_POINT ( 'NONE',  ( 0.9668813965247647912, 0.0000000000000000000, 0.0000000000000000000 ) ) ;
#3079 = ORIENTED_EDGE ( 'NONE', *, *, #612, .F. ) ;
#3080 = LINE ( 'NONE', #4764, #2603 ) ;
#3081 = ORIENTED_EDGE ( 'NONE', *, *, #5493, .F. ) ;
#3082 = FILL_AREA_STYLE ('',( #5242 ) ) ;
#3083 = CARTESIAN_POINT ( 'NONE',  ( -4.723044281438539826, 0.0000000000000000000, 8.440452449901849619 ) ) ;
#3084 = ORIENTED_EDGE ( 'NONE', *, *, #2188, .F. ) ;
#3085 = CARTESIAN_POINT ( 'NONE',  ( -2.482082288789165148, 0.0000000000000000000, -8.146137537000969431 ) ) ;
#3086 = EDGE_CURVE ( 'NONE', #1519, #4016, #1328, .T. ) ;
#3087 = CARTESIAN_POINT ( 'NONE',  ( -5.619661803323829474, 0.6376042823617330546, 1.688348407857317879 ) ) ;
#3088 = CARTESIAN_POINT ( 'NONE',  ( 2.065581151969085205, 5.187082584840807975, 2.148559955790359854 ) ) ;
#3089 = ORIENTED_EDGE ( 'NONE', *, *, #1382, .T. ) ;
#3090 = CARTESIAN_POINT ( 'NONE',  ( 9.104419618810306147, 5.187089300247406776, 2.307502998083908796 ) ) ;
#3091 = ORIENTED_EDGE ( 'NONE', *, *, #4816, .F. ) ;
#3092 = VECTOR ( 'NONE', #619, 1000.000000000000114 ) ;
#3093 = CARTESIAN_POINT ( 'NONE',  ( 10.78433115196908609, 5.187082584840810640, 5.987076309967215065E-15 ) ) ;
#3094 = EDGE_CURVE ( 'NONE', #393, #4586, #1657, .T. ) ;
#3095 = CARTESIAN_POINT ( 'NONE',  ( -5.619661803323829474, 0.0000000000000000000, 0.0000000000000000000 ) ) ;
#3096 = CIRCLE ( 'NONE', #5223, 5.473914394502774172 ) ;
#3097 = CARTESIAN_POINT ( 'NONE',  ( 0.0000000000000000000, 0.0000000000000000000, 0.0000000000000000000 ) ) ;
#3098 = EDGE_CURVE ( 'NONE', #806, #214, #5237, .T. ) ;
#3099 = CARTESIAN_POINT ( 'NONE',  ( -0.02048535258922726254, 6.082404292049763406, 1.489759389475773021E-15 ) ) ;
#3100 = CARTESIAN_POINT ( 'NONE',  ( -5.619661803323829474, -0.8262907953548989104, -2.862808216404995054 ) ) ;
#3101 = CARTESIAN_POINT ( 'NONE',  ( 7.503081149920695303, -4.241920426271638789, 4.241920426271637012 ) ) ;
#3102 = CARTESIAN_POINT ( 'NONE',  ( 1.409331151969084761, 6.304693514189128749E-15, -5.187082584840810640 ) ) ;
#3103 = CARTESIAN_POINT ( 'NONE',  ( -5.619661803323829474, 0.2538955217638021455, -2.980927141325950380 ) ) ;
#3104 = ORIENTED_EDGE ( 'NONE', *, *, #1348, .F. ) ;
#3105 = CARTESIAN_POINT ( 'NONE',  ( 4.690581154017475995, 0.0000000000000000000, 5.998981397340809707 ) ) ;
#3106 = DIRECTION ( 'NONE',  ( 0.0000000000000000000, -1.000000000000000000, 0.0000000000000000000 ) ) ;
#3107 = ORIENTED_EDGE ( 'NONE', *, *, #783, .T. ) ;
#3108 = CARTESIAN_POINT ( 'NONE',  ( 9.328306819207037748, 2.159446172207728054, -4.973676838983794646 ) ) ;
#3109 = VERTEX_POINT ( 'NONE', #2272 ) ;
#3110 = DIRECTION ( 'NONE',  ( 0.0000000000000000000, -0.0000000000000000000, -1.000000000000000000 ) ) ;
#3111 = CARTESIAN_POINT ( 'NONE',  ( -5.619661803323829474, 0.2888415995490326016, 0.9601824022817211368 ) ) ;
#3112 = ORIENTED_EDGE ( 'NONE', *, *, #1156, .T. ) ;
#3113 = CARTESIAN_POINT ( 'NONE',  ( -5.619661803323829474, -0.7755022704961843649, -2.821222903745839172 ) ) ;
#3114 = VECTOR ( 'NONE', #1960, 1000.000000000000000 ) ;
#3115 = CARTESIAN_POINT ( 'NONE',  ( -0.02048535258922726254, -5.536962622234972820, -6.780823552318594689E-16 ) ) ;
#3116 = ORIENTED_EDGE ( 'NONE', *, *, #2677, .F. ) ;
#3117 = LINE ( 'NONE', #1366, #2326 ) ;
#3118 = ADVANCED_FACE ( 'NONE', ( #2742 ), #759, .F. ) ;
#3119 = CARTESIAN_POINT ( 'NONE',  ( 10.40933115196908609, 6.304693514189128749E-15, -5.187082584840810640 ) ) ;
#3120 = PLANE ( 'NONE',  #569 ) ;
#3121 = CARTESIAN_POINT ( 'NONE',  ( 5.440581151969085205, -5.187082584840812416, 2.148559955790349640 ) ) ;
#3122 = EDGE_CURVE ( 'NONE', #935, #1223, #2299, .T. ) ;
#3123 = DIRECTION ( 'NONE',  ( -1.000000000000000000, -0.0000000000000000000, -0.0000000000000000000 ) ) ;
#3124 = CARTESIAN_POINT ( 'NONE',  ( 0.9668813965247646802, 7.070052012334008040, 14.14010402466802141 ) ) ;
#3125 = CARTESIAN_POINT ( 'NONE',  ( -5.519661803323828941, -0.8262907953548989104, 0.6989037811651391818 ) ) ;
#3126 = EDGE_CURVE ( 'NONE', #5414, #2798, #4408, .T. ) ;
#3127 = CARTESIAN_POINT ( 'NONE',  ( 5.534331149920695303, 5.998981397340810595, 2.484859455202465206 ) ) ;
#3128 = CARTESIAN_POINT ( 'NONE',  ( 3.565581151969084761, 2.148559955790348308, 5.187082584840812416 ) ) ;
#3129 = ORIENTED_EDGE ( 'NONE', *, *, #3453, .F. ) ;
#3130 = AXIS2_PLACEMENT_3D ( 'NONE', #3445, #4720, #5109 ) ;
#3131 = CARTESIAN_POINT ( 'NONE',  ( -5.619661803323829474, -0.4637826167685011880, -2.737700342545092980 ) ) ;
#3132 = VECTOR ( 'NONE', #3825, 1000.000000000000000 ) ;
#3133 = DIRECTION ( 'NONE',  ( -0.0000000000000000000, -0.0000000000000000000, 1.000000000000000000 ) ) ;
#3134 = ORIENTED_EDGE ( 'NONE', *, *, #2819, .T. ) ;
#3135 = CARTESIAN_POINT ( 'NONE',  ( -5.619661803323829474, -0.2693651478708425362, -0.4980017158873952243 ) ) ;
#3136 = VERTEX_POINT ( 'NONE', #594 ) ;
#3137 = CARTESIAN_POINT ( 'NONE',  ( 2.035026785919697989, 4.993584183956951250, -2.248916746273769807 ) ) ;
#3138 = PLANE ( 'NONE',  #4218 ) ;
#3139 = ORIENTED_EDGE ( 'NONE', *, *, #1367, .T. ) ;
#3140 = PLANE ( 'NONE',  #2534 ) ;
#3141 = CARTESIAN_POINT ( 'NONE',  ( -0.02048535258922726254, 5.536962622234972820, 0.0000000000000000000 ) ) ;
#3142 = CARTESIAN_POINT ( 'NONE',  ( 9.135009937190321949, 5.051401066788374195, 2.514219530055970875 ) ) ;
#3143 = CARTESIAN_POINT ( 'NONE',  ( 9.532670181026478673, 5.015467072719324015, 1.323221744239065023 ) ) ;
#3144 = ORIENTED_EDGE ( 'NONE', *, *, #4377, .T. ) ;
#3145 = CARTESIAN_POINT ( 'NONE',  ( 1.596831151969084761, 6.304693514189128749E-15, -5.187082584840810640 ) ) ;
#3146 = CARTESIAN_POINT ( 'NONE',  ( -5.519661803323828941, -0.7894806127375767479, -3.260495763607829112 ) ) ;
#3147 = PRODUCT_RELATED_PRODUCT_CATEGORY ( 'part', '', ( #4088 ) ) ;
#3148 = VECTOR ( 'NONE', #4911, 1000.000000000000000 ) ;
#3149 = CARTESIAN_POINT ( 'NONE',  ( 2.065581151969085205, 2.148559955790348752, 5.187082584840813304 ) ) ;
#3150 = CARTESIAN_POINT ( 'NONE',  ( -5.519661803323828941, -0.7894806127375767479, 0.6712963663838882322 ) ) ;
#3151 = ORIENTED_EDGE ( 'NONE', *, *, #4321, .F. ) ;
#3152 = CARTESIAN_POINT ( 'NONE',  ( 0.9668813965247647912, -5.095037542935743957, -6.239621418491854095E-16 ) ) ;
#3153 = EDGE_CURVE ( 'NONE', #5360, #977, #1404, .T. ) ;
#3154 = CARTESIAN_POINT ( 'NONE',  ( -5.619661803323829474, -0.7755022704961843649, -2.821222903745839172 ) ) ;
#3155 = VECTOR ( 'NONE', #4605, 1000.000000000000000 ) ;
#3156 = CARTESIAN_POINT ( 'NONE',  ( 7.034331149920697079, 5.998981397340810595, 2.484859455202465206 ) ) ;
#3157 = CARTESIAN_POINT ( 'NONE',  ( 6.846831151969086093, -3.667821270315587245, 3.667821270315577475 ) ) ;
#3158 = CARTESIAN_POINT ( 'NONE',  ( 6.753081149920695303, 4.241920426271637901, -4.241920426271637012 ) ) ;
#3159 = VERTEX_POINT ( 'NONE', #5368 ) ;
#3160 = EDGE_CURVE ( 'NONE', #3523, #3440, #1786, .T. ) ;
#3161 = CARTESIAN_POINT ( 'NONE',  ( 6.190581149920695303, -5.998981397340809707, -1.101995004959690659E-15 ) ) ;
#3162 = CARTESIAN_POINT ( 'NONE',  ( 2.815581149920694859, 0.0000000000000000000, 5.998981397340809707 ) ) ;
#3163 = ORIENTED_EDGE ( 'NONE', *, *, #325, .F. ) ;
#3164 = CARTESIAN_POINT ( 'NONE',  ( -5.519661803323828941, 0.6376042823617330546, 0.3771632864199848667 ) ) ;
#3165 = CARTESIAN_POINT ( 'NONE',  ( 9.460506990419888851, 5.110923481958095316, -1.296078592981106059 ) ) ;
#3166 = VERTEX_POINT ( 'NONE', #1434 ) ;
#3167 = CARTESIAN_POINT ( 'NONE',  ( 2.215289920832104187, 5.597223107302977674, -0.9900412312594515374 ) ) ;
#3168 = DIRECTION ( 'NONE',  ( 0.0000000000000000000, 0.0000000000000000000, 1.000000000000000000 ) ) ;
#3169 = ORIENTED_EDGE ( 'NONE', *, *, #4979, .T. ) ;
#3170 = EDGE_CURVE ( 'NONE', #4614, #4050, #3190, .T. ) ;
#3171 = CARTESIAN_POINT ( 'NONE',  ( -5.619661803323829474, 1.479317601293971274, 6.447979051232596959 ) ) ;
#3172 = CARTESIAN_POINT ( 'NONE',  ( -2.482082288789165148, 0.0000000000000000000, 0.0000000000000000000 ) ) ;
#3173 = ORIENTED_EDGE ( 'NONE', *, *, #1971, .F. ) ;
#3174 = CARTESIAN_POINT ( 'NONE',  ( -5.619661803323829474, -1.159211031094126598, -2.828094540723978145 ) ) ;
#3175 = CARTESIAN_POINT ( 'NONE',  ( 7.596831151969086093, 3.667821270315586357, -3.667821270315577920 ) ) ;
#3176 = CARTESIAN_POINT ( 'NONE',  ( -5.519661803323828941, 0.3046836022590236337, -2.913248804652626145 ) ) ;
#3177 = FACE_OUTER_BOUND ( 'NONE', #1124, .T. ) ;
#3178 = CARTESIAN_POINT ( 'NONE',  ( 0.4256287514289406326, 0.0000000000000000000, 0.0000000000000000000 ) ) ;
#3179 = VERTEX_POINT ( 'NONE', #1852 ) ;
#3180 = FACE_OUTER_BOUND ( 'NONE', #3215, .T. ) ;
#3181 = EDGE_CURVE ( 'NONE', #3193, #104, #3538, .T. ) ;
#3182 = CARTESIAN_POINT ( 'NONE',  ( 2.253081149920694415, 4.241920426271637901, -4.241920426271637012 ) ) ;
#3183 = CARTESIAN_POINT ( 'NONE',  ( 2.628081151969085649, -5.187082584840807087, -2.148559955790362519 ) ) ;
#3184 = ORIENTED_EDGE ( 'NONE', *, *, #3844, .T. ) ;
#3185 = CARTESIAN_POINT ( 'NONE',  ( -0.02048535258922726254, -5.536962622234972820, -6.780823552318594689E-16 ) ) ;
#3186 = CARTESIAN_POINT ( 'NONE',  ( 7.690581154017475995, 0.0000000000000000000, 5.998981397340809707 ) ) ;
#3187 = CARTESIAN_POINT ( 'NONE',  ( -5.619661803323829474, 0.3046836022590236337, -2.913248804652626145 ) ) ;
#3188 = EDGE_LOOP ( 'NONE', ( #514, #4440, #168, #2839 ) ) ;
#3189 = CARTESIAN_POINT ( 'NONE',  ( 8.159331151969086093, -5.669459105745301380E-15, 5.187082584840810640 ) ) ;
#3190 =( BOUNDED_CURVE ( )  B_SPLINE_CURVE ( 2, ( #3990, #1173, #184, #987, #1881, #2684, #565, #156, #3697 ),
 .UNSPECIFIED., .F., .T. ) 
 B_SPLINE_CURVE_WITH_KNOTS ( ( 3, 2, 2, 2, 3 ),
 ( 0.7857142857142858094, 0.8035714285714287142, 0.8214285714285713969, 0.8392857142857143016, 0.8571428571428570953 ),
 .UNSPECIFIED. ) 
 CURVE ( )  GEOMETRIC_REPRESENTATION_ITEM ( )  RATIONAL_B_SPLINE_CURVE ( ( 0.9999999999999995559, 0.9238795325112871826, 1.000000000000000000, 0.9238795325112867385, 1.000000000000000000, 0.9238795325112867385, 1.000000000000000000, 0.9238795325112867385, 1.000000000000000000 ) ) 
 REPRESENTATION_ITEM ( '' )  );
#3191 = EDGE_CURVE ( 'NONE', #4933, #4016, #1418, .T. ) ;
#3192 = CARTESIAN_POINT ( 'NONE',  ( 8.159331151969086093, 3.667821270315578364, 3.667821270315586357 ) ) ;
#3193 = VERTEX_POINT ( 'NONE', #213 ) ;
#3194 = DIRECTION ( 'NONE',  ( -1.000000000000000000, 0.0000000000000000000, -0.0000000000000000000 ) ) ;
#3195 = CARTESIAN_POINT ( 'NONE',  ( -4.685581803323828787, 9.193575368389713061E-16, -7.507123992640686083 ) ) ;
#3196 = PLANE ( 'NONE',  #77 ) ;
#3197 = EDGE_LOOP ( 'NONE', ( #909, #682, #3898, #1995 ) ) ;
#3198 = DIRECTION ( 'NONE',  ( 0.0000000000000000000, 0.0000000000000000000, 1.000000000000000000 ) ) ;
#3199 = ADVANCED_FACE ( 'NONE', ( #3257 ), #2237, .F. ) ;
#3200 = CARTESIAN_POINT ( 'NONE',  ( 9.190581151969084317, 5.187082584840812416, -2.148559955790347864 ) ) ;
#3201 = PLANE ( 'NONE',  #338 ) ;
#3202 = PLANE ( 'NONE',  #3704 ) ;
#3203 = CARTESIAN_POINT ( 'NONE',  ( 2.348019969537895602, -4.149703662548817285, -4.102425579830883073 ) ) ;
#3204 = CARTESIAN_POINT ( 'NONE',  ( -5.619661803323829474, 1.479317601293971274, -3.027091175365248077 ) ) ;
#3205 = B_SPLINE_SURFACE_WITH_KNOTS ( 'NONE', 3, 1, ( 
 ( #5450, #1417 ),
 ( #5227, #2258 ),
 ( #2730, #5249 ),
 ( #1002, #4423 ) ),
 .UNSPECIFIED., .F., .F., .F.,
 ( 4, 4 ),
 ( 2, 2 ),
 ( 9.000000000000000000, 10.00000000000000000 ),
 ( 0.0000000000000000000, 1.000000000000000000 ),
 .UNSPECIFIED. ) ;
#3206 = DIRECTION ( 'NONE',  ( 0.0000000000000000000, 0.2588992051300786912, -0.9659043439093819572 ) ) ;
#3207 = ORIENTED_EDGE ( 'NONE', *, *, #2247, .F. ) ;
#3208 = DIRECTION ( 'NONE',  ( 0.0000000000000000000, 0.0000000000000000000, 1.000000000000000000 ) ) ;
#3209 = ORIENTED_EDGE ( 'NONE', *, *, #2019, .T. ) ;
#3210 = CARTESIAN_POINT ( 'NONE',  ( 1.878081151969085205, 5.187082584840807975, 2.148559955790359854 ) ) ;
#3211 = VERTEX_POINT ( 'NONE', #2927 ) ;
#3212 = DIRECTION ( 'NONE',  ( -1.000000000000000000, -0.0000000000000000000, -0.0000000000000000000 ) ) ;
#3213 = CARTESIAN_POINT ( 'NONE',  ( -5.519661803323828941, -0.8262907953548989104, -1.931376131795591533 ) ) ;
#3214 = CARTESIAN_POINT ( 'NONE',  ( -5.619661803323829474, 0.2888415995490326016, -2.971609727710007309 ) ) ;
#3215 = EDGE_LOOP ( 'NONE', ( #615, #1808, #694, #4858 ) ) ;
#3216 = CARTESIAN_POINT ( 'NONE',  ( 7.690581151969086982, 5.187082584840813304, -2.148559955790347864 ) ) ;
#3217 = CARTESIAN_POINT ( 'NONE',  ( 9.532670181026478673, 5.015467072719324015, 1.323221744239065023 ) ) ;
#3218 = ORIENTED_EDGE ( 'NONE', *, *, #2823, .F. ) ;
#3219 = CARTESIAN_POINT ( 'NONE',  ( -5.519661803323828941, -0.4637826167685011880, 0.1522300437122748318 ) ) ;
#3220 = EDGE_CURVE ( 'NONE', #3658, #2227, #3777, .T. ) ;
#3221 = CARTESIAN_POINT ( 'NONE',  ( -0.02048535258922726254, -5.536962622234971931, -11.07392524446994564 ) ) ;
#3222 = ORIENTED_EDGE ( 'NONE', *, *, #3329, .F. ) ;
#3223 = CARTESIAN_POINT ( 'NONE',  ( -5.519661803323828941, -2.113893546485134056, -4.121490903010485596 ) ) ;
#3224 = AXIS2_PLACEMENT_3D ( 'NONE', #482, #4656, #847 ) ;
#3225 = ORIENTED_EDGE ( 'NONE', *, *, #1462, .F. ) ;
#3226 = CARTESIAN_POINT ( 'NONE',  ( 8.065581151969086093, 2.148559955790348308, 5.187082584840812416 ) ) ;
#3227 = CARTESIAN_POINT ( 'NONE',  ( 2.316375866946414064, -4.935547669546960670, -3.060938397466079763 ) ) ;
#3228 = B_SPLINE_CURVE_WITH_KNOTS ( 'NONE', 3,
 ( #3232, #4090, #2794, #4922 ),
 .UNSPECIFIED., .F., .F.,
 ( 4, 4 ),
 ( 3.000000000000000000, 4.000000000000000000 ),
 .UNSPECIFIED. ) ;
#3229 = EDGE_CURVE ( 'NONE', #2030, #4526, #1253, .T. ) ;
#3230 = PLANE ( 'NONE',  #903 ) ;
#3231 = ORIENTED_EDGE ( 'NONE', *, *, #2106, .T. ) ;
#3232 = CARTESIAN_POINT ( 'NONE',  ( -5.519661803323828941, 0.2678738640052119035, 0.08152292550487844069 ) ) ;
#3233 = CIRCLE ( 'NONE', #657, 8.516806624687751182 ) ;
#3234 = VECTOR ( 'NONE', #1895, 1000.000000000000227 ) ;
#3235 = AXIS2_PLACEMENT_3D ( 'NONE', #897, #2158, #398 ) ;
#3236 = ORIENTED_EDGE ( 'NONE', *, *, #66, .T. ) ;
#3237 = CARTESIAN_POINT ( 'NONE',  ( 5.909331154017475995, 5.998981397340810595, 2.484859455202465206 ) ) ;
#3238 = CARTESIAN_POINT ( 'NONE',  ( -5.519661803323828941, -0.8262907953548989104, 0.6989037811651391818 ) ) ;
#3239 = DIRECTION ( 'NONE',  ( 0.0000000000000000000, 0.9659216153269674088, 0.2588347601156805178 ) ) ;
#3240 = DIRECTION ( 'NONE',  ( -1.000000000000000000, -0.0000000000000000000, -0.0000000000000000000 ) ) ;
#3241 = ORIENTED_EDGE ( 'NONE', *, *, #2303, .F. ) ;
#3242 = CARTESIAN_POINT ( 'NONE',  ( 5.909331151969086093, -3.667821270315577920, -3.667821270315587245 ) ) ;
#3243 = LINE ( 'NONE', #3765, #2890 ) ;
#3244 = ORIENTED_EDGE ( 'NONE', *, *, #5050, .F. ) ;
#3245 = DIRECTION ( 'NONE',  ( 0.0000000000000000000, -0.0000000000000000000, 1.000000000000000000 ) ) ;
#3246 = DIRECTION ( 'NONE',  ( 0.0000000000000000000, 0.9659135991570954038, 0.2588646730695129405 ) ) ;
#3247 = ORIENTED_EDGE ( 'NONE', *, *, #1569, .F. ) ;
#3248 = B_SPLINE_SURFACE_WITH_KNOTS ( 'NONE', 3, 1, ( 
 ( #5119, #1323 ),
 ( #3020, #4704 ),
 ( #898, #2600 ),
 ( #4290, #5068 ) ),
 .UNSPECIFIED., .F., .F., .F.,
 ( 4, 4 ),
 ( 2, 2 ),
 ( 3.000000000000000000, 4.000000000000000000 ),
 ( 0.0000000000000000000, 1.000000000000000000 ),
 .UNSPECIFIED. ) ;
#3249 = DIRECTION ( 'NONE',  ( 0.0000000000000000000, 0.0000000000000000000, 1.000000000000000000 ) ) ;
#3250 = EDGE_CURVE ( 'NONE', #1697, #4412, #4670, .T. ) ;
#3251 = ORIENTED_EDGE ( 'NONE', *, *, #2586, .T. ) ;
#3252 = CARTESIAN_POINT ( 'NONE',  ( 4.596831151969085205, 3.667821270315586357, -3.667821270315577920 ) ) ;
#3253 = CARTESIAN_POINT ( 'NONE',  ( 2.122763305226547992, -3.919383551898437901, 3.965969188323740013 ) ) ;
#3254 = CARTESIAN_POINT ( 'NONE',  ( 1.315581149920693527, 0.0000000000000000000, 5.998981397340809707 ) ) ;
#3255 = DIRECTION ( 'NONE',  ( 0.0000000000000000000, 0.9659333409038938223, 0.2587909985494898923 ) ) ;
#3256 = EDGE_CURVE ( 'NONE', #843, #4964, #4099, .T. ) ;
#3257 = FACE_OUTER_BOUND ( 'NONE', #501, .T. ) ;
#3258 = ORIENTED_EDGE ( 'NONE', *, *, #5154, .T. ) ;
#3259 = CARTESIAN_POINT ( 'NONE',  ( -5.519661803323828941, 0.6376042823617330546, 0.9577366256439050485 ) ) ;
#3260 = EDGE_CURVE ( 'NONE', #1178, #4050, #2064, .T. ) ;
#3261 = ORIENTED_EDGE ( 'NONE', *, *, #3484, .T. ) ;
#3262 = CARTESIAN_POINT ( 'NONE',  ( 0.6593311519690839839, -5.669459105745301380E-15, 5.187082584840810640 ) ) ;
#3263 = AXIS2_PLACEMENT_3D ( 'NONE', #5477, #3365, #2535 ) ;
#3264 = CARTESIAN_POINT ( 'NONE',  ( 0.0000000000000000000, 0.0000000000000000000, 0.0000000000000000000 ) ) ;
#3265 = AXIS2_PLACEMENT_3D ( 'NONE', #846, #2912, #5093 ) ;
#3266 = DIRECTION ( 'NONE',  ( 0.0000000000000000000, 0.4999992319065446056, 0.8660258472429476218 ) ) ;
#3267 = CARTESIAN_POINT ( 'NONE',  ( -5.519661803323828941, -0.2238187790798542576, 0.2943410420762554436 ) ) ;
#3268 = CARTESIAN_POINT ( 'NONE',  ( 1.854538846191225998, 4.685443528878701080, 2.423411172635936417 ) ) ;
#3269 = EDGE_LOOP ( 'NONE', ( #3605, #5344, #2674, #3763 ) ) ;
#3270 = CARTESIAN_POINT ( 'NONE',  ( 5.159331151969085205, 3.667821270315578364, 3.667821270315586357 ) ) ;
#3271 = CARTESIAN_POINT ( 'NONE',  ( -5.519661803323828941, 1.930822899253078262, 3.938455804857458720 ) ) ;
#3272 = EDGE_LOOP ( 'NONE', ( #5499, #4992, #2933, #3089 ) ) ;
#3273 = VECTOR ( 'NONE', #995, 1000.000000000000000 ) ;
#3274 = CARTESIAN_POINT ( 'NONE',  ( -5.519661803323828941, 0.3975240214392646854, -0.6639945855494018279 ) ) ;
#3275 = CARTESIAN_POINT ( 'NONE',  ( -5.519661803323828941, -0.8262907953548989104, -1.931376131795591533 ) ) ;
#3276 = EDGE_LOOP ( 'NONE', ( #3918, #4630, #4089, #1840 ) ) ;
#3277 = FACE_OUTER_BOUND ( 'NONE', #520, .T. ) ;
#3278 = VERTEX_POINT ( 'NONE', #1228 ) ;
#3279 = CARTESIAN_POINT ( 'NONE',  ( 3.659331151969084761, -5.669459105745301380E-15, 5.187082584840810640 ) ) ;
#3280 = DIRECTION ( 'NONE',  ( -1.000000000000000000, -0.0000000000000000000, -0.0000000000000000000 ) ) ;
#3281 = CARTESIAN_POINT ( 'NONE',  ( -5.519661803323828941, -0.8810394876184768354, 0.3020338627802104936 ) ) ;
#3282 = CARTESIAN_POINT ( 'NONE',  ( 9.846831151969086093, -5.669459105745300591E-15, 5.187082584840810640 ) ) ;
#3283 = EDGE_CURVE ( 'NONE', #778, #2798, #4226, .T. ) ;
#3284 = LINE ( 'NONE', #758, #10 ) ;
#3285 = CARTESIAN_POINT ( 'NONE',  ( 8.440581154017475995, 7.346633366397939041E-16, -5.998981397340809707 ) ) ;
#3286 = CARTESIAN_POINT ( 'NONE',  ( -5.619661803323829474, 0.2888415995490326016, -2.971609727710007309 ) ) ;
#3287 = ORIENTED_EDGE ( 'NONE', *, *, #1180, .T. ) ;
#3288 = CARTESIAN_POINT ( 'NONE',  ( 9.055588617492622561, -5.704374178689463726, -0.5447873513271752621 ) ) ;
#3289 = ADVANCED_FACE ( 'NONE', ( #4253 ), #4449, .F. ) ;
#3290 = VERTEX_POINT ( 'NONE', #4335 ) ;
#3291 = CARTESIAN_POINT ( 'NONE',  ( 0.9405811519690842060, -5.187082584840811528, 2.148559955790349640 ) ) ;
#3292 = LINE ( 'NONE', #5406, #1112 ) ;
#3293 = APPLICATION_CONTEXT ( 'automotive_design' ) ;
#3294 = B_SPLINE_SURFACE_WITH_KNOTS ( 'NONE', 3, 1, ( 
 ( #3281, #2281 ),
 ( #317, #1890 ),
 ( #3575, #1127 ),
 ( #5246, #4540 ) ),
 .UNSPECIFIED., .F., .F., .F.,
 ( 4, 4 ),
 ( 2, 2 ),
 ( 11.00000000000000000, 12.00000000000000000 ),
 ( 0.0000000000000000000, 1.000000000000000000 ),
 .UNSPECIFIED. ) ;
#3295 = LINE ( 'NONE', #4153, #2386 ) ;
#3296 = LINE ( 'NONE', #3267, #3568 ) ;
#3297 = ADVANCED_FACE ( 'NONE', ( #3418 ), #1361, .F. ) ;
#3298 = DIRECTION ( 'NONE',  ( -1.000000000000000000, -0.0000000000000000000, -0.0000000000000000000 ) ) ;
#3299 = VERTEX_POINT ( 'NONE', #1313 ) ;
#3300 = CARTESIAN_POINT ( 'NONE',  ( 3.659331151969084761, 3.667821270315578364, 3.667821270315586357 ) ) ;
#3301 = FACE_OUTER_BOUND ( 'NONE', #720, .T. ) ;
#3302 = ORIENTED_EDGE ( 'NONE', *, *, #430, .T. ) ;
#3303 = CARTESIAN_POINT ( 'NONE',  ( 9.532670181028855438, 4.928549113107293600, 1.652670807741860370 ) ) ;
#3304 = DIRECTION ( 'NONE',  ( 0.0000000000000000000, 0.0000000000000000000, 1.000000000000000000 ) ) ;
#3305 = ORIENTED_EDGE ( 'NONE', *, *, #4716, .F. ) ;
#3306 = DIRECTION ( 'NONE',  ( 0.0000000000000000000, -0.0000000000000000000, -1.000000000000000000 ) ) ;
#3307 = ORIENTED_EDGE ( 'NONE', *, *, #4679, .T. ) ;
#3308 = CARTESIAN_POINT ( 'NONE',  ( 1.512306037783867518, 7.070052012334011593, -14.14010402466802141 ) ) ;
#3309 = CARTESIAN_POINT ( 'NONE',  ( 3.096831151969084317, 3.667821270315586357, -3.667821270315577920 ) ) ;
#3310 = CARTESIAN_POINT ( 'NONE',  ( 5.440581154017475995, 7.346633366397939041E-16, -5.998981397340809707 ) ) ;
#3311 = CARTESIAN_POINT ( 'NONE',  ( -5.519661803323828941, 0.6376042823617330546, -1.083466608386970176 ) ) ;
#3312 = CARTESIAN_POINT ( 'NONE',  ( 8.721831151969086093, -5.187082584840810640, -6.622310718411041645E-15 ) ) ;
#3313 = VECTOR ( 'NONE', #875, 1000.000000000000000 ) ;
#3314 = LINE ( 'NONE', #700, #3587 ) ;
#3315 = CARTESIAN_POINT ( 'NONE',  ( 5.440581151969085205, -2.148559955790363407, 5.187082584840807087 ) ) ;
#3316 = CARTESIAN_POINT ( 'NONE',  ( -5.619661803323829474, 0.3975240214392646854, -3.287054480557444425 ) ) ;
#3317 = ORIENTED_EDGE ( 'NONE', *, *, #531, .F. ) ;
#3318 = CARTESIAN_POINT ( 'NONE',  ( 8.159331154017477772, -5.998981397340808819, -2.484859455202467871 ) ) ;
#3319 = AXIS2_PLACEMENT_3D ( 'NONE', #4634, #826, #3796 ) ;
#3320 = EDGE_CURVE ( 'NONE', #4723, #2720, #3009, .T. ) ;
#3321 = CARTESIAN_POINT ( 'NONE',  ( -5.619661803323829474, 0.0000000000000000000, 7.507123992640686083 ) ) ;
#3322 = DIRECTION ( 'NONE',  ( 0.0000000000000000000, -0.9659277383819541152, -0.2588119089692809127 ) ) ;
#3323 = CARTESIAN_POINT ( 'NONE',  ( -5.519661803323828941, -1.027347499126436858, -3.668901358140721047 ) ) ;
#3324 = CARTESIAN_POINT ( 'NONE',  ( 6.190581154017475995, 0.0000000000000000000, 5.998981397340809707 ) ) ;
#3325 = ORIENTED_EDGE ( 'NONE', *, *, #2348, .F. ) ;
#3326 = AXIS2_PLACEMENT_3D ( 'NONE', #3467, #2225, #56 ) ;
#3327 = CARTESIAN_POINT ( 'NONE',  ( 3.378081151969085205, 5.187082584840813304, -2.148559955790347864 ) ) ;
#3328 = CARTESIAN_POINT ( 'NONE',  ( -5.619661803323829474, -0.7755022704961843649, -1.519593374754033777 ) ) ;
#3329 = EDGE_CURVE ( 'NONE', #2429, #4010, #3471, .T. ) ;
#3330 = ORIENTED_EDGE ( 'NONE', *, *, #3320, .F. ) ;
#3331 = VECTOR ( 'NONE', #4675, 1000.000000000000000 ) ;
#3332 = CARTESIAN_POINT ( 'NONE',  ( -5.519661803323828941, -1.159211031094126598, -0.7364507184454957001 ) ) ;
#3333 = CARTESIAN_POINT ( 'NONE',  ( 3.190581154017475551, 0.0000000000000000000, 5.998981397340809707 ) ) ;
#3334 = ORIENTED_EDGE ( 'NONE', *, *, #1539, .F. ) ;
#3335 = EDGE_CURVE ( 'NONE', #4526, #1631, #1210, .T. ) ;
#3336 = ORIENTED_EDGE ( 'NONE', *, *, #3652, .T. ) ;
#3337 = FACE_OUTER_BOUND ( 'NONE', #4951, .T. ) ;
#3338 = CARTESIAN_POINT ( 'NONE',  ( 1.315581151969084761, -2.148559955790347864, -5.187082584840813304 ) ) ;
#3339 =( BOUNDED_SURFACE ( )  B_SPLINE_SURFACE ( 1, 2, ( 
 ( #1350, #432, #3853, #3379, #879, #2550, #2662, #3405, #5099, #78, #1748, #5071, #3048, #3025, #4685, #2139, #3822, #4352, #1274, #512, #3909, #4240, #20, #4709, #102, #1717, #2164, #5495, #2999, #905, #2970, #1797, #1303, #2243, #3486, #5180, #2605, #2579, #4660, #457, #4294, #486, #5320, #1403, #1826, #2271, #3157, #623, #3563, #155, #651, #1043, #1939, #212, #3960, #986, #2355, #4407, #1465, #2799, #4373, #564, #593, #2769, #2298, #5262, #1851, #2327, #4842, #4812, #4015, #3537, #3622, #1910, #5236, #2683, #4046, #3989, #2741, #4490, #1433, #3128, #183, #4460, #1880, #4434, #1014, #3596, #5291, #2714, #1492, #3183, #4897, #4870, #1069, #683, #242, #3933, #1520, #3210, #1097, #130, #3512, #5208, #3102, #4786, #1625, #344, #2937, #3291, #1989, #2049, #3262 ),
 ( #3728, #4151, #369, #4952, #2075, #4123, #1212, #3348, #5430, #5039, #5345, #3756, #1239, #3674, #4538, #266, #4512, #2405, #5405, #5009, #5375, #1546, #1572, #734, #316, #4569, #2910, #3318, #4600, #792, #4977, #3646, #4924, #2021, #1658, #1964, #1152, #1179, #2854, #2490, #705, #2881, #4069, #3702, #5458, #4626, #4180, #2432, #1601, #764, #2382, #3237, #2459, #1125, #2825, #4093, #288, #3454, #5145, #817, #2515, #41, #2991, #2215, #5090, #5487, #4677, #397, #4206, #2105, #4320, #3785, #871, #1372, #3072, #3428, #450, #4261, #1742, #1686, #3375, #424, #5066, #5117, #1268, #2157, #506, #1791, #1345, #2132, #1296, #3845, #97, #1766, #1320, #3398, #2187, #2965, #4729, #3044, #923, #4652, #844, #3017, #2571, #3902, #4702, #2544, #896, #4233, #3815, #14, #3480 ) ),
 .UNSPECIFIED., .F., .F., .F. ) 
 B_SPLINE_SURFACE_WITH_KNOTS ( ( 2, 2 ),
 ( 3, 2, 2, 2, 2, 2, 2, 2, 2, 2, 2, 2, 2, 2, 2, 2, 2, 2, 2, 2, 2, 2, 2, 2, 2, 2, 2, 2, 2, 2, 2, 2, 2, 2, 2, 2, 2, 2, 2, 2, 2, 2, 2, 2, 2, 2, 2, 2, 2, 2, 2, 2, 2, 2, 2, 2, 3 ),
 ( 0.0000000000000000000, 1.000000000000000000 ),
 ( 0.0000000000000000000, 0.01785714285714285615, 0.03571428571428571230, 0.05357142857142856845, 0.07142857142857142461, 0.08928571428571428770, 0.1071428571428571369, 0.1250000000000000000, 0.1428571428571428492, 0.1607142857142857262, 0.1785714285714285754, 0.1964285714285714246, 0.2142857142857142738, 0.2321428571428571508, 0.2500000000000000000, 0.2678571428571428492, 0.2857142857142856984, 0.3035714285714285476, 0.3214285714285714524, 0.3392857142857143016, 0.3571428571428571508, 0.3750000000000000000, 0.3928571428571428492, 0.4107142857142856984, 0.4285714285714285476, 0.4464285714285714524, 0.4642857142857143016, 0.4821428571428571508, 0.5000000000000000000, 0.5178571428571429047, 0.5357142857142856984, 0.5535714285714286031, 0.5714285714285713969, 0.5892857142857143016, 0.6071428571428570953, 0.6250000000000000000, 0.6428571428571429047, 0.6607142857142856984, 0.6785714285714286031, 0.6964285714285713969, 0.7142857142857143016, 0.7321428571428570953, 0.7500000000000000000, 0.7678571428571429047, 0.7857142857142856984, 0.8035714285714286031, 0.8214285714285713969, 0.8392857142857143016, 0.8571428571428570953, 0.8750000000000000000, 0.8928571428571429047, 0.9107142857142856984, 0.9285714285714286031, 0.9464285714285713969, 0.9642857142857143016, 0.9821428571428570953, 1.000000000000000000 ),
 .UNSPECIFIED. ) 
 GEOMETRIC_REPRESENTATION_ITEM ( )  RATIONAL_B_SPLINE_SURFACE ( (
 ( 1.000000000000000000, 0.9238795325112867385, 1.000000000000000000, 0.9238795325112867385, 1.000000000000000000, 0.9238795325112867385, 1.000000000000000000, 0.9238795325112867385, 1.000000000000000000, 0.9238795325112867385, 1.000000000000000000, 0.9238795325112867385, 1.000000000000000000, 0.9238795325112867385, 1.000000000000000000, 0.9238795325112867385, 1.000000000000000000, 0.9238795325112867385, 1.000000000000000000, 0.9238795325112867385, 1.000000000000000000, 0.9238795325112867385, 1.000000000000000000, 0.9238795325112867385, 1.000000000000000000, 0.9238795325112867385, 1.000000000000000000, 0.9238795325112867385, 1.000000000000000000, 0.9238795325112867385, 1.000000000000000000, 0.9238795325112867385, 1.000000000000000000, 0.9238795325112867385, 1.000000000000000000, 0.9238795325112867385, 1.000000000000000000, 0.9238795325112867385, 1.000000000000000000, 0.9238795325112867385, 1.000000000000000000, 0.9238795325112867385, 1.000000000000000000, 0.9238795325112867385, 1.000000000000000000, 0.9238795325112867385, 1.000000000000000000, 0.9238795325112867385, 1.000000000000000000, 0.9238795325112867385, 1.000000000000000000, 0.9238795325112867385, 1.000000000000000000, 0.9238795325112867385, 1.000000000000000000, 0.9238795325112867385, 1.000000000000000000, 0.9238795325112867385, 1.000000000000000000, 0.9238795325112867385, 1.000000000000000000, 0.9238795325112867385, 1.000000000000000000, 0.9238795325112867385, 1.000000000000000000, 0.9238795325112867385, 1.000000000000000000, 0.9238795325112867385, 1.000000000000000000, 0.9238795325112867385, 1.000000000000000000, 0.9238795325112867385, 1.000000000000000000, 0.9238795325112867385, 1.000000000000000000, 0.9238795325112867385, 1.000000000000000000, 0.9238795325112867385, 1.000000000000000000, 0.9238795325112867385, 1.000000000000000000, 0.9238795325112867385, 1.000000000000000000, 0.9238795325112867385, 1.000000000000000000, 0.9238795325112867385, 1.000000000000000000, 0.9238795325112867385, 1.000000000000000000, 0.9238795325112867385, 1.000000000000000000, 0.9238795325112867385, 1.000000000000000000, 0.9238795325112867385, 1.000000000000000000, 0.9238795325112867385, 1.000000000000000000, 0.9238795325112867385, 1.000000000000000000, 0.9238795325112867385, 1.000000000000000000, 0.9238795325112867385, 1.000000000000000000, 0.9238795325112867385, 1.000000000000000000, 0.9238795325112867385, 1.000000000000000000, 0.9238795325112867385, 1.000000000000000000, 0.9238795325112867385, 1.000000000000000000, 0.9238795325112867385, 1.000000000000000000),
 ( 1.000000000000000000, 0.9238795325112867385, 1.000000000000000000, 0.9238795325112867385, 1.000000000000000000, 0.9238795325112867385, 1.000000000000000000, 0.9238795325112867385, 1.000000000000000000, 0.9238795325112867385, 1.000000000000000000, 0.9238795325112867385, 1.000000000000000000, 0.9238795325112867385, 1.000000000000000000, 0.9238795325112867385, 1.000000000000000000, 0.9238795325112867385, 1.000000000000000000, 0.9238795325112867385, 1.000000000000000000, 0.9238795325112867385, 1.000000000000000000, 0.9238795325112867385, 1.000000000000000000, 0.9238795325112867385, 1.000000000000000000, 0.9238795325112867385, 1.000000000000000000, 0.9238795325112867385, 1.000000000000000000, 0.9238795325112867385, 1.000000000000000000, 0.9238795325112867385, 1.000000000000000000, 0.9238795325112867385, 1.000000000000000000, 0.9238795325112867385, 1.000000000000000000, 0.9238795325112867385, 1.000000000000000000, 0.9238795325112867385, 1.000000000000000000, 0.9238795325112867385, 1.000000000000000000, 0.9238795325112867385, 1.000000000000000000, 0.9238795325112867385, 1.000000000000000000, 0.9238795325112867385, 1.000000000000000000, 0.9238795325112867385, 1.000000000000000000, 0.9238795325112867385, 1.000000000000000000, 0.9238795325112867385, 1.000000000000000000, 0.9238795325112867385, 1.000000000000000000, 0.9238795325112867385, 1.000000000000000000, 0.9238795325112867385, 1.000000000000000000, 0.9238795325112867385, 1.000000000000000000, 0.9238795325112867385, 1.000000000000000000, 0.9238795325112867385, 1.000000000000000000, 0.9238795325112867385, 1.000000000000000000, 0.9238795325112867385, 1.000000000000000000, 0.9238795325112867385, 1.000000000000000000, 0.9238795325112867385, 1.000000000000000000, 0.9238795325112867385, 1.000000000000000000, 0.9238795325112867385, 1.000000000000000000, 0.9238795325112867385, 1.000000000000000000, 0.9238795325112867385, 1.000000000000000000, 0.9238795325112867385, 1.000000000000000000, 0.9238795325112867385, 1.000000000000000000, 0.9238795325112867385, 1.000000000000000000, 0.9238795325112867385, 1.000000000000000000, 0.9238795325112867385, 1.000000000000000000, 0.9238795325112867385, 1.000000000000000000, 0.9238795325112867385, 1.000000000000000000, 0.9238795325112867385, 1.000000000000000000, 0.9238795325112867385, 1.000000000000000000, 0.9238795325112867385, 1.000000000000000000, 0.9238795325112867385, 1.000000000000000000, 0.9238795325112867385, 1.000000000000000000, 0.9238795325112867385, 1.000000000000000000, 0.9238795325112867385, 1.000000000000000000) ) ) 
 REPRESENTATION_ITEM ( '' )  SURFACE ( )  );
#3340 = CARTESIAN_POINT ( 'NONE',  ( 8.065581149920696191, 7.346633366397939041E-16, -5.998981397340809707 ) ) ;
#3341 = LINE ( 'NONE', #1616, #3409 ) ;
#3342 = CARTESIAN_POINT ( 'NONE',  ( 6.940581151969086982, -2.148559955790363407, 5.187082584840807087 ) ) ;
#3343 = CARTESIAN_POINT ( 'NONE',  ( 1.512306037783867296, -7.070052012334011593, -8.658316566710150725E-16 ) ) ;
#3344 = CARTESIAN_POINT ( 'NONE',  ( 9.096831151969086093, 6.304693514189128749E-15, -5.187082584840810640 ) ) ;
#3345 = EDGE_LOOP ( 'NONE', ( #3463, #3347, #551, #2416 ) ) ;
#3346 = CARTESIAN_POINT ( 'NONE',  ( 9.269113847151441377, -8.126686930312690088E-12, -5.485484966162132103 ) ) ;
#3347 = ORIENTED_EDGE ( 'NONE', *, *, #3659, .F. ) ;
#3348 = CARTESIAN_POINT ( 'NONE',  ( 10.03433115401747600, 2.484859455202465650, -5.998981397340810595 ) ) ;
#3349 = CARTESIAN_POINT ( 'NONE',  ( -5.519661803323828941, -1.930845117427445246, 3.938455804857458720 ) ) ;
#3350 = CARTESIAN_POINT ( 'NONE',  ( -5.519661803323828941, 1.479317601293971274, 6.447979051232596959 ) ) ;
#3351 = DIRECTION ( 'NONE',  ( -1.000000000000000000, -0.0000000000000000000, -0.0000000000000000000 ) ) ;
#3352 = CARTESIAN_POINT ( 'NONE',  ( -5.519661803323828941, -0.09481819556556669859, 4.121490903010486484 ) ) ;
#3353 = VERTEX_POINT ( 'NONE', #4745 ) ;
#3354 = ADVANCED_FACE ( 'NONE', ( #5163 ), #5138, .F. ) ;
#3355 = VECTOR ( 'NONE', #3470, 1000.000000000000000 ) ;
#3356 = CARTESIAN_POINT ( 'NONE',  ( 4.128081151969085205, -5.187082584840812416, 2.148559955790349640 ) ) ;
#3357 = CARTESIAN_POINT ( 'NONE',  ( 0.0000000000000000000, 0.0000000000000000000, 5.998981397340809707 ) ) ;
#3358 = ORIENTED_EDGE ( 'NONE', *, *, #3335, .F. ) ;
#3359 = CARTESIAN_POINT ( 'NONE',  ( 9.532670181029143208, 4.809413413744524135, 1.972602643630338104 ) ) ;
#3360 = DIRECTION ( 'NONE',  ( 0.0000000000000000000, 0.8386712082700421567, 0.5446380490003132069 ) ) ;
#3361 = EDGE_LOOP ( 'NONE', ( #3885, #4814, #966, #4023, #1926, #5336, #1693, #5373, #4595, #3743, #4986, #5296 ) ) ;
#3362 = EDGE_CURVE ( 'NONE', #5080, #1911, #2383, .T. ) ;
#3363 = DIRECTION ( 'NONE',  ( 0.0000000000000000000, -1.000000000000000000, 0.0000000000000000000 ) ) ;
#3364 = ORIENTED_EDGE ( 'NONE', *, *, #5232, .F. ) ;
#3365 = DIRECTION ( 'NONE',  ( 0.0000000000000000000, -0.2588163066862323447, 0.9659265600413409203 ) ) ;
#3366 = CARTESIAN_POINT ( 'NONE',  ( 1.034331151969084317, -5.187082584840810640, -6.622310718411043223E-15 ) ) ;
#3367 = CARTESIAN_POINT ( 'NONE',  ( -5.619661803323829474, -0.3393741710386526944, 0.2633564647863967934 ) ) ;
#3368 = CARTESIAN_POINT ( 'NONE',  ( 10.12808115196908609, -5.187082584840811528, 2.148559955790349640 ) ) ;
#3369 = EDGE_CURVE ( 'NONE', #2168, #2234, #3892, .T. ) ;
#3370 =( BOUNDED_CURVE ( )  B_SPLINE_CURVE ( 2, ( #3340, #4140, #334, #306, #4998, #2011, #1200, #359, #1646 ),
 .UNSPECIFIED., .F., .T. ) 
 B_SPLINE_CURVE_WITH_KNOTS ( ( 3, 2, 2, 2, 3 ),
 ( 0.3571428571428570398, 0.3749999999999998890, 0.3928571428571427937, 0.4107142857142856984, 0.4285714285714285476 ),
 .UNSPECIFIED. ) 
 CURVE ( )  GEOMETRIC_REPRESENTATION_ITEM ( )  RATIONAL_B_SPLINE_CURVE ( ( 1.000000000000000444, 0.9238795325112862944, 1.000000000000000000, 0.9238795325112867385, 1.000000000000000000, 0.9238795325112867385, 1.000000000000000000, 0.9238795325112867385, 1.000000000000000000 ) ) 
 REPRESENTATION_ITEM ( '' )  );
#3371 = CARTESIAN_POINT ( 'NONE',  ( 6.940581151969086982, -2.148559955790363407, 5.187082584840807087 ) ) ;
#3372 = ORIENTED_EDGE ( 'NONE', *, *, #505, .T. ) ;
#3373 = CARTESIAN_POINT ( 'NONE',  ( 9.175445830314853168, -3.362563820503572387, -4.471399880070044297 ) ) ;
#3374 = EDGE_LOOP ( 'NONE', ( #285, #3950, #2048, #1254 ) ) ;
#3375 = CARTESIAN_POINT ( 'NONE',  ( 3.190581154017475551, 0.0000000000000000000, 5.998981397340809707 ) ) ;
#3376 = CARTESIAN_POINT ( 'NONE',  ( 2.492805465814642130, 0.0000000000000000000, 0.0000000000000000000 ) ) ;
#3377 = DIRECTION ( 'NONE',  ( 0.0000000000000000000, 0.9659055957817822557, 0.2588945345839501755 ) ) ;
#3378 = CARTESIAN_POINT ( 'NONE',  ( 0.02024695280851037185, 5.473914394502774172, 0.0000000000000000000 ) ) ;
#3379 = CARTESIAN_POINT ( 'NONE',  ( 10.87808115196908609, 5.187082584840807975, 2.148559955790359854 ) ) ;
#3380 = DIRECTION ( 'NONE',  ( -0.0000000000000000000, 1.000000000000000000, 0.0000000000000000000 ) ) ;
#3381 = ORIENTED_EDGE ( 'NONE', *, *, #2286, .F. ) ;
#3382 = CARTESIAN_POINT ( 'NONE',  ( 9.532670181029137879, 3.691275136060004680, 3.660038293641506790 ) ) ;
#3383 = CARTESIAN_POINT ( 'NONE',  ( -5.619661803323829474, -1.687885942125433261E-18, 0.0000000000000000000 ) ) ;
#3384 = ORIENTED_EDGE ( 'NONE', *, *, #3516, .T. ) ;
#3385 = DIRECTION ( 'NONE',  ( 0.0000000000000000000, -0.0000000000000000000, 1.000000000000000000 ) ) ;
#3386 = CARTESIAN_POINT ( 'NONE',  ( -5.519661803323828941, -2.113893546485134056, -4.121490903010485596 ) ) ;
#3387 = VERTEX_POINT ( 'NONE', #3710 ) ;
#3388 = LINE ( 'NONE', #5081, #5395 ) ;
#3389 = CARTESIAN_POINT ( 'NONE',  ( 2.065581151969085205, 2.148559955790348308, 5.187082584840812416 ) ) ;
#3390 = EDGE_CURVE ( 'NONE', #5341, #1947, #1220, .T. ) ;
#3391 = CARTESIAN_POINT ( 'NONE',  ( 1.787875908728443930, 5.186450471978243826, 0.08097680949191894684 ) ) ;
#3392 = DIRECTION ( 'NONE',  ( 0.0000000000000000000, -0.0000000000000000000, -1.000000000000000000 ) ) ;
#3393 = CARTESIAN_POINT ( 'NONE',  ( 7.128081151969086982, -5.187082584840811528, 2.148559955790349640 ) ) ;
#3394 = ADVANCED_FACE ( 'NONE', ( #2944 ), #5413, .F. ) ;
#3395 = LINE ( 'NONE', #2101, #2441 ) ;
#3396 = VECTOR ( 'NONE', #4374, 1000.000000000000000 ) ;
#3397 = ADVANCED_FACE ( 'NONE', ( #2838 ), #5018, .F. ) ;
#3398 = CARTESIAN_POINT ( 'NONE',  ( 1.784331154017475995, -2.484859455202468759, 5.998981397340808819 ) ) ;
#3399 = EDGE_CURVE ( 'NONE', #3682, #1223, #1634, .T. ) ;
#3400 = CARTESIAN_POINT ( 'NONE',  ( -5.519661803323828941, -0.1434427557374629292, -2.885524077910556429 ) ) ;
#3401 = LINE ( 'NONE', #4655, #5307 ) ;
#3402 = CARTESIAN_POINT ( 'NONE',  ( -5.519661803323828941, -2.113893546485134056, 4.121490903010486484 ) ) ;
#3403 = CARTESIAN_POINT ( 'NONE',  ( 6.378081151969084317, 5.187082584840807975, 2.148559955790359854 ) ) ;
#3404 = DIRECTION ( 'NONE',  ( -1.000000000000000000, 0.0000000000000000000, -0.0000000000000000000 ) ) ;
#3405 = CARTESIAN_POINT ( 'NONE',  ( 10.50308115196908609, 2.148559955790360299, -5.187082584840807975 ) ) ;
#3406 = LINE ( 'NONE', #4326, #4404 ) ;
#3407 = ORIENTED_EDGE ( 'NONE', *, *, #1397, .F. ) ;
#3408 = DIRECTION ( 'NONE',  ( -0.0000000000000000000, 0.3747305297331189888, 0.9271337714083852655 ) ) ;
#3409 = VECTOR ( 'NONE', #5111, 1000.000000000000000 ) ;
#3410 = MECHANICAL_DESIGN_GEOMETRIC_PRESENTATION_REPRESENTATION (  '', ( #1290 ), #4120 ) ;
#3411 = CARTESIAN_POINT ( 'NONE',  ( -5.519661803323828941, -1.159211031094126598, -2.828094540723978145 ) ) ;
#3412 = ORIENTED_EDGE ( 'NONE', *, *, #206, .T. ) ;
#3413 = VECTOR ( 'NONE', #5300, 1000.000000000000000 ) ;
#3414 = CARTESIAN_POINT ( 'NONE',  ( -5.519661803323828941, -0.8262907953548989104, -1.931376131795591533 ) ) ;
#3415 = AXIS2_PLACEMENT_3D ( 'NONE', #4678, #4152, #2491 ) ;
#3416 = EDGE_LOOP ( 'NONE', ( #1752, #3714, #729, #1102 ) ) ;
#3417 = DIRECTION ( 'NONE',  ( 0.0000000000000000000, 0.9659258319783364799, 0.2588190238698816481 ) ) ;
#3418 = FACE_OUTER_BOUND ( 'NONE', #5444, .T. ) ;
#3419 = CARTESIAN_POINT ( 'NONE',  ( -5.519661803323828941, 1.930822899253078262, -3.938406036146827827 ) ) ;
#3420 = CARTESIAN_POINT ( 'NONE',  ( 2.628081151969085649, -5.187082584840811528, 2.148559955790349640 ) ) ;
#3421 = AXIS2_PLACEMENT_3D ( 'NONE', #5376, #3168, #4418 ) ;
#3422 = CARTESIAN_POINT ( 'NONE',  ( 0.9668813965247647912, -5.095037542935743957, -6.239621418491854095E-16 ) ) ;
#3423 = ADVANCED_FACE ( 'NONE', ( #3301 ), #3794, .F. ) ;
#3424 = B_SPLINE_CURVE_WITH_KNOTS ( 'NONE', 3,
 ( #2261, #4317, #4398, #2183 ),
 .UNSPECIFIED., .F., .F.,
 ( 4, 4 ),
 ( 0.0000000000000000000, 1.000000000000000000 ),
 .UNSPECIFIED. ) ;
#3425 = CARTESIAN_POINT ( 'NONE',  ( 5.628081151969085205, -5.187082584840811528, 2.148559955790349640 ) ) ;
#3426 = CARTESIAN_POINT ( 'NONE',  ( -5.519661803323828941, 0.6376042823617330546, -1.843313953201624944 ) ) ;
#3427 = EDGE_CURVE ( 'NONE', #4243, #1110, #1588, .T. ) ;
#3428 = CARTESIAN_POINT ( 'NONE',  ( 3.659331154017475551, -5.998981397340808819, -2.484859455202467871 ) ) ;
#3429 = DIRECTION ( 'NONE',  ( -1.000000000000000000, -0.0000000000000000000, -0.0000000000000000000 ) ) ;
#3430 = LINE ( 'NONE', #5462, #4862 ) ;
#3431 = CARTESIAN_POINT ( 'NONE',  ( -5.519661803323828941, 0.5131958366318902787, -3.256069903267517329 ) ) ;
#3432 = PRODUCT_CONTEXT ( 'NONE', #5173, 'mechanical' ) ;
#3433 = CARTESIAN_POINT ( 'NONE',  ( 3.940581151969085205, -5.187082584840812416, 2.148559955790349640 ) ) ;
#3434 = EDGE_CURVE ( 'NONE', #1955, #4933, #4546, .T. ) ;
#3435 = DIRECTION ( 'NONE',  ( 0.0000000000000000000, 0.0000000000000000000, -1.000000000000000000 ) ) ;
#3436 = DIRECTION ( 'NONE',  ( -0.0000000000000000000, -0.9659043439093818462, -0.2588992051300786357 ) ) ;
#3437 = CARTESIAN_POINT ( 'NONE',  ( 8.815581149920694415, 0.0000000000000000000, 5.998981397340809707 ) ) ;
#3438 = ORIENTED_EDGE ( 'NONE', *, *, #2184, .F. ) ;
#3439 = CARTESIAN_POINT ( 'NONE',  ( 4.596831149920694415, -5.998981397340808819, 2.484859455202466094 ) ) ;
#3440 = VERTEX_POINT ( 'NONE', #2439 ) ;
#3441 = LINE ( 'NONE', #3888, #3858 ) ;
#3442 = CARTESIAN_POINT ( 'NONE',  ( 0.02024695280851037185, 0.0000000000000000000, 0.0000000000000000000 ) ) ;
#3443 = ORIENTED_EDGE ( 'NONE', *, *, #1017, .T. ) ;
#3444 = LINE ( 'NONE', #3969, #5402 ) ;
#3445 = CARTESIAN_POINT ( 'NONE',  ( -5.519661803323828941, 2.113893546485134056, 4.121490903010486484 ) ) ;
#3446 = VECTOR ( 'NONE', #3280, 1000.000000000000000 ) ;
#3447 = CARTESIAN_POINT ( 'NONE',  ( -5.519661803323828941, 1.679317601293971229, 4.121490903010486484 ) ) ;
#3448 = CARTESIAN_POINT ( 'NONE',  ( 3.753081151969084761, 2.148559955790348308, 5.187082584840812416 ) ) ;
#3449 = ORIENTED_EDGE ( 'NONE', *, *, #2546, .F. ) ;
#3450 = LINE ( 'NONE', #1342, #3476 ) ;
#3451 = CARTESIAN_POINT ( 'NONE',  ( 9.471831151969086093, 3.667821270315578364, 3.667821270315586357 ) ) ;
#3452 = DIRECTION ( 'NONE',  ( 0.0000000000000000000, -0.9902679337087229028, -0.1391740617653174639 ) ) ;
#3453 = EDGE_CURVE ( 'NONE', #971, #3828, #2888, .T. ) ;
#3454 = CARTESIAN_POINT ( 'NONE',  ( 5.346831154017475995, -2.484859455202463430, -5.998981397340811483 ) ) ;
#3455 = CARTESIAN_POINT ( 'NONE',  ( -0.02048535258922726254, -5.536962622234975484, 11.07392524446994564 ) ) ;
#3456 = EDGE_CURVE ( 'NONE', #1631, #4333, #656, .T. ) ;
#3457 = CARTESIAN_POINT ( 'NONE',  ( -2.820780263020862044, 0.0000000000000000000, 0.0000000000000000000 ) ) ;
#3458 = CARTESIAN_POINT ( 'NONE',  ( 5.253081151969085205, -2.148559955790363407, 5.187082584840807087 ) ) ;
#3459 = B_SPLINE_CURVE_WITH_KNOTS ( 'NONE', 3,
 ( #4717, #2171, #84, #1779 ),
 .UNSPECIFIED., .F., .F.,
 ( 4, 4 ),
 ( 2.000000000000000000, 3.000000000000000000 ),
 .UNSPECIFIED. ) ;
#3460 = DIRECTION ( 'NONE',  ( 0.0000000000000000000, 1.000000000000000000, 0.0000000000000000000 ) ) ;
#3461 = PLANE ( 'NONE',  #1541 ) ;
#3462 = DIRECTION ( 'NONE',  ( 1.000000000000000000, 0.0000000000000000000, 0.0000000000000000000 ) ) ;
#3463 = ORIENTED_EDGE ( 'NONE', *, *, #127, .T. ) ;
#3464 = EDGE_CURVE ( 'NONE', #1612, #4723, #4566, .T. ) ;
#3465 = LINE ( 'NONE', #5130, #3843 ) ;
#3466 = VERTEX_POINT ( 'NONE', #1186 ) ;
#3467 = CARTESIAN_POINT ( 'NONE',  ( -5.519661803323828941, 0.3046836022590236337, 1.599233976523829703 ) ) ;
#3468 = CARTESIAN_POINT ( 'NONE',  ( 2.492805465814642130, 7.346633366397938055E-16, 5.998981397340808819 ) ) ;
#3469 = ORIENTED_EDGE ( 'NONE', *, *, #4414, .F. ) ;
#3470 = DIRECTION ( 'NONE',  ( 0.0000000000000000000, 0.0000000000000000000, 1.000000000000000000 ) ) ;
#3471 = LINE ( 'NONE', #4695, #3598 ) ;
#3472 = VERTEX_POINT ( 'NONE', #2523 ) ;
#3473 = CARTESIAN_POINT ( 'NONE',  ( -5.619661803323829474, -0.9191307701716237011, -1.213466035522574149 ) ) ;
#3474 = CARTESIAN_POINT ( 'NONE',  ( 4.034331151969085205, -3.667821270315587245, 3.667821270315577475 ) ) ;
#3475 = CARTESIAN_POINT ( 'NONE',  ( -5.619661803323829474, -0.4797410427123137699, 0.7542323677805267135 ) ) ;
#3476 = VECTOR ( 'NONE', #3040, 1000.000000000000000 ) ;
#3477 = CARTESIAN_POINT ( 'NONE',  ( 10.97183115196908609, 3.667821270315578364, 3.667821270315586357 ) ) ;
#3478 = DIRECTION ( 'NONE',  ( -1.000000000000000000, -0.0000000000000000000, -0.0000000000000000000 ) ) ;
#3479 = CARTESIAN_POINT ( 'NONE',  ( -5.519661803323828941, 0.6803316091850086789, 2.657949538630267394 ) ) ;
#3480 = CARTESIAN_POINT ( 'NONE',  ( 0.1905811540174745522, 0.0000000000000000000, 5.998981397340809707 ) ) ;
#3481 = CARTESIAN_POINT ( 'NONE',  ( -0.02048535258922726254, -6.082404292049765182, 12.16480858409952504 ) ) ;
#3482 = CARTESIAN_POINT ( 'NONE',  ( -5.519661803323828941, -0.8262907953548989104, 0.6787474533503380369 ) ) ;
#3483 = AXIS2_PLACEMENT_3D ( 'NONE', #3731, #5408, #795 ) ;
#3484 = EDGE_CURVE ( 'NONE', #330, #1905, #771, .T. ) ;
#3485 = CARTESIAN_POINT ( 'NONE',  ( 5.440581149920694415, 5.998981397340809707, 3.673316683198969520E-16 ) ) ;
#3486 = CARTESIAN_POINT ( 'NONE',  ( 7.971831151969085205, 3.667821270315578364, 3.667821270315586357 ) ) ;
#3487 = CARTESIAN_POINT ( 'NONE',  ( -5.619661803323829474, 0.2538955217638021455, -0.3578672463179419228 ) ) ;
#3488 = ORIENTED_EDGE ( 'NONE', *, *, #2014, .F. ) ;
#3489 = CARTESIAN_POINT ( 'NONE',  ( -5.619661803323829474, -0.8104483482814262008, -1.528914343277910870 ) ) ;
#3490 = ORIENTED_EDGE ( 'NONE', *, *, #5335, .F. ) ;
#3491 = DIRECTION ( 'NONE',  ( 0.0000000000000000000, 0.0000000000000000000, 1.000000000000000000 ) ) ;
#3492 = EDGE_CURVE ( 'NONE', #4192, #3651, #2467, .T. ) ;
#3493 = CARTESIAN_POINT ( 'NONE',  ( 9.306151135197742619, 1.399208413146814323, -5.264605802236167698 ) ) ;
#3494 = ORIENTED_EDGE ( 'NONE', *, *, #641, .T. ) ;
#3495 = PLANE ( 'NONE',  #2650 ) ;
#3496 = AXIS2_PLACEMENT_3D ( 'NONE', #4141, #5422, #2506 ) ;
#3497 = VECTOR ( 'NONE', #1778, 1000.000000000000000 ) ;
#3498 = DIRECTION ( 'NONE',  ( 0.0000000000000000000, 0.0000000000000000000, 1.000000000000000000 ) ) ;
#3499 = CARTESIAN_POINT ( 'NONE',  ( 5.909331151969086093, -3.667821270315577920, -3.667821270315587245 ) ) ;
#3500 = ORIENTED_EDGE ( 'NONE', *, *, #201, .F. ) ;
#3501 = DIRECTION ( 'NONE',  ( 0.8570721350948686812, 0.0000000000000000000, -0.5151964239432598180 ) ) ;
#3502 = EDGE_CURVE ( 'NONE', #4508, #2429, #4102, .T. ) ;
#3503 = AXIS2_PLACEMENT_3D ( 'NONE', #2379, #4043, #4119 ) ;
#3504 = ORIENTED_EDGE ( 'NONE', *, *, #1427, .F. ) ;
#3505 = CARTESIAN_POINT ( 'NONE',  ( 1.690581151969085205, 2.148559955790360299, -5.187082584840807975 ) ) ;
#3506 = CARTESIAN_POINT ( 'NONE',  ( -5.619661803323829474, -1.159211031094126598, 0.3755351386000399527 ) ) ;
#3507 =( GEOMETRIC_REPRESENTATION_CONTEXT ( 3 ) GLOBAL_UNCERTAINTY_ASSIGNED_CONTEXT ( ( #2637 ) ) GLOBAL_UNIT_ASSIGNED_CONTEXT ( ( #849, #429, #927 ) ) REPRESENTATION_CONTEXT ( 'NONE', 'WORKASPACE' ) );
#3508 = CARTESIAN_POINT ( 'NONE',  ( -5.519661803323828941, -0.1434427557374629292, -0.08284179633719475355 ) ) ;
#3509 = CARTESIAN_POINT ( 'NONE',  ( -0.02048535258922726254, 6.628118418756897334, 1.623420801180050238E-15 ) ) ;
#3510 = CARTESIAN_POINT ( 'NONE',  ( 0.0000000000000000000, 0.0000000000000000000, 0.0000000000000000000 ) ) ;
#3511 = CARTESIAN_POINT ( 'NONE',  ( 3.753081149920693971, 4.241920426271637901, -4.241920426271637012 ) ) ;
#3512 = CARTESIAN_POINT ( 'NONE',  ( 1.596831151969084761, 3.667821270315586357, -3.667821270315577920 ) ) ;
#3513 = CARTESIAN_POINT ( 'NONE',  ( -5.619661803323829474, 0.5131958366318902787, -0.6330100082595085942 ) ) ;
#3514 = EDGE_LOOP ( 'NONE', ( #5025, #4936, #1963, #4354, #664, #1862, #1542, #3708 ) ) ;
#3515 = PLANE ( 'NONE',  #731 ) ;
#3516 = EDGE_CURVE ( 'NONE', #739, #1670, #5095, .T. ) ;
#3517 = ORIENTED_EDGE ( 'NONE', *, *, #774, .F. ) ;
#3518 = CARTESIAN_POINT ( 'NONE',  ( -5.519661803323828941, -0.4637826167685011880, -0.06047431580622770336 ) ) ;
#3519 = CARTESIAN_POINT ( 'NONE',  ( 7.971831151969085205, 5.187082584840810640, 5.987076309967214276E-15 ) ) ;
#3520 = ORIENTED_EDGE ( 'NONE', *, *, #2856, .T. ) ;
#3521 = CARTESIAN_POINT ( 'NONE',  ( 0.0000000000000000000, 0.0000000000000000000, 0.0000000000000000000 ) ) ;
#3522 = CARTESIAN_POINT ( 'NONE',  ( -5.519661803323828941, 0.3046836022590236337, 1.018546880246989694 ) ) ;
#3523 = VERTEX_POINT ( 'NONE', #3737 ) ;
#3524 = FACE_OUTER_BOUND ( 'NONE', #117, .T. ) ;
#3525 = EDGE_CURVE ( 'NONE', #1568, #2356, #3243, .T. ) ;
#3526 = CARTESIAN_POINT ( 'NONE',  ( -0.02048535258922726254, -6.628118418756895558, -13.25623683751379112 ) ) ;
#3527 = EDGE_LOOP ( 'NONE', ( #3317, #1891, #354, #1510 ) ) ;
#3528 = CARTESIAN_POINT ( 'NONE',  ( 9.014127907515346649, 5.536633610929693639, 1.657304955171237548 ) ) ;
#3529 = CARTESIAN_POINT ( 'NONE',  ( 4.878081151969085205, 5.187082584840812416, -2.148559955790347864 ) ) ;
#3530 = LINE ( 'NONE', #5230, #1821 ) ;
#3531 = EDGE_CURVE ( 'NONE', #4412, #1810, #4520, .T. ) ;
#3532 = VECTOR ( 'NONE', #2529, 1000.000000000000114 ) ;
#3533 = CARTESIAN_POINT ( 'NONE',  ( -5.619661803323829474, 0.3594327388860832362, 0.4506716720556348532 ) ) ;
#3534 = CARTESIAN_POINT ( 'NONE',  ( 4.221831149920695303, 2.484859455202452327, 5.998981397340822141 ) ) ;
#3535 = CARTESIAN_POINT ( 'NONE',  ( -5.519661803323828941, 0.6376042823617330546, -1.083466608386970176 ) ) ;
#3536 = CARTESIAN_POINT ( 'NONE',  ( 3.096831149920694859, -5.998981397340809707, 2.484859455202466538 ) ) ;
#3537 = CARTESIAN_POINT ( 'NONE',  ( 4.503081151969085205, 2.148559955790360299, -5.187082584840807975 ) ) ;
#3538 = LINE ( 'NONE', #1567, #2961 ) ;
#3539 = ORIENTED_EDGE ( 'NONE', *, *, #3434, .F. ) ;
#3540 = CARTESIAN_POINT ( 'NONE',  ( 6.565581149920694415, 7.346633366397939041E-16, -5.998981397340809707 ) ) ;
#3541 = DIRECTION ( 'NONE',  ( -1.000000000000000000, -0.0000000000000000000, -0.0000000000000000000 ) ) ;
#3542 = ORIENTED_EDGE ( 'NONE', *, *, #2864, .T. ) ;
#3543 = CARTESIAN_POINT ( 'NONE',  ( 9.532670181029274659, 2.610811709521125401, 4.482129846332679080 ) ) ;
#3544 = CARTESIAN_POINT ( 'NONE',  ( 9.284331151969086093, 3.667821270315586357, -3.667821270315577920 ) ) ;
#3545 = ORIENTED_EDGE ( 'NONE', *, *, #1120, .T. ) ;
#3546 = CARTESIAN_POINT ( 'NONE',  ( 1.787875908728452590, 3.724633550134710092, -3.610115047913255992 ) ) ;
#3547 = FACE_OUTER_BOUND ( 'NONE', #1039, .T. ) ;
#3548 = CARTESIAN_POINT ( 'NONE',  ( -5.619661803323829474, -0.1434427557374629292, -0.08284179633719475355 ) ) ;
#3549 = CARTESIAN_POINT ( 'NONE',  ( 8.815581149920696191, 0.0000000000000000000, 0.0000000000000000000 ) ) ;
#3550 = ORIENTED_EDGE ( 'NONE', *, *, #5468, .T. ) ;
#3551 = DIRECTION ( 'NONE',  ( 0.0000000000000000000, -0.2588347601156805733, 0.9659216153269675198 ) ) ;
#3552 = LINE ( 'NONE', #1843, #5126 ) ;
#3553 = EDGE_CURVE ( 'NONE', #472, #1683, #3314, .T. ) ;
#3554 = ORIENTED_EDGE ( 'NONE', *, *, #1673, .T. ) ;
#3555 = CARTESIAN_POINT ( 'NONE',  ( 11.15933115196908609, -5.669459105745301380E-15, 5.187082584840810640 ) ) ;
#3556 = CARTESIAN_POINT ( 'NONE',  ( 2.388630697070348585, -2.849815448253380179, -5.155552988554966909 ) ) ;
#3557 = CARTESIAN_POINT ( 'NONE',  ( 2.346831151969085649, -3.667821270315587245, 3.667821270315577475 ) ) ;
#3558 = EDGE_CURVE ( 'NONE', #1262, #1853, #4302, .T. ) ;
#3559 = DIRECTION ( 'NONE',  ( -1.000000000000000000, -0.0000000000000000000, -0.0000000000000000000 ) ) ;
#3560 = DIRECTION ( 'NONE',  ( 0.0000000000000000000, 0.0000000000000000000, 1.000000000000000000 ) ) ;
#3561 = EDGE_CURVE ( 'NONE', #2117, #2104, #3749, .T. ) ;
#3562 = CARTESIAN_POINT ( 'NONE',  ( 2.815581149920694859, 0.0000000000000000000, 5.998981397340809707 ) ) ;
#3563 = CARTESIAN_POINT ( 'NONE',  ( 6.659331151969086093, -5.669459105745301380E-15, 5.187082584840810640 ) ) ;
#3564 = DIRECTION ( 'NONE',  ( 1.000000000000000000, 0.0000000000000000000, 0.0000000000000000000 ) ) ;
#3565 = EDGE_LOOP ( 'NONE', ( #5019, #3550, #3920, #1859 ) ) ;
#3566 = B_SPLINE_CURVE_WITH_KNOTS ( 'NONE', 3,
 ( #3807, #1678, #3367, #2095 ),
 .UNSPECIFIED., .F., .F.,
 ( 4, 4 ),
 ( 3.000000000000000000, 4.000000000000000000 ),
 .UNSPECIFIED. ) ;
#3567 = PLANE ( 'NONE',  #5257 ) ;
#3568 = VECTOR ( 'NONE', #1602, 1000.000000000000114 ) ;
#3569 = CARTESIAN_POINT ( 'NONE',  ( 2.010977503172274083, -3.034798637620813176E-12, 5.444038642045335941 ) ) ;
#3570 = ORIENTED_EDGE ( 'NONE', *, *, #2005, .T. ) ;
#3571 = CARTESIAN_POINT ( 'NONE',  ( 9.378081151969086093, 5.187082584840807975, 2.148559955790359854 ) ) ;
#3572 = CARTESIAN_POINT ( 'NONE',  ( 8.065581151969086093, 5.187082584840807975, 2.148559955790359854 ) ) ;
#3573 = ORIENTED_EDGE ( 'NONE', *, *, #3810, .F. ) ;
#3574 = FACE_OUTER_BOUND ( 'NONE', #2148, .T. ) ;
#3575 = CARTESIAN_POINT ( 'NONE',  ( -5.519661803323828941, -1.159211031094126598, 0.3755351386000399527 ) ) ;
#3576 = LINE ( 'NONE', #1506, #1902 ) ;
#3577 = CARTESIAN_POINT ( 'NONE',  ( -5.519661803323828941, -2.113893546485134056, 4.121490903010486484 ) ) ;
#3578 = ORIENTED_EDGE ( 'NONE', *, *, #1695, .T. ) ;
#3579 = CARTESIAN_POINT ( 'NONE',  ( -5.619661803323829474, -0.8810394876184768354, -2.328132293127599173 ) ) ;
#3580 = CIRCLE ( 'NONE', #4471, 4.818834368373729582 ) ;
#3581 = VERTEX_POINT ( 'NONE', #1205 ) ;
#3582 = CARTESIAN_POINT ( 'NONE',  ( 6.846831151969086093, -3.667821270315587245, 3.667821270315577475 ) ) ;
#3583 = LINE ( 'NONE', #723, #1376 ) ;
#3584 = EDGE_CURVE ( 'NONE', #964, #3523, #3284, .T. ) ;
#3585 = AXIS2_PLACEMENT_3D ( 'NONE', #345, #2050, #4627 ) ;
#3586 = CARTESIAN_POINT ( 'NONE',  ( 3.003081151969084317, 2.148559955790360299, -5.187082584840807975 ) ) ;
#3587 = VECTOR ( 'NONE', #234, 1000.000000000000000 ) ;
#3588 = CARTESIAN_POINT ( 'NONE',  ( 0.9668813965247647912, 5.095037542935743957, 0.0000000000000000000 ) ) ;
#3589 = ORIENTED_EDGE ( 'NONE', *, *, #2153, .F. ) ;
#3590 = VECTOR ( 'NONE', #5460, 1000.000000000000000 ) ;
#3591 = VECTOR ( 'NONE', #3739, 1000.000000000000000 ) ;
#3592 = CARTESIAN_POINT ( 'NONE',  ( 8.879494603162891408, -2.537447930410190011, 5.369191311171483960 ) ) ;
#3593 = EDGE_CURVE ( 'NONE', #4122, #2234, #4593, .T. ) ;
#3594 = AXIS2_PLACEMENT_3D ( 'NONE', #1969, #3541, #1916 ) ;
#3595 = CARTESIAN_POINT ( 'NONE',  ( 2.534331149920694859, 5.998981397340810595, 2.484859455202465206 ) ) ;
#3596 = CARTESIAN_POINT ( 'NONE',  ( 3.003081151969084317, 2.148559955790360299, -5.187082584840807975 ) ) ;
#3597 = ORIENTED_EDGE ( 'NONE', *, *, #783, .F. ) ;
#3598 = VECTOR ( 'NONE', #890, 1000.000000000000000 ) ;
#3599 = CARTESIAN_POINT ( 'NONE',  ( 0.9668813965247647912, 7.070052012334011593, 0.0000000000000000000 ) ) ;
#3600 = EDGE_CURVE ( 'NONE', #2495, #1365, #2790, .T. ) ;
#3601 = LINE ( 'NONE', #5240, #4663 ) ;
#3602 = ORIENTED_EDGE ( 'NONE', *, *, #1060, .T. ) ;
#3603 = CARTESIAN_POINT ( 'NONE',  ( 8.534331151969086093, -5.187082584840810640, -6.622310718411043223E-15 ) ) ;
#3604 = CARTESIAN_POINT ( 'NONE',  ( -5.619661803323829474, -1.034802585364283933, -1.244450612812467494 ) ) ;
#3605 = ORIENTED_EDGE ( 'NONE', *, *, #3631, .T. ) ;
#3606 = CARTESIAN_POINT ( 'NONE',  ( 2.003699737911907697, 4.860367019719979531, -2.444655126876356555 ) ) ;
#3607 = FACE_OUTER_BOUND ( 'NONE', #1237, .T. ) ;
#3608 = DIRECTION ( 'NONE',  ( 0.0000000000000000000, 0.0000000000000000000, -1.000000000000000000 ) ) ;
#3609 = ORIENTED_EDGE ( 'NONE', *, *, #1725, .T. ) ;
#3610 = CARTESIAN_POINT ( 'NONE',  ( -5.619661803323829474, -0.9191307701716237011, -2.515095564514379323 ) ) ;
#3611 = ORIENTED_EDGE ( 'NONE', *, *, #1156, .F. ) ;
#3612 = CARTESIAN_POINT ( 'NONE',  ( 6.940581151969086982, -5.187082584840811528, 2.148559955790349640 ) ) ;
#3613 = LINE ( 'NONE', #5313, #5396 ) ;
#3614 = CARTESIAN_POINT ( 'NONE',  ( 2.175161810718066580, -5.143269847661984251, 2.327573728779798845 ) ) ;
#3615 = CARTESIAN_POINT ( 'NONE',  ( 5.159331149920695303, 2.484859455202477196, -5.998981397340797272 ) ) ;
#3616 = B_SPLINE_CURVE_WITH_KNOTS ( 'NONE', 3,
 ( #1872, #1959, #231, #2374, #4036, #1485, #3556, #3640, #5339, #3203, #4863, #4940, #1538, #3227, #4427, #4480, #617, #5253, #204, #2789, #4917, #4008, #1062, #1453, #1117, #3614, #672, #1036, #642, #4505, #5314, #3253, #2761, #4833, #4453, #2346, #1932, #1514, #2399, #2734, #698, #4085 ),
 .UNSPECIFIED., .F., .F.,
 ( 4, 2, 2, 2, 2, 2, 2, 2, 2, 2, 2, 2, 2, 2, 2, 2, 2, 2, 2, 2, 4 ),
 ( 0.001325829571645831739, 0.002440830640310793706, 0.003555831708975755456, 0.004670832777640717207, 0.005785833846305678957, 0.006343334380638160699, 0.006900834914970643309, 0.008015835983635609396, 0.009130837052300576351, 0.009688337586633059828, 0.01024583812096554331, 0.01136083918963050853, 0.01247584025829547548, 0.01359084132696044070, 0.01414834186129292591, 0.01470584239562541112, 0.01526334292995789287, 0.01582084346429037461, 0.01693584453295534503, 0.01805084560162031546, 0.01916584667028528588 ),
 .UNSPECIFIED. ) ;
#3617 = LINE ( 'NONE', #4836, #5215 ) ;
#3618 = ORIENTED_EDGE ( 'NONE', *, *, #4657, .F. ) ;
#3619 = FACE_OUTER_BOUND ( 'NONE', #3050, .T. ) ;
#3620 = AXIS2_PLACEMENT_3D ( 'NONE', #4276, #3803, #5190 ) ;
#3621 = ORIENTED_EDGE ( 'NONE', *, *, #3901, .F. ) ;
#3622 = CARTESIAN_POINT ( 'NONE',  ( 4.409331151969085205, 6.304693514189128749E-15, -5.187082584840810640 ) ) ;
#3623 = EDGE_CURVE ( 'NONE', #5453, #1341, #4891, .T. ) ;
#3624 = ORIENTED_EDGE ( 'NONE', *, *, #5433, .T. ) ;
#3625 = CARTESIAN_POINT ( 'NONE',  ( -5.619661803323829474, -0.7894806127375767479, -3.260495763607829112 ) ) ;
#3626 = CARTESIAN_POINT ( 'NONE',  ( 8.721831154017477772, 5.998981397340809707, -2.484859455202464762 ) ) ;
#3627 = LINE ( 'NONE', #2389, #5013 ) ;
#3628 = VERTEX_POINT ( 'NONE', #4087 ) ;
#3629 = CARTESIAN_POINT ( 'NONE',  ( 8.346831151969086093, -3.667821270315587245, 3.667821270315577475 ) ) ;
#3630 = CARTESIAN_POINT ( 'NONE',  ( 9.377597070574742233, 3.661778118352822631, -3.938847753598239798 ) ) ;
#3631 = EDGE_CURVE ( 'NONE', #2227, #1947, #2042, .T. ) ;
#3632 = VERTEX_POINT ( 'NONE', #4531 ) ;
#3633 = DIRECTION ( 'NONE',  ( 0.0000000000000000000, -1.224646799147352961E-16, 1.000000000000000000 ) ) ;
#3634 = CARTESIAN_POINT ( 'NONE',  ( 0.0000000000000000000, 0.0000000000000000000, 5.998981397340809707 ) ) ;
#3635 = VERTEX_POINT ( 'NONE', #3667 ) ;
#3636 = CARTESIAN_POINT ( 'NONE',  ( 0.0000000000000000000, 0.0000000000000000000, 0.0000000000000000000 ) ) ;
#3637 = EDGE_LOOP ( 'NONE', ( #5167, #1106, #2889, #2977, #1489, #760, #2395 ) ) ;
#3638 = CARTESIAN_POINT ( 'NONE',  ( 5.159331151969085205, -5.669459105745301380E-15, 5.187082584840810640 ) ) ;
#3639 = FACE_OUTER_BOUND ( 'NONE', #2639, .T. ) ;
#3640 = CARTESIAN_POINT ( 'NONE',  ( 2.370251911253446142, -3.465897833499825609, -4.737117858806996651 ) ) ;
#3641 = FACE_OUTER_BOUND ( 'NONE', #2777, .T. ) ;
#3642 = ORIENTED_EDGE ( 'NONE', *, *, #233, .F. ) ;
#3643 = CARTESIAN_POINT ( 'NONE',  ( 3.565581149920693971, 7.346633366397939041E-16, -5.998981397340809707 ) ) ;
#3644 = ORIENTED_EDGE ( 'NONE', *, *, #1427, .T. ) ;
#3645 = B_SPLINE_CURVE_WITH_KNOTS ( 'NONE', 3,
 ( #4048, #3730, #4571, #2830, #3185, #5322, #1574 ),
 .UNSPECIFIED., .F., .F.,
 ( 4, 3, 4 ),
 ( 2.000000000000000000, 3.000000000000000000, 4.000000000000000000 ),
 .UNSPECIFIED. ) ;
#3646 = CARTESIAN_POINT ( 'NONE',  ( 7.784331154017476884, -2.484859455202468759, 5.998981397340808819 ) ) ;
#3647 = ORIENTED_EDGE ( 'NONE', *, *, #4959, .F. ) ;
#3648 = CARTESIAN_POINT ( 'NONE',  ( -5.619661803323829474, -0.8080021272800940180, -3.265387316883495927 ) ) ;
#3649 = CARTESIAN_POINT ( 'NONE',  ( -5.519661803323828941, -0.5146871204975557168, 0.7449185090724820268 ) ) ;
#3650 = DIRECTION ( 'NONE',  ( 0.0000000000000000000, 1.000000000000000000, 0.0000000000000000000 ) ) ;
#3651 = VERTEX_POINT ( 'NONE', #1090 ) ;
#3652 = EDGE_CURVE ( 'NONE', #2524, #1476, #4919, .T. ) ;
#3653 = CARTESIAN_POINT ( 'NONE',  ( 4.034331151969085205, -3.667821270315587245, 3.667821270315577475 ) ) ;
#3654 = EDGE_LOOP ( 'NONE', ( #4548, #1131, #3225, #52 ) ) ;
#3655 = VECTOR ( 'NONE', #4971, 1000.000000000000114 ) ;
#3656 = CARTESIAN_POINT ( 'NONE',  ( 0.9668813965247647912, -5.095037542935743957, -7.448968992601002410E-16 ) ) ;
#3657 = CARTESIAN_POINT ( 'NONE',  ( 2.909331154017475107, 5.998981397340809707, 2.484859455202465206 ) ) ;
#3658 = VERTEX_POINT ( 'NONE', #4062 ) ;
#3659 = EDGE_CURVE ( 'NONE', #855, #1048, #337, .T. ) ;
#3660 = DIRECTION ( 'NONE',  ( -1.000000000000000000, -0.0000000000000000000, -0.0000000000000000000 ) ) ;
#3661 = VECTOR ( 'NONE', #2634, 1000.000000000000227 ) ;
#3662 = ORIENTED_EDGE ( 'NONE', *, *, #3836, .T. ) ;
#3663 = CARTESIAN_POINT ( 'NONE',  ( 5.534331151969086093, -5.187082584840810640, -6.622310718411043223E-15 ) ) ;
#3664 = DIRECTION ( 'NONE',  ( 0.0000000000000000000, -0.2588795751513107701, 0.9659096052786083630 ) ) ;
#3665 = CARTESIAN_POINT ( 'NONE',  ( 7.971831151969085205, 5.187082584840810640, 5.987076309967214276E-15 ) ) ;
#3666 = ADVANCED_FACE ( 'NONE', ( #3641 ), #3230, .T. ) ;
#3667 = CARTESIAN_POINT ( 'NONE',  ( -5.519661803323828941, -0.09253780764491525979, -0.01504614770301610123 ) ) ;
#3668 = CARTESIAN_POINT ( 'NONE',  ( 7.034331149920696191, 5.998981397340809707, 2.484859455202465206 ) ) ;
#3669 = ORIENTED_EDGE ( 'NONE', *, *, #3064, .T. ) ;
#3670 = CARTESIAN_POINT ( 'NONE',  ( 8.961762539844889019, -4.961762785180675372, 3.073423277937333609 ) ) ;
#3671 = VECTOR ( 'NONE', #4965, 1000.000000000000000 ) ;
#3672 = CIRCLE ( 'NONE', #1914, 7.507123992640686083 ) ;
#3673 = EDGE_LOOP ( 'NONE', ( #2813, #3407 ) ) ;
#3674 = CARTESIAN_POINT ( 'NONE',  ( 9.471831154017474219, -5.998981397340809707, 2.484859455202466538 ) ) ;
#3675 = DIRECTION ( 'NONE',  ( 0.0000000000000000000, -0.0000000000000000000, -1.000000000000000000 ) ) ;
#3676 = LINE ( 'NONE', #244, #5037 ) ;
#3677 = LINE ( 'NONE', #2078, #5172 ) ;
#3678 = COLOUR_RGB ( '',0.7921568627450980005, 0.8196078431372548767, 0.9333333333333333481 ) ;
#3679 = EDGE_LOOP ( 'NONE', ( #3624, #3494, #3358, #991 ) ) ;
#3680 = CARTESIAN_POINT ( 'NONE',  ( 2.346831151969085649, -5.669459105745300591E-15, 5.187082584840810640 ) ) ;
#3681 = CARTESIAN_POINT ( 'NONE',  ( -5.619661803323829474, -0.8262907953548989104, -1.587275266335292034 ) ) ;
#3682 = VERTEX_POINT ( 'NONE', #1566 ) ;
#3683 = EDGE_CURVE ( 'NONE', #1057, #4103, #4561, .T. ) ;
#3684 = CARTESIAN_POINT ( 'NONE',  ( -5.619661803323829474, -1.542127935956492557, 1.214671149301984832 ) ) ;
#3685 = CARTESIAN_POINT ( 'NONE',  ( -5.619661803323829474, -1.159211031094126598, -0.1385223188350750145 ) ) ;
#3686 = ORIENTED_EDGE ( 'NONE', *, *, #4676, .T. ) ;
#3687 = AXIS2_PLACEMENT_3D ( 'NONE', #4269, #1351, #3823 ) ;
#3688 = B_SPLINE_SURFACE_WITH_KNOTS ( 'NONE', 3, 1, ( 
 ( #2282, #1838 ),
 ( #4338, #4798 ),
 ( #1363, #1314 ),
 ( #4696, #3473 ) ),
 .UNSPECIFIED., .F., .F., .F.,
 ( 4, 4 ),
 ( 2, 2 ),
 ( 6.000000000000000000, 7.000000000000000000 ),
 ( 0.0000000000000000000, 1.000000000000000000 ),
 .UNSPECIFIED. ) ;
#3689 = CARTESIAN_POINT ( 'NONE',  ( 5.440581154017475995, 7.346633366397939041E-16, -5.998981397340809707 ) ) ;
#3690 = ORIENTED_EDGE ( 'NONE', *, *, #1695, .F. ) ;
#3691 = CARTESIAN_POINT ( 'NONE',  ( 5.721831151969086093, -3.667821270315577920, -3.667821270315587245 ) ) ;
#3692 = ADVANCED_FACE ( 'NONE', ( #4942 ), #1145, .F. ) ;
#3693 = CARTESIAN_POINT ( 'NONE',  ( -5.519661803323828941, 0.5131958366318902787, -1.954557686236566338 ) ) ;
#3694 = CARTESIAN_POINT ( 'NONE',  ( 10.97183115196908609, 5.187082584840810640, 5.987076309967214276E-15 ) ) ;
#3695 = LINE ( 'NONE', #5393, #3753 ) ;
#3696 = CARTESIAN_POINT ( 'NONE',  ( 8.253081154017475995, -4.241920426271637012, -4.241920426271638789 ) ) ;
#3697 = CARTESIAN_POINT ( 'NONE',  ( 2.815581149920694859, 0.0000000000000000000, 5.998981397340809707 ) ) ;
#3698 = ORIENTED_EDGE ( 'NONE', *, *, #944, .F. ) ;
#3699 = EDGE_CURVE ( 'NONE', #971, #3628, #3695, .T. ) ;
#3700 = CARTESIAN_POINT ( 'NONE',  ( 9.028412859699322723, -5.741068948983501841, 0.5785456788494834912 ) ) ;
#3701 = VERTEX_POINT ( 'NONE', #4970 ) ;
#3702 = CARTESIAN_POINT ( 'NONE',  ( 6.659331154017475107, -5.998981397340808819, -2.484859455202467871 ) ) ;
#3703 = LINE ( 'NONE', #706, #575 ) ;
#3704 = AXIS2_PLACEMENT_3D ( 'NONE', #2398, #5338, #1537 ) ;
#3705 = CARTESIAN_POINT ( 'NONE',  ( 6.940581154017475995, 7.346633366397939041E-16, -5.998981397340809707 ) ) ;
#3706 = CARTESIAN_POINT ( 'NONE',  ( -5.519661803323828941, -0.8810394876184768354, -3.629644510158597015 ) ) ;
#3707 = CARTESIAN_POINT ( 'NONE',  ( 6.659331154017475995, -5.998981397340807931, -2.484859455202467871 ) ) ;
#3708 = ORIENTED_EDGE ( 'NONE', *, *, #2113, .F. ) ;
#3709 = CARTESIAN_POINT ( 'NONE',  ( 3.284331151969084761, 3.667821270315586357, -3.667821270315577920 ) ) ;
#3710 = CARTESIAN_POINT ( 'NONE',  ( -5.519661803323828941, 0.3975240214392646854, -0.6639945855494018279 ) ) ;
#3711 = VERTEX_POINT ( 'NONE', #2875 ) ;
#3712 = CARTESIAN_POINT ( 'NONE',  ( 0.02024695280851037185, 1.049957581462809279E-15, -8.573554286785633138 ) ) ;
#3713 = CYLINDRICAL_SURFACE ( 'NONE', #259, 5.998981397340809707 ) ;
#3714 = ORIENTED_EDGE ( 'NONE', *, *, #1672, .F. ) ;
#3715 = FACE_OUTER_BOUND ( 'NONE', #442, .T. ) ;
#3716 = ORIENTED_EDGE ( 'NONE', *, *, #976, .F. ) ;
#3717 = CARTESIAN_POINT ( 'NONE',  ( -5.619661803323829474, 0.6376042823617330546, 0.9577366256439050485 ) ) ;
#3718 = CARTESIAN_POINT ( 'NONE',  ( 0.9668813965247647912, 7.070052012334011593, 0.0000000000000000000 ) ) ;
#3719 = FACE_OUTER_BOUND ( 'NONE', #1283, .T. ) ;
#3720 = DIRECTION ( 'NONE',  ( 0.0000000000000000000, 0.0000000000000000000, 1.000000000000000000 ) ) ;
#3721 = CARTESIAN_POINT ( 'NONE',  ( 9.003081151969086093, -2.148559955790347864, -5.187082584840813304 ) ) ;
#3722 = CARTESIAN_POINT ( 'NONE',  ( 5.346831149920695303, 5.998981397340809707, -2.484859455202464762 ) ) ;
#3723 = EDGE_CURVE ( 'NONE', #1446, #964, #2570, .T. ) ;
#3724 = CARTESIAN_POINT ( 'NONE',  ( 5.253081151969085205, 2.148559955790348308, 5.187082584840812416 ) ) ;
#3725 = DIRECTION ( 'NONE',  ( 0.0000000000000000000, 0.0000000000000000000, 1.000000000000000000 ) ) ;
#3726 = EDGE_CURVE ( 'NONE', #2393, #4465, #2454, .T. ) ;
#3727 = ORIENTED_EDGE ( 'NONE', *, *, #4173, .F. ) ;
#3728 = CARTESIAN_POINT ( 'NONE',  ( 10.69058115401747777, 0.0000000000000000000, 5.998981397340809707 ) ) ;
#3729 = DIRECTION ( 'NONE',  ( -0.6619889055237343500, 9.178894739486248052E-17, -0.7495136349416788857 ) ) ;
#3730 = CARTESIAN_POINT ( 'NONE',  ( 0.4220016690503199386, -7.070052012334011593, -8.658316566710150725E-16 ) ) ;
#3731 = CARTESIAN_POINT ( 'NONE',  ( 9.857916077054870385, 0.0000000000000000000, 0.0000000000000000000 ) ) ;
#3732 = CARTESIAN_POINT ( 'NONE',  ( -5.519661803323828941, 1.679317601293971229, 4.121490903010486484 ) ) ;
#3733 = ORIENTED_EDGE ( 'NONE', *, *, #2214, .T. ) ;
#3734 = EDGE_CURVE ( 'NONE', #4508, #3466, #4257, .T. ) ;
#3735 = AXIS2_PLACEMENT_3D ( 'NONE', #1732, #5031, #1234 ) ;
#3736 = CARTESIAN_POINT ( 'NONE',  ( 5.628081151969086093, -5.187082584840812416, 2.148559955790349640 ) ) ;
#3737 = CARTESIAN_POINT ( 'NONE',  ( -5.619661803323829474, 0.2538955217638021455, -2.980927141325950380 ) ) ;
#3738 = ORIENTED_EDGE ( 'NONE', *, *, #3160, .T. ) ;
#3739 = DIRECTION ( 'NONE',  ( -1.000000000000000000, -0.0000000000000000000, -0.0000000000000000000 ) ) ;
#3740 = CARTESIAN_POINT ( 'NONE',  ( 4.503081154017475995, 4.241920426271637901, 4.241920426271637901 ) ) ;
#3741 = ORIENTED_EDGE ( 'NONE', *, *, #1636, .T. ) ;
#3742 = DIRECTION ( 'NONE',  ( 0.0000000000000000000, -0.9659230871248957184, -0.2588292675860117686 ) ) ;
#3743 = ORIENTED_EDGE ( 'NONE', *, *, #3018, .T. ) ;
#3744 = CARTESIAN_POINT ( 'NONE',  ( -5.619661803323829474, 0.3594327388860832362, -0.8708760059213880300 ) ) ;
#3745 = CARTESIAN_POINT ( 'NONE',  ( 0.0000000000000000000, 0.0000000000000000000, 5.998981397340809707 ) ) ;
#3746 = DIRECTION ( 'NONE',  ( 0.0000000000000000000, -0.0000000000000000000, 1.000000000000000000 ) ) ;
#3747 = CARTESIAN_POINT ( 'NONE',  ( 10.50308115196908609, -2.148559955790347864, -5.187082584840813304 ) ) ;
#3748 = CARTESIAN_POINT ( 'NONE',  ( 1.512306037783867296, 7.070052012334011593, 1.731663313342030145E-15 ) ) ;
#3749 =( BOUNDED_CURVE ( )  B_SPLINE_CURVE ( 2, ( #5340, #1619, #2015, #1933, #1515, #3722, #5315, #3615, #674 ),
 .UNSPECIFIED., .F., .T. ) 
 B_SPLINE_CURVE_WITH_KNOTS ( ( 3, 2, 2, 2, 3 ),
 ( 0.5714285714285713969, 0.5892857142857143016, 0.6071428571428569843, 0.6249999999999998890, 0.6428571428571427937 ),
 .UNSPECIFIED. ) 
 CURVE ( )  GEOMETRIC_REPRESENTATION_ITEM ( )  RATIONAL_B_SPLINE_CURVE ( ( 1.000000000000000000, 0.9238795325112867385, 1.000000000000000000, 0.9238795325112867385, 1.000000000000000000, 0.9238795325112867385, 1.000000000000000000, 0.9238795325112871826, 0.9999999999999995559 ) ) 
 REPRESENTATION_ITEM ( '' )  );
#3750 = CARTESIAN_POINT ( 'NONE',  ( 10.69058115196908609, 2.148559955790360299, -5.187082584840807975 ) ) ;
#3751 = ORIENTED_EDGE ( 'NONE', *, *, #503, .F. ) ;
#3752 = CARTESIAN_POINT ( 'NONE',  ( -5.519661803323828941, 0.3975240214392646854, -3.287054480557445313 ) ) ;
#3753 = VECTOR ( 'NONE', #1594, 1000.000000000000000 ) ;
#3754 = ADVANCED_FACE ( 'NONE', ( #5481 ), #649, .T. ) ;
#3755 = ORIENTED_EDGE ( 'NONE', *, *, #4178, .F. ) ;
#3756 = CARTESIAN_POINT ( 'NONE',  ( 9.659331154017477772, -5.998981397340808819, -2.484859455202467871 ) ) ;
#3757 = VECTOR ( 'NONE', #915, 1000.000000000000000 ) ;
#3758 = CARTESIAN_POINT ( 'NONE',  ( -5.519661803323828941, -1.159211031094126598, -0.1385223188350750145 ) ) ;
#3759 = ADVANCED_FACE ( 'NONE', ( #447 ), #2127, .F. ) ;
#3760 = LINE ( 'NONE', #4263, #2466 ) ;
#3761 = CARTESIAN_POINT ( 'NONE',  ( -5.519661803323828941, 0.6376042823617330546, 0.7868522027061963797 ) ) ;
#3762 = CARTESIAN_POINT ( 'NONE',  ( -5.619661803323829474, 0.3046836022590236337, -1.267514855292576126 ) ) ;
#3763 = ORIENTED_EDGE ( 'NONE', *, *, #1799, .T. ) ;
#3764 = CARTESIAN_POINT ( 'NONE',  ( -5.619661803323829474, 0.3975240214392646854, -1.985428506473515542 ) ) ;
#3765 = CARTESIAN_POINT ( 'NONE',  ( -5.519661803323828941, -0.2004933423060529518, 3.938455804857458720 ) ) ;
#3766 = ORIENTED_EDGE ( 'NONE', *, *, #4884, .F. ) ;
#3767 = B_SPLINE_CURVE_WITH_KNOTS ( 'NONE', 3,
 ( #1436, #4542, #1661, #2109 ),
 .UNSPECIFIED., .F., .F.,
 ( 4, 4 ),
 ( 5.000000000000000000, 6.000000000000000000 ),
 .UNSPECIFIED. ) ;
#3768 = EDGE_CURVE ( 'NONE', #12, #4501, #740, .T. ) ;
#3769 = AXIS2_PLACEMENT_3D ( 'NONE', #2212, #3452, #150 ) ;
#3770 = CARTESIAN_POINT ( 'NONE',  ( -5.519661803323828941, 1.479317601293971274, 6.447979051232596959 ) ) ;
#3771 = DIRECTION ( 'NONE',  ( 0.0000000000000000000, -1.000000000000000000, 0.0000000000000000000 ) ) ;
#3772 = ORIENTED_EDGE ( 'NONE', *, *, #2375, .F. ) ;
#3773 = CARTESIAN_POINT ( 'NONE',  ( 0.9668813965247647912, 7.070052012334011593, 0.0000000000000000000 ) ) ;
#3774 = STYLED_ITEM ( 'NONE', ( #5149 ), #418 ) ;
#3775 = ORIENTED_EDGE ( 'NONE', *, *, #4091, .T. ) ;
#3776 = PLANE ( 'NONE',  #3263 ) ;
#3777 = LINE ( 'NONE', #415, #1983 ) ;
#3778 = CARTESIAN_POINT ( 'NONE',  ( -5.519661803323828941, 0.6376042823617330546, -0.3508782973789836279 ) ) ;
#3779 = CARTESIAN_POINT ( 'NONE',  ( 7.128081151969086982, -5.187082584840811528, 2.148559955790349640 ) ) ;
#3780 = CARTESIAN_POINT ( 'NONE',  ( -5.519661803323828941, -0.4637826167685011880, -0.06047431580622770336 ) ) ;
#3781 = CARTESIAN_POINT ( 'NONE',  ( 9.284331151969086093, 3.667821270315586357, -3.667821270315577920 ) ) ;
#3782 = ORIENTED_EDGE ( 'NONE', *, *, #2208, .F. ) ;
#3783 = CARTESIAN_POINT ( 'NONE',  ( -5.619661803323829474, 0.3046836022590236337, -2.224574270980792523 ) ) ;
#3784 = VERTEX_POINT ( 'NONE', #3780 ) ;
#3785 = CARTESIAN_POINT ( 'NONE',  ( 4.034331154017475995, 2.484859455202465650, -5.998981397340810595 ) ) ;
#3786 = CYLINDRICAL_SURFACE ( 'NONE', #3235, 5.998981397340809707 ) ;
#3787 = CARTESIAN_POINT ( 'NONE',  ( -5.519661803323828941, 0.3975240214392646854, -1.985428506473515542 ) ) ;
#3788 = CARTESIAN_POINT ( 'NONE',  ( -5.519661803323828941, 0.3594327388860832362, 0.4506716720556348532 ) ) ;
#3789 = SURFACE_STYLE_FILL_AREA ( #454 ) ;
#3790 = VERTEX_POINT ( 'NONE', #1288 ) ;
#3791 = EDGE_CURVE ( 'NONE', #197, #5276, #1680, .T. ) ;
#3792 = AXIS2_PLACEMENT_3D ( 'NONE', #3805, #3206, #4892 ) ;
#3793 = CARTESIAN_POINT ( 'NONE',  ( 8.628081149920694415, 4.241920426271637901, 4.241920426271637901 ) ) ;
#3794 = PLANE ( 'NONE',  #4755 ) ;
#3795 = ORIENTED_EDGE ( 'NONE', *, *, #4234, .F. ) ;
#3796 = DIRECTION ( 'NONE',  ( 0.0000000000000000000, -0.0000000000000000000, -1.000000000000000000 ) ) ;
#3797 = CARTESIAN_POINT ( 'NONE',  ( -5.619661803323829474, 0.6376042823617330546, 0.3771632864199848667 ) ) ;
#3798 = ORIENTED_EDGE ( 'NONE', *, *, #3936, .F. ) ;
#3799 = VECTOR ( 'NONE', #2472, 1000.000000000000000 ) ;
#3800 = CARTESIAN_POINT ( 'NONE',  ( -5.519661803323828941, -0.5146871204975557168, 0.7449185090724820268 ) ) ;
#3801 = EDGE_CURVE ( 'NONE', #2720, #5469, #4646, .T. ) ;
#3802 = ADVANCED_FACE ( 'NONE', ( #5060 ), #1990, .F. ) ;
#3803 = DIRECTION ( 'NONE',  ( 0.0000000000000000000, 0.2588193772578116225, -0.9659257372882651405 ) ) ;
#3804 = EDGE_LOOP ( 'NONE', ( #2384, #2672, #3372, #1498 ) ) ;
#3805 = CARTESIAN_POINT ( 'NONE',  ( -5.519661803323828941, -0.8810394876184768354, -2.328132293127599173 ) ) ;
#3806 = CARTESIAN_POINT ( 'NONE',  ( 1.409331151969084761, 6.304693514189128749E-15, -5.187082584840810640 ) ) ;
#3807 = CARTESIAN_POINT ( 'NONE',  ( -5.619661803323829474, -0.4637826167685011880, -0.01865793413329725273 ) ) ;
#3808 = CARTESIAN_POINT ( 'NONE',  ( 3.659331151969084761, 3.667821270315578364, 3.667821270315586357 ) ) ;
#3809 = CARTESIAN_POINT ( 'NONE',  ( 1.954793059423414192, -5.536962622234975484, 11.07392524446994564 ) ) ;
#3810 = EDGE_CURVE ( 'NONE', #1365, #1207, #3450, .T. ) ;
#3811 = CARTESIAN_POINT ( 'NONE',  ( 10.59683115196908609, 6.304693514189128749E-15, -5.187082584840810640 ) ) ;
#3812 = ORIENTED_EDGE ( 'NONE', *, *, #1390, .F. ) ;
#3813 = CARTESIAN_POINT ( 'NONE',  ( 9.230112819108409639, -1.495057826859703898, -5.336858314020197724 ) ) ;
#3814 = B_SPLINE_CURVE_WITH_KNOTS ( 'NONE', 3,
 ( #5115, #1818, #3506, #4754 ),
 .UNSPECIFIED., .F., .F.,
 ( 4, 4 ),
 ( 11.00000000000000000, 12.00000000000000000 ),
 .UNSPECIFIED. ) ;
#3815 = CARTESIAN_POINT ( 'NONE',  ( 0.3780811540174747187, -4.241920426271638789, 4.241920426271637012 ) ) ;
#3816 = PLANE ( 'NONE',  #396 ) ;
#3817 = VECTOR ( 'NONE', #2376, 1000.000000000000000 ) ;
#3818 = LINE ( 'NONE', #2108, #4239 ) ;
#3819 = CARTESIAN_POINT ( 'NONE',  ( -5.519661803323828941, -1.159211031094126598, -1.081138143709938548 ) ) ;
#3820 = CARTESIAN_POINT ( 'NONE',  ( 7.128081151969086982, -5.187082584840807087, -2.148559955790362519 ) ) ;
#3821 = CARTESIAN_POINT ( 'NONE',  ( -5.519661803323828941, -0.1434427557374629292, -2.307165446310758927 ) ) ;
#3822 = CARTESIAN_POINT ( 'NONE',  ( 9.659331151969086093, -5.669459105745301380E-15, 5.187082584840810640 ) ) ;
#3823 = DIRECTION ( 'NONE',  ( 0.0000000000000000000, -0.0000000000000000000, 1.000000000000000000 ) ) ;
#3824 = VERTEX_POINT ( 'NONE', #785 ) ;
#3825 = DIRECTION ( 'NONE',  ( -1.000000000000000000, -0.0000000000000000000, -0.0000000000000000000 ) ) ;
#3826 = ADVANCED_FACE ( 'NONE', ( #2484 ), #3205, .F. ) ;
#3827 = DIRECTION ( 'NONE',  ( 0.0000000000000000000, 1.000000000000000000, 0.0000000000000000000 ) ) ;
#3828 = VERTEX_POINT ( 'NONE', #2673 ) ;
#3829 = PLANE ( 'NONE',  #1012 ) ;
#3830 = CARTESIAN_POINT ( 'NONE',  ( -5.519661803323828941, 0.6376042823617330546, -0.3508782973789836279 ) ) ;
#3831 = ORIENTED_EDGE ( 'NONE', *, *, #1555, .T. ) ;
#3832 = VECTOR ( 'NONE', #1984, 1000.000000000000227 ) ;
#3833 = CARTESIAN_POINT ( 'NONE',  ( 1.954793059423414192, -5.536962622234971931, -11.07392524446994564 ) ) ;
#3834 = CARTESIAN_POINT ( 'NONE',  ( 1.784331151969084983, 5.187082584840810640, 5.987076309967215065E-15 ) ) ;
#3835 = CARTESIAN_POINT ( 'NONE',  ( 1.787875908728443708, 3.962162667910359648, -3.365051134596941829 ) ) ;
#3836 = EDGE_CURVE ( 'NONE', #1341, #3028, #3117, .T. ) ;
#3837 = CARTESIAN_POINT ( 'NONE',  ( 4.503081151969085205, -2.148559955790347864, -5.187082584840813304 ) ) ;
#3838 = DIRECTION ( 'NONE',  ( 0.0000000000000000000, 0.0000000000000000000, -1.000000000000000000 ) ) ;
#3839 = CARTESIAN_POINT ( 'NONE',  ( 10.22183115196908787, -5.187082584840810640, -6.622310718411043223E-15 ) ) ;
#3840 = CARTESIAN_POINT ( 'NONE',  ( 9.161206945141822544, -3.805882420460633853, -4.122687012197741474 ) ) ;
#3841 = VECTOR ( 'NONE', #1798, 1000.000000000000000 ) ;
#3842 = B_SPLINE_CURVE_WITH_KNOTS ( 'NONE', 3,
 ( #3154, #2400, #4840, #4731 ),
 .UNSPECIFIED., .F., .F.,
 ( 4, 4 ),
 ( 10.00000000000000000, 11.00000000000000000 ),
 .UNSPECIFIED. ) ;
#3843 = VECTOR ( 'NONE', #3002, 1000.000000000000000 ) ;
#3844 = EDGE_CURVE ( 'NONE', #4042, #406, #1714, .T. ) ;
#3845 = CARTESIAN_POINT ( 'NONE',  ( 2.159331154017476440, -5.998981397340808819, -2.484859455202467871 ) ) ;
#3846 = CARTESIAN_POINT ( 'NONE',  ( -5.519661803323828941, 0.2888415995490326016, 0.9601824022817211368 ) ) ;
#3847 = AXIS2_PLACEMENT_3D ( 'NONE', #2179, #2154, #3392 ) ;
#3848 = DIRECTION ( 'NONE',  ( -1.000000000000000000, -0.0000000000000000000, -0.0000000000000000000 ) ) ;
#3849 = CARTESIAN_POINT ( 'NONE',  ( -5.519661803323828941, 0.6376042823617330546, -3.144939927285519854 ) ) ;
#3850 = APPLICATION_PROTOCOL_DEFINITION ( 'draft international standard', 'automotive_design', 1998, #5173 ) ;
#3851 = CARTESIAN_POINT ( 'NONE',  ( 4.034331151969085205, -5.187082584840810640, -6.622310718411043223E-15 ) ) ;
#3852 = CARTESIAN_POINT ( 'NONE',  ( 11.25308114992069619, 4.241920426271637901, -4.241920426271637012 ) ) ;
#3853 = CARTESIAN_POINT ( 'NONE',  ( 10.97183115196908609, 3.667821270315578364, 3.667821270315586357 ) ) ;
#3854 = CYLINDRICAL_SURFACE ( 'NONE', #2903, 3.389253054512366692 ) ;
#3855 = EDGE_LOOP ( 'NONE', ( #3831, #3589, #4064, #5389 ) ) ;
#3856 = CARTESIAN_POINT ( 'NONE',  ( -5.519661803323828941, -1.159211031094126598, 0.2206051423347873408 ) ) ;
#3857 = AXIS2_PLACEMENT_3D ( 'NONE', #2617, #3868, #499 ) ;
#3858 = VECTOR ( 'NONE', #4301, 1000.000000000000000 ) ;
#3859 = ORIENTED_EDGE ( 'NONE', *, *, #3362, .F. ) ;
#3860 = DIRECTION ( 'NONE',  ( -0.0000000000000000000, 1.000000000000000000, 0.0000000000000000000 ) ) ;
#3861 = CARTESIAN_POINT ( 'NONE',  ( 3.940581154017475995, 7.346633366397939041E-16, -5.998981397340809707 ) ) ;
#3862 = ADVANCED_FACE ( 'NONE', ( #92 ), #5168, .F. ) ;
#3863 = AXIS2_PLACEMENT_3D ( 'NONE', #1767, #2216, #4758 ) ;
#3864 = ORIENTED_EDGE ( 'NONE', *, *, #1863, .T. ) ;
#3865 = VECTOR ( 'NONE', #1108, 1000.000000000000000 ) ;
#3866 = DIRECTION ( 'NONE',  ( 0.0000000000000000000, 0.9659920925649096990, 0.2585716092343992578 ) ) ;
#3867 = CARTESIAN_POINT ( 'NONE',  ( -2.482082288789165148, 0.0000000000000000000, -8.146137537000969431 ) ) ;
#3868 = DIRECTION ( 'NONE',  ( -1.000000000000000000, -0.0000000000000000000, -0.0000000000000000000 ) ) ;
#3869 = CARTESIAN_POINT ( 'NONE',  ( 5.815581151969085205, -5.187082584840807087, -2.148559955790362519 ) ) ;
#3870 = ORIENTED_EDGE ( 'NONE', *, *, #3623, .T. ) ;
#3871 = VECTOR ( 'NONE', #1991, 1000.000000000000000 ) ;
#3872 = CARTESIAN_POINT ( 'NONE',  ( 0.9668813965247646802, 7.070052012334008040, 14.14010402466802141 ) ) ;
#3873 = EDGE_CURVE ( 'NONE', #4194, #1408, #4160, .T. ) ;
#3874 = CARTESIAN_POINT ( 'NONE',  ( 10.69058115196908609, 5.187082584840812416, -2.148559955790347864 ) ) ;
#3875 = LINE ( 'NONE', #530, #4393 ) ;
#3876 = ADVANCED_FACE ( 'NONE', ( #3977 ), #626, .F. ) ;
#3877 = CARTESIAN_POINT ( 'NONE',  ( -5.519661803323828941, 0.6376042823617330546, 1.688348407857317879 ) ) ;
#3878 = CARTESIAN_POINT ( 'NONE',  ( -5.619661803323829474, 0.2863953785477003078, -1.235015887235658472 ) ) ;
#3879 = FACE_OUTER_BOUND ( 'NONE', #3361, .T. ) ;
#3880 = LINE ( 'NONE', #17, #4987 ) ;
#3881 = CARTESIAN_POINT ( 'NONE',  ( 6.940581151969086982, -5.187082584840812416, 2.148559955790349640 ) ) ;
#3882 = CARTESIAN_POINT ( 'NONE',  ( 9.659331149920694415, 2.484859455202465650, -5.998981397340810595 ) ) ;
#3883 = FACE_OUTER_BOUND ( 'NONE', #2061, .T. ) ;
#3884 = CARTESIAN_POINT ( 'NONE',  ( -2.820780263020862044, 1.043007997188082749E-15, 8.516806624687751182 ) ) ;
#3885 = ORIENTED_EDGE ( 'NONE', *, *, #3531, .T. ) ;
#3886 = CARTESIAN_POINT ( 'NONE',  ( 0.02024695280851037185, 6.703611742034444431E-16, -5.473914394502774172 ) ) ;
#3887 = EDGE_LOOP ( 'NONE', ( #803, #4606, #2308, #1416 ) ) ;
#3888 = CARTESIAN_POINT ( 'NONE',  ( -5.519661803323828941, -1.159211031094126598, 1.237187935964929153 ) ) ;
#3889 = CARTESIAN_POINT ( 'NONE',  ( -5.619661803323829474, -0.8080021272800940180, -1.963878654760408349 ) ) ;
#3890 = ORIENTED_EDGE ( 'NONE', *, *, #3399, .F. ) ;
#3891 = LINE ( 'NONE', #1809, #600 ) ;
#3892 = LINE ( 'NONE', #1782, #494 ) ;
#3893 = AXIS2_PLACEMENT_3D ( 'NONE', #2893, #1109, #4079 ) ;
#3894 = FACE_OUTER_BOUND ( 'NONE', #1940, .T. ) ;
#3895 = CARTESIAN_POINT ( 'NONE',  ( -5.619661803323829474, 0.6376042823617330546, -1.672425975356006678 ) ) ;
#3896 = VERTEX_POINT ( 'NONE', #173 ) ;
#3897 = LINE ( 'NONE', #2034, #5091 ) ;
#3898 = ORIENTED_EDGE ( 'NONE', *, *, #2479, .F. ) ;
#3899 = CARTESIAN_POINT ( 'NONE',  ( 11.06558115196908609, 2.148559955790348308, 5.187082584840812416 ) ) ;
#3900 = CARTESIAN_POINT ( 'NONE',  ( -5.519661803323828941, -0.7755022704961843649, -2.821222903745839172 ) ) ;
#3901 = EDGE_CURVE ( 'NONE', #2371, #2378, #1814, .T. ) ;
#3902 = CARTESIAN_POINT ( 'NONE',  ( 0.8468311540174753294, -2.484859455202463430, -5.998981397340811483 ) ) ;
#3903 = CARTESIAN_POINT ( 'NONE',  ( -5.619661803323829474, 0.2678738640052119035, -1.240024752472179026 ) ) ;
#3904 =( BOUNDED_CURVE ( )  B_SPLINE_CURVE ( 2, ( #638, #1138, #2842, #719, #2419, #4108, #302, #2008, #3689 ),
 .UNSPECIFIED., .F., .T. ) 
 B_SPLINE_CURVE_WITH_KNOTS ( ( 3, 2, 2, 2, 3 ),
 ( 0.4285714285714285476, 0.4464285714285714524, 0.4642857142857143016, 0.4821428571428571508, 0.5000000000000000000 ),
 .UNSPECIFIED. ) 
 CURVE ( )  GEOMETRIC_REPRESENTATION_ITEM ( )  RATIONAL_B_SPLINE_CURVE ( ( 1.000000000000000000, 0.9238795325112867385, 1.000000000000000000, 0.9238795325112867385, 1.000000000000000000, 0.9238795325112867385, 1.000000000000000000, 0.9238795325112867385, 1.000000000000000000 ) ) 
 REPRESENTATION_ITEM ( '' )  );
#3905 = DIRECTION ( 'NONE',  ( 0.0000000000000000000, 0.0000000000000000000, -1.000000000000000000 ) ) ;
#3906 = EDGE_CURVE ( 'NONE', #2393, #1551, #1176, .T. ) ;
#3907 = B_SPLINE_CURVE_WITH_KNOTS ( 'NONE', 3,
 ( #4710, #2244, #3513, #1985 ),
 .UNSPECIFIED., .F., .F.,
 ( 4, 4 ),
 ( 7.000000000000000000, 8.000000000000000000 ),
 .UNSPECIFIED. ) ;
#3908 = CARTESIAN_POINT ( 'NONE',  ( 9.190581149920696191, -5.998981397340809707, -1.101995004959690659E-15 ) ) ;
#3909 = CARTESIAN_POINT ( 'NONE',  ( 9.284331151969086093, 5.187082584840810640, 5.987076309967215065E-15 ) ) ;
#3910 = CARTESIAN_POINT ( 'NONE',  ( 0.0000000000000000000, 7.346633366397939041E-16, -5.998981397340809707 ) ) ;
#3911 = ORIENTED_EDGE ( 'NONE', *, *, #1233, .F. ) ;
#3912 = UNCERTAINTY_MEASURE_WITH_UNIT (LENGTH_MEASURE( 1.000000000000000082E-05 ), #5349, 'distance_accuracy_value', 'NONE');
#3913 = CARTESIAN_POINT ( 'NONE',  ( -5.619661803323829474, -0.8262907953548989104, -1.561295999374009424 ) ) ;
#3914 = EDGE_CURVE ( 'NONE', #466, #1093, #4724, .T. ) ;
#3915 = VERTEX_POINT ( 'NONE', #2315 ) ;
#3916 = PLANE ( 'NONE',  #924 ) ;
#3917 = CARTESIAN_POINT ( 'NONE',  ( 9.279239284449033676, 0.4058209999239538734, -5.474020796218219687 ) ) ;
#3918 = ORIENTED_EDGE ( 'NONE', *, *, #641, .F. ) ;
#3919 = CARTESIAN_POINT ( 'NONE',  ( 0.4256287514289406326, 0.0000000000000000000, 0.0000000000000000000 ) ) ;
#3920 = ORIENTED_EDGE ( 'NONE', *, *, #399, .T. ) ;
#3921 = LINE ( 'NONE', #61, #1103 ) ;
#3922 = CARTESIAN_POINT ( 'NONE',  ( 1.034331151969084317, -3.667821270315587245, 3.667821270315577475 ) ) ;
#3923 = ORIENTED_EDGE ( 'NONE', *, *, #137, .T. ) ;
#3924 = CARTESIAN_POINT ( 'NONE',  ( -5.619661803323829474, -0.4637826167685011880, 0.7866175787845230971 ) ) ;
#3925 = EDGE_LOOP ( 'NONE', ( #3261, #2948, #5238, #1352 ) ) ;
#3926 = CARTESIAN_POINT ( 'NONE',  ( 3.753081151969084761, 2.148559955790348308, 5.187082584840812416 ) ) ;
#3927 = DIRECTION ( 'NONE',  ( 0.0000000000000000000, 0.0000000000000000000, 1.000000000000000000 ) ) ;
#3928 = CARTESIAN_POINT ( 'NONE',  ( -5.519661803323828941, -1.159211031094126598, -3.417053907693038184 ) ) ;
#3929 = DIRECTION ( 'NONE',  ( -1.000000000000000000, 0.0000000000000000000, 0.0000000000000000000 ) ) ;
#3930 = CARTESIAN_POINT ( 'NONE',  ( -5.619661803323829474, -0.8262907953548989104, 1.326302367298428875 ) ) ;
#3931 = VECTOR ( 'NONE', #4268, 1000.000000000000000 ) ;
#3932 = CARTESIAN_POINT ( 'NONE',  ( 6.190581149920695303, -5.998981397340809707, -1.101995004959690659E-15 ) ) ;
#3933 = CARTESIAN_POINT ( 'NONE',  ( 2.065581151969085205, 2.148559955790348308, 5.187082584840812416 ) ) ;
#3934 = DIRECTION ( 'NONE',  ( 0.0000000000000000000, 0.0000000000000000000, 1.000000000000000000 ) ) ;
#3935 = AXIS2_PLACEMENT_3D ( 'NONE', #5113, #1761, #3838 ) ;
#3936 = EDGE_CURVE ( 'NONE', #4777, #1494, #4003, .T. ) ;
#3937 = EDGE_LOOP ( 'NONE', ( #3766, #2607, #2062, #2860 ) ) ;
#3938 = CARTESIAN_POINT ( 'NONE',  ( -5.519661803323828941, 0.3046836022590236337, -1.637594987714158679 ) ) ;
#3939 = EDGE_LOOP ( 'NONE', ( #660, #2198, #2381, #3067 ) ) ;
#3940 =( LENGTH_UNIT ( ) NAMED_UNIT ( * ) SI_UNIT ( .MILLI., .METRE. ) );
#3941 = DIRECTION ( 'NONE',  ( 0.0000000000000000000, 0.0000000000000000000, 1.000000000000000000 ) ) ;
#3942 = ADVANCED_FACE ( 'NONE', ( #1483 ), #2621, .F. ) ;
#3943 = EDGE_LOOP ( 'NONE', ( #5164, #3573, #988, #4930 ) ) ;
#3944 = CARTESIAN_POINT ( 'NONE',  ( -5.519661803323828941, -1.930845117427445246, -3.938406036146827827 ) ) ;
#3945 = PRESENTATION_LAYER_ASSIGNMENT (  '', '', ( #3066 ) ) ;
#3946 = CARTESIAN_POINT ( 'NONE',  ( -2.820780263020862044, 0.0000000000000000000, 0.0000000000000000000 ) ) ;
#3947 = CARTESIAN_POINT ( 'NONE',  ( -5.619661803323829474, -0.7894806127375767479, 0.6712963663838882322 ) ) ;
#3948 = ORIENTED_EDGE ( 'NONE', *, *, #3914, .T. ) ;
#3949 = CARTESIAN_POINT ( 'NONE',  ( 9.043999820891889030, 5.429549025707598453, 1.879137777562256417 ) ) ;
#3950 = ORIENTED_EDGE ( 'NONE', *, *, #2079, .F. ) ;
#3951 = CARTESIAN_POINT ( 'NONE',  ( 10.59683115196908609, 3.667821270315586357, -3.667821270315577920 ) ) ;
#3952 = DIRECTION ( 'NONE',  ( 0.0000000000000000000, -0.2588646730694817988, 0.9659135991571038415 ) ) ;
#3953 = VECTOR ( 'NONE', #3650, 1000.000000000000000 ) ;
#3954 = B_SPLINE_CURVE_WITH_KNOTS ( 'NONE', 3,
 ( #873, #3846, #4181, #5118 ),
 .UNSPECIFIED., .F., .F.,
 ( 4, 4 ),
 ( 5.000000000000000000, 6.000000000000000000 ),
 .UNSPECIFIED. ) ;
#3955 = FACE_OUTER_BOUND ( 'NONE', #4938, .T. ) ;
#3956 = DIRECTION ( 'NONE',  ( 0.0000000000000000000, 0.0000000000000000000, -1.000000000000000000 ) ) ;
#3957 = DIRECTION ( 'NONE',  ( -1.000000000000000000, -0.0000000000000000000, -0.0000000000000000000 ) ) ;
#3958 = AXIS2_PLACEMENT_3D ( 'NONE', #4734, #3380, #5128 ) ;
#3959 = CARTESIAN_POINT ( 'NONE',  ( 4.596831149920694415, -5.998981397340809707, 2.484859455202466538 ) ) ;
#3960 = CARTESIAN_POINT ( 'NONE',  ( 6.096831151969085205, 3.667821270315586357, -3.667821270315577920 ) ) ;
#3961 = CARTESIAN_POINT ( 'NONE',  ( -5.519661803323828941, -0.4637826167685011880, 0.1522300437122748318 ) ) ;
#3962 = ORIENTED_EDGE ( 'NONE', *, *, #4707, .F. ) ;
#3963 = DIRECTION ( 'NONE',  ( 0.0000000000000000000, -1.000000000000000000, 0.0000000000000000000 ) ) ;
#3964 = DIRECTION ( 'NONE',  ( 0.0000000000000000000, -0.0000000000000000000, -1.000000000000000000 ) ) ;
#3965 = ORIENTED_EDGE ( 'NONE', *, *, #407, .F. ) ;
#3966 = EDGE_CURVE ( 'NONE', #3109, #4082, #3897, .T. ) ;
#3967 = CARTESIAN_POINT ( 'NONE',  ( -5.519661803323828941, 1.930822899253078262, -3.938406036146827827 ) ) ;
#3968 = ORIENTED_EDGE ( 'NONE', *, *, #273, .T. ) ;
#3969 = CARTESIAN_POINT ( 'NONE',  ( -5.619661803323829474, -2.113893546485134056, 4.121490903010486484 ) ) ;
#3970 = DIRECTION ( 'NONE',  ( 0.0000000000000000000, 0.0000000000000000000, 1.000000000000000000 ) ) ;
#3971 = ORIENTED_EDGE ( 'NONE', *, *, #4316, .F. ) ;
#3972 = CARTESIAN_POINT ( 'NONE',  ( 1.459023686784834517, 0.0000000000000000000, 3.389253054512366692 ) ) ;
#3973 = CARTESIAN_POINT ( 'NONE',  ( -0.02048535258922726254, 6.082404292049763406, -12.16480858409952504 ) ) ;
#3974 = VERTEX_POINT ( 'NONE', #1058 ) ;
#3975 = EDGE_CURVE ( 'NONE', #5486, #4465, #5387, .T. ) ;
#3976 = EDGE_CURVE ( 'NONE', #4192, #3784, #665, .T. ) ;
#3977 = FACE_OUTER_BOUND ( 'NONE', #3374, .T. ) ;
#3978 = VERTEX_POINT ( 'NONE', #693 ) ;
#3979 = CONICAL_SURFACE ( 'NONE', #2294, 5.042581076891417879, 0.8164041791741916132 ) ;
#3980 = CARTESIAN_POINT ( 'NONE',  ( 3.190581151969084317, 2.148559955790360299, -5.187082584840807975 ) ) ;
#3981 = CARTESIAN_POINT ( 'NONE',  ( -5.619661803323829474, 0.5131958366318902787, 0.6757186718162545569 ) ) ;
#3982 = ADVANCED_FACE ( 'NONE', ( #1509 ), #2180, .T. ) ;
#3983 = CARTESIAN_POINT ( 'NONE',  ( 2.721831151969085649, -3.667821270315577920, -3.667821270315587245 ) ) ;
#3984 = CARTESIAN_POINT ( 'NONE',  ( -5.619661803323829474, 0.3046836022590236337, -1.611619275660786332 ) ) ;
#3985 = AXIS2_PLACEMENT_3D ( 'NONE', #59, #87, #3417 ) ;
#3986 = CARTESIAN_POINT ( 'NONE',  ( 0.9668813965247646802, -5.095037542935744845, 10.19007508587148614 ) ) ;
#3987 = CARTESIAN_POINT ( 'NONE',  ( -5.619661803323829474, -0.8262907953548989104, -2.888901240419198047 ) ) ;
#3988 = CARTESIAN_POINT ( 'NONE',  ( 4.971831149920695303, -2.484859455202463430, -5.998981397340811483 ) ) ;
#3989 = CARTESIAN_POINT ( 'NONE',  ( 3.940581151969085205, -5.187082584840811528, 2.148559955790349640 ) ) ;
#3990 = CARTESIAN_POINT ( 'NONE',  ( 3.565581149920693971, 7.346633366397939041E-16, -5.998981397340809707 ) ) ;
#3991 = ORIENTED_EDGE ( 'NONE', *, *, #301, .T. ) ;
#3992 = CARTESIAN_POINT ( 'NONE',  ( -5.519661803323828941, -0.4637826167685011880, -2.737700342545092980 ) ) ;
#3993 = ORIENTED_EDGE ( 'NONE', *, *, #2577, .T. ) ;
#3994 = CARTESIAN_POINT ( 'NONE',  ( 8.628081151969086093, -5.187082584840807087, -2.148559955790362519 ) ) ;
#3995 = CARTESIAN_POINT ( 'NONE',  ( 7.784331151969086093, 3.667821270315586357, -3.667821270315577920 ) ) ;
#3996 = EDGE_LOOP ( 'NONE', ( #356, #3116, #679, #5310 ) ) ;
#3997 = CARTESIAN_POINT ( 'NONE',  ( -5.519661803323828941, -0.7755022704961843649, -1.519593374754033777 ) ) ;
#3998 = CARTESIAN_POINT ( 'NONE',  ( -5.619661803323829474, 0.6803316091850086789, 2.657949538630267394 ) ) ;
#3999 = ADVANCED_FACE ( 'NONE', ( #3715 ), #1083, .T. ) ;
#4000 = CARTESIAN_POINT ( 'NONE',  ( -5.519661803323828941, -0.2693651478708425362, -0.4980017158873952243 ) ) ;
#4001 = CARTESIAN_POINT ( 'NONE',  ( 0.4220016690503198831, -7.070052012334010705, -14.14010402466802141 ) ) ;
#4002 = ORIENTED_EDGE ( 'NONE', *, *, #4804, .T. ) ;
#4003 = LINE ( 'NONE', #198, #3234 ) ;
#4004 = B_SPLINE_CURVE_WITH_KNOTS ( 'NONE', 3,
 ( #1073, #1946, #1524, #2804, #4495, #5434, #5409, #4982, #2832, #2435, #768, #1603, #5044, #710, #402, #2859, #3268, #2411, #4097, #4184, #2519, #2884 ),
 .UNSPECIFIED., .F., .F.,
 ( 4, 2, 2, 2, 2, 2, 2, 2, 2, 2, 4 ),
 ( 0.01916584667028528588, 0.01967953404488200636, 0.02019322141947872684, 0.02122059616867216780, 0.02224797091786561223, 0.02276165829246233271, 0.02327534566705904973, 0.02430272041625249416, 0.02533009516544593512, 0.02635746991463937955, 0.02738484466383282051 ),
 .UNSPECIFIED. ) ;
#4005 = VERTEX_POINT ( 'NONE', #5308 ) ;
#4006 = CARTESIAN_POINT ( 'NONE',  ( 5.628081151969085205, -5.187082584840807087, -2.148559955790362519 ) ) ;
#4007 = EDGE_CURVE ( 'NONE', #104, #4666, #2783, .T. ) ;
#4008 = CARTESIAN_POINT ( 'NONE',  ( 2.232033325154933134, -5.708315745597336566, 0.1716930339768392710 ) ) ;
#4009 = CARTESIAN_POINT ( 'NONE',  ( 4.503081151969086093, 2.148559955790360299, -5.187082584840807975 ) ) ;
#4010 = VERTEX_POINT ( 'NONE', #1956 ) ;
#4011 = ADVANCED_FACE ( 'NONE', ( #1977 ), #279, .T. ) ;
#4012 = VECTOR ( 'NONE', #3255, 1000.000000000000000 ) ;
#4013 = CARTESIAN_POINT ( 'NONE',  ( 3.940581154017475995, 7.346633366397939041E-16, -5.998981397340809707 ) ) ;
#4014 = CARTESIAN_POINT ( 'NONE',  ( 6.003081149920695303, -4.241920426271638789, 4.241920426271637012 ) ) ;
#4015 = CARTESIAN_POINT ( 'NONE',  ( 4.596831151969085205, 3.667821270315586357, -3.667821270315577920 ) ) ;
#4016 = VERTEX_POINT ( 'NONE', #5356 ) ;
#4017 = CARTESIAN_POINT ( 'NONE',  ( 2.492805465815127963, 5.851270651821511848, 1.323030447409795807 ) ) ;
#4018 = VECTOR ( 'NONE', #4733, 1000.000000000000227 ) ;
#4019 = LINE ( 'NONE', #5295, #1920 ) ;
#4020 = ORIENTED_EDGE ( 'NONE', *, *, #3652, .F. ) ;
#4021 = CARTESIAN_POINT ( 'NONE',  ( 9.284331151969086093, 5.187082584840810640, 5.987076309967215065E-15 ) ) ;
#4022 = DIRECTION ( 'NONE',  ( -1.000000000000000000, -0.0000000000000000000, -0.0000000000000000000 ) ) ;
#4023 = ORIENTED_EDGE ( 'NONE', *, *, #4044, .T. ) ;
#4024 = DIRECTION ( 'NONE',  ( -1.000000000000000000, -0.0000000000000000000, -0.0000000000000000000 ) ) ;
#4025 = VECTOR ( 'NONE', #2068, 1000.000000000000000 ) ;
#4026 = ORIENTED_EDGE ( 'NONE', *, *, #1397, .T. ) ;
#4027 = CARTESIAN_POINT ( 'NONE',  ( -5.519661803323828941, 0.6376042823617330546, -2.135346082594348882 ) ) ;
#4028 = DIRECTION ( 'NONE',  ( 0.0000000000000000000, 0.0000000000000000000, 1.000000000000000000 ) ) ;
#4029 = ORIENTED_EDGE ( 'NONE', *, *, #3283, .T. ) ;
#4030 = CARTESIAN_POINT ( 'NONE',  ( -5.519661803323828941, -1.159211031094126598, -2.657210117786304782 ) ) ;
#4031 = EDGE_CURVE ( 'NONE', #4903, #2378, #4859, .T. ) ;
#4032 = CIRCLE ( 'NONE', #4912, 5.042581076891417879 ) ;
#4033 = ORIENTED_EDGE ( 'NONE', *, *, #4321, .T. ) ;
#4034 = CARTESIAN_POINT ( 'NONE',  ( 7.503081151969086982, 2.148559955790360299, -5.187082584840807975 ) ) ;
#4035 = CARTESIAN_POINT ( 'NONE',  ( -5.619661803323829474, -0.09253780764491525979, -0.01504614770301610123 ) ) ;
#4036 = CARTESIAN_POINT ( 'NONE',  ( 2.416684421380459913, -1.831505030971659620, -5.632771749670052230 ) ) ;
#4037 = VECTOR ( 'NONE', #4793, 1000.000000000000000 ) ;
#4038 = DIRECTION ( 'NONE',  ( 0.0000000000000000000, 0.0000000000000000000, 1.000000000000000000 ) ) ;
#4039 = ADVANCED_FACE ( 'NONE', ( #2340 ), #4081, .F. ) ;
#4040 = B_SPLINE_CURVE_WITH_KNOTS ( 'NONE', 3,
 ( #70, #5316, #1875, #207 ),
 .UNSPECIFIED., .F., .F.,
 ( 4, 4 ),
 ( 6.000000000000000000, 7.000000000000000000 ),
 .UNSPECIFIED. ) ;
#4041 = LINE ( 'NONE', #1428, #2385 ) ;
#4042 = VERTEX_POINT ( 'NONE', #4474 ) ;
#4043 = DIRECTION ( 'NONE',  ( 0.0000000000000000000, -0.8660258472429477328, 0.4999992319065447166 ) ) ;
#4044 = EDGE_CURVE ( 'NONE', #3784, #393, #1534, .T. ) ;
#4045 = CARTESIAN_POINT ( 'NONE',  ( 2.065581149920694415, 7.346633366397939041E-16, -5.998981397340809707 ) ) ;
#4046 = CARTESIAN_POINT ( 'NONE',  ( 4.034331151969085205, -5.187082584840810640, -6.622310718411043223E-15 ) ) ;
#4047 = EDGE_LOOP ( 'NONE', ( #5182, #25, #1438, #1368 ) ) ;
#4048 = CARTESIAN_POINT ( 'NONE',  ( 0.9668813965247647912, -7.070052012334011593, -8.658316566710150725E-16 ) ) ;
#4049 = DIRECTION ( 'NONE',  ( 0.0000000000000000000, -1.000000000000000000, 0.0000000000000000000 ) ) ;
#4050 = VERTEX_POINT ( 'NONE', #2369 ) ;
#4051 = CARTESIAN_POINT ( 'NONE',  ( 7.971831151969085205, 3.667821270315578364, 3.667821270315586357 ) ) ;
#4052 = CARTESIAN_POINT ( 'NONE',  ( 9.501185394182410704, 5.187082584840809751, 0.6727397264226040452 ) ) ;
#4053 = ORIENTED_EDGE ( 'NONE', *, *, #5388, .F. ) ;
#4054 = CARTESIAN_POINT ( 'NONE',  ( -5.619661803323829474, 0.2888415995490326016, 0.9601824022817211368 ) ) ;
#4055 = CARTESIAN_POINT ( 'NONE',  ( -5.519661803323828941, 0.6376042823617330546, -3.144939927285519854 ) ) ;
#4056 = ORIENTED_EDGE ( 'NONE', *, *, #5079, .T. ) ;
#4057 = DIRECTION ( 'NONE',  ( -1.000000000000000000, -0.0000000000000000000, -0.0000000000000000000 ) ) ;
#4058 = ORIENTED_EDGE ( 'NONE', *, *, #1792, .F. ) ;
#4059 = CARTESIAN_POINT ( 'NONE',  ( 6.096831151969085205, 3.667821270315586357, -3.667821270315577920 ) ) ;
#4060 = CARTESIAN_POINT ( 'NONE',  ( -5.519661803323828941, 0.2538955217638021455, 0.9508614337578672471 ) ) ;
#4061 = DIRECTION ( 'NONE',  ( -1.000000000000000000, -0.0000000000000000000, -0.0000000000000000000 ) ) ;
#4062 = CARTESIAN_POINT ( 'NONE',  ( -5.619661803323829474, -0.1434427557374629292, -2.885524077910556429 ) ) ;
#4063 = VECTOR ( 'NONE', #3957, 1000.000000000000000 ) ;
#4064 = ORIENTED_EDGE ( 'NONE', *, *, #2437, .F. ) ;
#4065 = CARTESIAN_POINT ( 'NONE',  ( -5.619661803323829474, 0.2863953785477003078, 0.08641447878054527021 ) ) ;
#4066 = EDGE_CURVE ( 'NONE', #2936, #5080, #3904, .T. ) ;
#4067 = VECTOR ( 'NONE', #1326, 1000.000000000000000 ) ;
#4068 = EDGE_LOOP ( 'NONE', ( #2468, #4800, #1136, #257 ) ) ;
#4069 = CARTESIAN_POINT ( 'NONE',  ( 6.753081154017475995, -4.241920426271637012, -4.241920426271638789 ) ) ;
#4070 = ORIENTED_EDGE ( 'NONE', *, *, #1257, .F. ) ;
#4071 = ADVANCED_FACE ( 'NONE', ( #3277 ), #2764, .F. ) ;
#4072 = LINE ( 'NONE', #3649, #2073 ) ;
#4073 = CARTESIAN_POINT ( 'NONE',  ( 0.02024695280851037185, 0.0000000000000000000, 0.0000000000000000000 ) ) ;
#4074 = VERTEX_POINT ( 'NONE', #4136 ) ;
#4075 = CARTESIAN_POINT ( 'NONE',  ( 4.503081151969086093, -2.148559955790347864, -5.187082584840814192 ) ) ;
#4076 = ORIENTED_EDGE ( 'NONE', *, *, #715, .T. ) ;
#4077 = ADVANCED_FACE ( 'NONE', ( #329 ), #2146, .F. ) ;
#4078 = CARTESIAN_POINT ( 'NONE',  ( -5.519661803323828941, -0.2238187790798542576, 0.2943410420762554436 ) ) ;
#4079 = DIRECTION ( 'NONE',  ( 0.0000000000000000000, 0.0000000000000000000, 1.000000000000000000 ) ) ;
#4080 = ORIENTED_EDGE ( 'NONE', *, *, #5006, .F. ) ;
#4081 = PLANE ( 'NONE',  #562 ) ;
#4082 = VERTEX_POINT ( 'NONE', #4163 ) ;
#4083 = CARTESIAN_POINT ( 'NONE',  ( 8.253081151969086093, -2.148559955790363407, 5.187082584840807087 ) ) ;
#4084 = CARTESIAN_POINT ( 'NONE',  ( -5.619661803323829474, -0.1434427557374629292, -0.05686608428381063202 ) ) ;
#4085 = CARTESIAN_POINT ( 'NONE',  ( 2.010977503172274083, -3.034798637620813176E-12, 5.444038642045335941 ) ) ;
#4086 = CARTESIAN_POINT ( 'NONE',  ( 8.909331151969086093, -3.667821270315577920, -3.667821270315587245 ) ) ;
#4087 = CARTESIAN_POINT ( 'NONE',  ( -5.619661803323829474, -0.8262907953548989104, 1.326302367298428875 ) ) ;
#4088 = PRODUCT ( 'event gore PMF100320', 'event gore PMF100320', '', ( #3432 ) ) ;
#4089 = ORIENTED_EDGE ( 'NONE', *, *, #3229, .T. ) ;
#4090 = CARTESIAN_POINT ( 'NONE',  ( -5.519661803323828941, 0.2863953785477003078, 0.08641447878054527021 ) ) ;
#4091 = EDGE_CURVE ( 'NONE', #4526, #2030, #1912, .T. ) ;
#4092 = ORIENTED_EDGE ( 'NONE', *, *, #848, .T. ) ;
#4093 = CARTESIAN_POINT ( 'NONE',  ( 5.534331154017475107, 2.484859455202465650, -5.998981397340810595 ) ) ;
#4094 = PLANE ( 'NONE',  #3421 ) ;
#4095 = CARTESIAN_POINT ( 'NONE',  ( -5.619661803323829474, -1.159211031094126598, -3.417053907693038184 ) ) ;
#4096 = FACE_OUTER_BOUND ( 'NONE', #22, .T. ) ;
#4097 = CARTESIAN_POINT ( 'NONE',  ( 1.825693769880222916, 5.035848674130890323, 1.455612425535660615 ) ) ;
#4098 = ORIENTED_EDGE ( 'NONE', *, *, #1569, .T. ) ;
#4099 = B_SPLINE_CURVE_WITH_KNOTS ( 'NONE', 3,
 ( #2561, #444, #5, #4167 ),
 .UNSPECIFIED., .F., .F.,
 ( 4, 4 ),
 ( 0.0000000000000000000, 1.000000000000000000 ),
 .UNSPECIFIED. ) ;
#4100 = EDGE_CURVE ( 'NONE', #3, #1093, #4585, .T. ) ;
#4101 = CARTESIAN_POINT ( 'NONE',  ( 2.909331151969086093, -3.667821270315577920, -3.667821270315587245 ) ) ;
#4102 = LINE ( 'NONE', #2083, #1203 ) ;
#4103 = VERTEX_POINT ( 'NONE', #3800 ) ;
#4104 = B_SPLINE_CURVE_WITH_KNOTS ( 'NONE', 3,
 ( #3391, #833, #4641, #865, #5448, #445, #809, #1703, #3835, #4227 ),
 .UNSPECIFIED., .F., .F.,
 ( 4, 2, 2, 2, 4 ),
 ( 1.355252715606880543E-20, 0.001023189181645539408, 0.002046378363291078816, 0.003069567544936619308, 0.004092756726582160234 ),
 .UNSPECIFIED. ) ;
#4105 = CARTESIAN_POINT ( 'NONE',  ( -5.619661803323829474, -0.8262907953548989104, 0.6787474533503380369 ) ) ;
#4106 = DIRECTION ( 'NONE',  ( -1.000000000000000000, -0.0000000000000000000, -0.0000000000000000000 ) ) ;
#4107 = ORIENTED_EDGE ( 'NONE', *, *, #5500, .T. ) ;
#4108 = CARTESIAN_POINT ( 'NONE',  ( 5.721831154017475995, 5.998981397340809707, -2.484859455202464762 ) ) ;
#4109 = ADVANCED_FACE ( 'NONE', ( #2118 ), #391, .F. ) ;
#4110 = ORIENTED_EDGE ( 'NONE', *, *, #1331, .F. ) ;
#4111 = CARTESIAN_POINT ( 'NONE',  ( 3.940581151969085205, -5.187082584840811528, 2.148559955790349640 ) ) ;
#4112 = DIRECTION ( 'NONE',  ( 0.0000000000000000000, 0.0000000000000000000, 1.000000000000000000 ) ) ;
#4113 = CARTESIAN_POINT ( 'NONE',  ( -5.519661803323828941, -0.8262907953548989104, -3.232888348826577829 ) ) ;
#4114 = CARTESIAN_POINT ( 'NONE',  ( 7.315581151969086093, -5.187082584840807087, -2.148559955790362519 ) ) ;
#4115 = DIRECTION ( 'NONE',  ( -1.000000000000000000, 0.0000000000000000000, -0.0000000000000000000 ) ) ;
#4116 = CARTESIAN_POINT ( 'NONE',  ( 7.784331154017476884, -2.484859455202462986, 5.998981397340814148 ) ) ;
#4117 = CARTESIAN_POINT ( 'NONE',  ( 11.25308115196908787, 2.148559955790348308, 5.187082584840812416 ) ) ;
#4118 = VERTEX_POINT ( 'NONE', #1 ) ;
#4119 = DIRECTION ( 'NONE',  ( 0.0000000000000000000, -0.4999992319065446611, -0.8660258472429476218 ) ) ;
#4120 =( GEOMETRIC_REPRESENTATION_CONTEXT ( 3 ) GLOBAL_UNCERTAINTY_ASSIGNED_CONTEXT ( ( #1801 ) ) GLOBAL_UNIT_ASSIGNED_CONTEXT ( ( #1611, #5023, #5105 ) ) REPRESENTATION_CONTEXT ( 'NONE', 'WORKASPACE' ) );
#4121 = AXIS2_PLACEMENT_3D ( 'NONE', #4289, #2710, #5233 ) ;
#4122 = VERTEX_POINT ( 'NONE', #1671 ) ;
#4123 = CARTESIAN_POINT ( 'NONE',  ( 10.22183115401747600, 5.998981397340810595, -2.484859455202464762 ) ) ;
#4124 = CARTESIAN_POINT ( 'NONE',  ( -5.519661803323828941, -0.8262907953548989104, -1.931376131795591533 ) ) ;
#4125 = CARTESIAN_POINT ( 'NONE',  ( -5.519661803323828941, -1.034802585364283933, -1.244450612812467494 ) ) ;
#4126 = CARTESIAN_POINT ( 'NONE',  ( -5.619661803323829474, -1.159211031094126598, -3.556256991391677058 ) ) ;
#4127 = CARTESIAN_POINT ( 'NONE',  ( -5.619661803323829474, -0.8262907953548989104, -1.931376131795591533 ) ) ;
#4128 = ORIENTED_EDGE ( 'NONE', *, *, #902, .T. ) ;
#4129 = CARTESIAN_POINT ( 'NONE',  ( 2.628081151969085649, -5.187082584840812416, 2.148559955790349640 ) ) ;
#4130 = DIRECTION ( 'NONE',  ( -1.000000000000000000, -0.0000000000000000000, -0.0000000000000000000 ) ) ;
#4131 = ORIENTED_EDGE ( 'NONE', *, *, #267, .F. ) ;
#4132 = CARTESIAN_POINT ( 'NONE',  ( -5.519661803323828941, 0.3046836022590236337, -2.224574270980792523 ) ) ;
#4133 = ADVANCED_FACE ( 'NONE', ( #438 ), #2502, .F. ) ;
#4134 = PLANE ( 'NONE',  #2128 ) ;
#4135 = ORIENTED_EDGE ( 'NONE', *, *, #2240, .T. ) ;
#4136 = CARTESIAN_POINT ( 'NONE',  ( -5.619661803323829474, -0.1434427557374629292, -2.307165446310758927 ) ) ;
#4137 = ORIENTED_EDGE ( 'NONE', *, *, #4851, .T. ) ;
#4138 = DIRECTION ( 'NONE',  ( -1.000000000000000000, -0.0000000000000000000, -0.0000000000000000000 ) ) ;
#4139 = CARTESIAN_POINT ( 'NONE',  ( -5.519661803323828941, 0.6376042823617330546, 0.2379602027213579829 ) ) ;
#4140 = CARTESIAN_POINT ( 'NONE',  ( 7.971831149920697079, -2.484859455202451439, -5.998981397340823918 ) ) ;
#4141 = CARTESIAN_POINT ( 'NONE',  ( -2.482082288789165148, 0.0000000000000000000, 0.0000000000000000000 ) ) ;
#4142 = EDGE_CURVE ( 'NONE', #1607, #1308, #4553, .T. ) ;
#4143 = CARTESIAN_POINT ( 'NONE',  ( 6.096831151969085205, 6.304693514189127961E-15, -5.187082584840810640 ) ) ;
#4144 = ADVANCED_FACE ( 'NONE', ( #4193 ), #3829, .F. ) ;
#4145 = CARTESIAN_POINT ( 'NONE',  ( -5.619661803323829474, -0.8262907953548989104, -3.232888348826577829 ) ) ;
#4146 = CARTESIAN_POINT ( 'NONE',  ( 10.03433115196908787, -3.667821270315587245, 3.667821270315577475 ) ) ;
#4147 = CARTESIAN_POINT ( 'NONE',  ( -5.519661803323828941, 0.3046836022590236337, -0.2901889096445826599 ) ) ;
#4148 = ADVANCED_FACE ( 'NONE', ( #1194 ), #2585, .F. ) ;
#4149 = B_SPLINE_CURVE_WITH_KNOTS ( 'NONE', 3,
 ( #5342, #4065, #4868, #1518 ),
 .UNSPECIFIED., .F., .F.,
 ( 4, 4 ),
 ( 3.000000000000000000, 4.000000000000000000 ),
 .UNSPECIFIED. ) ;
#4150 = ORIENTED_EDGE ( 'NONE', *, *, #4164, .T. ) ;
#4151 = CARTESIAN_POINT ( 'NONE',  ( 10.59683115401747777, 2.484859455202464762, 5.998981397340810595 ) ) ;
#4152 = DIRECTION ( 'NONE',  ( -1.000000000000000000, -0.0000000000000000000, -0.0000000000000000000 ) ) ;
#4153 = CARTESIAN_POINT ( 'NONE',  ( -5.519661803323828941, -0.4637826167685011880, -2.737700342545092980 ) ) ;
#4154 = CARTESIAN_POINT ( 'NONE',  ( -5.519661803323828941, 0.6376042823617330546, -0.3508782973789836279 ) ) ;
#4155 = CARTESIAN_POINT ( 'NONE',  ( -5.519661803323828941, -0.1434427557374629292, 0.8443919420377852258 ) ) ;
#4156 = ORIENTED_EDGE ( 'NONE', *, *, #5131, .T. ) ;
#4157 = CARTESIAN_POINT ( 'NONE',  ( 6.846831151969086093, -5.669459105745300591E-15, 5.187082584840810640 ) ) ;
#4158 = DIRECTION ( 'NONE',  ( 0.0000000000000000000, 0.9659920925649096990, 0.2585716092343992578 ) ) ;
#4159 = ORIENTED_EDGE ( 'NONE', *, *, #2935, .T. ) ;
#4160 = B_SPLINE_CURVE_WITH_KNOTS ( 'NONE', 3,
 ( #2648, #118, #1449, #4392, #2285, #4775, #582, #3142, #3090, #3949, #3528, #3065, #527, #4752 ),
 .UNSPECIFIED., .F., .F.,
 ( 4, 2, 2, 2, 2, 2, 4 ),
 ( 2.861488421259646160E-15, 0.001472220079589833634, 0.002208330119383320172, 0.002944440159176807143, 0.003680550198970294114, 0.004416660238763780652, 0.005888880318350754595 ),
 .UNSPECIFIED. ) ;
#4161 = CARTESIAN_POINT ( 'NONE',  ( -5.519661803323828941, 0.2888415995490326016, -1.669980198718155728 ) ) ;
#4162 = ORIENTED_EDGE ( 'NONE', *, *, #2035, .F. ) ;
#4163 = CARTESIAN_POINT ( 'NONE',  ( -5.619661803323829474, -1.159211031094126598, -1.526582323692980747 ) ) ;
#4164 = EDGE_CURVE ( 'NONE', #3193, #3057, #5077, .T. ) ;
#4165 = ORIENTED_EDGE ( 'NONE', *, *, #2779, .F. ) ;
#4166 = CARTESIAN_POINT ( 'NONE',  ( 1.512306037783867518, -5.095037542935743069, -10.19007508587148614 ) ) ;
#4167 = CARTESIAN_POINT ( 'NONE',  ( -5.519661803323828941, -1.159211031094126598, -2.115427933609108635 ) ) ;
#4168 = FACE_OUTER_BOUND ( 'NONE', #3996, .T. ) ;
#4169 = FACE_OUTER_BOUND ( 'NONE', #1197, .T. ) ;
#4170 = CARTESIAN_POINT ( 'NONE',  ( 1.878081149920694193, -4.241920426271637012, -4.241920426271638789 ) ) ;
#4171 = MANIFOLD_SOLID_BREP ( 'Filetage1', #4255 ) ;
#4172 = CARTESIAN_POINT ( 'NONE',  ( 2.492805465814642130, 0.0000000000000000000, 0.0000000000000000000 ) ) ;
#4173 = EDGE_CURVE ( 'NONE', #4231, #2007, #4275, .T. ) ;
#4174 = CARTESIAN_POINT ( 'NONE',  ( 9.378081151969087870, 5.187082584840812416, -2.148559955790347864 ) ) ;
#4175 = ORIENTED_EDGE ( 'NONE', *, *, #3659, .T. ) ;
#4176 = CARTESIAN_POINT ( 'NONE',  ( 9.133151277121514866, -4.584603614877826416, -3.305346051619474146 ) ) ;
#4177 = B_SPLINE_CURVE_WITH_KNOTS ( 'NONE', 3,
 ( #4610, #3303, #3359, #4581, #4963, #4244, #3382, #1637, #435, #326 ),
 .UNSPECIFIED., .F., .F.,
 ( 4, 2, 2, 2, 4 ),
 ( 4.840646698054541292E-14, 0.001021496822095037003, 0.002042993644141667849, 0.003064490466188298044, 0.004085987288234929973 ),
 .UNSPECIFIED. ) ;
#4178 = EDGE_CURVE ( 'NONE', #1911, #2753, #1281, .T. ) ;
#4179 = ORIENTED_EDGE ( 'NONE', *, *, #1187, .F. ) ;
#4180 = CARTESIAN_POINT ( 'NONE',  ( 6.378081154017476884, -4.241920426271638789, 4.241920426271637012 ) ) ;
#4181 = CARTESIAN_POINT ( 'NONE',  ( -5.519661803323828941, 0.3046836022590236337, 0.9925676132857181866 ) ) ;
#4182 = CARTESIAN_POINT ( 'NONE',  ( -0.9526455239024034238, -3.540510235511293123E-19, 0.0000000000000000000 ) ) ;
#4183 = CARTESIAN_POINT ( 'NONE',  ( 9.857916077054870385, 3.389253054512366692, 0.0000000000000000000 ) ) ;
#4184 = CARTESIAN_POINT ( 'NONE',  ( 1.806549902388609352, 5.161855957659552629, 0.7769488486672939676 ) ) ;
#4185 = ORIENTED_EDGE ( 'NONE', *, *, #3464, .T. ) ;
#4186 = B_SPLINE_CURVE_WITH_KNOTS ( 'NONE', 3,
 ( #2241, #5177, #4506, #100 ),
 .UNSPECIFIED., .F., .F.,
 ( 4, 4 ),
 ( 14.00000000000000000, 15.00000000000000000 ),
 .UNSPECIFIED. ) ;
#4187 = LINE ( 'NONE', #376, #1235 ) ;
#4188 = CARTESIAN_POINT ( 'NONE',  ( -5.619661803323829474, -0.7894806127375767479, 0.6712963663838882322 ) ) ;
#4189 = ORIENTED_EDGE ( 'NONE', *, *, #3553, .F. ) ;
#4190 = LINE ( 'NONE', #2865, #3591 ) ;
#4191 = CARTESIAN_POINT ( 'NONE',  ( 2.628081154017475107, 4.241920426271637901, -4.241920426271637012 ) ) ;
#4192 = VERTEX_POINT ( 'NONE', #1334 ) ;
#4193 = FACE_OUTER_BOUND ( 'NONE', #862, .T. ) ;
#4194 = VERTEX_POINT ( 'NONE', #3543 ) ;
#4195 = CARTESIAN_POINT ( 'NONE',  ( -5.519661803323828941, -1.159211031094126598, -2.115427933609108635 ) ) ;
#4196 = CARTESIAN_POINT ( 'NONE',  ( 3.003081151969084317, 2.148559955790360299, -5.187082584840807975 ) ) ;
#4197 = FACE_OUTER_BOUND ( 'NONE', #2743, .T. ) ;
#4198 = CARTESIAN_POINT ( 'NONE',  ( 7.690581151969086982, 2.148559955790360299, -5.187082584840807975 ) ) ;
#4199 = AXIS2_PLACEMENT_3D ( 'NONE', #4183, #820, #2518 ) ;
#4200 = CARTESIAN_POINT ( 'NONE',  ( 1.954793059423414414, -5.536962622234972820, -6.780823552318594689E-16 ) ) ;
#4201 = CARTESIAN_POINT ( 'NONE',  ( 7.971831151969085205, 5.187082584840810640, 5.987076309967215065E-15 ) ) ;
#4202 = EDGE_LOOP ( 'NONE', ( #838, #4838, #1589, #3091, #91, #4277, #1405 ) ) ;
#4203 = CARTESIAN_POINT ( 'NONE',  ( -5.619661803323829474, 2.113893546485134056, -4.121490903010485596 ) ) ;
#4204 = EDGE_CURVE ( 'NONE', #12, #2666, #4826, .T. ) ;
#4205 = ORIENTED_EDGE ( 'NONE', *, *, #5372, .F. ) ;
#4206 = CARTESIAN_POINT ( 'NONE',  ( 4.315581154017475995, 5.998981397340809707, 3.673316683198969520E-16 ) ) ;
#4207 = LINE ( 'NONE', #2107, #1196 ) ;
#4208 = DIRECTION ( 'NONE',  ( 0.0000000000000000000, 0.9659135991571039526, 0.2588646730694819098 ) ) ;
#4209 = CARTESIAN_POINT ( 'NONE',  ( -5.619661803323829474, -0.4637826167685011880, -2.971375103788334027 ) ) ;
#4210 = ADVANCED_FACE ( 'NONE', ( #3055 ), #5133, .T. ) ;
#4211 = CARTESIAN_POINT ( 'NONE',  ( -5.519661803323828941, 0.6376042823617330546, 0.2379602027213579829 ) ) ;
#4212 = VERTEX_POINT ( 'NONE', #1384 ) ;
#4213 = EDGE_CURVE ( 'NONE', #4005, #410, #3441, .T. ) ;
#4214 = AXIS2_PLACEMENT_3D ( 'NONE', #979, #3478, #3927 ) ;
#4215 = CARTESIAN_POINT ( 'NONE',  ( 9.003081149920694415, -4.241920426271638789, 4.241920426271637012 ) ) ;
#4216 = CARTESIAN_POINT ( 'NONE',  ( -5.519661803323828941, -1.159211031094126598, 0.2206051423347873408 ) ) ;
#4217 = EDGE_LOOP ( 'NONE', ( #632, #2339, #2249, #4867 ) ) ;
#4218 = AXIS2_PLACEMENT_3D ( 'NONE', #2022, #289, #4823 ) ;
#4219 = FACE_OUTER_BOUND ( 'NONE', #2731, .T. ) ;
#4220 = DIRECTION ( 'NONE',  ( 0.0000000000000000000, -0.9659258319783365909, -0.2588190238698816481 ) ) ;
#4221 = ORIENTED_EDGE ( 'NONE', *, *, #2677, .T. ) ;
#4222 = CARTESIAN_POINT ( 'NONE',  ( -5.519661803323828941, -1.159211031094126598, -3.556256991391677058 ) ) ;
#4223 = CARTESIAN_POINT ( 'NONE',  ( 9.311718319352801032, 1.595316895269885515, -5.201909559156627338 ) ) ;
#4224 = ORIENTED_EDGE ( 'NONE', *, *, #1060, .F. ) ;
#4225 = FACE_OUTER_BOUND ( 'NONE', #2751, .T. ) ;
#4226 = LINE ( 'NONE', #2123, #27 ) ;
#4227 = CARTESIAN_POINT ( 'NONE',  ( 1.787875908728452590, 3.724633550134710092, -3.610115047913255992 ) ) ;
#4228 = FACE_OUTER_BOUND ( 'NONE', #3679, .T. ) ;
#4229 = CARTESIAN_POINT ( 'NONE',  ( 0.9668813965247646802, 5.095037542935742181, 10.19007508587148969 ) ) ;
#4230 = CARTESIAN_POINT ( 'NONE',  ( 7.878081151969085205, 5.187082584840812416, -2.148559955790347864 ) ) ;
#4231 = VERTEX_POINT ( 'NONE', #136 ) ;
#4232 = DIRECTION ( 'NONE',  ( -1.000000000000000000, -0.0000000000000000000, -0.0000000000000000000 ) ) ;
#4233 = CARTESIAN_POINT ( 'NONE',  ( 0.4718311540174747742, -5.998981397340809707, 2.484859455202466538 ) ) ;
#4234 = EDGE_CURVE ( 'NONE', #1114, #2495, #4714, .T. ) ;
#4235 = LINE ( 'NONE', #3400, #4299 ) ;
#4236 = DIRECTION ( 'NONE',  ( 0.0000000000000000000, 0.0000000000000000000, 1.000000000000000000 ) ) ;
#4237 = CARTESIAN_POINT ( 'NONE',  ( -5.519661803323828941, -1.159211031094126598, -0.1385223188350750145 ) ) ;
#4238 = CARTESIAN_POINT ( 'NONE',  ( 10.31558114992069619, 0.0000000000000000000, 5.998981397340809707 ) ) ;
#4239 = VECTOR ( 'NONE', #2573, 1000.000000000000000 ) ;
#4240 = CARTESIAN_POINT ( 'NONE',  ( 9.190581151969084317, 5.187082584840812416, -2.148559955790347864 ) ) ;
#4241 = DIRECTION ( 'NONE',  ( 0.9991954193015203378, 4.911603279302519969E-18, 0.04010628438111437516 ) ) ;
#4242 = EDGE_CURVE ( 'NONE', #4586, #2701, #4413, .T. ) ;
#4243 = VERTEX_POINT ( 'NONE', #1023 ) ;
#4244 = CARTESIAN_POINT ( 'NONE',  ( 9.532670181029137879, 3.923857644014930202, 3.409232984391893151 ) ) ;
#4245 = CARTESIAN_POINT ( 'NONE',  ( -5.519661803323828941, -1.159211031094126598, -1.526582323692980747 ) ) ;
#4246 = VERTEX_POINT ( 'NONE', #544 ) ;
#4247 = VECTOR ( 'NONE', #4028, 1000.000000000000000 ) ;
#4248 = CARTESIAN_POINT ( 'NONE',  ( 1.954793059423414414, 5.536962622234972820, 0.0000000000000000000 ) ) ;
#4249 = CARTESIAN_POINT ( 'NONE',  ( -5.519661803323828941, -0.8080021272800940180, -1.963878654760408349 ) ) ;
#4250 = ADVANCED_FACE ( 'NONE', ( #1753 ), #2691, .F. ) ;
#4251 = EDGE_LOOP ( 'NONE', ( #3139, #4386, #4906, #437 ) ) ;
#4252 = DIRECTION ( 'NONE',  ( -1.000000000000000000, -0.0000000000000000000, -0.0000000000000000000 ) ) ;
#4253 = FACE_OUTER_BOUND ( 'NONE', #543, .T. ) ;
#4254 = CARTESIAN_POINT ( 'NONE',  ( -5.619661803323829474, 1.679317601293971229, 4.121490903010486484 ) ) ;
#4255 = CLOSED_SHELL ( 'NONE', ( #4916, #2851, #4539, #4438, #910, #2655, #790, #4756, #4555, #5327, #4645, #495, #461, #2521, #3999, #4210, #1599, #4405, #4011, #2995, #4943, #1943, #2879, #375, #1807, #5197, #2246, #2453, #1455, #3754, #3982, #2218, #3027, #4109, #887, #3692, #3297, #5199, #4133, #3397, #159, #4039, #1526, #246, #5086, #308, #1776, #3666, #3876, #4148, #951, #4144, #1218, #333, #5123, #2388, #3826, #2929, #4250, #4346, #5222, #3942, #1189, #4876, #5160, #32, #2625, #2610, #5121, #5188, #2618, #2342, #1419, #3759, #4510, #1907, #2047, #40, #75, #1740, #1195, #4576, #2649, #816, #4617, #558, #4948, #1469, #2312, #1493, #5058, #5354, #5365, #574, #681, #3003, #918, #2487, #4454, #470, #240, #1080, #4071, #2553, #2182, #2748, #1319, #3394, #3862, #2043, #3423, #1265, #4077, #3289, #1897, #1563, #4274, #1846, #3354, #850, #2708, #1533, #5363, #1978, #881, #1123, #1088, #3118, #599, #3199, #275, #2406 ) ) ;
#4256 = CARTESIAN_POINT ( 'NONE',  ( 2.159331151969085205, 3.667821270315578364, 3.667821270315586357 ) ) ;
#4257 = LINE ( 'NONE', #2098, #4025 ) ;
#4258 = CARTESIAN_POINT ( 'NONE',  ( 6.003081151969085205, -2.148559955790347864, -5.187082584840813304 ) ) ;
#4259 = CARTESIAN_POINT ( 'NONE',  ( -5.619661803323829474, -0.8810394876184768354, 0.3020338627802104936 ) ) ;
#4260 =( BOUNDED_CURVE ( )  B_SPLINE_CURVE ( 2, ( #1072, #3626, #2330, #4462, #685 ),
 .UNSPECIFIED., .F., .T. ) 
 B_SPLINE_CURVE_WITH_KNOTS ( ( 3, 2, 3 ),
 ( 0.1785714289937451182, 0.1964285714285714246, 0.2142857142857142738 ),
 .UNSPECIFIED. ) 
 CURVE ( )  GEOMETRIC_REPRESENTATION_ITEM ( )  RATIONAL_B_SPLINE_CURVE ( ( 1.000000000000000000, 0.9238795325112867385, 1.000000000000000000, 0.9238795325112867385, 1.000000000000000000 ) ) 
 REPRESENTATION_ITEM ( '' )  );
#4261 = CARTESIAN_POINT ( 'NONE',  ( 3.471831154017475995, -5.998981397340809707, 2.484859455202466538 ) ) ;
#4262 = CARTESIAN_POINT ( 'NONE',  ( 9.857916077054870385, 5.901370084850144304E-16, -4.818834368373729582 ) ) ;
#4263 = CARTESIAN_POINT ( 'NONE',  ( -5.519661803323828941, -0.1434427557374629292, -0.4643367380380125642 ) ) ;
#4264 = DIRECTION ( 'NONE',  ( -1.000000000000000000, -0.0000000000000000000, -0.0000000000000000000 ) ) ;
#4265 = CARTESIAN_POINT ( 'NONE',  ( 4.128081151969085205, -5.187082584840807087, -2.148559955790362519 ) ) ;
#4266 = EDGE_CURVE ( 'NONE', #5213, #1965, #911, .T. ) ;
#4267 = CARTESIAN_POINT ( 'NONE',  ( -5.519661803323828941, -2.113893546485134056, 4.121490903010486484 ) ) ;
#4268 = DIRECTION ( 'NONE',  ( 0.8570721350948686812, 6.309336515142759835E-17, 0.5151964239432598180 ) ) ;
#4269 = CARTESIAN_POINT ( 'NONE',  ( -5.519661803323828941, 0.6376042823617330546, 1.688348407857317879 ) ) ;
#4270 = ORIENTED_EDGE ( 'NONE', *, *, #1150, .T. ) ;
#4271 = PLANE ( 'NONE',  #2784 ) ;
#4272 = CARTESIAN_POINT ( 'NONE',  ( -5.619661803323829474, -0.7755022704961843649, -1.519593374754033777 ) ) ;
#4273 = ORIENTED_EDGE ( 'NONE', *, *, #42, .T. ) ;
#4274 = ADVANCED_FACE ( 'NONE', ( #518 ), #3916, .F. ) ;
#4275 = LINE ( 'NONE', #936, #2795 ) ;
#4276 = CARTESIAN_POINT ( 'NONE',  ( -5.519661803323828941, 0.2538955217638021455, -1.679297612334133882 ) ) ;
#4277 = ORIENTED_EDGE ( 'NONE', *, *, #5079, .F. ) ;
#4278 = DIRECTION ( 'NONE',  ( 0.0000000000000000000, 0.0000000000000000000, 1.000000000000000000 ) ) ;
#4279 = CARTESIAN_POINT ( 'NONE',  ( 4.971831154017475995, -5.998981397340808819, 2.484859455202466094 ) ) ;
#4280 = LINE ( 'NONE', #4747, #1908 ) ;
#4281 = CARTESIAN_POINT ( 'NONE',  ( 4.315581151969085205, -5.187082584840807087, -2.148559955790362519 ) ) ;
#4282 = EDGE_LOOP ( 'NONE', ( #251, #4098, #4568, #772 ) ) ;
#4283 = EDGE_CURVE ( 'NONE', #4964, #3109, #5189, .T. ) ;
#4284 = CARTESIAN_POINT ( 'NONE',  ( 1.954793059423414192, 6.628118418756894670, 13.25623683751379467 ) ) ;
#4285 = CARTESIAN_POINT ( 'NONE',  ( 3.378081151969084317, 5.187082584840812416, -2.148559955790347864 ) ) ;
#4286 = DIRECTION ( 'NONE',  ( 0.0000000000000000000, 0.0000000000000000000, 1.000000000000000000 ) ) ;
#4287 = CIRCLE ( 'NONE', #1896, 8.146137537000969431 ) ;
#4288 = CARTESIAN_POINT ( 'NONE',  ( -5.619661803323829474, -0.4637826167685011880, 0.7866175787845230971 ) ) ;
#4289 = CARTESIAN_POINT ( 'NONE',  ( -2.820780263020862044, 0.0000000000000000000, 0.0000000000000000000 ) ) ;
#4290 = CARTESIAN_POINT ( 'NONE',  ( -5.519661803323828941, 0.3046836022590236337, 0.05391551072362760905 ) ) ;
#4291 = CARTESIAN_POINT ( 'NONE',  ( -5.519661803323828941, 0.6376042823617330546, -2.973938192386992974 ) ) ;
#4292 = CARTESIAN_POINT ( 'NONE',  ( 4.409331151969085205, 6.304693514189128749E-15, -5.187082584840810640 ) ) ;
#4293 = CARTESIAN_POINT ( 'NONE',  ( 8.065581149920696191, 7.346633366397939041E-16, -5.998981397340809707 ) ) ;
#4294 = CARTESIAN_POINT ( 'NONE',  ( 7.409331151969086093, 6.304693514189128749E-15, -5.187082584840810640 ) ) ;
#4295 = LINE ( 'NONE', #433, #235 ) ;
#4296 = VERTEX_POINT ( 'NONE', #110 ) ;
#4297 = MANIFOLD_SOLID_BREP ( 'Echelle1[1]', #2660 ) ;
#4298 = CARTESIAN_POINT ( 'NONE',  ( 4.690581149920695303, -5.998981397340809707, -1.101995004959690659E-15 ) ) ;
#4299 = VECTOR ( 'NONE', #1626, 1000.000000000000000 ) ;
#4300 = ORIENTED_EDGE ( 'NONE', *, *, #210, .T. ) ;
#4301 = DIRECTION ( 'NONE',  ( -1.000000000000000000, -0.0000000000000000000, -0.0000000000000000000 ) ) ;
#4302 = CIRCLE ( 'NONE', #725, 5.473914394502774172 ) ;
#4303 = PLANE ( 'NONE',  #4954 ) ;
#4304 = CONICAL_SURFACE ( 'NONE', #4121, 8.516806624687751182, 0.04011704409144969258 ) ;
#4305 = VERTEX_POINT ( 'NONE', #4819 ) ;
#4306 = VECTOR ( 'NONE', #5384, 1000.000000000000000 ) ;
#4307 = CARTESIAN_POINT ( 'NONE',  ( -5.619661803323829474, -0.4637826167685011880, -2.737700342545092980 ) ) ;
#4308 = CARTESIAN_POINT ( 'NONE',  ( 5.065581154017475995, -5.998981397340809707, -1.101995004959690659E-15 ) ) ;
#4309 = EDGE_CURVE ( 'NONE', #2196, #932, #4949, .T. ) ;
#4310 = CARTESIAN_POINT ( 'NONE',  ( -5.519661803323828941, 0.6376042823617330546, 0.2379602027213579829 ) ) ;
#4311 = CARTESIAN_POINT ( 'NONE',  ( 3.846831151969085205, -5.669459105745300591E-15, 5.187082584840810640 ) ) ;
#4312 = EDGE_LOOP ( 'NONE', ( #4380, #3618, #2489, #2498 ) ) ;
#4313 = VECTOR ( 'NONE', #1437, 1000.000000000000000 ) ;
#4314 = CARTESIAN_POINT ( 'NONE',  ( -5.519661803323828941, -0.1434427557374629292, 0.8443919420377852258 ) ) ;
#4315 = CARTESIAN_POINT ( 'NONE',  ( 4.128081151969085205, -5.187082584840811528, 2.148559955790349640 ) ) ;
#4316 = EDGE_CURVE ( 'NONE', #3824, #1446, #1804, .T. ) ;
#4317 = CARTESIAN_POINT ( 'NONE',  ( -5.519661803323828941, -0.4797410427123137699, 0.7542323677805267135 ) ) ;
#4318 = AXIS2_PLACEMENT_3D ( 'NONE', #4632, #2029, #2414 ) ;
#4319 = B_SPLINE_CURVE_WITH_KNOTS ( 'NONE', 3,
 ( #4741, #3917, #1805, #3493, #4223, #1858, #3108, #4442, #4382, #219, #1439, #3630, #4878, #2776, #191, #4467, #1528, #4794, #4850, #2363, #3165, #1075, #545, #4820, #603, #3217 ),
 .UNSPECIFIED., .F., .F.,
 ( 4, 2, 2, 2, 2, 2, 2, 2, 2, 2, 2, 2, 4 ),
 ( 0.01796147941988828628, 0.01917477099806376081, 0.01978141678715149634, 0.02038806257623923188, 0.02099470836532696741, 0.02160135415441470641, 0.02281464573259017747, 0.02342129152167791648, 0.02402793731076565548, 0.02463458309985339101, 0.02524122888894113001, 0.02645452046711660454, 0.02766781204529207908 ),
 .UNSPECIFIED. ) ;
#4320 = CARTESIAN_POINT ( 'NONE',  ( 4.128081154017475107, 4.241920426271637901, -4.241920426271637012 ) ) ;
#4321 = EDGE_CURVE ( 'NONE', #1612, #5469, #658, .T. ) ;
#4322 = DIRECTION ( 'NONE',  ( 0.0000000000000000000, 0.0000000000000000000, 1.000000000000000000 ) ) ;
#4323 = CARTESIAN_POINT ( 'NONE',  ( -2.820780263020862044, 0.0000000000000000000, -8.516806624687751182 ) ) ;
#4324 = CARTESIAN_POINT ( 'NONE',  ( 9.846831149920694415, 5.998981397340810595, -2.484859455202464762 ) ) ;
#4325 = CARTESIAN_POINT ( 'NONE',  ( -5.519661803323828941, 0.3046836022590236337, -0.2901889096445826599 ) ) ;
#4326 = CARTESIAN_POINT ( 'NONE',  ( -5.519661803323828941, 0.3975240214392646854, -0.6639945855494018279 ) ) ;
#4327 = EDGE_LOOP ( 'NONE', ( #4156, #4189, #4391, #1719 ) ) ;
#4328 = CARTESIAN_POINT ( 'NONE',  ( -5.519661803323828941, -0.8262907953548989104, -1.587275266335292034 ) ) ;
#4329 = ORIENTED_EDGE ( 'NONE', *, *, #3699, .T. ) ;
#4330 = CONICAL_SURFACE ( 'NONE', #2826, 5.042581076891417879, 0.8164041791741916132 ) ;
#4331 = CARTESIAN_POINT ( 'NONE',  ( 0.0000000000000000000, 0.0000000000000000000, 0.0000000000000000000 ) ) ;
#4332 = CARTESIAN_POINT ( 'NONE',  ( 3.565581154017475995, -5.998981397340809707, -1.101995004959690659E-15 ) ) ;
#4333 = VERTEX_POINT ( 'NONE', #630 ) ;
#4334 = DIRECTION ( 'NONE',  ( -1.000000000000000000, -0.0000000000000000000, -0.0000000000000000000 ) ) ;
#4335 = CARTESIAN_POINT ( 'NONE',  ( -5.619661803323829474, -1.159211031094126598, -2.828094540723978145 ) ) ;
#4336 = ORIENTED_EDGE ( 'NONE', *, *, #3734, .F. ) ;
#4337 = VECTOR ( 'NONE', #3460, 1000.000000000000000 ) ;
#4338 = CARTESIAN_POINT ( 'NONE',  ( -5.519661803323828941, -1.159211031094126598, -1.355580588794464969 ) ) ;
#4339 = CARTESIAN_POINT ( 'NONE',  ( 1.409331151969084761, -3.667821270315577920, -3.667821270315587245 ) ) ;
#4340 = EDGE_LOOP ( 'NONE', ( #1755, #3733 ) ) ;
#4341 = CARTESIAN_POINT ( 'NONE',  ( -5.519661803323828941, -0.5146871204975557168, 0.7449185090724820268 ) ) ;
#4342 = EDGE_CURVE ( 'NONE', #4194, #3915, #5214, .T. ) ;
#4343 = ORIENTED_EDGE ( 'NONE', *, *, #1089, .F. ) ;
#4344 = CARTESIAN_POINT ( 'NONE',  ( 1.128081151969084761, -5.187082584840811528, 2.148559955790349640 ) ) ;
#4345 = CARTESIAN_POINT ( 'NONE',  ( -5.619661803323829474, 0.3975240214392646854, 0.6447340945263959622 ) ) ;
#4346 = ADVANCED_FACE ( 'NONE', ( #3177 ), #1063, .F. ) ;
#4347 = CARTESIAN_POINT ( 'NONE',  ( -5.519661803323828941, -0.1434427557374629292, -0.4643367380380125642 ) ) ;
#4348 = FACE_OUTER_BOUND ( 'NONE', #3637, .T. ) ;
#4349 = CARTESIAN_POINT ( 'NONE',  ( -5.619661803323829474, -0.8262907953548989104, 0.6989037811651391818 ) ) ;
#4350 = EDGE_CURVE ( 'NONE', #280, #214, #1448, .T. ) ;
#4351 = CARTESIAN_POINT ( 'NONE',  ( 7.690581149920695303, -5.998981397340809707, -1.101995004959690659E-15 ) ) ;
#4352 = CARTESIAN_POINT ( 'NONE',  ( 9.565581151969086093, 2.148559955790348308, 5.187082584840812416 ) ) ;
#4353 = CARTESIAN_POINT ( 'NONE',  ( -0.9526455239024034238, 0.0000000000000000000, 0.0000000000000000000 ) ) ;
#4354 = ORIENTED_EDGE ( 'NONE', *, *, #1224, .T. ) ;
#4355 = DIRECTION ( 'NONE',  ( 0.0000000000000000000, 0.0000000000000000000, 1.000000000000000000 ) ) ;
#4356 = EDGE_LOOP ( 'NONE', ( #4962, #907, #4416, #610 ) ) ;
#4357 = DIRECTION ( 'NONE',  ( -1.000000000000000000, -0.0000000000000000000, -0.0000000000000000000 ) ) ;
#4358 = CARTESIAN_POINT ( 'NONE',  ( 9.378081151969086093, 5.187082584840813304, -2.148559955790347864 ) ) ;
#4359 = ORIENTED_EDGE ( 'NONE', *, *, #3844, .F. ) ;
#4360 = CARTESIAN_POINT ( 'NONE',  ( -5.519661803323828941, -0.8810394876184768354, 0.3020338627802104936 ) ) ;
#4361 = DIRECTION ( 'NONE',  ( -0.0000000000000000000, 0.0000000000000000000, 1.000000000000000000 ) ) ;
#4362 = CARTESIAN_POINT ( 'NONE',  ( -5.519661803323828941, -1.034802585364283933, -2.545962829843441799 ) ) ;
#4363 = ORIENTED_EDGE ( 'NONE', *, *, #2762, .T. ) ;
#4364 = CARTESIAN_POINT ( 'NONE',  ( -5.619661803323829474, -0.4637826167685011880, 0.8125968457457942717 ) ) ;
#4365 = ORIENTED_EDGE ( 'NONE', *, *, #127, .F. ) ;
#4366 = CARTESIAN_POINT ( 'NONE',  ( 2.159331151969085205, 3.667821270315578364, 3.667821270315586357 ) ) ;
#4367 = CARTESIAN_POINT ( 'NONE',  ( -5.519661803323828941, -0.8262907953548989104, -2.862808216404995054 ) ) ;
#4368 = CARTESIAN_POINT ( 'NONE',  ( -5.519661803323828941, -0.8080021272800940180, 0.6662839462394918311 ) ) ;
#4369 = CARTESIAN_POINT ( 'NONE',  ( -5.519661803323828941, 0.2678738640052119035, -1.240024752472179026 ) ) ;
#4370 = EDGE_CURVE ( 'NONE', #496, #4409, #4207, .T. ) ;
#4371 = CARTESIAN_POINT ( 'NONE',  ( -5.619661803323829474, -0.1434427557374629292, -2.307165446310758927 ) ) ;
#4372 = CARTESIAN_POINT ( 'NONE',  ( 4.690581149920695303, -5.998981397340809707, -1.101995004959690659E-15 ) ) ;
#4373 = CARTESIAN_POINT ( 'NONE',  ( 5.534331151969086093, -5.187082584840810640, -6.622310718411043223E-15 ) ) ;
#4374 = DIRECTION ( 'NONE',  ( -1.000000000000000000, -0.0000000000000000000, -0.0000000000000000000 ) ) ;
#4375 = EDGE_LOOP ( 'NONE', ( #3686, #2805, #4205, #1813 ) ) ;
#4376 = EDGE_CURVE ( 'NONE', #5276, #3658, #4235, .T. ) ;
#4377 = EDGE_CURVE ( 'NONE', #2378, #1476, #4738, .T. ) ;
#4378 = PLANE ( 'NONE',  #4728 ) ;
#4379 = CARTESIAN_POINT ( 'NONE',  ( -5.619661803323829474, 0.2538955217638021455, -0.3578672463179419228 ) ) ;
#4380 = ORIENTED_EDGE ( 'NONE', *, *, #4737, .F. ) ;
#4381 = SURFACE_STYLE_USAGE ( .BOTH. , #967 ) ;
#4382 = CARTESIAN_POINT ( 'NONE',  ( 9.344887511007737402, 2.693434456424295131, -4.684409548324494743 ) ) ;
#4383 = ORIENTED_EDGE ( 'NONE', *, *, #2996, .T. ) ;
#4384 = CARTESIAN_POINT ( 'NONE',  ( -5.519661803323828941, -0.1434427557374629292, -0.08284179633719475355 ) ) ;
#4385 = CARTESIAN_POINT ( 'NONE',  ( 8.159331149920696191, 2.484859455202477196, -5.998981397340797272 ) ) ;
#4386 = ORIENTED_EDGE ( 'NONE', *, *, #5064, .F. ) ;
#4387 = EDGE_CURVE ( 'NONE', #4743, #3159, #1269, .T. ) ;
#4388 = PRESENTATION_LAYER_ASSIGNMENT (  '', '', ( #1290 ) ) ;
#4389 = DIRECTION ( 'NONE',  ( -1.000000000000000000, -0.0000000000000000000, -0.0000000000000000000 ) ) ;
#4390 = CARTESIAN_POINT ( 'NONE',  ( -5.519661803323828941, 0.3594327388860832362, -0.8708760059213880300 ) ) ;
#4391 = ORIENTED_EDGE ( 'NONE', *, *, #1180, .F. ) ;
#4392 = CARTESIAN_POINT ( 'NONE',  ( 9.316831692103706430, 4.070958688920823576, 3.603761228506728642 ) ) ;
#4393 = VECTOR ( 'NONE', #4803, 1000.000000000000000 ) ;
#4394 = VECTOR ( 'NONE', #2394, 1000.000000000000000 ) ;
#4395 = CARTESIAN_POINT ( 'NONE',  ( -5.519661803323828941, 1.930822899253078262, 3.938455804857458720 ) ) ;
#4396 = ORIENTED_EDGE ( 'NONE', *, *, #4748, .T. ) ;
#4397 = CARTESIAN_POINT ( 'NONE',  ( 9.753081151969086093, -2.148559955790363407, 5.187082584840807087 ) ) ;
#4398 = CARTESIAN_POINT ( 'NONE',  ( -5.519661803323828941, -0.4637826167685011880, 0.7866175787845230971 ) ) ;
#4399 = CARTESIAN_POINT ( 'NONE',  ( 3.190581151969084317, 5.187082584840813304, -2.148559955790347864 ) ) ;
#4400 = B_SPLINE_SURFACE_WITH_KNOTS ( 'NONE', 3, 1, ( 
 ( #3778, #335 ),
 ( #388, #2872 ),
 ( #2125, #2984 ),
 ( #5479, #4999 ) ),
 .UNSPECIFIED., .F., .F., .F.,
 ( 4, 4 ),
 ( 2, 2 ),
 ( 7.000000000000000000, 8.000000000000000000 ),
 ( 0.0000000000000000000, 1.000000000000000000 ),
 .UNSPECIFIED. ) ;
#4401 = PLANE ( 'NONE',  #1583 ) ;
#4402 = CARTESIAN_POINT ( 'NONE',  ( -0.02048535258922726254, 5.536962622234970155, 11.07392524446994564 ) ) ;
#4403 = LINE ( 'NONE', #2817, #3010 ) ;
#4404 = VECTOR ( 'NONE', #1692, 999.9999999999998863 ) ;
#4405 = ADVANCED_FACE ( 'NONE', ( #2938 ), #3786, .T. ) ;
#4406 = CARTESIAN_POINT ( 'NONE',  ( 7.784331149920695303, -5.998981397340808819, -2.484859455202467871 ) ) ;
#4407 = CARTESIAN_POINT ( 'NONE',  ( 5.815581151969084317, -2.148559955790347864, -5.187082584840813304 ) ) ;
#4408 = LINE ( 'NONE', #2876, #3655 ) ;
#4409 = VERTEX_POINT ( 'NONE', #793 ) ;
#4410 = CARTESIAN_POINT ( 'NONE',  ( 6.378081149920695303, -4.241920426271637012, -4.241920426271638789 ) ) ;
#4411 = CARTESIAN_POINT ( 'NONE',  ( 0.0000000000000000000, 7.346633366397939041E-16, -5.998981397340809707 ) ) ;
#4412 = VERTEX_POINT ( 'NONE', #5488 ) ;
#4413 = LINE ( 'NONE', #492, #3497 ) ;
#4414 = EDGE_CURVE ( 'NONE', #1810, #4192, #845, .T. ) ;
#4415 = CARTESIAN_POINT ( 'NONE',  ( 8.628081151969086093, -5.187082584840812416, 2.148559955790349640 ) ) ;
#4416 = ORIENTED_EDGE ( 'NONE', *, *, #395, .F. ) ;
#4417 = CARTESIAN_POINT ( 'NONE',  ( 2.156879433147447234, 5.441497222583384641, -1.429633108113933515 ) ) ;
#4418 = DIRECTION ( 'NONE',  ( 1.000000000000000000, 0.0000000000000000000, -0.0000000000000000000 ) ) ;
#4419 = ORIENTED_EDGE ( 'NONE', *, *, #5424, .F. ) ;
#4420 = PLANE ( 'NONE',  #4997 ) ;
#4421 = DIRECTION ( 'NONE',  ( -0.0000000000000000000, 0.9659258319783282642, 0.2588190238699125123 ) ) ;
#4422 = ORIENTED_EDGE ( 'NONE', *, *, #2757, .F. ) ;
#4423 = CARTESIAN_POINT ( 'NONE',  ( -5.619661803323829474, 0.3975240214392646854, 0.6447340945263959622 ) ) ;
#4424 = EDGE_CURVE ( 'NONE', #1188, #4074, #3019, .T. ) ;
#4425 = ORIENTED_EDGE ( 'NONE', *, *, #1113, .F. ) ;
#4426 = CARTESIAN_POINT ( 'NONE',  ( 6.284331151969085205, 5.187082584840810640, 5.987076309967215065E-15 ) ) ;
#4427 = CARTESIAN_POINT ( 'NONE',  ( 2.306990173775294029, -5.112632653136690131, -2.732909580351014611 ) ) ;
#4428 = CARTESIAN_POINT ( 'NONE',  ( 3.659331151969084761, -5.669459105745301380E-15, 5.187082584840810640 ) ) ;
#4429 = CARTESIAN_POINT ( 'NONE',  ( -5.519661803323828941, -1.159211031094126598, 1.237187935964929153 ) ) ;
#4430 = AXIS2_PLACEMENT_3D ( 'NONE', #2752, #3194, #4444 ) ;
#4431 = EDGE_LOOP ( 'NONE', ( #1635, #5076, #3336, #604 ) ) ;
#4432 = CARTESIAN_POINT ( 'NONE',  ( 9.084240893946489592, -5.463913313564906282, -1.648281590812190389 ) ) ;
#4433 = CARTESIAN_POINT ( 'NONE',  ( 3.284331149920695303, -5.998981397340808819, -2.484859455202467871 ) ) ;
#4434 = CARTESIAN_POINT ( 'NONE',  ( 3.190581151969084317, 5.187082584840812416, -2.148559955790347864 ) ) ;
#4435 = DIRECTION ( 'NONE',  ( -1.000000000000000000, -0.0000000000000000000, -0.0000000000000000000 ) ) ;
#4436 = ORIENTED_EDGE ( 'NONE', *, *, #5433, .F. ) ;
#4437 = DIRECTION ( 'NONE',  ( 0.0000000000000000000, 1.000000000000000000, 0.0000000000000000000 ) ) ;
#4438 = ADVANCED_FACE ( 'NONE', ( #425 ), #1204, .T. ) ;
#4439 = CARTESIAN_POINT ( 'NONE',  ( -5.519661803323828941, 0.2538955217638021455, -1.679297612334133882 ) ) ;
#4440 = ORIENTED_EDGE ( 'NONE', *, *, #707, .F. ) ;
#4441 = CARTESIAN_POINT ( 'NONE',  ( -2.482082288789165148, 9.976141260102341095E-16, 8.146137537000969431 ) ) ;
#4442 = CARTESIAN_POINT ( 'NONE',  ( 9.339361429006187265, 2.518773233070188855, -4.787584986118055497 ) ) ;
#4443 = ORIENTED_EDGE ( 'NONE', *, *, #1876, .F. ) ;
#4444 = DIRECTION ( 'NONE',  ( -0.0000000000000000000, 0.0000000000000000000, 1.000000000000000000 ) ) ;
#4445 = LINE ( 'NONE', #276, #3865 ) ;
#4446 = EDGE_CURVE ( 'NONE', #4972, #2412, #44, .T. ) ;
#4447 = LINE ( 'NONE', #973, #4602 ) ;
#4448 = ORIENTED_EDGE ( 'NONE', *, *, #984, .F. ) ;
#4449 = B_SPLINE_SURFACE_WITH_KNOTS ( 'NONE', 3, 1, ( 
 ( #2150, #1728 ),
 ( #4967, #1169 ),
 ( #4557, #752 ),
 ( #4139, #332 ) ),
 .UNSPECIFIED., .F., .F., .F.,
 ( 4, 4 ),
 ( 2, 2 ),
 ( 5.000000000000000000, 6.000000000000000000 ),
 ( 0.0000000000000000000, 1.000000000000000000 ),
 .UNSPECIFIED. ) ;
#4450 = CARTESIAN_POINT ( 'NONE',  ( -5.519661803323828941, -1.034802585364283933, -2.545962829843441799 ) ) ;
#4451 = ORIENTED_EDGE ( 'NONE', *, *, #301, .F. ) ;
#4452 = CARTESIAN_POINT ( 'NONE',  ( 7.409331151969086093, 6.304693514189128749E-15, -5.187082584840810640 ) ) ;
#4453 = CARTESIAN_POINT ( 'NONE',  ( 2.104048721334272898, -3.339517132947661615, 4.438362544286624356 ) ) ;
#4454 = ADVANCED_FACE ( 'NONE', ( #2966 ), #3816, .F. ) ;
#4455 = CARTESIAN_POINT ( 'NONE',  ( 7.503081151969087870, 2.148559955790360299, -5.187082584840807975 ) ) ;
#4456 = FACE_OUTER_BOUND ( 'NONE', #1078, .T. ) ;
#4457 = EDGE_LOOP ( 'NONE', ( #2390, #1561, #1029, #185 ) ) ;
#4458 = CARTESIAN_POINT ( 'NONE',  ( 8.815581149920694415, 0.0000000000000000000, 5.998981397340809707 ) ) ;
#4459 = CARTESIAN_POINT ( 'NONE',  ( 4.409331149920693527, -2.484859455202468759, 5.998981397340808819 ) ) ;
#4460 = CARTESIAN_POINT ( 'NONE',  ( 3.378081151969084317, 5.187082584840807975, 2.148559955790359854 ) ) ;
#4461 = ORIENTED_EDGE ( 'NONE', *, *, #4091, .F. ) ;
#4462 = CARTESIAN_POINT ( 'NONE',  ( 8.534331154017475995, 2.484859455202465206, -5.998981397340809707 ) ) ;
#4463 = VECTOR ( 'NONE', #4355, 1000.000000000000000 ) ;
#4464 = LINE ( 'NONE', #5212, #4313 ) ;
#4465 = VERTEX_POINT ( 'NONE', #5092 ) ;
#4466 = CARTESIAN_POINT ( 'NONE',  ( 8.065581151969086093, 2.148559955790348752, 5.187082584840813304 ) ) ;
#4467 = CARTESIAN_POINT ( 'NONE',  ( 9.420764008955973878, 4.622003754098372497, -2.629571007458229914 ) ) ;
#4468 = VERTEX_POINT ( 'NONE', #1297 ) ;
#4469 = EDGE_LOOP ( 'NONE', ( #1624, #5369, #4436, #4461 ) ) ;
#4470 = FACE_OUTER_BOUND ( 'NONE', #5457, .T. ) ;
#4471 = AXIS2_PLACEMENT_3D ( 'NONE', #1582, #4550, #5074 ) ;
#4472 = DIRECTION ( 'NONE',  ( 0.0000000000000000000, 0.0000000000000000000, 1.000000000000000000 ) ) ;
#4473 = VERTEX_POINT ( 'NONE', #3349 ) ;
#4474 = CARTESIAN_POINT ( 'NONE',  ( -5.619661803323829474, -0.8810394876184768354, -2.328132293127599173 ) ) ;
#4475 = EDGE_CURVE ( 'NONE', #4246, #4972, #2003, .T. ) ;
#4476 = AXIS2_PLACEMENT_3D ( 'NONE', #4314, #502, #2207 ) ;
#4477 = ORIENTED_EDGE ( 'NONE', *, *, #3623, .F. ) ;
#4478 = CARTESIAN_POINT ( 'NONE',  ( 6.378081151969084317, 5.187082584840807975, 2.148559955790359854 ) ) ;
#4479 = CARTESIAN_POINT ( 'NONE',  ( -5.519661803323828941, -0.1434427557374629292, -0.05686608428381063202 ) ) ;
#4480 = CARTESIAN_POINT ( 'NONE',  ( 2.287799463502035557, -5.403773556944585721, -2.037596446890120205 ) ) ;
#4481 = VECTOR ( 'NONE', #972, 1000.000000000000000 ) ;
#4482 = VECTOR ( 'NONE', #3742, 999.9999999999998863 ) ;
#4483 = DIRECTION ( 'NONE',  ( -1.000000000000000000, -0.0000000000000000000, -0.0000000000000000000 ) ) ;
#4484 = EDGE_CURVE ( 'NONE', #1074, #3472, #3954, .T. ) ;
#4485 = CARTESIAN_POINT ( 'NONE',  ( 1.512306037783867296, -5.095037542935743957, -6.239621418491854095E-16 ) ) ;
#4486 = ORIENTED_EDGE ( 'NONE', *, *, #5403, .T. ) ;
#4487 = AXIS2_PLACEMENT_3D ( 'NONE', #4894, #1543, #3208 ) ;
#4488 = CARTESIAN_POINT ( 'NONE',  ( 8.865389583377899285, -2.017883793820537619, 5.592674403058908617 ) ) ;
#4489 = ORIENTED_EDGE ( 'NONE', *, *, #2469, .T. ) ;
#4490 = CARTESIAN_POINT ( 'NONE',  ( 3.753081151969084761, -2.148559955790363407, 5.187082584840807087 ) ) ;
#4491 = VERTEX_POINT ( 'NONE', #5431 ) ;
#4492 = VECTOR ( 'NONE', #4241, 1000.000000000000114 ) ;
#4493 = B_SPLINE_SURFACE_WITH_KNOTS ( 'NONE', 3, 1, ( 
 ( #2331, #5266 ),
 ( #4791, #5324 ),
 ( #2360, #990 ),
 ( #654, #4379 ) ),
 .UNSPECIFIED., .F., .F., .F.,
 ( 4, 4 ),
 ( 2, 2 ),
 ( 1.000000000000000000, 2.000000000000000000 ),
 ( 0.0000000000000000000, 1.000000000000000000 ),
 .UNSPECIFIED. ) ;
#4494 = CARTESIAN_POINT ( 'NONE',  ( 7.596831154017476884, 2.484859455202470535, 5.998981397340804378 ) ) ;
#4495 = CARTESIAN_POINT ( 'NONE',  ( 1.988773896532731733, 0.8580201391080610751, 5.352839297297907528 ) ) ;
#4496 = EDGE_LOOP ( 'NONE', ( #1667, #4477, #3517, #1571 ) ) ;
#4497 = CARTESIAN_POINT ( 'NONE',  ( 5.346831151969085205, -5.669459105745300591E-15, 5.187082584840810640 ) ) ;
#4498 = ORIENTED_EDGE ( 'NONE', *, *, #3434, .T. ) ;
#4499 = CARTESIAN_POINT ( 'NONE',  ( 6.940581154017475995, 7.346633366397939041E-16, -5.998981397340809707 ) ) ;
#4500 = CARTESIAN_POINT ( 'NONE',  ( 2.562627151937759251, 3.015182586756440131, -5.468658265786834782 ) ) ;
#4501 = VERTEX_POINT ( 'NONE', #3321 ) ;
#4502 = CARTESIAN_POINT ( 'NONE',  ( -5.519661803323828941, -0.4637826167685011880, -0.06047431580622770336 ) ) ;
#4503 = EDGE_LOOP ( 'NONE', ( #3443, #4185 ) ) ;
#4504 = CARTESIAN_POINT ( 'NONE',  ( 7.315581151969086093, -2.148559955790347864, -5.187082584840813304 ) ) ;
#4505 = CARTESIAN_POINT ( 'NONE',  ( 2.136577955244411964, -4.307603105914172836, 3.565529061978846670 ) ) ;
#4506 = CARTESIAN_POINT ( 'NONE',  ( -5.519661803323828941, 0.3046836022590236337, -2.939224516705999157 ) ) ;
#4507 = EDGE_CURVE ( 'NONE', #2841, #135, #5010, .T. ) ;
#4508 = VERTEX_POINT ( 'NONE', #1321 ) ;
#4509 = CARTESIAN_POINT ( 'NONE',  ( 8.851343234235347524, -1.480920809969673124, 5.774592717936879893 ) ) ;
#4510 = ADVANCED_FACE ( 'NONE', ( #2911, #5040 ), #370, .T. ) ;
#4511 = ORIENTED_EDGE ( 'NONE', *, *, #4342, .T. ) ;
#4512 = CARTESIAN_POINT ( 'NONE',  ( 9.190581154017477772, 0.0000000000000000000, 5.998981397340809707 ) ) ;
#4513 = CARTESIAN_POINT ( 'NONE',  ( -5.619661803323829474, 0.3046836022590236337, 1.018546880246989694 ) ) ;
#4514 = CARTESIAN_POINT ( 'NONE',  ( -5.519661803323828941, -0.8080021272800940180, -3.265387316883495927 ) ) ;
#4515 = DIRECTION ( 'NONE',  ( -1.000000000000000000, 0.0000000000000000000, -0.0000000000000000000 ) ) ;
#4516 = EDGE_CURVE ( 'NONE', #4501, #2869, #3672, .T. ) ;
#4517 = LINE ( 'NONE', #4127, #2628 ) ;
#4518 = ORIENTED_EDGE ( 'NONE', *, *, #3427, .T. ) ;
#4519 = CARTESIAN_POINT ( 'NONE',  ( 3.471831151969084761, 5.187082584840810640, 5.987076309967214276E-15 ) ) ;
#4520 = LINE ( 'NONE', #713, #3413 ) ;
#4521 = ORIENTED_EDGE ( 'NONE', *, *, #2896, .T. ) ;
#4522 = CARTESIAN_POINT ( 'NONE',  ( -5.619661803323829474, -0.8262907953548989104, 0.6989037811651391818 ) ) ;
#4523 = LINE ( 'NONE', #3685, #2213 ) ;
#4524 = ORIENTED_EDGE ( 'NONE', *, *, #3054, .F. ) ;
#4525 = DIRECTION ( 'NONE',  ( -1.000000000000000000, -0.0000000000000000000, -0.0000000000000000000 ) ) ;
#4526 = VERTEX_POINT ( 'NONE', #589 ) ;
#4527 = CARTESIAN_POINT ( 'NONE',  ( 4.128081151969085205, -5.187082584840807087, -2.148559955790362519 ) ) ;
#4528 = LINE ( 'NONE', #1591, #3446 ) ;
#4529 = CARTESIAN_POINT ( 'NONE',  ( -5.619661803323829474, 1.930822899253078262, -3.938406036146827827 ) ) ;
#4530 = CARTESIAN_POINT ( 'NONE',  ( 9.659331151969086093, 3.667821270315578364, 3.667821270315586357 ) ) ;
#4531 = CARTESIAN_POINT ( 'NONE',  ( -2.820780263020862044, 1.043007997188082749E-15, 8.516806624687751182 ) ) ;
#4532 = B_SPLINE_SURFACE_WITH_KNOTS ( 'NONE', 3, 1, ( 
 ( #735, #1181 ),
 ( #2882, #3111 ),
 ( #2460, #2310 ),
 ( #3522, #4513 ) ),
 .UNSPECIFIED., .F., .F., .F.,
 ( 4, 4 ),
 ( 2, 2 ),
 ( 5.000000000000000000, 6.000000000000000000 ),
 ( 0.0000000000000000000, 1.000000000000000000 ),
 .UNSPECIFIED. ) ;
#4533 = CARTESIAN_POINT ( 'NONE',  ( 8.346831154017475995, -2.484859455202464318, -5.998981397340811483 ) ) ;
#4534 = CARTESIAN_POINT ( 'NONE',  ( -5.519661803323828941, 0.3975240214392646854, -1.985428506473515542 ) ) ;
#4535 = ORIENTED_EDGE ( 'NONE', *, *, #1709, .F. ) ;
#4536 = CARTESIAN_POINT ( 'NONE',  ( 8.976038252238280890, -5.221489139668418211, 2.571410800345152570 ) ) ;
#4537 = ORIENTED_EDGE ( 'NONE', *, *, #201, .T. ) ;
#4538 = CARTESIAN_POINT ( 'NONE',  ( 9.378081154017475995, -4.241920426271638789, 4.241920426271637012 ) ) ;
#4539 = ADVANCED_FACE ( 'NONE', ( #4348 ), #2980, .T. ) ;
#4540 = CARTESIAN_POINT ( 'NONE',  ( -5.619661803323829474, -1.159211031094126598, 0.5147382222986783828 ) ) ;
#4541 = CARTESIAN_POINT ( 'NONE',  ( -5.519661803323828941, -0.7894806127375767479, -3.260495763607829112 ) ) ;
#4542 = CARTESIAN_POINT ( 'NONE',  ( -5.519661803323828941, -0.1434427557374629292, -0.05686608428381063202 ) ) ;
#4543 = CARTESIAN_POINT ( 'NONE',  ( -5.619661803323829474, 0.2678738640052118480, -1.240024752472179026 ) ) ;
#4544 = ORIENTED_EDGE ( 'NONE', *, *, #4623, .F. ) ;
#4545 = CARTESIAN_POINT ( 'NONE',  ( 2.721831151969085649, -5.187082584840810640, -6.622310718411041645E-15 ) ) ;
#4546 = LINE ( 'NONE', #3357, #5470 ) ;
#4547 = ADVANCED_FACE ( 'NONE', ( #5258 ), #5035, .F. ) ;
#4548 = ORIENTED_EDGE ( 'NONE', *, *, #3260, .F. ) ;
#4549 = VECTOR ( 'NONE', #596, 1000.000000000000000 ) ;
#4550 = DIRECTION ( 'NONE',  ( -1.000000000000000000, -0.0000000000000000000, -0.0000000000000000000 ) ) ;
#4551 = CARTESIAN_POINT ( 'NONE',  ( -5.619661803323829474, -1.159211031094126598, 1.237187935964929153 ) ) ;
#4552 = ORIENTED_EDGE ( 'NONE', *, *, #3525, .F. ) ;
#4553 = B_SPLINE_CURVE_WITH_KNOTS ( 'NONE', 3,
 ( #2475, #383, #4222, #1252 ),
 .UNSPECIFIED., .F., .F.,
 ( 4, 4 ),
 ( 2.000000000000000000, 3.000000000000000000 ),
 .UNSPECIFIED. ) ;
#4554 = DIRECTION ( 'NONE',  ( -1.000000000000000000, -0.0000000000000000000, -0.0000000000000000000 ) ) ;
#4555 = ADVANCED_FACE ( 'NONE', ( #955 ), #4304, .T. ) ;
#4556 = ORIENTED_EDGE ( 'NONE', *, *, #1792, .T. ) ;
#4557 = CARTESIAN_POINT ( 'NONE',  ( -5.519661803323828941, 0.6376042823617330546, 0.3771632864199848667 ) ) ;
#4558 = LINE ( 'NONE', #1615, #5186 ) ;
#4559 = CARTESIAN_POINT ( 'NONE',  ( -5.519661803323828941, 0.3046836022590236337, -1.267514855292576126 ) ) ;
#4560 = CARTESIAN_POINT ( 'NONE',  ( 8.065581151969086093, 5.187082584840807975, 2.148559955790359854 ) ) ;
#4561 = LINE ( 'NONE', #2347, #4012 ) ;
#4562 = CARTESIAN_POINT ( 'NONE',  ( -5.619661803323829474, 0.2538955217638021455, -1.679297612334133882 ) ) ;
#4563 = ORIENTED_EDGE ( 'NONE', *, *, #2208, .T. ) ;
#4564 = LINE ( 'NONE', #4147, #4567 ) ;
#4565 = VECTOR ( 'NONE', #2812, 1000.000000000000000 ) ;
#4566 = CIRCLE ( 'NONE', #1293, 8.142672225902135352 ) ;
#4567 = VECTOR ( 'NONE', #869, 1000.000000000000000 ) ;
#4568 = ORIENTED_EDGE ( 'NONE', *, *, #4516, .F. ) ;
#4569 = CARTESIAN_POINT ( 'NONE',  ( 8.346831154017475995, -2.484859455202463430, -5.998981397340811483 ) ) ;
#4570 = LINE ( 'NONE', #3998, #4573 ) ;
#4571 = CARTESIAN_POINT ( 'NONE',  ( -0.02048535258922726254, -6.628118418756897334, -8.117104005900251190E-16 ) ) ;
#4572 = CARTESIAN_POINT ( 'NONE',  ( -5.519661803323828941, 0.5131958366318902787, 0.6757186718162545569 ) ) ;
#4573 = VECTOR ( 'NONE', #5272, 1000.000000000000000 ) ;
#4574 = CARTESIAN_POINT ( 'NONE',  ( -2.820780263020862044, 0.0000000000000000000, 0.0000000000000000000 ) ) ;
#4575 = EDGE_LOOP ( 'NONE', ( #4092, #3207, #3438, #5267 ) ) ;
#4576 = ADVANCED_FACE ( 'NONE', ( #2658 ), #2368, .T. ) ;
#4577 = CARTESIAN_POINT ( 'NONE',  ( 3.096831151969084317, 6.304693514189127961E-15, -5.187082584840810640 ) ) ;
#4578 = CARTESIAN_POINT ( 'NONE',  ( 1.512306037783867296, -7.070052012334011593, -8.658316566710150725E-16 ) ) ;
#4579 = ORIENTED_EDGE ( 'NONE', *, *, #4907, .F. ) ;
#4580 = B_SPLINE_CURVE_WITH_KNOTS ( 'NONE', 3,
 ( #1688, #2134, #819, #874 ),
 .UNSPECIFIED., .F., .F.,
 ( 4, 4 ),
 ( 7.000000000000000000, 8.000000000000000000 ),
 .UNSPECIFIED. ) ;
#4581 = CARTESIAN_POINT ( 'NONE',  ( 9.532670181029137879, 4.510490245427599909, 2.584007801819805827 ) ) ;
#4582 = CARTESIAN_POINT ( 'NONE',  ( -5.619661803323829474, -1.159211031094126598, -2.828094540723978145 ) ) ;
#4583 = ORIENTED_EDGE ( 'NONE', *, *, #566, .F. ) ;
#4584 = EDGE_CURVE ( 'NONE', #1554, #4122, #507, .T. ) ;
#4585 = LINE ( 'NONE', #411, #4482 ) ;
#4586 = VERTEX_POINT ( 'NONE', #152 ) ;
#4587 = CARTESIAN_POINT ( 'NONE',  ( 1.954793059423414192, 6.628118418756898222, -13.25623683751379112 ) ) ;
#4588 = CARTESIAN_POINT ( 'NONE',  ( 0.6593311519690839839, -5.669459105745301380E-15, 5.187082584840810640 ) ) ;
#4589 = CARTESIAN_POINT ( 'NONE',  ( -5.619661803323829474, 0.3975240214392646854, -1.985428506473515542 ) ) ;
#4590 = DIRECTION ( 'NONE',  ( 0.0000000000000000000, -0.9659920063596649786, -0.2585719312864969699 ) ) ;
#4591 = CARTESIAN_POINT ( 'NONE',  ( 8.440581151969086093, -2.148559955790363407, 5.187082584840807087 ) ) ;
#4592 = EDGE_CURVE ( 'NONE', #2753, #4614, #109, .T. ) ;
#4593 = LINE ( 'NONE', #3204, #3832 ) ;
#4594 = CARTESIAN_POINT ( 'NONE',  ( 7.034331151969086093, -3.667821270315587245, 3.667821270315577475 ) ) ;
#4595 = ORIENTED_EDGE ( 'NONE', *, *, #857, .T. ) ;
#4596 = CARTESIAN_POINT ( 'NONE',  ( 9.156576408132417910, -3.947332234193462686, -3.994840608780998892 ) ) ;
#4597 = AXIS2_PLACEMENT_3D ( 'NONE', #2765, #5285, #2736 ) ;
#4598 = VECTOR ( 'NONE', #3212, 1000.000000000000000 ) ;
#4599 = ORIENTED_EDGE ( 'NONE', *, *, #902, .F. ) ;
#4600 = CARTESIAN_POINT ( 'NONE',  ( 8.065581154017475995, -5.998981397340809707, -1.101995004959690659E-15 ) ) ;
#4601 = CARTESIAN_POINT ( 'NONE',  ( -5.619661803323829474, 0.6376042823617330546, -1.672425975356006678 ) ) ;
#4602 = VECTOR ( 'NONE', #4472, 1000.000000000000000 ) ;
#4603 = DIRECTION ( 'NONE',  ( 0.0000000000000000000, 0.0000000000000000000, -1.000000000000000000 ) ) ;
#4604 = CARTESIAN_POINT ( 'NONE',  ( -5.619661803323829474, -1.159211031094126598, -3.417053907693038184 ) ) ;
#4605 = DIRECTION ( 'NONE',  ( -1.000000000000000000, -0.0000000000000000000, -0.0000000000000000000 ) ) ;
#4606 = ORIENTED_EDGE ( 'NONE', *, *, #210, .F. ) ;
#4607 = CARTESIAN_POINT ( 'NONE',  ( 4.409331151969085205, -3.667821270315577920, -3.667821270315587245 ) ) ;
#4608 = DIRECTION ( 'NONE',  ( -1.000000000000000000, -0.0000000000000000000, -0.0000000000000000000 ) ) ;
#4609 = ORIENTED_EDGE ( 'NONE', *, *, #3791, .F. ) ;
#4610 = CARTESIAN_POINT ( 'NONE',  ( 9.532670181026478673, 5.015467072719324015, 1.323221744239065023 ) ) ;
#4611 = CARTESIAN_POINT ( 'NONE',  ( -5.519661803323828941, -1.159211031094126598, -1.081138143709938548 ) ) ;
#4612 = ORIENTED_EDGE ( 'NONE', *, *, #4342, .F. ) ;
#4613 = CARTESIAN_POINT ( 'NONE',  ( 1.954793059423414414, 6.082404292049763406, 0.0000000000000000000 ) ) ;
#4614 = VERTEX_POINT ( 'NONE', #3643 ) ;
#4615 = CARTESIAN_POINT ( 'NONE',  ( -5.519661803323828941, -1.027347499126436858, -2.367271829148915874 ) ) ;
#4616 = CARTESIAN_POINT ( 'NONE',  ( 2.815581151969083873, -2.148559955790347864, -5.187082584840813304 ) ) ;
#4617 = ADVANCED_FACE ( 'NONE', ( #3619 ), #1122, .F. ) ;
#4618 = CARTESIAN_POINT ( 'NONE',  ( -5.619661803323829474, -0.7894806127375767479, -1.958869789523899119 ) ) ;
#4619 = CARTESIAN_POINT ( 'NONE',  ( 9.471831151969086093, 5.187082584840810640, 5.987076309967214276E-15 ) ) ;
#4620 = CARTESIAN_POINT ( 'NONE',  ( 0.9668813965247647912, 7.070052012334011593, 1.731663313342030145E-15 ) ) ;
#4621 = CARTESIAN_POINT ( 'NONE',  ( 8.346831151969086093, -5.669459105745301380E-15, 5.187082584840810640 ) ) ;
#4622 = EDGE_LOOP ( 'NONE', ( #1525, #1333, #2778, #3539 ) ) ;
#4623 = EDGE_CURVE ( 'NONE', #2833, #5486, #4149, .T. ) ;
#4624 = DIRECTION ( 'NONE',  ( 0.0000000000000000000, -0.9659258319783365909, -0.2588190238698816481 ) ) ;
#4625 = ORIENTED_EDGE ( 'NONE', *, *, #1971, .T. ) ;
#4626 = CARTESIAN_POINT ( 'NONE',  ( 6.471831154017475995, -5.998981397340809707, 2.484859455202466538 ) ) ;
#4627 = DIRECTION ( 'NONE',  ( 0.0000000000000000000, -0.0000000000000000000, -1.000000000000000000 ) ) ;
#4628 = LINE ( 'NONE', #1628, #1137 ) ;
#4629 = PLANE ( 'NONE',  #4199 ) ;
#4630 = ORIENTED_EDGE ( 'NONE', *, *, #2989, .T. ) ;
#4631 = CARTESIAN_POINT ( 'NONE',  ( 11.81558114992069619, 0.0000000000000000000, 5.998981397340809707 ) ) ;
#4632 = CARTESIAN_POINT ( 'NONE',  ( -5.519661803323828941, -0.2693651478708425362, -0.4980017158873952243 ) ) ;
#4633 = ORIENTED_EDGE ( 'NONE', *, *, #2513, .F. ) ;
#4634 = CARTESIAN_POINT ( 'NONE',  ( -5.519661803323828941, -2.113893546485134056, -4.121490903010485596 ) ) ;
#4635 = FACE_OUTER_BOUND ( 'NONE', #4327, .T. ) ;
#4636 = EDGE_LOOP ( 'NONE', ( #4718, #526, #5161, #300, #2178, #4489, #1165, #2144, #3554, #132, #3169, #3578, #1869, #797, #4128, #3991, #522, #1888 ) ) ;
#4637 = CARTESIAN_POINT ( 'NONE',  ( 1.512306037783867296, 5.095037542935743957, 0.0000000000000000000 ) ) ;
#4638 = ORIENTED_EDGE ( 'NONE', *, *, #2935, .F. ) ;
#4639 = CARTESIAN_POINT ( 'NONE',  ( -5.519661803323828941, 0.3594327388860832362, -0.8708760059213880300 ) ) ;
#4640 = CARTESIAN_POINT ( 'NONE',  ( -5.519661803323828941, -1.159211031094126598, -0.7364507184454957001 ) ) ;
#4641 = CARTESIAN_POINT ( 'NONE',  ( 1.787875908728444818, 5.163184679496220397, -0.6011619025101411218 ) ) ;
#4642 = CARTESIAN_POINT ( 'NONE',  ( 7.409331151969086093, -3.667821270315577920, -3.667821270315587245 ) ) ;
#4643 = VECTOR ( 'NONE', #953, 1000.000000000000227 ) ;
#4644 = CARTESIAN_POINT ( 'NONE',  ( 1.512306037783867518, 5.095037542935742181, 10.19007508587148969 ) ) ;
#4645 = ADVANCED_FACE ( 'NONE', ( #3180 ), #2324, .T. ) ;
#4646 = CIRCLE ( 'NONE', #3735, 8.146137537000969431 ) ;
#4647 = CARTESIAN_POINT ( 'NONE',  ( 8.159331151969086093, 3.667821270315578364, 3.667821270315586357 ) ) ;
#4648 = VERTEX_POINT ( 'NONE', #1570 ) ;
#4649 = CARTESIAN_POINT ( 'NONE',  ( -2.482082288789165148, 0.0000000000000000000, 8.573554286785633138 ) ) ;
#4650 = EDGE_CURVE ( 'NONE', #1631, #4526, #1470, .T. ) ;
#4651 = ORIENTED_EDGE ( 'NONE', *, *, #440, .T. ) ;
#4652 = CARTESIAN_POINT ( 'NONE',  ( 1.221831154017475551, 5.998981397340810595, -2.484859455202464762 ) ) ;
#4653 = AXIS2_PLACEMENT_3D ( 'NONE', #1729, #2481, #5029 ) ;
#4654 = DIRECTION ( 'NONE',  ( 0.0000000000000000000, 0.0000000000000000000, 1.000000000000000000 ) ) ;
#4655 = CARTESIAN_POINT ( 'NONE',  ( -5.619661803323829474, -0.2693651478708425362, -0.4980017158873952243 ) ) ;
#4656 = DIRECTION ( 'NONE',  ( 0.0000000000000000000, -0.2588190238699125123, 0.9659258319783282642 ) ) ;
#4657 = EDGE_CURVE ( 'NONE', #1551, #4788, #1906, .T. ) ;
#4658 = AXIS2_PLACEMENT_3D ( 'NONE', #2767, #1936, #5371 ) ;
#4659 = CARTESIAN_POINT ( 'NONE',  ( -5.519661803323828941, -0.2004933423060529518, 3.938455804857458720 ) ) ;
#4660 = CARTESIAN_POINT ( 'NONE',  ( 7.596831151969086093, 3.667821270315586357, -3.667821270315577920 ) ) ;
#4661 = DIRECTION ( 'NONE',  ( -1.000000000000000000, -0.0000000000000000000, -0.0000000000000000000 ) ) ;
#4662 = EDGE_LOOP ( 'NONE', ( #2081, #2556, #1467, #652 ) ) ;
#4663 = VECTOR ( 'NONE', #3133, 1000.000000000000000 ) ;
#4664 = CARTESIAN_POINT ( 'NONE',  ( 2.492805465815127075, 1.323030348122933963, -5.851270674271256134 ) ) ;
#4665 = DIRECTION ( 'NONE',  ( 0.0000000000000000000, -0.2588163066862571027, 0.9659265600413342590 ) ) ;
#4666 = VERTEX_POINT ( 'NONE', #239 ) ;
#4667 = CARTESIAN_POINT ( 'NONE',  ( 3.846831154017476440, -2.484859455202451439, -5.998981397340823918 ) ) ;
#4668 = VERTEX_POINT ( 'NONE', #3259 ) ;
#4669 = CARTESIAN_POINT ( 'NONE',  ( -5.619661803323829474, 0.5057407503940546389, -0.8316227128471507246 ) ) ;
#4670 = LINE ( 'NONE', #4640, #4806 ) ;
#4671 = FACE_OUTER_BOUND ( 'NONE', #4636, .T. ) ;
#4672 = CARTESIAN_POINT ( 'NONE',  ( 2.815581151969085649, -5.187082584840807087, -2.148559955790362519 ) ) ;
#4673 = CARTESIAN_POINT ( 'NONE',  ( 1.512306037783867518, -7.070052012334013369, 14.14010402466802141 ) ) ;
#4674 = CARTESIAN_POINT ( 'NONE',  ( 6.284331151969085205, 3.667821270315586357, -3.667821270315577920 ) ) ;
#4675 = DIRECTION ( 'NONE',  ( 0.0000000000000000000, -0.9659257372882651405, -0.2588193772578116225 ) ) ;
#4676 = EDGE_CURVE ( 'NONE', #2667, #135, #5318, .T. ) ;
#4677 = CARTESIAN_POINT ( 'NONE',  ( 4.503081154017475995, 4.241920426271637901, 4.241920426271637901 ) ) ;
#4678 = CARTESIAN_POINT ( 'NONE',  ( 1.662412756881484377, 0.0000000000000000000, 0.0000000000000000000 ) ) ;
#4679 = EDGE_CURVE ( 'NONE', #2771, #328, #3228, .T. ) ;
#4680 = DIRECTION ( 'NONE',  ( 0.0000000000000000000, -0.9271989369965798478, 0.3745692609283526875 ) ) ;
#4681 = LINE ( 'NONE', #3819, #912 ) ;
#4682 = CARTESIAN_POINT ( 'NONE',  ( 5.628081151969086093, -5.187082584840807087, -2.148559955790362519 ) ) ;
#4683 = CARTESIAN_POINT ( 'NONE',  ( 8.346831149920696191, 5.998981397340810595, -2.484859455202464762 ) ) ;
#4684 = AXIS2_PLACEMENT_3D ( 'NONE', #4182, #400, #1375 ) ;
#4685 = CARTESIAN_POINT ( 'NONE',  ( 9.846831151969086093, -3.667821270315587245, 3.667821270315577475 ) ) ;
#4686 = LINE ( 'NONE', #906, #937 ) ;
#4687 = VERTEX_POINT ( 'NONE', #4013 ) ;
#4688 = EDGE_CURVE ( 'NONE', #3063, #3159, #2169, .T. ) ;
#4689 = LINE ( 'NONE', #2197, #1358 ) ;
#4690 = PLANE ( 'NONE',  #2563 ) ;
#4691 = ORIENTED_EDGE ( 'NONE', *, *, #3256, .T. ) ;
#4692 = FACE_OUTER_BOUND ( 'NONE', #1652, .T. ) ;
#4693 = ORIENTED_EDGE ( 'NONE', *, *, #5468, .F. ) ;
#4694 = DIRECTION ( 'NONE',  ( 0.0000000000000000000, -1.000000000000000000, 0.0000000000000000000 ) ) ;
#4695 = CARTESIAN_POINT ( 'NONE',  ( -5.519661803323828941, 0.6376042823617330546, 1.688348407857317879 ) ) ;
#4696 = CARTESIAN_POINT ( 'NONE',  ( -5.519661803323828941, -0.9191307701716237011, -1.213466035522574149 ) ) ;
#4697 = VECTOR ( 'NONE', #3006, 999.9999999999998863 ) ;
#4698 = CARTESIAN_POINT ( 'NONE',  ( 5.253081151969085205, 2.148559955790348308, 5.187082584840812416 ) ) ;
#4699 = CARTESIAN_POINT ( 'NONE',  ( 1.954793059423414414, -6.628118418756897334, -8.117104005900251190E-16 ) ) ;
#4700 = CARTESIAN_POINT ( 'NONE',  ( 10.87808115196908609, 5.187082584840812416, -2.148559955790347864 ) ) ;
#4701 = FACE_OUTER_BOUND ( 'NONE', #298, .T. ) ;
#4702 = CARTESIAN_POINT ( 'NONE',  ( 0.7530811540174751073, -4.241920426271637012, -4.241920426271638789 ) ) ;
#4703 = DIRECTION ( 'NONE',  ( 0.0000000000000000000, 0.0000000000000000000, 1.000000000000000000 ) ) ;
#4704 = CARTESIAN_POINT ( 'NONE',  ( -5.619661803323829474, 0.2863953785477003078, 0.08641447878054527021 ) ) ;
#4705 = CARTESIAN_POINT ( 'NONE',  ( -5.519661803323828941, -0.7755022704961843649, -1.519593374754033777 ) ) ;
#4706 = CARTESIAN_POINT ( 'NONE',  ( 2.815581151969084317, -2.148559955790347864, -5.187082584840814192 ) ) ;
#4707 = EDGE_CURVE ( 'NONE', #1248, #5045, #5034, .T. ) ;
#4708 = CARTESIAN_POINT ( 'NONE',  ( 10.22183114992069619, 2.484859455202464762, 5.998981397340810595 ) ) ;
#4709 = CARTESIAN_POINT ( 'NONE',  ( 9.003081151969086093, 2.148559955790360299, -5.187082584840807975 ) ) ;
#4710 = CARTESIAN_POINT ( 'NONE',  ( -5.619661803323829474, 0.6376042823617330546, -0.3508782973789836279 ) ) ;
#4711 = ORIENTED_EDGE ( 'NONE', *, *, #4974, .T. ) ;
#4712 = CARTESIAN_POINT ( 'NONE',  ( -5.619661803323829474, -0.8262907953548989104, -2.888901240419198047 ) ) ;
#4713 = ORIENTED_EDGE ( 'NONE', *, *, #3966, .F. ) ;
#4714 = LINE ( 'NONE', #601, #1371 ) ;
#4715 = EDGE_CURVE ( 'NONE', #2429, #4668, #1238, .T. ) ;
#4716 = EDGE_CURVE ( 'NONE', #1803, #3166, #5063, .T. ) ;
#4717 = CARTESIAN_POINT ( 'NONE',  ( -5.519661803323828941, 0.2678738640052120701, -1.240024752472179026 ) ) ;
#4718 = ORIENTED_EDGE ( 'NONE', *, *, #395, .T. ) ;
#4719 = LINE ( 'NONE', #1312, #4866 ) ;
#4720 = DIRECTION ( 'NONE',  ( -0.0000000000000000000, 1.000000000000000000, 0.0000000000000000000 ) ) ;
#4721 = DIRECTION ( 'NONE',  ( 0.0000000000000000000, 0.0000000000000000000, 1.000000000000000000 ) ) ;
#4722 = CARTESIAN_POINT ( 'NONE',  ( 4.221831151969085205, -5.187082584840810640, -6.622310718411041645E-15 ) ) ;
#4723 = VERTEX_POINT ( 'NONE', #5454 ) ;
#4724 = LINE ( 'NONE', #919, #1997 ) ;
#4725 = EDGE_CURVE ( 'NONE', #3581, #1607, #2071, .T. ) ;
#4726 = CARTESIAN_POINT ( 'NONE',  ( 1.409331151969084761, -3.667821270315577920, -3.667821270315587245 ) ) ;
#4727 = DIRECTION ( 'NONE',  ( 1.000000000000000000, 0.0000000000000000000, 0.0000000000000000000 ) ) ;
#4728 = AXIS2_PLACEMENT_3D ( 'NONE', #3856, #3408, #541 ) ;
#4729 = CARTESIAN_POINT ( 'NONE',  ( 1.503081154017475773, 4.241920426271637901, 4.241920426271637901 ) ) ;
#4730 = CARTESIAN_POINT ( 'NONE',  ( -0.02048535258922726254, 5.536962622234972820, 1.356164710463718938E-15 ) ) ;
#4731 = CARTESIAN_POINT ( 'NONE',  ( -5.619661803323829474, -0.8262907953548989104, -2.888901240419198047 ) ) ;
#4732 = CARTESIAN_POINT ( 'NONE',  ( 11.53433114992069797, 5.998981397340810595, 2.484859455202465206 ) ) ;
#4733 = DIRECTION ( 'NONE',  ( 0.0000000000000000000, 0.9659096052786082520, 0.2588795751513107146 ) ) ;
#4734 = CARTESIAN_POINT ( 'NONE',  ( -5.519661803323828941, -0.8262907953548989104, -2.888901240419198047 ) ) ;
#4735 = ORIENTED_EDGE ( 'NONE', *, *, #4657, .T. ) ;
#4736 = DIRECTION ( 'NONE',  ( 0.0000000000000000000, -0.9659055957817822557, -0.2588945345839501200 ) ) ;
#4737 = EDGE_CURVE ( 'NONE', #4788, #5187, #815, .T. ) ;
#4738 = CIRCLE ( 'NONE', #2353, 3.389253054512366692 ) ;
#4739 = EDGE_LOOP ( 'NONE', ( #55, #1084 ) ) ;
#4740 = CARTESIAN_POINT ( 'NONE',  ( -5.519661803323828941, -1.159211031094126598, -1.526582323692980747 ) ) ;
#4741 = CARTESIAN_POINT ( 'NONE',  ( 9.269113847151441377, -8.126686930312690088E-12, -5.485484966162132103 ) ) ;
#4742 = CONICAL_SURFACE ( 'NONE', #2358, 1.939569530566509714, 0.5412368136438071575 ) ;
#4743 = VERTEX_POINT ( 'NONE', #1708 ) ;
#4744 = FACE_OUTER_BOUND ( 'NONE', #1559, .T. ) ;
#4745 = CARTESIAN_POINT ( 'NONE',  ( -5.619661803323829474, -2.113893546485134056, 4.121490903010486484 ) ) ;
#4746 = EDGE_LOOP ( 'NONE', ( #1976, #3962, #2942, #343 ) ) ;
#4747 = CARTESIAN_POINT ( 'NONE',  ( -5.619661803323829474, -1.159211031094126598, -3.417053907693038184 ) ) ;
#4748 = EDGE_CURVE ( 'NONE', #1074, #3028, #3395, .T. ) ;
#4749 = CARTESIAN_POINT ( 'NONE',  ( 4.878081151969085205, 5.187082584840812416, -2.148559955790347864 ) ) ;
#4750 = VERTEX_POINT ( 'NONE', #1264 ) ;
#4751 = AXIS2_PLACEMENT_3D ( 'NONE', #188, #3106, #3964 ) ;
#4752 = CARTESIAN_POINT ( 'NONE',  ( 8.815581149920696191, 5.998981397340808819, -1.085858625741484250E-07 ) ) ;
#4753 = CARTESIAN_POINT ( 'NONE',  ( 4.690581151969085205, 2.148559955790360299, -5.187082584840807975 ) ) ;
#4754 = CARTESIAN_POINT ( 'NONE',  ( -5.619661803323829474, -1.159211031094126598, 0.5147382222986783828 ) ) ;
#4755 = AXIS2_PLACEMENT_3D ( 'NONE', #5382, #5437, #2917 ) ;
#4756 = ADVANCED_FACE ( 'NONE', ( #1621 ), #5007, .T. ) ;
#4757 = CARTESIAN_POINT ( 'NONE',  ( -5.619661803323829474, 0.2678738640052119035, 0.08152292550487844069 ) ) ;
#4758 = DIRECTION ( 'NONE',  ( 0.0000000000000000000, 0.0000000000000000000, 1.000000000000000000 ) ) ;
#4759 = CARTESIAN_POINT ( 'NONE',  ( -5.619661803323829474, -0.8262907953548989104, 0.6787474533503380369 ) ) ;
#4760 = CARTESIAN_POINT ( 'NONE',  ( 2.628081149920694859, 4.241920426271637901, 4.241920426271637901 ) ) ;
#4761 = LINE ( 'NONE', #1691, #3931 ) ;
#4762 = FACE_OUTER_BOUND ( 'NONE', #1410, .T. ) ;
#4763 = VERTEX_POINT ( 'NONE', #4649 ) ;
#4764 = CARTESIAN_POINT ( 'NONE',  ( -5.619661803323829474, -1.930845117427445246, -3.938406036146827827 ) ) ;
#4765 = VERTEX_POINT ( 'NONE', #3316 ) ;
#4766 = SURFACE_STYLE_FILL_AREA ( #3082 ) ;
#4767 = CIRCLE ( 'NONE', #2296, 8.142672225902135352 ) ;
#4768 = CARTESIAN_POINT ( 'NONE',  ( -5.519661803323828941, -0.4761300894635627223, 0.7725081493141783273 ) ) ;
#4769 = VERTEX_POINT ( 'NONE', #2934 ) ;
#4770 = DIRECTION ( 'NONE',  ( 0.0000000000000000000, -1.000000000000000000, 0.0000000000000000000 ) ) ;
#4771 = CIRCLE ( 'NONE', #5489, 5.998981397340809707 ) ;
#4772 = LINE ( 'NONE', #891, #2262 ) ;
#4773 = CARTESIAN_POINT ( 'NONE',  ( 1.878081151969085205, 5.187082584840812416, -2.148559955790347864 ) ) ;
#4774 = ORIENTED_EDGE ( 'NONE', *, *, #1322, .F. ) ;
#4775 = CARTESIAN_POINT ( 'NONE',  ( 9.226041266776615402, 4.597955011028511230, 3.089555841148727833 ) ) ;
#4776 = EDGE_CURVE ( 'NONE', #3057, #4666, #2457, .T. ) ;
#4777 = VERTEX_POINT ( 'NONE', #3783 ) ;
#4778 = CARTESIAN_POINT ( 'NONE',  ( 2.721831151969085649, -5.187082584840810640, -6.622310718411043223E-15 ) ) ;
#4779 = DIRECTION ( 'NONE',  ( 0.0000000000000000000, 0.9659265600413341479, 0.2588163066862571027 ) ) ;
#4780 = EDGE_CURVE ( 'NONE', #3472, #4508, #839, .T. ) ;
#4781 = EDGE_CURVE ( 'NONE', #1248, #1114, #5088, .T. ) ;
#4782 = CARTESIAN_POINT ( 'NONE',  ( -5.619661803323829474, 0.6376042823617330546, 0.2379602027213579829 ) ) ;
#4783 = CARTESIAN_POINT ( 'NONE',  ( 0.4220016690503198831, -5.095037542935744845, 10.19007508587148614 ) ) ;
#4784 = CARTESIAN_POINT ( 'NONE',  ( -5.619661803323829474, -0.7894806127375767479, -3.260495763607829112 ) ) ;
#4785 = CARTESIAN_POINT ( 'NONE',  ( 6.284331149920696191, -5.998981397340808819, -2.484859455202467871 ) ) ;
#4786 = CARTESIAN_POINT ( 'NONE',  ( 1.315581151969084761, -2.148559955790347864, -5.187082584840813304 ) ) ;
#4787 = CARTESIAN_POINT ( 'NONE',  ( -5.619661803323829474, 0.3046836022590236337, -2.913248804652626145 ) ) ;
#4788 = VERTEX_POINT ( 'NONE', #1292 ) ;
#4789 = B_SPLINE_SURFACE_WITH_KNOTS ( 'NONE', 3, 1, ( 
 ( #2787, #1513 ),
 ( #4479, #4084 ),
 ( #671, #2815 ),
 ( #230, #4035 ) ),
 .UNSPECIFIED., .F., .F., .F.,
 ( 4, 4 ),
 ( 2, 2 ),
 ( 5.000000000000000000, 6.000000000000000000 ),
 ( 0.0000000000000000000, 1.000000000000000000 ),
 .UNSPECIFIED. ) ;
#4790 = CARTESIAN_POINT ( 'NONE',  ( -2.820780263020862044, 0.0000000000000000000, 0.0000000000000000000 ) ) ;
#4791 = CARTESIAN_POINT ( 'NONE',  ( -5.519661803323828941, 0.3046836022590236337, -0.3161646216979667745 ) ) ;
#4792 = ORIENTED_EDGE ( 'NONE', *, *, #5302, .T. ) ;
#4793 = DIRECTION ( 'NONE',  ( -0.0000000000000000000, -0.0000000000000000000, 1.000000000000000000 ) ) ;
#4794 = CARTESIAN_POINT ( 'NONE',  ( 9.437668205662234300, 4.874225205525497984, -2.077523309255536521 ) ) ;
#4795 = ORIENTED_EDGE ( 'NONE', *, *, #4890, .F. ) ;
#4796 = CARTESIAN_POINT ( 'NONE',  ( -5.519661803323828941, 0.2678738640052119035, 0.08152292550487844069 ) ) ;
#4797 = CARTESIAN_POINT ( 'NONE',  ( 8.440581149920696191, 5.998981397340809707, 3.673316683198969520E-16 ) ) ;
#4798 = CARTESIAN_POINT ( 'NONE',  ( -5.619661803323829474, -1.159211031094126598, -1.355580588794464969 ) ) ;
#4799 = DIRECTION ( 'NONE',  ( 1.000000000000000000, 0.0000000000000000000, -0.0000000000000000000 ) ) ;
#4800 = ORIENTED_EDGE ( 'NONE', *, *, #2005, .F. ) ;
#4801 = CARTESIAN_POINT ( 'NONE',  ( -5.619661803323829474, -1.027347499126436858, -2.367271829148915874 ) ) ;
#4802 = CARTESIAN_POINT ( 'NONE',  ( 4.221831151969085205, -5.187082584840810640, -6.622310718411043223E-15 ) ) ;
#4803 = DIRECTION ( 'NONE',  ( -1.000000000000000000, -0.0000000000000000000, -0.0000000000000000000 ) ) ;
#4804 = EDGE_CURVE ( 'NONE', #4296, #2168, #2488, .T. ) ;
#4805 = CARTESIAN_POINT ( 'NONE',  ( 4.315581151969085205, -2.148559955790347864, -5.187082584840814192 ) ) ;
#4806 = VECTOR ( 'NONE', #832, 1000.000000000000227 ) ;
#4807 = LINE ( 'NONE', #2238, #5036 ) ;
#4808 = CARTESIAN_POINT ( 'NONE',  ( 4.034331149920694415, 5.998981397340809707, 2.484859455202465206 ) ) ;
#4809 = CARTESIAN_POINT ( 'NONE',  ( -5.619661803323829474, 0.3594327388860832362, -0.8708760059213880300 ) ) ;
#4810 = EDGE_CURVE ( 'NONE', #5251, #3682, #2988, .T. ) ;
#4811 = CARTESIAN_POINT ( 'NONE',  ( 7.221831149920696191, 2.484859455202464762, 5.998981397340810595 ) ) ;
#4812 = CARTESIAN_POINT ( 'NONE',  ( 4.690581151969084317, 5.187082584840812416, -2.148559955790347864 ) ) ;
#4813 = CARTESIAN_POINT ( 'NONE',  ( 7.128081149920695303, 4.241920426271637901, 4.241920426271637901 ) ) ;
#4814 = ORIENTED_EDGE ( 'NONE', *, *, #4414, .T. ) ;
#4815 = DIRECTION ( 'NONE',  ( 1.000000000000000000, 0.0000000000000000000, 0.0000000000000000000 ) ) ;
#4816 = EDGE_CURVE ( 'NONE', #328, #2393, #4564, .T. ) ;
#4817 = DIRECTION ( 'NONE',  ( -1.000000000000000000, -0.0000000000000000000, -0.0000000000000000000 ) ) ;
#4818 = ORIENTED_EDGE ( 'NONE', *, *, #3699, .F. ) ;
#4819 = CARTESIAN_POINT ( 'NONE',  ( -5.619661803323829474, -0.09253780764491525979, -0.01504614770301610123 ) ) ;
#4820 = CARTESIAN_POINT ( 'NONE',  ( 9.509741020352114660, 5.202660472189362117, 0.5246064194471141695 ) ) ;
#4821 = ORIENTED_EDGE ( 'NONE', *, *, #170, .T. ) ;
#4822 = CARTESIAN_POINT ( 'NONE',  ( -5.619661803323829474, 0.3046836022590236337, -1.267514855292576126 ) ) ;
#4823 = DIRECTION ( 'NONE',  ( 0.0000000000000000000, -0.0000000000000000000, 1.000000000000000000 ) ) ;
#4824 = ORIENTED_EDGE ( 'NONE', *, *, #2420, .F. ) ;
#4825 = VECTOR ( 'NONE', #33, 1000.000000000000000 ) ;
#4826 = CIRCLE ( 'NONE', #222, 8.440452449901849619 ) ;
#4827 = PLANE ( 'NONE',  #5280 ) ;
#4828 = CARTESIAN_POINT ( 'NONE',  ( 0.4220016690503199386, 5.095037542935743957, 0.0000000000000000000 ) ) ;
#4829 = ORIENTED_EDGE ( 'NONE', *, *, #3369, .F. ) ;
#4830 = CARTESIAN_POINT ( 'NONE',  ( -5.519661803323828941, -0.4637826167685011880, 0.8125968457457942717 ) ) ;
#4831 = ORIENTED_EDGE ( 'NONE', *, *, #4715, .T. ) ;
#4832 = CARTESIAN_POINT ( 'NONE',  ( 10.87808115196908609, 5.187082584840807975, 2.148559955790359854 ) ) ;
#4833 = CARTESIAN_POINT ( 'NONE',  ( 2.108870632138441614, -3.491854957518687019, 4.326622335507411599 ) ) ;
#4834 = VECTOR ( 'NONE', #3970, 1000.000000000000000 ) ;
#4835 = CARTESIAN_POINT ( 'NONE',  ( 1.787875908728443930, 5.186450471978243826, 0.08097680949191894684 ) ) ;
#4836 = CARTESIAN_POINT ( 'NONE',  ( -5.519661803323828941, -0.8810394876184768354, -2.328132293127599173 ) ) ;
#4837 = EDGE_CURVE ( 'NONE', #2669, #139, #5411, .T. ) ;
#4838 = ORIENTED_EDGE ( 'NONE', *, *, #1704, .F. ) ;
#4839 = CARTESIAN_POINT ( 'NONE',  ( 0.4220016690503199386, 7.070052012334011593, 1.731663313342030145E-15 ) ) ;
#4840 = CARTESIAN_POINT ( 'NONE',  ( -5.619661803323829474, -0.8262907953548989104, -2.862808216404995054 ) ) ;
#4841 = CARTESIAN_POINT ( 'NONE',  ( 2.721831149920694415, 2.484859455202464762, 5.998981397340810595 ) ) ;
#4842 = CARTESIAN_POINT ( 'NONE',  ( 4.784331151969085205, 5.187082584840810640, 5.987076309967215065E-15 ) ) ;
#4843 = CARTESIAN_POINT ( 'NONE',  ( -5.519661803323828941, -0.3393741710386526944, 0.2633564647863967934 ) ) ;
#4844 = EDGE_CURVE ( 'NONE', #4103, #496, #3424, .T. ) ;
#4845 = ORIENTED_EDGE ( 'NONE', *, *, #1120, .F. ) ;
#4846 = CARTESIAN_POINT ( 'NONE',  ( -5.619661803323829474, -0.8810394876184768354, -3.629644510158597015 ) ) ;
#4847 = CARTESIAN_POINT ( 'NONE',  ( -5.619661803323829474, 0.2538955217638021455, -2.980927141325950380 ) ) ;
#4848 = VERTEX_POINT ( 'NONE', #4259 ) ;
#4849 = DIRECTION ( 'NONE',  ( 0.9999476646454433792, 1.252903875501275777E-18, 0.01023073653867871344 ) ) ;
#4850 = CARTESIAN_POINT ( 'NONE',  ( 9.443346136118472955, 4.944272249831260346, -1.887076118773720834 ) ) ;
#4851 = EDGE_CURVE ( 'NONE', #4212, #4243, #1422, .T. ) ;
#4852 = ORIENTED_EDGE ( 'NONE', *, *, #3558, .T. ) ;
#4853 = DIRECTION ( 'NONE',  ( 0.0000000000000000000, 0.0000000000000000000, 1.000000000000000000 ) ) ;
#4854 = CARTESIAN_POINT ( 'NONE',  ( -5.619661803323829474, 1.930822899253078262, 3.938455804857458720 ) ) ;
#4855 = ORIENTED_EDGE ( 'NONE', *, *, #3502, .F. ) ;
#4856 = CARTESIAN_POINT ( 'NONE',  ( -5.619661803323829474, -0.8080021272800940180, 0.6662839462394918311 ) ) ;
#4857 = CARTESIAN_POINT ( 'NONE',  ( 0.9668813965247647912, 5.095037542935743957, 0.0000000000000000000 ) ) ;
#4858 = ORIENTED_EDGE ( 'NONE', *, *, #363, .T. ) ;
#4859 = LINE ( 'NONE', #1111, #1373 ) ;
#4860 = ORIENTED_EDGE ( 'NONE', *, *, #4907, .T. ) ;
#4861 = CARTESIAN_POINT ( 'NONE',  ( 5.909331151969085205, 6.304693514189128749E-15, -5.187082584840810640 ) ) ;
#4862 = VECTOR ( 'NONE', #2077, 1000.000000000000000 ) ;
#4863 = CARTESIAN_POINT ( 'NONE',  ( 2.343625910395780387, -4.276841850825789493, -3.962248266801759122 ) ) ;
#4864 = CARTESIAN_POINT ( 'NONE',  ( 1.880144384883545738, 5.153646958709658499, 2.181995581921509775 ) ) ;
#4865 = CARTESIAN_POINT ( 'NONE',  ( 0.9668813965247646802, -5.095037542935743069, -10.19007508587148614 ) ) ;
#4866 = VECTOR ( 'NONE', #4770, 1000.000000000000000 ) ;
#4867 = ORIENTED_EDGE ( 'NONE', *, *, #2014, .T. ) ;
#4868 = CARTESIAN_POINT ( 'NONE',  ( -5.619661803323829474, 0.3046836022590236337, 0.07395097166969916147 ) ) ;
#4869 = CARTESIAN_POINT ( 'NONE',  ( 7.128081149920695303, 4.241920426271637901, 4.241920426271637901 ) ) ;
#4870 = CARTESIAN_POINT ( 'NONE',  ( 2.440581151969085649, -5.187082584840811528, 2.148559955790349640 ) ) ;
#4871 = EDGE_LOOP ( 'NONE', ( #692, #3716, #4056, #3112 ) ) ;
#4872 = CARTESIAN_POINT ( 'NONE',  ( -5.619661803323829474, -1.542127935956492557, 1.214671149301984832 ) ) ;
#4873 = LINE ( 'NONE', #2772, #556 ) ;
#4874 = DIRECTION ( 'NONE',  ( 0.0000000000000000000, 0.0000000000000000000, -1.000000000000000000 ) ) ;
#4875 = ORIENTED_EDGE ( 'NONE', *, *, #233, .T. ) ;
#4876 = ADVANCED_FACE ( 'NONE', ( #2290 ), #3120, .F. ) ;
#4877 = CARTESIAN_POINT ( 'NONE',  ( 9.501185394183734090, 3.192122447767100191, 4.143520092864061866 ) ) ;
#4878 = CARTESIAN_POINT ( 'NONE',  ( 9.387685236074242212, 3.939502043642508777, -3.644518190636482302 ) ) ;
#4879 = ORIENTED_EDGE ( 'NONE', *, *, #3734, .T. ) ;
#4880 = CARTESIAN_POINT ( 'NONE',  ( 1.849005775517616357, 4.099810848784039230, -3.324197221443144112 ) ) ;
#4881 = DIRECTION ( 'NONE',  ( -0.0000000000000000000, 1.000000000000000000, 1.224646799147353207E-16 ) ) ;
#4882 = CARTESIAN_POINT ( 'NONE',  ( -5.519661803323828941, 0.6376042823617330546, -2.973938192386992974 ) ) ;
#4883 = ORIENTED_EDGE ( 'NONE', *, *, #4776, .T. ) ;
#4884 = EDGE_CURVE ( 'NONE', #1670, #3136, #3875, .T. ) ;
#4885 = B_SPLINE_SURFACE_WITH_KNOTS ( 'NONE', 3, 1, ( 
 ( #4291, #453 ),
 ( #3849, #2160 ),
 ( #3431, #46 ),
 ( #5120, #1324 ) ),
 .UNSPECIFIED., .F., .F., .F.,
 ( 4, 4 ),
 ( 2, 2 ),
 ( 0.0000000000000000000, 1.000000000000000000 ),
 ( 0.0000000000000000000, 1.000000000000000000 ),
 .UNSPECIFIED. ) ;
#4886 = DIRECTION ( 'NONE',  ( 1.000000000000000000, 0.0000000000000000000, -0.0000000000000000000 ) ) ;
#4887 = CARTESIAN_POINT ( 'NONE',  ( 7.128081151969086982, -5.187082584840807087, -2.148559955790362519 ) ) ;
#4888 = DIRECTION ( 'NONE',  ( -1.000000000000000000, -0.0000000000000000000, -0.0000000000000000000 ) ) ;
#4889 = CARTESIAN_POINT ( 'NONE',  ( -5.619661803323829474, 0.6376042823617330546, 0.2379602027213579829 ) ) ;
#4890 = EDGE_CURVE ( 'NONE', #4750, #806, #2698, .T. ) ;
#4891 = LINE ( 'NONE', #1119, #4975 ) ;
#4892 = DIRECTION ( 'NONE',  ( 0.0000000000000000000, 0.9659043439093818462, 0.2588992051300786357 ) ) ;
#4893 = ORIENTED_EDGE ( 'NONE', *, *, #5428, .F. ) ;
#4894 = CARTESIAN_POINT ( 'NONE',  ( 0.9668813965247647912, 0.0000000000000000000, 0.0000000000000000000 ) ) ;
#4895 = B_SPLINE_CURVE_WITH_KNOTS ( 'NONE', 3,
 ( #4809, #590, #2295, #1878 ),
 .UNSPECIFIED., .F., .F.,
 ( 4, 4 ),
 ( 4.000000000000000000, 5.000000000000000000 ),
 .UNSPECIFIED. ) ;
#4896 = ORIENTED_EDGE ( 'NONE', *, *, #3723, .T. ) ;
#4897 = CARTESIAN_POINT ( 'NONE',  ( 2.534331151969085649, -5.187082584840810640, -6.622310718411043223E-15 ) ) ;
#4898 = ORIENTED_EDGE ( 'NONE', *, *, #2247, .T. ) ;
#4899 = DIRECTION ( 'NONE',  ( -1.000000000000000000, -0.0000000000000000000, -0.0000000000000000000 ) ) ;
#4900 = CARTESIAN_POINT ( 'NONE',  ( 9.857916077054870385, 0.0000000000000000000, 4.818834368373729582 ) ) ;
#4901 = VECTOR ( 'NONE', #899, 1000.000000000000000 ) ;
#4902 = CARTESIAN_POINT ( 'NONE',  ( -5.519661803323828941, 0.3046836022590236337, -2.939224516705999157 ) ) ;
#4903 = VERTEX_POINT ( 'NONE', #1763 ) ;
#4904 = CARTESIAN_POINT ( 'NONE',  ( 7.596831151969086093, 3.667821270315586357, -3.667821270315577920 ) ) ;
#4905 = LINE ( 'NONE', #2334, #2835 ) ;
#4906 = ORIENTED_EDGE ( 'NONE', *, *, #4715, .F. ) ;
#4907 = EDGE_CURVE ( 'NONE', #2869, #4501, #227, .T. ) ;
#4908 = CARTESIAN_POINT ( 'NONE',  ( -5.619661803323829474, -0.4637826167685011880, 0.1522300437122748318 ) ) ;
#4909 = CARTESIAN_POINT ( 'NONE',  ( 0.0000000000000000000, 0.0000000000000000000, 0.0000000000000000000 ) ) ;
#4910 = ORIENTED_EDGE ( 'NONE', *, *, #2145, .F. ) ;
#4911 = DIRECTION ( 'NONE',  ( -1.000000000000000000, -0.0000000000000000000, -0.0000000000000000000 ) ) ;
#4912 = AXIS2_PLACEMENT_3D ( 'NONE', #722, #2423, #4112 ) ;
#4913 = AXIS2_PLACEMENT_3D ( 'NONE', #1225, #3860, #5474 ) ;
#4914 = ORIENTED_EDGE ( 'NONE', *, *, #3593, .T. ) ;
#4915 = CARTESIAN_POINT ( 'NONE',  ( 8.815581151969084317, -2.148559955790347864, -5.187082584840813304 ) ) ;
#4916 = ADVANCED_FACE ( 'NONE', ( #1370 ), #4742, .F. ) ;
#4917 = CARTESIAN_POINT ( 'NONE',  ( 2.245578701600076332, -5.704015807271125560, -0.3894883047490931283 ) ) ;
#4918 = AXIS2_PLACEMENT_3D ( 'NONE', #2076, #3929, #4322 ) ;
#4919 = LINE ( 'NONE', #261, #3817 ) ;
#4920 = EDGE_LOOP ( 'NONE', ( #1532, #3222, #4855, #4879 ) ) ;
#4921 = EDGE_CURVE ( 'NONE', #4848, #1643, #3814, .T. ) ;
#4922 = CARTESIAN_POINT ( 'NONE',  ( -5.519661803323828941, 0.3046836022590236337, 0.05391551072362760905 ) ) ;
#4923 = VERTEX_POINT ( 'NONE', #1005 ) ;
#4924 = CARTESIAN_POINT ( 'NONE',  ( 7.690581154017475995, 0.0000000000000000000, 5.998981397340809707 ) ) ;
#4925 = DIRECTION ( 'NONE',  ( -1.000000000000000000, -0.0000000000000000000, -0.0000000000000000000 ) ) ;
#4926 = AXIS2_PLACEMENT_3D ( 'NONE', #3078, #2140, #3934 ) ;
#4927 = B_SPLINE_SURFACE_WITH_KNOTS ( 'NONE', 3, 1, ( 
 ( #3032, #2558 ),
 ( #4249, #3889 ),
 ( #2587, #412 ),
 ( #3414, #886 ) ),
 .UNSPECIFIED., .F., .F., .F.,
 ( 4, 4 ),
 ( 2, 2 ),
 ( 6.000000000000000000, 7.000000000000000000 ),
 ( 0.0000000000000000000, 1.000000000000000000 ),
 .UNSPECIFIED. ) ;
#4928 = CARTESIAN_POINT ( 'NONE',  ( 7.503081154017475995, 4.241920426271637901, 4.241920426271637901 ) ) ;
#4929 = LINE ( 'NONE', #2831, #379 ) ;
#4930 = ORIENTED_EDGE ( 'NONE', *, *, #5146, .T. ) ;
#4931 = CARTESIAN_POINT ( 'NONE',  ( 3.940581151969085205, -2.148559955790363407, 5.187082584840807087 ) ) ;
#4932 = CARTESIAN_POINT ( 'NONE',  ( 0.02024695280851037185, 0.0000000000000000000, 0.0000000000000000000 ) ) ;
#4933 = VERTEX_POINT ( 'NONE', #1344 ) ;
#4934 = CARTESIAN_POINT ( 'NONE',  ( -5.519661803323828941, -0.1434427557374629292, -0.4643367380380125642 ) ) ;
#4935 = DIRECTION ( 'NONE',  ( 0.0000000000000000000, 0.0000000000000000000, 1.000000000000000000 ) ) ;
#4936 = ORIENTED_EDGE ( 'NONE', *, *, #105, .T. ) ;
#4937 = DIRECTION ( 'NONE',  ( -1.000000000000000000, -0.0000000000000000000, -0.0000000000000000000 ) ) ;
#4938 = EDGE_LOOP ( 'NONE', ( #1168, #3488, #2642, #2232 ) ) ;
#4939 = CARTESIAN_POINT ( 'NONE',  ( 7.971831151969085205, 3.667821270315578364, 3.667821270315586357 ) ) ;
#4940 = CARTESIAN_POINT ( 'NONE',  ( 2.334664794602489657, -4.514195008156032252, -3.673234832129610883 ) ) ;
#4941 = CARTESIAN_POINT ( 'NONE',  ( 11.15933115196908609, 3.667821270315578364, 3.667821270315586357 ) ) ;
#4942 = FACE_OUTER_BOUND ( 'NONE', #82, .T. ) ;
#4943 = ADVANCED_FACE ( 'NONE', ( #5203 ), #1649, .T. ) ;
#4944 = VECTOR ( 'NONE', #4208, 999.9999999999998863 ) ;
#4945 = CARTESIAN_POINT ( 'NONE',  ( 7.878081154017475995, -4.241920426271638789, 4.241920426271637012 ) ) ;
#4946 = VERTEX_POINT ( 'NONE', #121 ) ;
#4947 = CARTESIAN_POINT ( 'NONE',  ( -5.619661803323829474, -1.930845117427445246, 3.938455804857458720 ) ) ;
#4948 = ADVANCED_FACE ( 'NONE', ( #4701 ), #952, .F. ) ;
#4949 = B_SPLINE_CURVE_WITH_KNOTS ( 'NONE', 3,
 ( #1886, #190, #3164, #5297 ),
 .UNSPECIFIED., .F., .F.,
 ( 4, 4 ),
 ( 5.000000000000000000, 6.000000000000000000 ),
 .UNSPECIFIED. ) ;
#4950 = EDGE_CURVE ( 'NONE', #1048, #3057, #1318, .T. ) ;
#4951 = EDGE_LOOP ( 'NONE', ( #3184, #3449, #2222, #1026 ) ) ;
#4952 = CARTESIAN_POINT ( 'NONE',  ( 10.40933115401747600, 5.998981397340810595, 2.484859455202465206 ) ) ;
#4953 = FACE_OUTER_BOUND ( 'NONE', #3345, .T. ) ;
#4954 = AXIS2_PLACEMENT_3D ( 'NONE', #4768, #861, #2200 ) ;
#4955 = DIRECTION ( 'NONE',  ( -1.000000000000000000, -0.0000000000000000000, -0.0000000000000000000 ) ) ;
#4956 = LINE ( 'NONE', #372, #1177 ) ;
#4957 = LINE ( 'NONE', #1130, #2712 ) ;
#4958 = EDGE_LOOP ( 'NONE', ( #2026, #1600, #3218, #263 ) ) ;
#4959 = EDGE_CURVE ( 'NONE', #5273, #3211, #3069, .T. ) ;
#4960 = CARTESIAN_POINT ( 'NONE',  ( 7.034331151969086093, -3.667821270315587245, 3.667821270315577475 ) ) ;
#4961 = CARTESIAN_POINT ( 'NONE',  ( 1.512306037783867296, -5.095037542935743957, -6.239621418491854095E-16 ) ) ;
#4962 = ORIENTED_EDGE ( 'NONE', *, *, #2120, .T. ) ;
#4963 = CARTESIAN_POINT ( 'NONE',  ( 9.532670181029136103, 4.332217889105109521, 2.872527896066063402 ) ) ;
#4964 = VERTEX_POINT ( 'NONE', #2703 ) ;
#4965 = DIRECTION ( 'NONE',  ( 0.0000000000000000000, 0.0000000000000000000, 1.000000000000000000 ) ) ;
#4966 = EDGE_LOOP ( 'NONE', ( #629, #718, #3231, #304 ) ) ;
#4967 = CARTESIAN_POINT ( 'NONE',  ( -5.519661803323828941, 0.5057407503940546389, 0.4898112080769400634 ) ) ;
#4968 = DIRECTION ( 'NONE',  ( 0.0000000000000000000, 0.4999992319065422741, 0.8660258472429490650 ) ) ;
#4969 = CARTESIAN_POINT ( 'NONE',  ( 9.284331151969086093, 3.667821270315586357, -3.667821270315577920 ) ) ;
#4970 = CARTESIAN_POINT ( 'NONE',  ( -5.619661803323829474, -1.159211031094126598, -0.1385223188350750145 ) ) ;
#4971 = DIRECTION ( 'NONE',  ( -0.0000000000000000000, 0.9659258319783282642, 0.2588190238699125123 ) ) ;
#4972 = VERTEX_POINT ( 'NONE', #921 ) ;
#4973 = DIRECTION ( 'NONE',  ( 0.0000000000000000000, -1.000000000000000000, 0.0000000000000000000 ) ) ;
#4974 = EDGE_CURVE ( 'NONE', #3136, #4763, #3070, .T. ) ;
#4975 = VECTOR ( 'NONE', #4483, 1000.000000000000000 ) ;
#4976 = ORIENTED_EDGE ( 'NONE', *, *, #3801, .F. ) ;
#4977 = CARTESIAN_POINT ( 'NONE',  ( 7.878081154017475995, -4.241920426271638789, 4.241920426271637012 ) ) ;
#4978 = CARTESIAN_POINT ( 'NONE',  ( 8.721831149920694415, 2.484859455202470535, 5.998981397340804378 ) ) ;
#4979 = EDGE_CURVE ( 'NONE', #5004, #2863, #636, .T. ) ;
#4980 = CARTESIAN_POINT ( 'NONE',  ( 7.034331154017476884, 2.484859455202470979, -5.998981397340804378 ) ) ;
#4981 = FACE_OUTER_BOUND ( 'NONE', #2611, .T. ) ;
#4982 = CARTESIAN_POINT ( 'NONE',  ( 1.946810276800424733, 2.322077285179798167, 4.854569784055160930 ) ) ;
#4983 = ORIENTED_EDGE ( 'NONE', *, *, #2479, .T. ) ;
#4984 = CARTESIAN_POINT ( 'NONE',  ( 7.128081151969086982, -5.187082584840812416, 2.148559955790349640 ) ) ;
#4985 = DIRECTION ( 'NONE',  ( 0.0000000000000000000, 0.0000000000000000000, 1.000000000000000000 ) ) ;
#4986 = ORIENTED_EDGE ( 'NONE', *, *, #2303, .T. ) ;
#4987 = VECTOR ( 'NONE', #1299, 1000.000000000000000 ) ;
#4988 = EDGE_CURVE ( 'NONE', #5453, #1074, #3530, .T. ) ;
#4989 = B_SPLINE_CURVE_WITH_KNOTS ( 'NONE', 3,
 ( #4543, #1994, #373, #3762 ),
 .UNSPECIFIED., .F., .F.,
 ( 4, 4 ),
 ( 2.000000000000000000, 3.000000000000000000 ),
 .UNSPECIFIED. ) ;
#4990 = CARTESIAN_POINT ( 'NONE',  ( -5.619661803323829474, 0.3046836022590236337, -1.611619275660786332 ) ) ;
#4991 = DIRECTION ( 'NONE',  ( 0.0000000000000000000, 0.2588646730695129961, -0.9659135991570955149 ) ) ;
#4992 = ORIENTED_EDGE ( 'NONE', *, *, #38, .F. ) ;
#4993 = DIRECTION ( 'NONE',  ( 0.0000000000000000000, -0.2587909985494898923, 0.9659333409038938223 ) ) ;
#4994 = EDGE_LOOP ( 'NONE', ( #1780, #2964, #733, #4221 ) ) ;
#4995 = CARTESIAN_POINT ( 'NONE',  ( -5.519661803323828941, -0.8810394876184768354, -2.328132293127599173 ) ) ;
#4996 = CARTESIAN_POINT ( 'NONE',  ( 2.253081151969085205, -2.148559955790363407, 5.187082584840807087 ) ) ;
#4997 = AXIS2_PLACEMENT_3D ( 'NONE', #4934, #608, #5303 ) ;
#4998 = CARTESIAN_POINT ( 'NONE',  ( 7.690581149920695303, -5.998981397340809707, -1.101995004959690659E-15 ) ) ;
#4999 = CARTESIAN_POINT ( 'NONE',  ( -5.619661803323829474, 0.3975240214392646854, -0.6639945855494018279 ) ) ;
#5000 = CARTESIAN_POINT ( 'NONE',  ( 11.25308115196908787, 2.148559955790348308, 5.187082584840812416 ) ) ;
#5001 = DIRECTION ( 'NONE',  ( -1.000000000000000000, -0.0000000000000000000, -0.0000000000000000000 ) ) ;
#5002 = VECTOR ( 'NONE', #1278, 1000.000000000000000 ) ;
#5003 = CARTESIAN_POINT ( 'NONE',  ( 5.065581151969085205, 5.187082584840807975, 2.148559955790359854 ) ) ;
#5004 = VERTEX_POINT ( 'NONE', #2319 ) ;
#5005 = CARTESIAN_POINT ( 'NONE',  ( 9.170661789845869549, -3.513774296615766346, -4.360588832359494127 ) ) ;
#5006 = EDGE_CURVE ( 'NONE', #5276, #3299, #3583, .T. ) ;
#5007 = CONICAL_SURFACE ( 'NONE', #840, 8.146137537000969431, 0.01023091501882309080 ) ;
#5008 = VERTEX_POINT ( 'NONE', #2816 ) ;
#5009 = CARTESIAN_POINT ( 'NONE',  ( 8.909331154017477772, 5.998981397340810595, 2.484859455202465206 ) ) ;
#5010 = LINE ( 'NONE', #1213, #5097 ) ;
#5011 = DIRECTION ( 'NONE',  ( 0.0000000000000000000, 0.0000000000000000000, -1.000000000000000000 ) ) ;
#5012 = CARTESIAN_POINT ( 'NONE',  ( -5.519661803323828941, 0.6376042823617330546, 0.9577366256439050485 ) ) ;
#5013 = VECTOR ( 'NONE', #1021, 1000.000000000000000 ) ;
#5014 = LINE ( 'NONE', #4211, #1653 ) ;
#5015 = VERTEX_POINT ( 'NONE', #4889 ) ;
#5016 = EDGE_CURVE ( 'NONE', #1697, #3179, #5283, .T. ) ;
#5017 = CARTESIAN_POINT ( 'NONE',  ( 5.721831151969086093, -5.187082584840810640, -6.622310718411041645E-15 ) ) ;
#5018 = PLANE ( 'NONE',  #236 ) ;
#5019 = ORIENTED_EDGE ( 'NONE', *, *, #3086, .F. ) ;
#5020 = CARTESIAN_POINT ( 'NONE',  ( -5.519661803323828941, 0.2538955217638021455, -1.679297612334133882 ) ) ;
#5021 = FACE_OUTER_BOUND ( 'NONE', #4622, .T. ) ;
#5022 = ORIENTED_EDGE ( 'NONE', *, *, #1903, .T. ) ;
#5023 =( NAMED_UNIT ( * ) PLANE_ANGLE_UNIT ( ) SI_UNIT ( $, .RADIAN. ) );
#5024 = EDGE_CURVE ( 'NONE', #3824, #5273, #2827, .T. ) ;
#5025 = ORIENTED_EDGE ( 'NONE', *, *, #4475, .F. ) ;
#5026 = CARTESIAN_POINT ( 'NONE',  ( -5.619661803323829474, 0.6376042823617330546, -1.083466608386970176 ) ) ;
#5027 = CARTESIAN_POINT ( 'NONE',  ( -0.02048535258922726254, 6.628118418756897334, 0.0000000000000000000 ) ) ;
#5028 = CARTESIAN_POINT ( 'NONE',  ( -5.619661803323829474, 0.6376042823617330546, -1.843313953201624944 ) ) ;
#5029 = DIRECTION ( 'NONE',  ( 0.0000000000000000000, -0.0000000000000000000, 1.000000000000000000 ) ) ;
#5030 = CARTESIAN_POINT ( 'NONE',  ( 6.753081151969085205, 2.148559955790348308, 5.187082584840812416 ) ) ;
#5031 = DIRECTION ( 'NONE',  ( -1.000000000000000000, -0.0000000000000000000, -0.0000000000000000000 ) ) ;
#5032 = CARTESIAN_POINT ( 'NONE',  ( 10.50308115196908609, -2.148559955790347864, -5.187082584840813304 ) ) ;
#5033 = ORIENTED_EDGE ( 'NONE', *, *, #4424, .F. ) ;
#5034 = LINE ( 'NONE', #1175, #1019 ) ;
#5035 =( BOUNDED_SURFACE ( )  B_SPLINE_SURFACE ( 3, 3, ( 
 ( #5147, #1346, #3124, #1459 ),
 ( #5175, #1008, #2239, #4839 ),
 ( #534, #1429, #71, #3509 ),
 ( #1822, #3481, #1399, #3099 ),
 ( #3073, #3455, #4402, #4730 ),
 ( #2630, #4783, #2293, #982 ),
 ( #3152, #3986, #2679, #2599 ) ),
 .UNSPECIFIED., .F., .F., .F. ) 
 B_SPLINE_SURFACE_WITH_KNOTS ( ( 4, 3, 4 ),
 ( 4, 4 ),
 ( 2.000000000000000000, 3.000000000000000000, 4.000000000000000000 ),
 ( 0.0000000000000000000, 1.000000000000000000 ),
 .UNSPECIFIED. ) 
 GEOMETRIC_REPRESENTATION_ITEM ( )  RATIONAL_B_SPLINE_SURFACE ( (
 ( 1.000000000000000000, 0.3333333333333334259, 0.3333333333333334259, 1.000000000000000000),
 ( 1.000000000000000000, 0.3333333333333334259, 0.3333333333333334259, 1.000000000000000000),
 ( 1.000000000000000000, 0.3333333333333334259, 0.3333333333333334259, 1.000000000000000000),
 ( 1.000000000000000000, 0.3333333333333334259, 0.3333333333333334259, 1.000000000000000000),
 ( 1.000000000000000000, 0.3333333333333334259, 0.3333333333333334259, 1.000000000000000000),
 ( 1.000000000000000000, 0.3333333333333334259, 0.3333333333333334259, 1.000000000000000000),
 ( 1.000000000000000000, 0.3333333333333334259, 0.3333333333333334259, 1.000000000000000000) ) ) 
 REPRESENTATION_ITEM ( '' )  SURFACE ( )  );
#5036 = VECTOR ( 'NONE', #1007, 1000.000000000000000 ) ;
#5037 = VECTOR ( 'NONE', #3239, 1000.000000000000227 ) ;
#5038 = VERTEX_POINT ( 'NONE', #3176 ) ;
#5039 = CARTESIAN_POINT ( 'NONE',  ( 9.846831154017475995, -2.484859455202463430, -5.998981397340811483 ) ) ;
#5040 = FACE_OUTER_BOUND ( 'NONE', #5332, .T. ) ;
#5041 = VECTOR ( 'NONE', #464, 1000.000000000000000 ) ;
#5042 = CARTESIAN_POINT ( 'NONE',  ( 0.0000000000000000000, 0.0000000000000000000, 0.0000000000000000000 ) ) ;
#5043 = FACE_BOUND ( 'NONE', #4340, .T. ) ;
#5044 = CARTESIAN_POINT ( 'NONE',  ( 1.905181419950378707, 3.573110618911354841, 3.948211777852798754 ) ) ;
#5045 = VERTEX_POINT ( 'NONE', #4529 ) ;
#5046 = CARTESIAN_POINT ( 'NONE',  ( 9.565581149920696191, 7.346633366397939041E-16, -5.998981397340809707 ) ) ;
#5047 = CARTESIAN_POINT ( 'NONE',  ( 0.9668813965247647912, -5.095037542935743957, -7.448968992601002410E-16 ) ) ;
#5048 = EDGE_LOOP ( 'NONE', ( #769, #1898, #1458, #2141, #1139, #228, #3209, #2945, #4556, #2724, #1800, #4792, #80 ) ) ;
#5049 = CARTESIAN_POINT ( 'NONE',  ( -5.519661803323828941, 0.3046836022590236337, -1.611619275660786332 ) ) ;
#5050 = EDGE_CURVE ( 'NONE', #5329, #5355, #3616, .T. ) ;
#5051 = CARTESIAN_POINT ( 'NONE',  ( -5.519661803323828941, 0.6803316091850086789, 2.657949538630267394 ) ) ;
#5052 = EDGE_LOOP ( 'NONE', ( #1866, #4713, #1700, #1750 ) ) ;
#5053 = FILL_AREA_STYLE ('',( #2949 ) ) ;
#5054 = EDGE_LOOP ( 'NONE', ( #4273, #5442, #3782, #4300 ) ) ;
#5055 = CARTESIAN_POINT ( 'NONE',  ( 1.954793059423414414, -6.082404292049763406, -7.448796947378865107E-16 ) ) ;
#5056 = CARTESIAN_POINT ( 'NONE',  ( 0.7530811519690840949, -2.148559955790363407, 5.187082584840807087 ) ) ;
#5057 = CARTESIAN_POINT ( 'NONE',  ( -5.519661803323828941, 0.2538955217638021455, -2.980927141325950380 ) ) ;
#5058 = ADVANCED_FACE ( 'NONE', ( #282 ), #1981, .F. ) ;
#5059 = CARTESIAN_POINT ( 'NONE',  ( 7.878081151969085205, 5.187082584840812416, -2.148559955790347864 ) ) ;
#5060 = FACE_OUTER_BOUND ( 'NONE', #1503, .T. ) ;
#5061 = CARTESIAN_POINT ( 'NONE',  ( 10.78433115196908609, 3.667821270315586357, -3.667821270315577920 ) ) ;
#5062 = EDGE_LOOP ( 'NONE', ( #2473, #315, #2284, #4735 ) ) ;
#5063 = LINE ( 'NONE', #342, #2532 ) ;
#5064 = EDGE_CURVE ( 'NONE', #4668, #2669, #1142, .T. ) ;
#5065 = ORIENTED_EDGE ( 'NONE', *, *, #857, .F. ) ;
#5066 = CARTESIAN_POINT ( 'NONE',  ( 3.003081154017475107, 4.241920426271637901, 4.241920426271637901 ) ) ;
#5067 = CARTESIAN_POINT ( 'NONE',  ( 0.0000000000000000000, 6.175380775256088146E-16, -5.042581076891417879 ) ) ;
#5068 = CARTESIAN_POINT ( 'NONE',  ( -5.619661803323829474, 0.3046836022590236337, 0.05391551072362760905 ) ) ;
#5069 = CARTESIAN_POINT ( 'NONE',  ( -5.619661803323829474, -0.8810394876184768354, -3.629644510158597015 ) ) ;
#5070 = CARTESIAN_POINT ( 'NONE',  ( 11.34683114992069619, 5.998981397340810595, -2.484859455202464762 ) ) ;
#5071 = CARTESIAN_POINT ( 'NONE',  ( 10.12808115196908432, -5.187082584840807087, -2.148559955790362519 ) ) ;
#5072 = CARTESIAN_POINT ( 'NONE',  ( 6.190581154017475995, 0.0000000000000000000, 5.998981397340809707 ) ) ;
#5073 = ORIENTED_EDGE ( 'NONE', *, *, #4173, .T. ) ;
#5074 = DIRECTION ( 'NONE',  ( 0.0000000000000000000, 0.0000000000000000000, 1.000000000000000000 ) ) ;
#5075 = DIRECTION ( 'NONE',  ( 0.0000000000000000000, 0.5446380490003132069, -0.8386712082700421567 ) ) ;
#5076 = ORIENTED_EDGE ( 'NONE', *, *, #439, .F. ) ;
#5077 = LINE ( 'NONE', #2895, #2087 ) ;
#5078 = LINE ( 'NONE', #3468, #5041 ) ;
#5079 = EDGE_CURVE ( 'NONE', #3635, #2771, #4558, .T. ) ;
#5080 = VERTEX_POINT ( 'NONE', #3310 ) ;
#5081 = CARTESIAN_POINT ( 'NONE',  ( 0.0000000000000000000, 0.0000000000000000000, 5.042581076891417879 ) ) ;
#5082 = CARTESIAN_POINT ( 'NONE',  ( 0.4220016690503199386, 7.070052012334011593, 0.0000000000000000000 ) ) ;
#5083 = DIRECTION ( 'NONE',  ( 0.0000000000000000000, -0.2585719312864970254, 0.9659920063596650897 ) ) ;
#5084 = CARTESIAN_POINT ( 'NONE',  ( 3.565581151969084761, 5.187082584840807975, 2.148559955790359854 ) ) ;
#5085 = CARTESIAN_POINT ( 'NONE',  ( 1.954793059423414414, 6.628118418756897334, 1.623420801180050238E-15 ) ) ;
#5086 = ADVANCED_FACE ( 'NONE', ( #5421 ), #5447, .F. ) ;
#5087 = CARTESIAN_POINT ( 'NONE',  ( 6.471831151969086093, 5.187082584840810640, 5.987076309967215065E-15 ) ) ;
#5088 = LINE ( 'NONE', #13, #1294 ) ;
#5089 = EDGE_CURVE ( 'NONE', #459, #940, #2871, .T. ) ;
#5090 = CARTESIAN_POINT ( 'NONE',  ( 4.690581154017475995, 0.0000000000000000000, 5.998981397340809707 ) ) ;
#5091 = VECTOR ( 'NONE', #3660, 1000.000000000000000 ) ;
#5092 = CARTESIAN_POINT ( 'NONE',  ( -5.619661803323829474, 0.3046836022590236337, -0.2901889096445826599 ) ) ;
#5093 = DIRECTION ( 'NONE',  ( 0.0000000000000000000, -0.0000000000000000000, 1.000000000000000000 ) ) ;
#5094 = CARTESIAN_POINT ( 'NONE',  ( -5.519661803323828941, -0.4637826167685011880, -0.01865793413329725273 ) ) ;
#5095 = CIRCLE ( 'NONE', #2624, 8.573554286785633138 ) ;
#5096 = CARTESIAN_POINT ( 'NONE',  ( 6.190581151969084317, 5.187082584840813304, -2.148559955790347864 ) ) ;
#5097 = VECTOR ( 'NONE', #3429, 1000.000000000000000 ) ;
#5098 = CARTESIAN_POINT ( 'NONE',  ( 8.909331149920692638, -2.484859455202468759, 5.998981397340808819 ) ) ;
#5099 = CARTESIAN_POINT ( 'NONE',  ( 10.40933115196908609, 6.304693514189128749E-15, -5.187082584840810640 ) ) ;
#5100 = FACE_BOUND ( 'NONE', #189, .T. ) ;
#5101 = ORIENTED_EDGE ( 'NONE', *, *, #4376, .T. ) ;
#5102 = CARTESIAN_POINT ( 'NONE',  ( -2.482082288789165148, 8.573554286785633138, 0.0000000000000000000 ) ) ;
#5103 = CARTESIAN_POINT ( 'NONE',  ( -5.519661803323828941, -1.159211031094126598, -1.355580588794464969 ) ) ;
#5104 = ORIENTED_EDGE ( 'NONE', *, *, #1425, .F. ) ;
#5105 =( NAMED_UNIT ( * ) SI_UNIT ( $, .STERADIAN. ) SOLID_ANGLE_UNIT ( ) );
#5106 = PLANE ( 'NONE',  #3620 ) ;
#5107 = ORIENTED_EDGE ( 'NONE', *, *, #1382, .F. ) ;
#5108 = DIRECTION ( 'NONE',  ( -1.000000000000000000, -0.0000000000000000000, -0.0000000000000000000 ) ) ;
#5109 = DIRECTION ( 'NONE',  ( 0.0000000000000000000, -0.0000000000000000000, 1.000000000000000000 ) ) ;
#5110 = B_SPLINE_CURVE_WITH_KNOTS ( 'NONE', 3,
 ( #409, #2583, #3797, #1250 ),
 .UNSPECIFIED., .F., .F.,
 ( 4, 4 ),
 ( 5.000000000000000000, 6.000000000000000000 ),
 .UNSPECIFIED. ) ;
#5111 = DIRECTION ( 'NONE',  ( -1.000000000000000000, -0.0000000000000000000, -0.0000000000000000000 ) ) ;
#5112 = CARTESIAN_POINT ( 'NONE',  ( 1.596831151969084761, 6.304693514189127961E-15, -5.187082584840810640 ) ) ;
#5113 = CARTESIAN_POINT ( 'NONE',  ( -4.685581803323828787, 0.0000000000000000000, 7.507123992640686083 ) ) ;
#5114 = CARTESIAN_POINT ( 'NONE',  ( 5.346831151969085205, -5.669459105745301380E-15, 5.187082584840810640 ) ) ;
#5115 = CARTESIAN_POINT ( 'NONE',  ( -5.619661803323829474, -0.8810394876184768354, 0.3020338627802104936 ) ) ;
#5116 = EDGE_CURVE ( 'NONE', #4491, #4933, #3370, .T. ) ;
#5117 = CARTESIAN_POINT ( 'NONE',  ( 2.909331154017475107, 5.998981397340810595, 2.484859455202465206 ) ) ;
#5118 = CARTESIAN_POINT ( 'NONE',  ( -5.519661803323828941, 0.3046836022590236337, 1.018546880246989694 ) ) ;
#5119 = CARTESIAN_POINT ( 'NONE',  ( -5.519661803323828941, 0.2678738640052119035, 0.08152292550487844069 ) ) ;
#5120 = CARTESIAN_POINT ( 'NONE',  ( -5.519661803323828941, 0.3975240214392646854, -3.287054480557445313 ) ) ;
#5121 = ADVANCED_FACE ( 'NONE', ( #3719 ), #5333, .F. ) ;
#5122 =( NAMED_UNIT ( * ) SI_UNIT ( $, .STERADIAN. ) SOLID_ANGLE_UNIT ( ) );
#5123 = ADVANCED_FACE ( 'NONE', ( #4168 ), #3294, .F. ) ;
#5124 = CARTESIAN_POINT ( 'NONE',  ( 3.565581151969084761, 2.148559955790348752, 5.187082584840813304 ) ) ;
#5125 = CARTESIAN_POINT ( 'NONE',  ( 10.40933114992069797, -2.484859455202468759, 5.998981397340808819 ) ) ;
#5126 = VECTOR ( 'NONE', #1003, 1000.000000000000000 ) ;
#5127 = CARTESIAN_POINT ( 'NONE',  ( 1.459023686784834517, 4.150637904708960139E-16, -3.389253054512366692 ) ) ;
#5128 = DIRECTION ( 'NONE',  ( 0.0000000000000000000, -0.0000000000000000000, 1.000000000000000000 ) ) ;
#5129 = ORIENTED_EDGE ( 'NONE', *, *, #2509, .F. ) ;
#5130 = CARTESIAN_POINT ( 'NONE',  ( -5.519661803323828941, -1.930845117427445246, 3.938455804857458720 ) ) ;
#5131 = EDGE_CURVE ( 'NONE', #2234, #1683, #4570, .T. ) ;
#5132 = ORIENTED_EDGE ( 'NONE', *, *, #2819, .F. ) ;
#5133 = CYLINDRICAL_SURFACE ( 'NONE', #43, 5.998981397340809707 ) ;
#5134 = CARTESIAN_POINT ( 'NONE',  ( -4.723044281438539826, 0.0000000000000000000, 0.0000000000000000000 ) ) ;
#5135 = CIRCLE ( 'NONE', #2483, 5.042581076891417879 ) ;
#5136 = ORIENTED_EDGE ( 'NONE', *, *, #1187, .T. ) ;
#5137 = CARTESIAN_POINT ( 'NONE',  ( -5.519661803323828941, -0.1434427557374629292, -0.08284179633719475355 ) ) ;
#5138 = PLANE ( 'NONE',  #2192 ) ;
#5139 = DIRECTION ( 'NONE',  ( -1.000000000000000000, -0.0000000000000000000, -0.0000000000000000000 ) ) ;
#5140 = CARTESIAN_POINT ( 'NONE',  ( 5.721831151969086093, -5.187082584840810640, -6.622310718411041645E-15 ) ) ;
#5141 = ORIENTED_EDGE ( 'NONE', *, *, #3492, .F. ) ;
#5142 = CARTESIAN_POINT ( 'NONE',  ( 1.512306037783867296, -5.095037542935743957, -6.239621418491854095E-16 ) ) ;
#5143 = CARTESIAN_POINT ( 'NONE',  ( 4.784331151969085205, 3.667821270315586357, -3.667821270315577920 ) ) ;
#5144 = CARTESIAN_POINT ( 'NONE',  ( -5.519661803323828941, -0.7894806127375767479, -3.260495763607829112 ) ) ;
#5145 = CARTESIAN_POINT ( 'NONE',  ( 5.253081154017476884, -4.241920426271637012, -4.241920426271638789 ) ) ;
#5146 = EDGE_CURVE ( 'NONE', #2495, #1965, #1442, .T. ) ;
#5147 = CARTESIAN_POINT ( 'NONE',  ( 0.9668813965247647912, -7.070052012334011593, -8.658316566710150725E-16 ) ) ;
#5148 = CARTESIAN_POINT ( 'NONE',  ( -5.519661803323828941, 0.3594327388860832362, -0.8708760059213880300 ) ) ;
#5149 = PRESENTATION_STYLE_ASSIGNMENT (( #47 ) ) ;
#5150 = CARTESIAN_POINT ( 'NONE',  ( 4.878081151969085205, 5.187082584840807975, 2.148559955790359854 ) ) ;
#5151 = DIRECTION ( 'NONE',  ( -0.0000000000000000000, -0.4999992319065422186, -0.8660258472429490650 ) ) ;
#5152 = DIRECTION ( 'NONE',  ( 0.0000000000000000000, 0.9659050154978094938, 0.2588966995467043009 ) ) ;
#5153 = CARTESIAN_POINT ( 'NONE',  ( -5.619661803323829474, -1.687885942125433261E-18, 0.0000000000000000000 ) ) ;
#5154 = EDGE_CURVE ( 'NONE', #459, #4212, #1028, .T. ) ;
#5155 = ORIENTED_EDGE ( 'NONE', *, *, #4676, .F. ) ;
#5156 = CARTESIAN_POINT ( 'NONE',  ( -5.519661803323828941, 0.2538955217638021455, -1.679297612334133882 ) ) ;
#5157 = ORIENTED_EDGE ( 'NONE', *, *, #3181, .F. ) ;
#5158 = DIRECTION ( 'NONE',  ( 0.0000000000000000000, -1.000000000000000000, 0.0000000000000000000 ) ) ;
#5159 = CARTESIAN_POINT ( 'NONE',  ( -5.619661803323829474, -1.930845117427445246, -3.938406036146827827 ) ) ;
#5160 = ADVANCED_FACE ( 'NONE', ( #606 ), #765, .F. ) ;
#5161 = ORIENTED_EDGE ( 'NONE', *, *, #4142, .T. ) ;
#5162 = CARTESIAN_POINT ( 'NONE',  ( -5.619661803323829474, -0.7894806127375767479, -1.958869789523899119 ) ) ;
#5163 = FACE_OUTER_BOUND ( 'NONE', #2909, .T. ) ;
#5164 = ORIENTED_EDGE ( 'NONE', *, *, #5335, .T. ) ;
#5165 = DIRECTION ( 'NONE',  ( -0.0000000000000000000, -0.0000000000000000000, 1.000000000000000000 ) ) ;
#5166 = CARTESIAN_POINT ( 'NONE',  ( 1.690581151969085205, 2.148559955790360299, -5.187082584840807975 ) ) ;
#5167 = ORIENTED_EDGE ( 'NONE', *, *, #1709, .T. ) ;
#5168 = PLANE ( 'NONE',  #1731 ) ;
#5169 = ORIENTED_EDGE ( 'NONE', *, *, #3094, .F. ) ;
#5170 = CARTESIAN_POINT ( 'NONE',  ( 10.31558115196908609, -2.148559955790347864, -5.187082584840813304 ) ) ;
#5171 = CARTESIAN_POINT ( 'NONE',  ( -5.519661803323828941, -0.4637826167685011880, 1.393283942022635058 ) ) ;
#5172 = VECTOR ( 'NONE', #1182, 1000.000000000000000 ) ;
#5173 = APPLICATION_CONTEXT ( 'automotive_design' ) ;
#5174 = CARTESIAN_POINT ( 'NONE',  ( -5.619661803323829474, -0.4797410427123137699, 0.7542323677805267135 ) ) ;
#5175 = CARTESIAN_POINT ( 'NONE',  ( 0.4220016690503199386, -7.070052012334011593, -8.658316566710150725E-16 ) ) ;
#5176 = B_SPLINE_CURVE_WITH_KNOTS ( 'NONE', 3,
 ( #2697, #2283, #4362, #635 ),
 .UNSPECIFIED., .F., .F.,
 ( 4, 4 ),
 ( 4.000000000000000000, 5.000000000000000000 ),
 .UNSPECIFIED. ) ;
#5177 = CARTESIAN_POINT ( 'NONE',  ( -5.519661803323828941, 0.2888415995490326016, -2.971609727710007309 ) ) ;
#5178 = COLOUR_RGB ( '',0.7921568627450980005, 0.8196078431372548767, 0.9333333333333333481 ) ;
#5179 = CARTESIAN_POINT ( 'NONE',  ( 4.128081149920694415, 4.241920426271637901, 4.241920426271637901 ) ) ;
#5180 = CARTESIAN_POINT ( 'NONE',  ( 7.878081151969085205, 5.187082584840807975, 2.148559955790359854 ) ) ;
#5181 = DIRECTION ( 'NONE',  ( 0.0000000000000000000, 0.0000000000000000000, -1.000000000000000000 ) ) ;
#5182 = ORIENTED_EDGE ( 'NONE', *, *, #4204, .F. ) ;
#5183 = PRODUCT_DEFINITION_CONTEXT ( 'detailed design', #3293, 'design' ) ;
#5184 = CARTESIAN_POINT ( 'NONE',  ( -5.519661803323828941, -0.7755022704961843649, -1.519593374754033777 ) ) ;
#5185 = AXIS2_PLACEMENT_3D ( 'NONE', #579, #2176, #2230 ) ;
#5186 = VECTOR ( 'NONE', #2065, 1000.000000000000227 ) ;
#5187 = VERTEX_POINT ( 'NONE', #1861 ) ;
#5188 = ADVANCED_FACE ( 'NONE', ( #3547 ), #3138, .F. ) ;
#5189 = LINE ( 'NONE', #4740, #4037 ) ;
#5190 = DIRECTION ( 'NONE',  ( 0.0000000000000000000, 0.9659257372882651405, 0.2588193772578116225 ) ) ;
#5191 = VECTOR ( 'NONE', #4061, 1000.000000000000000 ) ;
#5192 = ORIENTED_EDGE ( 'NONE', *, *, #1367, .F. ) ;
#5193 = PLANE ( 'NONE',  #3985 ) ;
#5194 = FACE_OUTER_BOUND ( 'NONE', #2503, .T. ) ;
#5195 = CARTESIAN_POINT ( 'NONE',  ( 2.346831151969085649, -5.669459105745300591E-15, 5.187082584840810640 ) ) ;
#5196 = ORIENTED_EDGE ( 'NONE', *, *, #367, .F. ) ;
#5197 = ADVANCED_FACE ( 'NONE', ( #194 ), #1836, .T. ) ;
#5198 = B_SPLINE_SURFACE_WITH_KNOTS ( 'NONE', 3, 1, ( 
 ( #4995, #2504 ),
 ( #4615, #807 ),
 ( #385, #1284 ),
 ( #4195, #331 ) ),
 .UNSPECIFIED., .F., .F., .F.,
 ( 4, 4 ),
 ( 2, 2 ),
 ( 0.0000000000000000000, 1.000000000000000000 ),
 ( 0.0000000000000000000, 1.000000000000000000 ),
 .UNSPECIFIED. ) ;
#5199 = ADVANCED_FACE ( 'NONE', ( #4953 ), #4094, .F. ) ;
#5200 = CARTESIAN_POINT ( 'NONE',  ( -5.519661803323828941, -1.159211031094126598, -0.7364507184454957001 ) ) ;
#5201 = ORIENTED_EDGE ( 'NONE', *, *, #2188, .T. ) ;
#5202 = CARTESIAN_POINT ( 'NONE',  ( 2.346831151969085649, -5.669459105745301380E-15, 5.187082584840810640 ) ) ;
#5203 = FACE_OUTER_BOUND ( 'NONE', #2329, .T. ) ;
#5204 = CARTESIAN_POINT ( 'NONE',  ( -5.619661803323829474, 0.2888415995490326016, -1.669980198718155728 ) ) ;
#5205 = CARTESIAN_POINT ( 'NONE',  ( -5.619661803323829474, 0.0000000000000000000, 0.0000000000000000000 ) ) ;
#5206 = FACE_OUTER_BOUND ( 'NONE', #4217, .T. ) ;
#5207 = CARTESIAN_POINT ( 'NONE',  ( 3.565581149920693971, 7.346633366397939041E-16, -5.998981397340809707 ) ) ;
#5208 = CARTESIAN_POINT ( 'NONE',  ( 1.503081151969085205, 2.148559955790360299, -5.187082584840807975 ) ) ;
#5209 = CARTESIAN_POINT ( 'NONE',  ( -5.519661803323828941, -0.4637826167685011880, -0.01865793413329725273 ) ) ;
#5210 = EDGE_LOOP ( 'NONE', ( #646, #4033, #4135, #3330 ) ) ;
#5211 = CARTESIAN_POINT ( 'NONE',  ( -5.519661803323828941, -1.159211031094126598, -0.1385223188350750145 ) ) ;
#5212 = CARTESIAN_POINT ( 'NONE',  ( -5.619661803323829474, 0.6376042823617330546, -1.672425975356006678 ) ) ;
#5213 = VERTEX_POINT ( 'NONE', #4854 ) ;
#5214 =( BOUNDED_CURVE ( )  B_SPLINE_CURVE ( 2, ( #249, #4877, #2749, #3571, #4021, #1474, #5326, #1049, #218, #2775, #1918, #3994, #3603, #1499, #3629, #2362, #3189, #4466, #4051, #1527, #1948, #3216, #4904, #4455, #2321, #1037, #2735, #3820, #2763, #3881, #74, #643, #2602, #2997, #483, #3403, #1715, #5096, #1901, #1300, #455, #1006, #2576, #4682, #2161, #3121, #586, #3458, #48, #618, #2706, #5150, #1423, #1770, #901, #4009, #4292, #4805, #18, #4265, #3851, #3433, #876, #1746, #4428, #5124, #1325, #2193, #205, #4399, #3023, #3586, #2291, #4706, #3983, #5284, #178, #1873, #3557, #5254, #1456, #3149, #1486, #4864, #4835 ),
 .UNSPECIFIED., .F., .T. ) 
 B_SPLINE_CURVE_WITH_KNOTS ( ( 3, 2, 2, 2, 2, 2, 2, 2, 2, 2, 2, 2, 2, 2, 2, 2, 2, 2, 2, 2, 2, 2, 2, 2, 2, 2, 2, 2, 2, 2, 2, 2, 2, 2, 2, 2, 2, 2, 2, 2, 2, 2, 3 ),
 ( 0.1548145251756984364, 0.1607142857142857262, 0.1785714285714285754, 0.1964285714285714246, 0.2142857142857142738, 0.2321428571428571508, 0.2500000000000000000, 0.2678571428571428492, 0.2857142857142856984, 0.3035714285714285476, 0.3214285714285714524, 0.3392857142857143016, 0.3571428571428571508, 0.3750000000000000000, 0.3928571428571428492, 0.4107142857142856984, 0.4285714285714285476, 0.4464285714285714524, 0.4642857142857143016, 0.4821428571428571508, 0.5000000000000000000, 0.5178571428571430157, 0.5357142857142858094, 0.5535714285714286031, 0.5714285714285713969, 0.5892857142857143016, 0.6071428571428570953, 0.6250000000000000000, 0.6428571428571429047, 0.6607142857142858094, 0.6785714285714286031, 0.6964285714285713969, 0.7142857142857144126, 0.7321428571428572063, 0.7500000000000000000, 0.7678571428571430157, 0.7857142857142858094, 0.8035714285714286031, 0.8214285714285713969, 0.8392857142857144126, 0.8571428571428572063, 0.8749999999999997780, 0.8924934519359950524 ),
 .UNSPECIFIED. ) 
 CURVE ( )  GEOMETRIC_REPRESENTATION_ITEM ( )  RATIONAL_B_SPLINE_CURVE ( ( 0.9663195413810301559, 0.9748508183049513498, 1.000000000000000000, 0.9238795325112867385, 1.000000000000000000, 0.9238795325112867385, 1.000000000000000000, 0.9238795325112867385, 1.000000000000000000, 0.9238795325112867385, 1.000000000000000000, 0.9238795325112867385, 1.000000000000000000, 0.9238795325112867385, 1.000000000000000000, 0.9238795325112867385, 1.000000000000000000, 0.9238795325112867385, 1.000000000000000000, 0.9238795325112867385, 1.000000000000000000, 0.9238795325112867385, 1.000000000000000000, 0.9238795325112867385, 1.000000000000000000, 0.9238795325112867385, 1.000000000000000000, 0.9238795325112867385, 1.000000000000000000, 0.9238795325112867385, 1.000000000000000000, 0.9238795325112867385, 1.000000000000000000, 0.9238795325112867385, 1.000000000000000000, 0.9238795325112867385, 1.000000000000000000, 0.9238795325112867385, 1.000000000000000000, 0.9238795325112867385, 1.000000000000000000, 0.9238795325112867385, 1.000000000000000000, 0.9238795325112867385, 1.000000000000000000, 0.9238795325112867385, 1.000000000000000000, 0.9238795325112867385, 1.000000000000000000, 0.9238795325112867385, 1.000000000000000000, 0.9238795325112867385, 1.000000000000000000, 0.9238795325112867385, 1.000000000000000000, 0.9238795325112867385, 1.000000000000000000, 0.9238795325112867385, 1.000000000000000000, 0.9238795325112867385, 1.000000000000000000, 0.9238795325112867385, 1.000000000000000000, 0.9238795325112867385, 1.000000000000000000, 0.9238795325112867385, 1.000000000000000000, 0.9238795325112867385, 1.000000000000000000, 0.9238795325112867385, 1.000000000000000000, 0.9238795325112867385, 1.000000000000000000, 0.9238795325112867385, 1.000000000000000000, 0.9238795325112867385, 1.000000000000000000, 0.9238795325112867385, 1.000000000000000000, 0.9238795325112867385, 1.000000000000000000, 0.9238795325112867385, 1.000000000000000000, 0.9254298545958810074, 0.9969625056943178798 ) ) 
 REPRESENTATION_ITEM ( '' )  );
#5215 = VECTOR ( 'NONE', #1847, 1000.000000000000227 ) ;
#5216 = PRESENTATION_STYLE_ASSIGNMENT (( #4381 ) ) ;
#5217 = VECTOR ( 'NONE', #3266, 1000.000000000000227 ) ;
#5218 = CARTESIAN_POINT ( 'NONE',  ( 7.878081151969085205, 5.187082584840813304, -2.148559955790347864 ) ) ;
#5219 = VERTEX_POINT ( 'NONE', #1573 ) ;
#5220 = LINE ( 'NONE', #3058, #5304 ) ;
#5221 = CARTESIAN_POINT ( 'NONE',  ( 8.628081149920694415, 4.241920426271637901, 4.241920426271637901 ) ) ;
#5222 = ADVANCED_FACE ( 'NONE', ( #2828 ), #4532, .F. ) ;
#5223 = AXIS2_PLACEMENT_3D ( 'NONE', #3442, #2613, #1357 ) ;
#5224 = CARTESIAN_POINT ( 'NONE',  ( -5.619661803323829474, -0.4637826167685011880, 0.8125968457457942717 ) ) ;
#5225 = CARTESIAN_POINT ( 'NONE',  ( -0.02048535258922726254, -6.628118418756897334, -8.117104005900251190E-16 ) ) ;
#5226 = ORIENTED_EDGE ( 'NONE', *, *, #805, .F. ) ;
#5227 = CARTESIAN_POINT ( 'NONE',  ( -5.519661803323828941, 0.6376042823617330546, 0.7868522027061963797 ) ) ;
#5228 = CARTESIAN_POINT ( 'NONE',  ( 10.50308115196908609, 2.148559955790360299, -5.187082584840807975 ) ) ;
#5229 = EDGE_CURVE ( 'NONE', #5038, #3440, #3703, .T. ) ;
#5230 = CARTESIAN_POINT ( 'NONE',  ( -5.519661803323828941, -0.1434427557374629292, 0.8443919420377852258 ) ) ;
#5231 = DIRECTION ( 'NONE',  ( -1.000000000000000000, -0.0000000000000000000, -0.0000000000000000000 ) ) ;
#5232 = EDGE_CURVE ( 'NONE', #2412, #1853, #3292, .T. ) ;
#5233 = DIRECTION ( 'NONE',  ( 0.0000000000000000000, 0.0000000000000000000, -1.000000000000000000 ) ) ;
#5234 = FACE_OUTER_BOUND ( 'NONE', #3855, .T. ) ;
#5235 = CARTESIAN_POINT ( 'NONE',  ( 6.753081149920695303, 4.241920426271637901, -4.241920426271637012 ) ) ;
#5236 = CARTESIAN_POINT ( 'NONE',  ( 4.221831151969085205, -3.667821270315577920, -3.667821270315587245 ) ) ;
#5237 = LINE ( 'NONE', #4534, #3396 ) ;
#5238 = ORIENTED_EDGE ( 'NONE', *, *, #3683, .F. ) ;
#5239 = LINE ( 'NONE', #2858, #1092 ) ;
#5240 = CARTESIAN_POINT ( 'NONE',  ( -5.619661803323829474, 1.679317601293971229, 4.121490903010486484 ) ) ;
#5241 = ORIENTED_EDGE ( 'NONE', *, *, #3873, .F. ) ;
#5242 = FILL_AREA_STYLE_COLOUR ( '', #1463 ) ;
#5243 = CARTESIAN_POINT ( 'NONE',  ( 9.003081151969086093, -2.148559955790347864, -5.187082584840814192 ) ) ;
#5244 = ORIENTED_EDGE ( 'NONE', *, *, #3033, .F. ) ;
#5245 = CARTESIAN_POINT ( 'NONE',  ( 2.436672836494910399, 5.891269829195554308, 0.8529861805430707378 ) ) ;
#5246 = CARTESIAN_POINT ( 'NONE',  ( -5.519661803323828941, -1.159211031094126598, 0.5147382222986783828 ) ) ;
#5247 = CARTESIAN_POINT ( 'NONE',  ( -5.619661803323829474, 0.2538955217638021455, 0.9508614337578672471 ) ) ;
#5248 = DIRECTION ( 'NONE',  ( 0.0000000000000000000, 0.0000000000000000000, 1.000000000000000000 ) ) ;
#5249 = CARTESIAN_POINT ( 'NONE',  ( -5.619661803323829474, 0.5131958366318902787, 0.6757186718162545569 ) ) ;
#5250 = EDGE_CURVE ( 'NONE', #3063, #4491, #676, .T. ) ;
#5251 = VERTEX_POINT ( 'NONE', #4439 ) ;
#5252 = CARTESIAN_POINT ( 'NONE',  ( 9.565581151969086093, 2.148559955790348308, 5.187082584840812416 ) ) ;
#5253 = CARTESIAN_POINT ( 'NONE',  ( 2.264199316095483638, -5.625308996007775342, -1.135130206582839252 ) ) ;
#5254 = CARTESIAN_POINT ( 'NONE',  ( 2.253081151969085205, -2.148559955790363407, 5.187082584840807087 ) ) ;
#5255 = EDGE_CURVE ( 'NONE', #4687, #4614, #686, .T. ) ;
#5256 = LINE ( 'NONE', #4429, #3092 ) ;
#5257 = AXIS2_PLACEMENT_3D ( 'NONE', #1129, #4049, #245 ) ;
#5258 = FACE_OUTER_BOUND ( 'NONE', #3276, .T. ) ;
#5259 = DIRECTION ( 'NONE',  ( -1.000000000000000000, -0.0000000000000000000, -0.0000000000000000000 ) ) ;
#5260 = EDGE_CURVE ( 'NONE', #2664, #280, #4464, .T. ) ;
#5261 = CARTESIAN_POINT ( 'NONE',  ( 7.315581149920695303, 0.0000000000000000000, 5.998981397340809707 ) ) ;
#5262 = CARTESIAN_POINT ( 'NONE',  ( 5.065581151969085205, 2.148559955790348308, 5.187082584840812416 ) ) ;
#5263 = CARTESIAN_POINT ( 'NONE',  ( -5.619661803323829474, 0.3046836022590236337, -2.939224516705999157 ) ) ;
#5264 = ORIENTED_EDGE ( 'NONE', *, *, #2420, .T. ) ;
#5265 = LINE ( 'NONE', #270, #2162 ) ;
#5266 = CARTESIAN_POINT ( 'NONE',  ( -5.619661803323829474, 0.3046836022590236337, -0.2901889096445826599 ) ) ;
#5267 = ORIENTED_EDGE ( 'NONE', *, *, #4242, .T. ) ;
#5268 = DIRECTION ( 'NONE',  ( -1.000000000000000000, -0.0000000000000000000, -0.0000000000000000000 ) ) ;
#5269 = CARTESIAN_POINT ( 'NONE',  ( 7.596831151969086093, 6.304693514189127961E-15, -5.187082584840810640 ) ) ;
#5270 = ORIENTED_EDGE ( 'NONE', *, *, #341, .F. ) ;
#5271 = CARTESIAN_POINT ( 'NONE',  ( 2.272813746928561862, 5.725061918476670009, -0.5382279911663080396 ) ) ;
#5272 = DIRECTION ( 'NONE',  ( 0.0000000000000000000, -0.8386712082700421567, -0.5446380490003132069 ) ) ;
#5273 = VERTEX_POINT ( 'NONE', #628 ) ;
#5274 = FACE_OUTER_BOUND ( 'NONE', #4375, .T. ) ;
#5275 = CARTESIAN_POINT ( 'NONE',  ( -5.519661803323828941, -1.159211031094126598, 0.5147382222986783828 ) ) ;
#5276 = VERTEX_POINT ( 'NONE', #2275 ) ;
#5277 = VECTOR ( 'NONE', #377, 1000.000000000000000 ) ;
#5278 = CARTESIAN_POINT ( 'NONE',  ( -5.519661803323828941, -0.4637826167685011880, 0.7866175787845230971 ) ) ;
#5279 = VECTOR ( 'NONE', #68, 1000.000000000000000 ) ;
#5280 = AXIS2_PLACEMENT_3D ( 'NONE', #1030, #2727, #3245 ) ;
#5281 = ORIENTED_EDGE ( 'NONE', *, *, #137, .F. ) ;
#5282 = CARTESIAN_POINT ( 'NONE',  ( 5.346831151969085205, -3.667821270315587245, 3.667821270315577475 ) ) ;
#5283 = LINE ( 'NONE', #2424, #5191 ) ;
#5284 = CARTESIAN_POINT ( 'NONE',  ( 2.628081151969085649, -5.187082584840807087, -2.148559955790362519 ) ) ;
#5285 = DIRECTION ( 'NONE',  ( 0.0000000000000000000, 0.2588119089692809127, -0.9659277383819540042 ) ) ;
#5286 = ORIENTED_EDGE ( 'NONE', *, *, #4816, .T. ) ;
#5287 = CARTESIAN_POINT ( 'NONE',  ( 3.753081149920693971, 4.241920426271637901, -4.241920426271637012 ) ) ;
#5288 = EDGE_CURVE ( 'NONE', #1670, #739, #53, .T. ) ;
#5289 = B_SPLINE_CURVE_WITH_KNOTS ( 'NONE', 3,
 ( #5162, #889, #1360, #941 ),
 .UNSPECIFIED., .F., .F.,
 ( 4, 4 ),
 ( 6.000000000000000000, 7.000000000000000000 ),
 .UNSPECIFIED. ) ;
#5290 = CARTESIAN_POINT ( 'NONE',  ( 2.440581149920694415, 5.998981397340809707, 3.673316683198969520E-16 ) ) ;
#5291 = CARTESIAN_POINT ( 'NONE',  ( 2.909331151969084317, 6.304693514189128749E-15, -5.187082584840810640 ) ) ;
#5292 = ORIENTED_EDGE ( 'NONE', *, *, #1764, .F. ) ;
#5293 = EDGE_CURVE ( 'NONE', #3472, #1251, #3627, .T. ) ;
#5294 = CARTESIAN_POINT ( 'NONE',  ( -5.519661803323828941, 0.3046836022590236337, -0.2901889096445826599 ) ) ;
#5295 = CARTESIAN_POINT ( 'NONE',  ( -5.519661803323828941, -1.930845117427445246, 3.938455804857458720 ) ) ;
#5296 = ORIENTED_EDGE ( 'NONE', *, *, #3250, .T. ) ;
#5297 = CARTESIAN_POINT ( 'NONE',  ( -5.519661803323828941, 0.6376042823617330546, 0.2379602027213579829 ) ) ;
#5298 = CARTESIAN_POINT ( 'NONE',  ( 8.346831151969086093, -5.669459105745300591E-15, 5.187082584840810640 ) ) ;
#5299 = ORIENTED_EDGE ( 'NONE', *, *, #42, .F. ) ;
#5300 = DIRECTION ( 'NONE',  ( 0.0000000000000000000, -0.9271989369965798478, 0.3745692609283526875 ) ) ;
#5301 = ORIENTED_EDGE ( 'NONE', *, *, #399, .F. ) ;
#5302 = EDGE_CURVE ( 'NONE', #4050, #1951, #1245, .T. ) ;
#5303 = DIRECTION ( 'NONE',  ( 0.0000000000000000000, 0.9659239901761280667, 0.2588258974720788474 ) ) ;
#5304 = VECTOR ( 'NONE', #1756, 1000.000000000000000 ) ;
#5305 = CARTESIAN_POINT ( 'NONE',  ( 0.4220016690503198831, 5.095037542935744845, -10.19007508587148614 ) ) ;
#5306 = ORIENTED_EDGE ( 'NONE', *, *, #2137, .T. ) ;
#5307 = VECTOR ( 'NONE', #4680, 1000.000000000000000 ) ;
#5308 = CARTESIAN_POINT ( 'NONE',  ( -5.519661803323828941, -1.159211031094126598, 1.237187935964929153 ) ) ;
#5309 = B_SPLINE_CURVE_WITH_KNOTS ( 'NONE', 3,
 ( #2307, #1919, #3604, #659 ),
 .UNSPECIFIED., .F., .F.,
 ( 4, 4 ),
 ( 6.000000000000000000, 7.000000000000000000 ),
 .UNSPECIFIED. ) ;
#5310 = ORIENTED_EDGE ( 'NONE', *, *, #2834, .T. ) ;
#5311 = CARTESIAN_POINT ( 'NONE',  ( 6.659331151969086093, -5.669459105745301380E-15, 5.187082584840810640 ) ) ;
#5312 = VECTOR ( 'NONE', #5151, 1000.000000000000000 ) ;
#5313 = CARTESIAN_POINT ( 'NONE',  ( 0.4256287514289406326, 0.0000000000000000000, 5.042581076891417879 ) ) ;
#5314 = CARTESIAN_POINT ( 'NONE',  ( 2.131918555034538088, -4.182494591919363458, 3.703357101800068385 ) ) ;
#5315 = CARTESIAN_POINT ( 'NONE',  ( 5.253081149920694415, 4.241920426271637901, -4.241920426271637012 ) ) ;
#5316 = CARTESIAN_POINT ( 'NONE',  ( -5.519661803323828941, -0.8080021272800940180, -1.963878654760408349 ) ) ;
#5317 = ORIENTED_EDGE ( 'NONE', *, *, #4283, .T. ) ;
#5318 = LINE ( 'NONE', #4947, #1738 ) ;
#5319 = ORIENTED_EDGE ( 'NONE', *, *, #4066, .F. ) ;
#5320 = CARTESIAN_POINT ( 'NONE',  ( 7.221831151969085205, -3.667821270315577920, -3.667821270315587245 ) ) ;
#5321 = EDGE_LOOP ( 'NONE', ( #3364, #4270, #3602, #5281 ) ) ;
#5322 = CARTESIAN_POINT ( 'NONE',  ( 0.4220016690503199386, -5.095037542935743957, -6.239621418491854095E-16 ) ) ;
#5323 = PLANE ( 'NONE',  #2874 ) ;
#5324 = CARTESIAN_POINT ( 'NONE',  ( -5.619661803323829474, 0.3046836022590236337, -0.3161646216979667745 ) ) ;
#5325 = EDGE_LOOP ( 'NONE', ( #4976, #5416 ) ) ;
#5326 = CARTESIAN_POINT ( 'NONE',  ( 9.096831151969086093, 3.667821270315586357, -3.667821270315577920 ) ) ;
#5327 = ADVANCED_FACE ( 'NONE', ( #1101 ), #2447, .T. ) ;
#5328 = CARTESIAN_POINT ( 'NONE',  ( 8.253081151969086093, 2.148559955790348752, 5.187082584840813304 ) ) ;
#5329 = VERTEX_POINT ( 'NONE', #1407 ) ;
#5330 = CARTESIAN_POINT ( 'NONE',  ( -5.619661803323829474, 0.3046836022590236337, 1.018546880246989694 ) ) ;
#5331 = CARTESIAN_POINT ( 'NONE',  ( 0.4220016690503199386, -7.070052012334011593, -8.658316566710150725E-16 ) ) ;
#5332 = EDGE_LOOP ( 'NONE', ( #4691, #5317, #2110, #1045, #2456, #1151, #2431, #4983 ) ) ;
#5333 = B_SPLINE_SURFACE_WITH_KNOTS ( 'NONE', 3, 1, ( 
 ( #2480, #781 ),
 ( #2901, #5028 ),
 ( #3693, #5391 ),
 ( #1592, #4589 ) ),
 .UNSPECIFIED., .F., .F., .F.,
 ( 4, 4 ),
 ( 2, 2 ),
 ( 2.000000000000000000, 3.000000000000000000 ),
 ( 0.0000000000000000000, 1.000000000000000000 ),
 .UNSPECIFIED. ) ;
#5334 = CARTESIAN_POINT ( 'NONE',  ( -5.519661803323828941, -1.930845117427445246, -3.938406036146827827 ) ) ;
#5335 = EDGE_CURVE ( 'NONE', #1965, #1207, #3601, .T. ) ;
#5336 = ORIENTED_EDGE ( 'NONE', *, *, #2184, .T. ) ;
#5337 = CARTESIAN_POINT ( 'NONE',  ( 7.690581151969086982, 5.187082584840812416, -2.148559955790347864 ) ) ;
#5338 = DIRECTION ( 'NONE',  ( 0.0000000000000000000, -0.2589179609612195510, 0.9658993164360788475 ) ) ;
#5339 = CARTESIAN_POINT ( 'NONE',  ( 2.361243988661584137, -3.752518061398523397, -4.500186670555456736 ) ) ;
#5340 = CARTESIAN_POINT ( 'NONE',  ( 5.815581149920695303, 0.0000000000000000000, 5.998981397340809707 ) ) ;
#5341 = VERTEX_POINT ( 'NONE', #3992 ) ;
#5342 = CARTESIAN_POINT ( 'NONE',  ( -5.619661803323829474, 0.2678738640052119035, 0.08152292550487844069 ) ) ;
#5343 = AXIS2_PLACEMENT_3D ( 'NONE', #5399, #3564, #131 ) ;
#5344 = ORIENTED_EDGE ( 'NONE', *, *, #3390, .F. ) ;
#5345 = CARTESIAN_POINT ( 'NONE',  ( 9.753081154017475995, -4.241920426271637012, -4.241920426271638789 ) ) ;
#5346 = LINE ( 'NONE', #4267, #4337 ) ;
#5347 = LINE ( 'NONE', #1099, #2829 ) ;
#5348 = CARTESIAN_POINT ( 'NONE',  ( -5.619661803323829474, -1.159211031094126598, -3.556256991391677058 ) ) ;
#5349 =( LENGTH_UNIT ( ) NAMED_UNIT ( * ) SI_UNIT ( .MILLI., .METRE. ) );
#5350 = ORIENTED_EDGE ( 'NONE', *, *, #1017, .F. ) ;
#5351 = CARTESIAN_POINT ( 'NONE',  ( 6.003081151969085205, -2.148559955790347864, -5.187082584840814192 ) ) ;
#5352 = ORIENTED_EDGE ( 'NONE', *, *, #4376, .F. ) ;
#5353 = LINE ( 'NONE', #4000, #2803 ) ;
#5354 = ADVANCED_FACE ( 'NONE', ( #2689 ), #247, .F. ) ;
#5355 = VERTEX_POINT ( 'NONE', #3569 ) ;
#5356 = CARTESIAN_POINT ( 'NONE',  ( 6.565581149920694415, 7.346633366397939041E-16, -5.998981397340809707 ) ) ;
#5357 = B_SPLINE_CURVE_WITH_KNOTS ( 'NONE', 3,
 ( #1027, #1441, #1922, #3997 ),
 .UNSPECIFIED., .F., .F.,
 ( 4, 4 ),
 ( 0.0000000000000000000, 1.000000000000000000 ),
 .UNSPECIFIED. ) ;
#5358 = VECTOR ( 'NONE', #295, 1000.000000000000000 ) ;
#5359 = AXIS2_PLACEMENT_3D ( 'NONE', #1309, #463, #804 ) ;
#5360 = VERTEX_POINT ( 'NONE', #216 ) ;
#5361 = CARTESIAN_POINT ( 'NONE',  ( 8.440581151969086093, -5.187082584840811528, 2.148559955790349640 ) ) ;
#5362 = DIRECTION ( 'NONE',  ( 0.0000000000000000000, -0.9659096052786082520, -0.2588795751513107146 ) ) ;
#5363 = ADVANCED_FACE ( 'NONE', ( #2773 ), #4493, .T. ) ;
#5364 = CARTESIAN_POINT ( 'NONE',  ( 6.471831151969086093, 5.187082584840810640, 5.987076309967214276E-15 ) ) ;
#5365 = ADVANCED_FACE ( 'NONE', ( #570 ), #1166, .F. ) ;
#5366 = VECTOR ( 'NONE', #648, 1000.000000000000000 ) ;
#5367 = DIRECTION ( 'NONE',  ( -1.000000000000000000, 0.0000000000000000000, 0.0000000000000000000 ) ) ;
#5368 = CARTESIAN_POINT ( 'NONE',  ( 9.269113847151441377, -8.126686930312690088E-12, -5.485484966162132103 ) ) ;
#5369 = ORIENTED_EDGE ( 'NONE', *, *, #3456, .T. ) ;
#5370 = PRODUCT_DEFINITION_FORMATION_WITH_SPECIFIED_SOURCE ( 'ANY', '', #4088, .NOT_KNOWN. ) ;
#5371 = DIRECTION ( 'NONE',  ( 0.0000000000000000000, 0.0000000000000000000, 1.000000000000000000 ) ) ;
#5372 = EDGE_CURVE ( 'NONE', #4473, #2841, #4019, .T. ) ;
#5373 = ORIENTED_EDGE ( 'NONE', *, *, #5475, .T. ) ;
#5374 = B_SPLINE_CURVE_WITH_KNOTS ( 'NONE', 3,
 ( #5148, #1347, #153, #3535 ),
 .UNSPECIFIED., .F., .F.,
 ( 4, 4 ),
 ( 4.000000000000000000, 5.000000000000000000 ),
 .UNSPECIFIED. ) ;
#5375 = CARTESIAN_POINT ( 'NONE',  ( 8.815581154017477772, 5.998981397340809707, 3.673316683198969520E-16 ) ) ;
#5376 = CARTESIAN_POINT ( 'NONE',  ( -5.519661803323828941, 1.679317601293971229, 4.121490903010486484 ) ) ;
#5377 = B_SPLINE_SURFACE_WITH_KNOTS ( 'NONE', 3, 1, ( 
 ( #4639, #3744 ),
 ( #30, #4669 ),
 ( #1091, #1613 ),
 ( #863, #5026 ) ),
 .UNSPECIFIED., .F., .F., .F.,
 ( 4, 4 ),
 ( 2, 2 ),
 ( 4.000000000000000000, 5.000000000000000000 ),
 ( 0.0000000000000000000, 1.000000000000000000 ),
 .UNSPECIFIED. ) ;
#5378 = CARTESIAN_POINT ( 'NONE',  ( -5.519661803323828941, -1.159211031094126598, -3.556256991391677058 ) ) ;
#5379 = DIRECTION ( 'NONE',  ( 0.0000000000000000000, 0.0000000000000000000, -1.000000000000000000 ) ) ;
#5380 = ORIENTED_EDGE ( 'NONE', *, *, #3531, .F. ) ;
#5381 = CARTESIAN_POINT ( 'NONE',  ( 6.190581151969084317, 2.148559955790360299, -5.187082584840807975 ) ) ;
#5382 = CARTESIAN_POINT ( 'NONE',  ( -5.519661803323828941, 0.3975240214392646854, -0.6639945855494018279 ) ) ;
#5383 = ORIENTED_EDGE ( 'NONE', *, *, #3584, .T. ) ;
#5384 = DIRECTION ( 'NONE',  ( 0.0000000000000000000, 0.0000000000000000000, 1.000000000000000000 ) ) ;
#5385 = CARTESIAN_POINT ( 'NONE',  ( -5.519661803323828941, -0.1434427557374629292, -2.885524077910556429 ) ) ;
#5386 = ORIENTED_EDGE ( 'NONE', *, *, #4810, .F. ) ;
#5387 = LINE ( 'NONE', #2758, #4565 ) ;
#5388 = EDGE_CURVE ( 'NONE', #5355, #3915, #4004, .T. ) ;
#5389 = ORIENTED_EDGE ( 'NONE', *, *, #8, .T. ) ;
#5390 = CARTESIAN_POINT ( 'NONE',  ( 9.003081151969086093, 2.148559955790360299, -5.187082584840807975 ) ) ;
#5391 = CARTESIAN_POINT ( 'NONE',  ( -5.619661803323829474, 0.5131958366318902787, -1.954557686236566338 ) ) ;
#5392 = CARTESIAN_POINT ( 'NONE',  ( 9.753081151969086093, 2.148559955790348308, 5.187082584840812416 ) ) ;
#5393 = CARTESIAN_POINT ( 'NONE',  ( -5.519661803323828941, -0.8262907953548989104, 1.326302367298428875 ) ) ;
#5394 =( BOUNDED_CURVE ( )  B_SPLINE_CURVE ( 2, ( #856, #2554, #1751, #1332, #4298, #3439, #989, #2167, #2687 ),
 .UNSPECIFIED., .F., .T. ) 
 B_SPLINE_CURVE_WITH_KNOTS ( ( 3, 2, 2, 2, 3 ),
 ( 0.6428571428571427937, 0.6607142857142855874, 0.6785714285714284921, 0.6964285714285712858, 0.7142857142857141906 ),
 .UNSPECIFIED. ) 
 CURVE ( )  GEOMETRIC_REPRESENTATION_ITEM ( )  RATIONAL_B_SPLINE_CURVE ( ( 1.000000000000000444, 0.9238795325112862944, 1.000000000000000000, 0.9238795325112867385, 1.000000000000000000, 0.9238795325112867385, 1.000000000000000000, 0.9238795325112871826, 0.9999999999999995559 ) ) 
 REPRESENTATION_ITEM ( '' )  );
#5395 = VECTOR ( 'NONE', #4138, 1000.000000000000000 ) ;
#5396 = VECTOR ( 'NONE', #697, 1000.000000000000000 ) ;
#5397 = EDGE_CURVE ( 'NONE', #940, #4243, #4517, .T. ) ;
#5398 = CARTESIAN_POINT ( 'NONE',  ( 8.159331154017475995, -5.998981397340807931, -2.484859455202467871 ) ) ;
#5399 = CARTESIAN_POINT ( 'NONE',  ( -5.619661803323829474, -1.687885942125433261E-18, 0.0000000000000000000 ) ) ;
#5400 = ORIENTED_EDGE ( 'NONE', *, *, #2996, .F. ) ;
#5401 = CARTESIAN_POINT ( 'NONE',  ( 9.041961108251459933, -5.745689152037165570, 0.01729392803066535575 ) ) ;
#5402 = VECTOR ( 'NONE', #2202, 1000.000000000000000 ) ;
#5403 = EDGE_CURVE ( 'NONE', #1365, #855, #2080, .T. ) ;
#5404 = EDGE_LOOP ( 'NONE', ( #4544, #3611, #3307, #1597 ) ) ;
#5405 = CARTESIAN_POINT ( 'NONE',  ( 9.003081154017477772, 4.241920426271637901, 4.241920426271637901 ) ) ;
#5406 = CARTESIAN_POINT ( 'NONE',  ( 0.4256287514289406326, 6.175380775256088146E-16, -5.042581076891417879 ) ) ;
#5407 = CARTESIAN_POINT ( 'NONE',  ( -5.619661803323829474, -0.8262907953548989104, -3.232888348826577829 ) ) ;
#5408 = DIRECTION ( 'NONE',  ( -1.000000000000000000, -0.0000000000000000000, -0.0000000000000000000 ) ) ;
#5409 = CARTESIAN_POINT ( 'NONE',  ( 1.965796624972772078, 1.685769250990430956, 5.133460132761052286 ) ) ;
#5410 = ORIENTED_EDGE ( 'NONE', *, *, #2920, .T. ) ;
#5411 = B_SPLINE_CURVE_WITH_KNOTS ( 'NONE', 3,
 ( #449, #2046, #3981, #4345 ),
 .UNSPECIFIED., .F., .F.,
 ( 4, 4 ),
 ( 9.000000000000000000, 10.00000000000000000 ),
 .UNSPECIFIED. ) ;
#5412 = CARTESIAN_POINT ( 'NONE',  ( 2.253081151969085205, 2.148559955790348752, 5.187082584840813304 ) ) ;
#5413 = PLANE ( 'NONE',  #4318 ) ;
#5414 = VERTEX_POINT ( 'NONE', #320 ) ;
#5415 = LINE ( 'NONE', #3274, #5002 ) ;
#5416 = ORIENTED_EDGE ( 'NONE', *, *, #2240, .F. ) ;
#5417 = DIRECTION ( 'NONE',  ( 0.0000000000000000000, 0.0000000000000000000, 1.000000000000000000 ) ) ;
#5418 = ORIENTED_EDGE ( 'NONE', *, *, #1233, .T. ) ;
#5419 = CARTESIAN_POINT ( 'NONE',  ( 1.954793059423414414, -5.536962622234972820, -6.780823552318594689E-16 ) ) ;
#5420 = CARTESIAN_POINT ( 'NONE',  ( 1.690581151969085205, 5.187082584840812416, -2.148559955790347864 ) ) ;
#5421 = FACE_OUTER_BOUND ( 'NONE', #3039, .T. ) ;
#5422 = DIRECTION ( 'NONE',  ( -1.000000000000000000, -0.0000000000000000000, -0.0000000000000000000 ) ) ;
#5423 = CARTESIAN_POINT ( 'NONE',  ( 1.784331149920693971, -5.998981397340808819, -2.484859455202467871 ) ) ;
#5424 = EDGE_CURVE ( 'NONE', #3632, #917, #2897, .T. ) ;
#5425 = CARTESIAN_POINT ( 'NONE',  ( 0.02024695280851037185, 0.0000000000000000000, 0.0000000000000000000 ) ) ;
#5426 = CARTESIAN_POINT ( 'NONE',  ( 10.40933115196908609, -3.667821270315577920, -3.667821270315587245 ) ) ;
#5427 = CARTESIAN_POINT ( 'NONE',  ( -5.519661803323828941, 0.2538955217638021455, -1.679297612334133882 ) ) ;
#5428 = EDGE_CURVE ( 'NONE', #3711, #2885, #4989, .T. ) ;
#5429 = ORIENTED_EDGE ( 'NONE', *, *, #2864, .F. ) ;
#5430 = CARTESIAN_POINT ( 'NONE',  ( 9.940581154017475995, 7.346633366397939041E-16, -5.998981397340809707 ) ) ;
#5431 = CARTESIAN_POINT ( 'NONE',  ( 8.065581149920696191, 7.346633366397939041E-16, -5.998981397340809707 ) ) ;
#5432 = DIRECTION ( 'NONE',  ( 0.6556121791894937711, 0.0000000000000000000, -0.7550977886991877552 ) ) ;
#5433 = EDGE_CURVE ( 'NONE', #2030, #4333, #1208, .T. ) ;
#5434 = CARTESIAN_POINT ( 'NONE',  ( 1.975096320803363392, 1.359398673709825811, 5.240095735592738002 ) ) ;
#5435 = ORIENTED_EDGE ( 'NONE', *, *, #1356, .F. ) ;
#5436 = CARTESIAN_POINT ( 'NONE',  ( 5.534331151969086093, -3.667821270315587245, 3.667821270315577475 ) ) ;
#5437 = DIRECTION ( 'NONE',  ( 0.0000000000000000000, 0.2588292675860118242, -0.9659230871248957184 ) ) ;
#5438 = ORIENTED_EDGE ( 'NONE', *, *, #4584, .T. ) ;
#5439 = VECTOR ( 'NONE', #4264, 1000.000000000000000 ) ;
#5440 = CARTESIAN_POINT ( 'NONE',  ( 2.471521496369366133, 0.4422720584144312905, -5.974467700412942506 ) ) ;
#5441 = CARTESIAN_POINT ( 'NONE',  ( 2.492805465815127075, 1.323030348122933963, -5.851270674271256134 ) ) ;
#5442 = ORIENTED_EDGE ( 'NONE', *, *, #2834, .F. ) ;
#5443 = AXIS2_PLACEMENT_3D ( 'NONE', #2847, #2426, #4115 ) ;
#5444 = EDGE_LOOP ( 'NONE', ( #1158, #2552, #2343, #4175 ) ) ;
#5445 = CARTESIAN_POINT ( 'NONE',  ( 1.954793059423414414, -6.628118418756897334, -8.117104005900251190E-16 ) ) ;
#5446 = CARTESIAN_POINT ( 'NONE',  ( 1.971831151969085205, 3.667821270315578364, 3.667821270315586357 ) ) ;
#5447 = PLANE ( 'NONE',  #933 ) ;
#5448 = CARTESIAN_POINT ( 'NONE',  ( 1.787875908728444596, 4.948275298145909495, -1.592640529746349953 ) ) ;
#5449 = CARTESIAN_POINT ( 'NONE',  ( 7.221831151969085205, -5.187082584840810640, -6.622310718411041645E-15 ) ) ;
#5450 = CARTESIAN_POINT ( 'NONE',  ( -5.519661803323828941, 0.6376042823617330546, 0.9577366256439050485 ) ) ;
#5451 = VECTOR ( 'NONE', #1201, 1000.000000000000000 ) ;
#5452 = CARTESIAN_POINT ( 'NONE',  ( 9.190581151969084317, 2.148559955790360299, -5.187082584840807975 ) ) ;
#5453 = VERTEX_POINT ( 'NONE', #4155 ) ;
#5454 = CARTESIAN_POINT ( 'NONE',  ( -2.820780263020862044, 0.0000000000000000000, -8.142672225902135352 ) ) ;
#5455 = VECTOR ( 'NONE', #3729, 1000.000000000000000 ) ;
#5456 = VECTOR ( 'NONE', #4779, 1000.000000000000114 ) ;
#5457 = EDGE_LOOP ( 'NONE', ( #4524, #2252, #546, #4058 ) ) ;
#5458 = CARTESIAN_POINT ( 'NONE',  ( 6.565581154017475995, -5.998981397340809707, -1.101995004959690659E-15 ) ) ;
#5459 = EDGE_CURVE ( 'NONE', #5008, #382, #4957, .T. ) ;
#5460 = DIRECTION ( 'NONE',  ( -1.000000000000000000, -0.0000000000000000000, -0.0000000000000000000 ) ) ;
#5461 =( BOUNDED_CURVE ( )  B_SPLINE_CURVE ( 2, ( #318, #4494, #4928, #2023, #2409, #290, #1992, #4980, #3705 ),
 .UNSPECIFIED., .F., .T. ) 
 B_SPLINE_CURVE_WITH_KNOTS ( ( 3, 2, 2, 2, 3 ),
 ( 0.2857142857142857539, 0.3035714285714286031, 0.3214285714285714524, 0.3392857142857143016, 0.3571428571428570953 ),
 .UNSPECIFIED. ) 
 CURVE ( )  GEOMETRIC_REPRESENTATION_ITEM ( )  RATIONAL_B_SPLINE_CURVE ( ( 0.9999999999999997780, 0.9238795325112869605, 1.000000000000000000, 0.9238795325112867385, 1.000000000000000000, 0.9238795325112867385, 1.000000000000000000, 0.9238795325112869605, 0.9999999999999997780 ) ) 
 REPRESENTATION_ITEM ( '' )  );
#5462 = CARTESIAN_POINT ( 'NONE',  ( -5.519661803323828941, -2.113893546485134056, -4.121490903010485596 ) ) ;
#5463 = DIRECTION ( 'NONE',  ( -1.000000000000000000, -0.0000000000000000000, -0.0000000000000000000 ) ) ;
#5464 = CARTESIAN_POINT ( 'NONE',  ( 6.471831154017476884, -5.998981397340808819, 2.484859455202466094 ) ) ;
#5465 = ORIENTED_EDGE ( 'NONE', *, *, #677, .T. ) ;
#5466 = CARTESIAN_POINT ( 'NONE',  ( 2.534331151969085649, -3.667821270315587245, 3.667821270315577475 ) ) ;
#5467 = CARTESIAN_POINT ( 'NONE',  ( -5.619661803323829474, -0.8262907953548989104, -1.561295999374009424 ) ) ;
#5468 = EDGE_CURVE ( 'NONE', #1519, #2936, #1815, .T. ) ;
#5469 = VERTEX_POINT ( 'NONE', #738 ) ;
#5470 = VECTOR ( 'NONE', #4608, 1000.000000000000000 ) ;
#5471 = CARTESIAN_POINT ( 'NONE',  ( -5.519661803323828941, -1.159211031094126598, 0.5147382222986783828 ) ) ;
#5472 = CARTESIAN_POINT ( 'NONE',  ( -5.619661803323829474, -0.9191307701716237011, -2.515095564514379323 ) ) ;
#5473 = ORIENTED_EDGE ( 'NONE', *, *, #407, .T. ) ;
#5474 = DIRECTION ( 'NONE',  ( 0.0000000000000000000, -0.0000000000000000000, 1.000000000000000000 ) ) ;
#5475 = EDGE_CURVE ( 'NONE', #932, #2201, #5014, .T. ) ;
#5476 = ORIENTED_EDGE ( 'NONE', *, *, #3553, .T. ) ;
#5477 = CARTESIAN_POINT ( 'NONE',  ( -5.519661803323828941, -0.7755022704961843649, -1.519593374754033777 ) ) ;
#5478 = DIRECTION ( 'NONE',  ( 0.0000000000000000000, -0.9659135991570955149, -0.2588646730695129961 ) ) ;
#5479 = CARTESIAN_POINT ( 'NONE',  ( -5.519661803323828941, 0.3975240214392646854, -0.6639945855494018279 ) ) ;
#5480 = CARTESIAN_POINT ( 'NONE',  ( 10.59683115196908609, 6.304693514189127961E-15, -5.187082584840810640 ) ) ;
#5481 = FACE_OUTER_BOUND ( 'NONE', #3188, .T. ) ;
#5482 = CARTESIAN_POINT ( 'NONE',  ( 7.596831151969086093, 6.304693514189128749E-15, -5.187082584840810640 ) ) ;
#5483 = ORIENTED_EDGE ( 'NONE', *, *, #2543, .F. ) ;
#5484 = CARTESIAN_POINT ( 'NONE',  ( 9.249872439164342097, -0.7571005675719123529, -5.467827173907420679 ) ) ;
#5485 = VECTOR ( 'NONE', #4888, 1000.000000000000000 ) ;
#5486 = VERTEX_POINT ( 'NONE', #2941 ) ;
#5487 = CARTESIAN_POINT ( 'NONE',  ( 4.596831154017475107, 2.484859455202464762, 5.998981397340810595 ) ) ;
#5488 = CARTESIAN_POINT ( 'NONE',  ( -5.519661803323828941, -0.2693651478708425362, -0.4980017158873952243 ) ) ;
#5489 = AXIS2_PLACEMENT_3D ( 'NONE', #3549, #224, #5248 ) ;
#5490 = CARTESIAN_POINT ( 'NONE',  ( -5.519661803323828941, 0.3594327388860832362, -0.8708760059213880300 ) ) ;
#5491 = DIRECTION ( 'NONE',  ( 0.0000000000000000000, 0.0000000000000000000, 1.000000000000000000 ) ) ;
#5492 = SURFACE_SIDE_STYLE ('',( #3789 ) ) ;
#5493 = EDGE_CURVE ( 'NONE', #2418, #4491, #1550, .T. ) ;
#5494 = DIRECTION ( 'NONE',  ( -0.0000000000000000000, 1.000000000000000000, 0.0000000000000000000 ) ) ;
#5495 = CARTESIAN_POINT ( 'NONE',  ( 8.628081151969086093, -5.187082584840807087, -2.148559955790362519 ) ) ;
#5496 = CARTESIAN_POINT ( 'NONE',  ( 1.954793059423414414, -5.536962622234972820, -6.780823552318594689E-16 ) ) ;
#5497 = ORIENTED_EDGE ( 'NONE', *, *, #4921, .F. ) ;
#5498 = CARTESIAN_POINT ( 'NONE',  ( -5.519661803323828941, -0.7894806127375767479, -3.260495763607829112 ) ) ;
#5499 = ORIENTED_EDGE ( 'NONE', *, *, #2509, .T. ) ;
#5500 = EDGE_CURVE ( 'NONE', #1568, #4923, #1662, .T. ) ;
ENDSEC;
END-ISO-10303-21;
